target,name,control,split,arm,depth,n_params,human_tokens,ai_tokens,ratio,ai_share,observed_bpb,predicted_bpb,observed_ceg,predicted_ceg,observed_status,predicted_status
c4,19.9m-g001-control,19.9m-g001-control,fit,control,4,19923026,57671680.0,0.0,0.0,0.0,1.4759374204065043,1.4529903726303521,,,above_range,above_range
c4,19.9m-g001-ai-r0.05,19.9m-g001-control,fit,ai,4,19923026,58029803.0,2525461.0,0.043520068472402015,0.04170506134693757,1.4610624491899462,1.441287825900679,,,above_range,above_range
c4,19.9m-g001-ai-r0.1,19.9m-g001-control,fit,ai,4,19923026,58333666.0,5105182.0,0.08751690661786969,0.08047406535503293,1.4366270194707071,1.4310965812451486,,,above_range,above_range
c4,19.9m-g001-ai-r0.25,19.9m-g001-control,fit,ai,4,19923026,58887076.0,13202524.0,0.22420070577116105,0.18314048073508524,1.3997781076797162,1.4072125751923386,1.046111916095935,,ok,above_range
c4,19.9m-g001-ai-r0.5,19.9m-g001-control,fit,ai,4,19923026,59404458.0,27103062.0,0.45624626353799913,0.313302959095348,1.378556852929567,1.3817713974688153,1.0716119736288556,1.0357832527938646,ok,ok
c4,19.9m-g001-ai-r1,19.9m-g001-control,fit,ai,4,19923026,59051985.0,56291375.0,0.9532511904553251,0.48803307793357154,1.3611807941633032,1.3552588067172513,0.9910093416481975,1.0780587411408111,ok,ok
c4,19.9m-g002-control,19.9m-g002-control,fit,control,4,19923026,57671680.0,0.0,0.0,0.0,1.4756579137984907,1.4529903726303521,,,above_range,above_range
c4,19.9m-g002-ai-r0.0227,19.9m-g002-control,fit,ai,4,19923026,57674513.0,1307887.0,0.022677035868512666,0.022174190945095484,1.475249805022901,1.4471699962423406,,,above_range,above_range
c4,19.9m-g002-ai-r0.0459,19.9m-g002-control,fit,ai,4,19923026,57646901.0,2646219.0,0.04590392465329576,0.04388923645019531,1.4587539202773083,1.441720022571689,,,above_range,above_range
c4,19.9m-g002-ai-r2.01,19.9m-g002-control,fit,ai,4,19923026,57664325.0,116137147.0,2.0140207485303954,0.6682172806913856,1.3475105616598597,1.3343272264162942,0.8069438695240391,0.9961599619121215,ok,ok
c4,19.9m-g002-ai-r4.24,19.9m-g002-control,fit,ai,4,19923026,57677892.0,244574140.0,4.240344636728402,0.8091728561149921,1.3323948257124665,1.3256116233890194,0.589867882456038,0.651167568989871,ok,ok
c4,19.9m-g002-ai-r8.73,19.9m-g002-control,fit,ai,4,19923026,57659633.0,503590671.0,8.733851479769218,0.8972657429509383,1.3310344229065167,1.3259796253916574,0.3241861837933517,0.3488506158998866,ok,ok
c4,19.9m-g002-ai-r17.7,19.9m-g002-control,fit,ai,4,19923026,57674520.0,1020261608.0,17.68998871598758,0.9464954198102543,1.333368451399039,1.3282451774716901,0.16298260321759522,0.1758348202820481,ok,ok
c4,19.9m-g002-ai-r35.5,19.9m-g002-control,fit,ai,4,19923026,57668393.0,2048134359.0,35.51571757860497,0.9726145324175167,1.3363640460652135,1.330652789731449,0.07966686930666414,0.08689382775894966,ok,ok
c4,19.9m-g002-ai-r70.6,19.9m-g002-control,fit,ai,4,19923026,57670394.0,4069524742.0,70.5652321709472,0.9860267343559885,1.33390821676419,1.3331375293340746,0.04221926530729169,0.04271695339229249,ok,ok
c4,19.9m-g002-human-r0.025,19.9m-g002-control,fit,human,4,19923026,58982400.0,0.0,0.0,0.0,1.4674721264169124,1.4495478088255587,,,above_range,above_range
c4,19.9m-g002-human-r0.05,19.9m-g002-control,fit,human,4,19923026,60555264.0,0.0,0.0,0.0,1.4610568877850338,1.445562485855872,,,above_range,above_range
c4,19.9m-g002-human-r4,19.9m-g002-control,fit,human,4,19923026,288358400.0,0.0,0.0,0.0,1.2631166236648506,1.279376226482339,1.6453995358518974,1.285093588615999,ok,ok
c4,19.9m-g003-control,19.9m-g003-control,fit,control,4,19923026,57671680.0,0.0,0.0,0.0,1.4739682827390612,1.4529903726303521,,,above_range,above_range
c4,19.9m-g003-ai-r0.025,19.9m-g003-control,fit,ai,4,19923026,57674513.0,1307887.0,0.022677035868512666,0.022174190945095484,1.4595990741612954,1.4471699962423406,,,above_range,above_range
c4,19.9m-g003-ai-r0.05,19.9m-g003-control,fit,ai,4,19923026,57646901.0,2646219.0,0.04590392465329576,0.04388923645019531,1.4502280915470909,1.441720022571689,,,above_range,above_range
c4,19.9m-g003-ai-r0.1,19.9m-g003-control,fit,ai,4,19923026,57730555.0,5184005.0,0.0897965557407165,0.0823975404103597,1.436032783606234,1.4321112771870619,,,above_range,above_range
c4,19.9m-g003-ai-r2,19.9m-g003-control,fit,ai,4,19923026,57664325.0,116137147.0,2.0140207485303954,0.6682172806913856,1.3406831621391544,1.3343272264162942,0.9012572269957458,0.9961599619121215,ok,ok
c4,19.9m-g003-ai-r8,19.9m-g003-control,fit,ai,4,19923026,57659633.0,503590671.0,8.733851479769218,0.8972657429509383,1.3289201941694955,1.3259796253916574,0.334416678649036,0.3488506158998866,ok,ok
c4,19.9m-g003-human-r0.025,19.9m-g003-control,fit,human,4,19923026,58982400.0,0.0,0.0,0.0,1.4613880636883367,1.4495478088255587,,,above_range,above_range
c4,19.9m-g003-human-r0.05,19.9m-g003-control,fit,human,4,19923026,60555264.0,0.0,0.0,0.0,1.449363184471827,1.445562485855872,,,above_range,above_range
c4,19.9m-g004-control,19.9m-g004-control,fit,control,4,19923026,57671680.0,0.0,0.0,0.0,1.4784734589196344,1.4529903726303521,,,above_range,above_range
c4,19.9m-g004-ai-r0.025,19.9m-g004-control,fit,ai,4,19923026,57674513.0,1307887.0,0.022677035868512666,0.022174190945095484,1.469138128078489,1.4471699962423406,,,above_range,above_range
c4,19.9m-g004-ai-r0.05,19.9m-g004-control,fit,ai,4,19923026,57646901.0,2646219.0,0.04590392465329576,0.04388923645019531,1.4603289497118075,1.441720022571689,,,above_range,above_range
c4,19.9m-g004-ai-r0.1,19.9m-g004-control,fit,ai,4,19923026,57730555.0,5184005.0,0.0897965557407165,0.0823975404103597,1.4427700603850553,1.4321112771870619,,,above_range,above_range
c4,19.9m-g004-human-r0.025,19.9m-g004-control,fit,human,4,19923026,58982400.0,0.0,0.0,0.0,1.4717429930464236,1.4495478088255587,,,above_range,above_range
c4,19.9m-g004-human-r0.05,19.9m-g004-control,fit,human,4,19923026,60555264.0,0.0,0.0,0.0,1.4609369069218763,1.445562485855872,,,above_range,above_range
c4,19.9m-g005-control,19.9m-g005-control,fit,control,4,19923026,94109696.0,0.0,0.0,0.0,1.3543884620424604,1.3856601365230303,1.3385720648738335,0.9151084501040687,ok,ok
c4,19.9m-g005-ai-r0.025,19.9m-g005-control,fit,ai,4,19923026,94056774.0,2150074.0,0.022859321115988946,0.022348450704881215,1.3485901193082626,1.3812534583930258,1.4327733738230608,0.9364010351992644,ok,ok
c4,19.9m-g005-ai-r0.05,19.9m-g005-control,fit,ai,4,19923026,94012996.0,4291004.0,0.04564266838172033,0.04365034993489583,1.3453531947876283,1.377470175499417,1.477282768599059,0.9541859762055868,ok,ok
c4,19.9m-g005-ai-r0.1,19.9m-g005-control,fit,ai,4,19923026,94146721.0,8613727.0,0.09149258634296993,0.08382336947382713,1.3403697653287052,1.3710679160391783,1.532027525075555,0.9815058978937222,ok,ok
c4,19.9m-g005-ai-r0.25,19.9m-g005-control,fit,ai,4,19923026,94136107.0,22255829.0,0.2364218120895949,0.1912145270957603,1.3356710796134887,1.3593937115368966,1.4569953507909856,1.006572508712265,ok,ok
c4,19.9m-g005-ai-r0.5,19.9m-g005-control,fit,ai,4,19923026,94190370.0,45532382.0,0.48340803842261154,0.3258766474911688,1.3292841478690511,1.351923357991292,1.3362058179821648,0.9361254843891819,ok,ok
c4,19.9m-g005-ai-r1,19.9m-g005-control,fit,ai,4,19923026,94077158.0,93880090.0,0.9979052513469848,0.49947576376517283,1.3216079573906827,1.3495294420989046,1.1073484525047905,0.7224938196484367,ok,ok
c4,19.9m-g005-ai-r2,19.9m-g005-control,fit,ai,4,19923026,94113990.0,196865850.0,2.091780935012956,0.6765618195404878,1.3131915311793458,1.351130257290826,0.8017190079861146,0.45508456026212596,ok,ok
c4,19.9m-g005-ai-r4,19.9m-g005-control,fit,ai,4,19923026,94100233.0,405808375.0,4.3125119041947535,0.8117651276770973,1.3148820292520351,1.354261872163553,0.45619246647086403,0.2524710036527193,ok,ok
c4,19.9m-g005-ai-r8,19.9m-g005-control,fit,ai,4,19923026,94104303.0,827069713.0,8.788861790942759,0.897843077024005,1.3177108997722857,1.3583155423517304,0.23830042851197306,0.12912804739593156,ok,ok
c4,19.9m-g005-ai-r16,19.9m-g005-control,fit,ai,4,19923026,94113097.0,1663300279.0,17.67341987481296,0.9464479454377386,1.3238210996641433,1.362927207037536,0.11484874851994892,0.06353557179255907,ok,ok
c4,19.9m-g005-ai-r32,19.9m-g005-control,fit,ai,4,19923026,94109283.0,3318219165.0,35.2592120481887,0.9724208016801084,1.326826779697741,1.3678492236889013,0.05668971029108902,0.030727458928219414,ok,ok
c4,19.9m-g005-ai-r64,19.9m-g005-control,fit,ai,4,19923026,94109378.0,6598164798.0,70.11166090163724,0.9859376087223836,1.3297917753688557,1.3729448400399187,0.027691110450076727,0.014744958175809375,ok,ok
c4,19.9m-g005-human-r0.025,19.9m-g005-control,fit,human,4,19923026,96206848.0,0.0,0.0,0.0,1.3481935455650473,1.3829806435721603,1.4418874412103346,0.9197941246511996,ok,ok
c4,19.9m-g005-human-r0.05,19.9m-g005-control,fit,human,4,19923026,98304000.0,0.0,0.0,0.0,1.344381065090181,1.3803857841298102,1.5007742831876476,0.924814017067111,ok,ok
c4,19.9m-g005-human-r4,19.9m-g005-control,fit,human,4,19923026,499908608.0,0.0,0.0,0.0,1.2457661743418842,1.2444750687112125,1.2759803649780153,1.3065873413091205,ok,ok
c4,19.9m-g006-control,19.9m-g006-control,fit,control,4,19923026,230686720.0,0.0,0.0,0.0,1.2742812635926486,1.2963258422278774,1.7313254163370961,1.2675039525768657,ok,ok
c4,19.9m-g006-ai-r0.05,19.9m-g006-control,fit,ai,4,19923026,230768830.0,11452226.0,0.04962639885117934,0.04728005974839776,1.2728330284309273,1.294699734315906,1.6850249684242333,1.234116362336252,ok,ok
c4,19.9m-g006-ai-r0.1,19.9m-g006-control,fit,ai,4,19923026,230710072.0,23045320.0,0.09988866025753744,0.09081706527836067,1.271440277579341,1.2947483879659583,1.6426101582783132,1.1772398553831531,ok,ok
c4,19.9m-g006-ai-r0.25,19.9m-g006-control,fit,ai,4,19923026,229917889.0,58440511.0,0.2541799215980102,0.20266623410311613,1.2728829037599707,1.2953366258889663,1.4143601322729646,1.027712566048444,ok,ok
c4,19.9m-g006-ai-r0.5,19.9m-g006-control,fit,ai,4,19923026,227962853.0,118067227.0,0.5179230977601426,0.34120509696729256,1.2760905412299786,1.2968614064498434,1.1236499616838238,0.8388936604292169,ok,ok
c4,19.9m-g006-ai-r1,19.9m-g006-control,fit,ai,4,19923026,224956081.0,236417359.0,1.0509489583435623,0.5124208255247636,1.2785700863171792,1.3000308319641545,0.8126501684881776,0.6028412423477689,ok,ok
c4,19.9m-g007-control,19.9m-g007-control,fit,control,4,19923026,230686720.0,0.0,0.0,0.0,1.275008016643419,1.2963258422278774,1.7127042100328078,1.2675039525768657,ok,ok
c4,19.9m-g007-ai-r0.0244,19.9m-g007-control,fit,ai,4,19923026,230568834.0,5622910.0,0.024387120767588217,0.02380654761582183,1.2746298857120537,1.2949392396520243,1.6822144355563398,1.2614995711716503,ok,ok
c4,19.9m-g007-ai-r0.0495,19.9m-g007-control,fit,ai,4,19923026,230792406.0,11428650.0,0.04951917698713189,0.0471827271696809,1.2737608462387509,1.2946922919420891,1.661744736880188,1.234241465368898,ok,ok
c4,19.9m-g007-ai-r2.13,19.9m-g007-control,fit,ai,4,19923026,230719713.0,491224863.0,2.129097928446192,0.6804190783199402,1.280226902646217,1.3026182982074284,0.5070096307237916,0.37211907795285926,ok,ok
c4,19.9m-g007-ai-r4.32,19.9m-g007-control,fit,ai,4,19923026,230686064.0,996672144.0,4.320469675185927,0.8120466686120048,1.2897736210232311,1.3095209288319611,0.26059640583586663,0.199621640864326,ok,ok
c4,19.9m-g007-ai-r8.71,19.9m-g007-control,fit,ai,4,19923026,230668279.0,2009614345.0,8.712140020778497,0.897036080836915,1.3019338050145204,1.3184491729775525,0.12102173431010149,0.09700925450029999,ok,ok
c4,19.9m-g007-ai-r17.5,19.9m-g007-control,fit,ai,4,19923026,230681632.0,4026012640.0,17.452679717473128,0.9458073290540514,1.3115681942386985,1.3286860933908176,0.056006770232528674,0.04424355930558195,ok,ok
c4,19.9m-g007-ai-r34.7,19.9m-g007-control,fit,ai,4,19923026,230687968.0,8008497952.0,34.71571587123261,0.9720011211981486,1.3184700342033182,1.3396352553909423,0.026369904887891985,0.01933424541838651,ok,ok
c4,19.9m-g007-ai-r69,19.9m-g007-control,fit,ai,4,19923026,230689109.0,15919740587.0,69.00950225179464,0.9857162246861373,1.3237254062838126,1.3510196320726027,0.012514021083538027,0.00821336850706851,ok,ok
c4,19.9m-g007-human-r0.025,19.9m-g007-control,fit,human,4,19923026,236453888.0,0.0,0.0,0.0,1.2750328867779368,1.2943611648198674,1.6703140216427204,1.270062837018886,ok,ok
c4,19.9m-g007-human-r0.05,19.9m-g007-control,fit,human,4,19923026,242221056.0,0.0,0.0,0.0,1.2707639601297203,1.2924657923210017,1.7385995696485494,1.2723766543516877,ok,ok
c4,19.9m-g007-human-r2,19.9m-g007-control,fit,human,4,19923026,692060160.0,0.0,0.0,0.0,1.230235311819513,1.2277271351182613,1.249736802608457,1.3185924450144781,ok,ok
c4,19.9m-g007-human-r4,19.9m-g007-control,fit,human,4,19923026,1153433600.0,0.0,0.0,0.0,1.2192662874547777,1.206103779208096,0.9586916333749611,1.3483081489470097,ok,ok
c4,19.9m-g008-control,19.9m-g008-control,fit,control,4,19923026,230686720.0,0.0,0.0,0.0,1.271163183271398,1.2963258422278774,1.8144833605501858,1.2675039525768657,ok,ok
c4,19.9m-g008-ai-r2.13,19.9m-g008-control,fit,ai,4,19923026,230719713.0,491224863.0,2.129097928446192,0.6804190783199402,1.2792876678074625,1.3026182982074284,0.5139507580280283,0.37211907795285926,ok,ok
c4,19.9m-g008-ai-r4.32,19.9m-g008-control,fit,ai,4,19923026,230686064.0,996672144.0,4.320469675185927,0.8120466686120048,1.290393421571834,1.3095209288319611,0.2583718727090487,0.199621640864326,ok,ok
c4,19.9m-g008-ai-r17.5,19.9m-g008-control,fit,ai,4,19923026,230681632.0,4026012640.0,17.452679717473128,0.9458073290540514,1.3119849701733788,1.3286860933908176,0.055695746464455693,0.04424355930558195,ok,ok
c4,19.9m-g009-control,19.9m-g009-control,fit,control,4,19923026,230686720.0,0.0,0.0,0.0,1.276838882754427,1.2963258422278774,1.6669977913546905,1.2675039525768657,ok,ok
c4,19.9m-g009-ai-r2.13,19.9m-g009-control,fit,ai,4,19923026,230719713.0,491224863.0,2.129097928446192,0.6804190783199402,1.281633855926208,1.3026182982074284,0.4968460919414015,0.37211907795285926,ok,ok
c4,19.9m-g009-ai-r4.32,19.9m-g009-control,fit,ai,4,19923026,230686064.0,996672144.0,4.320469675185927,0.8120466686120048,1.2904856705307128,1.3095209288319611,0.25804284024423346,0.199621640864326,ok,ok
c4,19.9m-g009-ai-r17.5,19.9m-g009-control,fit,ai,4,19923026,230681632.0,4026012640.0,17.452679717473128,0.9458073290540514,1.3110343593068479,1.3286860933908176,0.056407472612758705,0.04424355930558195,ok,ok
c4,19.9m-g010-control,19.9m-g010-control,fit,control,4,19923026,376176640.0,0.0,0.0,0.0,1.2529535026800105,1.2613805877379098,1.492826620391791,1.2969984190484507,ok,ok
c4,19.9m-g010-ai-r0.025,19.9m-g010-control,fit,ai,4,19923026,376274783.0,9601185.0,0.02551641894110135,0.02488153136294821,1.2492608628437747,1.261107777885794,1.5523068938146853,1.2699966995228424,ok,ok
c4,19.9m-g010-ai-r0.05,19.9m-g010-control,fit,ai,4,19923026,376169306.0,19405990.0,0.051588446187579164,0.04905763882686951,1.248569204110967,1.2611484296754538,1.5329872676508804,1.2380408339714168,ok,ok
c4,19.9m-g010-ai-r0.1,19.9m-g010-control,fit,ai,4,19923026,376221949.0,38752003.0,0.10300303611472705,0.09338418185823866,1.2505865873103252,1.2612245006121177,1.4100941586951452,1.1787127044404382,ok,ok
c4,19.9m-g010-ai-r0.25,19.9m-g010-control,fit,ai,4,19923026,376271496.0,97160568.0,0.25821931512983914,0.20522599838104755,1.2498719273730277,1.261709569362869,1.2516207741704102,1.0250953578519846,ok,ok
c4,19.9m-g010-ai-r0.5,19.9m-g010-control,fit,ai,4,19923026,376263620.0,195472444.0,0.5195092844745394,0.3418928003814012,1.253209031363361,1.2630056873112578,0.9779044597672236,0.8313406740064917,ok,ok
c4,19.9m-g010-ai-r1,19.9m-g010-control,fit,ai,4,19923026,376231704.0,393685224.0,1.0463903488580006,0.5113346773952215,1.258974476734857,1.2662026745894854,0.6590846847438818,0.5868821255242612,ok,ok
c4,19.9m-g010-ai-r2,19.9m-g010-control,fit,ai,4,19923026,376182318.0,796912082.0,2.118419829610386,0.6793247687483633,1.2702223502486338,1.2725128134972545,0.36196342939856824,0.3496053904588846,ok,ok
c4,19.9m-g010-ai-r4,19.9m-g010-control,fit,ai,4,19923026,376160196.0,1613774908.0,4.290126720372083,0.8109686113663332,1.282341003209256,1.2823918455855856,0.1784388568143088,0.17830923728094683,ok,ok
c4,19.9m-g010-ai-r8,19.9m-g010-control,fit,ai,4,19923026,376185943.0,3252411305.0,8.645754487960758,0.8963274463134907,1.2952829915243222,1.2952125448653313,0.08173013070894801,0.08180846101596517,ok,ok
c4,19.9m-g010-ai-r16,19.9m-g010-control,fit,ai,4,19923026,376174059.0,6506416661.0,17.296292780784228,0.9453441190528906,1.305686018208267,1.3099247787177764,0.037465785438054074,0.035406883376233315,ok,ok
c4,19.9m-g010-ai-r32,19.9m-g010-control,fit,ai,4,19923026,376174161.0,12956731823.0,34.44343914679456,0.9717860336335212,1.3153584121918525,1.32572165217799,0.016995443108510297,0.01473874003206625,ok,ok
c4,19.9m-g010-human-r0.025,19.9m-g010-control,fit,human,4,19923026,385875968.0,0.0,0.0,0.0,1.2482817857722033,1.259772970882385,1.5796065823853926,1.2979127207992907,ok,ok
c4,19.9m-g010-human-r0.05,19.9m-g010-control,fit,human,4,19923026,395575296.0,0.0,0.0,0.0,1.2472557118869125,1.2582237658383595,1.5695247187696753,1.2987846645560606,ok,ok
c4,19.9m-g010-human-r2,19.9m-g010-control,fit,human,4,19923026,1173094400.0,0.0,0.0,0.0,1.2189922300407543,1.2054736567760305,0.9488060350054447,1.3496642478456504,ok,ok
c4,19.9m-g010-human-r4,19.9m-g010-control,fit,human,4,19923026,1989935104.0,0.0,0.0,0.0,1.2113363688323289,1.1881072154363188,0.6776019705560355,1.4136702735805466,ok,ok
c4,19.9m-g011-control,19.9m-g011-control,fit,control,4,19923026,461373440.0,0.0,0.0,0.0,1.2418784820317028,1.2490164482976736,1.486046251182542,1.303938599015454,ok,ok
c4,19.9m-g011-ai-r0.05,19.9m-g011-control,fit,ai,4,19923026,460827327.0,23614785.0,0.051244324319334476,0.048746350523713344,1.2414539810714746,1.2489969972528712,1.4266959581752316,1.242275641547945,ok,ok
c4,19.9m-g011-ai-r0.1,19.9m-g011-control,fit,ai,4,19923026,460318967.0,47191817.0,0.10251981861090681,0.09298682606909886,1.2414437897531527,1.2491578686834186,1.3621092938033943,1.182425155019413,ok,ok
c4,19.9m-g011-ai-r0.25,19.9m-g011-control,fit,ai,4,19923026,457730110.0,118986690.0,0.2599494492507823,0.20631736408580434,1.2465364250097168,1.250059987413947,1.090646952308489,1.0240652034111948,ok,ok
c4,19.9m-g011-ai-r0.5,19.9m-g011-control,fit,ai,4,19923026,454846067.0,237214093.0,0.5215260946732557,0.34276513330864183,1.2490615440072865,1.2519139895613476,0.868596181600349,0.8261586814649251,ok,ok
c4,19.9m-g011-ai-r1,19.9m-g011-control,fit,ai,4,19923026,450154555.0,472592325.0,1.049844591709174,0.5121581391854719,1.255137179335673,1.256149929678129,0.5863054483186303,0.5763735763184594,ok,ok
c4,19.9m-g012-control,19.9m-g012-control,fit,control,4,19923026,692060160.0,0.0,0.0,0.0,1.2306176200645862,1.2277271351182613,1.2397125246443692,1.3185924450144781,ok,ok
c4,19.9m-g012-ai-r0.05,19.9m-g012-control,fit,ai,4,19923026,691745159.0,34918009.0,0.05047814002844363,0.048052537320840236,1.2312013320469875,1.2277685122950242,1.1663200981057649,1.2546773603630619,ok,ok
c4,19.9m-g012-ai-r0.1,19.9m-g012-control,fit,ai,4,19923026,691129556.0,70136620.0,0.10148114690091477,0.09213153324179742,1.2313005418390404,1.2279404013395339,1.11100067019222,1.1932009394790972,ok,ok
c4,19.9m-g012-ai-r0.25,19.9m-g012-control,fit,ai,4,19923026,688751938.0,176323262.0,0.2560040157738184,0.20382420164166073,1.2348986487468094,1.2288639479812766,0.908130266669026,1.029362321439935,ok,ok
c4,19.9m-g012-ai-r0.5,19.9m-g012-control,fit,ai,4,19923026,685155833.0,352934407.0,0.5151155255508129,0.3399843225575457,1.239489883818485,1.231096532596564,0.6912785141822169,0.8182152021434297,ok,ok
c4,19.9m-g012-ai-r1,19.9m-g012-control,fit,ai,4,19923026,678876332.0,705243988.0,1.038840146219739,0.5095250592087255,1.2471293821078815,1.2364065046719581,0.44958648037996624,0.5507168493138642,ok,ok
c4,19.9m-g013-control,19.9m-g013-control,fit,control,4,19923026,692060160.0,0.0,0.0,0.0,1.230579684165438,1.2277271351182613,1.2407018734641384,1.3185924450144781,ok,ok
c4,19.9m-g013-ai-r2.1,19.9m-g013-control,fit,ai,4,19923026,692043914.0,1454391158.0,2.1015879607894363,0.6775845106951365,1.2606937547962662,1.2453902764336728,0.22985396274370332,0.2992280486738318,ok,ok
c4,19.9m-g013-ai-r4.25,19.9m-g013-control,fit,ai,4,19923026,692040592.0,2942848112.0,4.252421239475502,0.8096116144523362,1.2753829123946196,1.2607593697830286,0.10809328645602123,0.13558616954008326,ok,ok
c4,19.9m-g013-ai-r8.57,19.9m-g013-control,fit,ai,4,19923026,692049449.0,5930232279.0,8.56908749449781,0.8954968276154862,1.2902257865924853,1.2807696723784074,0.04799710746658187,0.05484190438297382,ok,ok
c4,19.9m-g013-ai-r17.2,19.9m-g013-control,fit,ai,4,19923026,692064211.0,11879313453.0,17.165045185380926,0.9449492148357114,1.3020647664284675,1.3037995943415008,0.021528880372417913,0.021034985540338107,ok,ok
c4,19.9m-g013-human-r2,19.9m-g013-control,fit,human,4,19923026,2076180480.0,0.0,0.0,0.0,1.2105448570900497,1.1868918662901327,0.663190174989196,1.421365272865664,ok,ok
c4,19.9m-g014-control,19.9m-g014-control,fit,control,4,19923026,692060160.0,0.0,0.0,0.0,1.2296004825193985,1.2277271351182613,1.2666501962886578,1.3185924450144781,ok,ok
c4,19.9m-g014-ai-r0.25,19.9m-g014-control,fit,ai,4,19923026,688540181.0,176535019.0,0.2563902933647383,0.20406898614132044,1.2341429307236234,1.228880821929579,0.922116080498495,1.028990584171745,ok,ok
c4,19.9m-g014-ai-r1,19.9m-g014-control,fit,ai,4,19923026,678875134.0,705245186.0,1.0388437441280622,0.5095259247404156,1.2472962610328873,1.2364066137712104,0.4482352475056175,0.5507156560457549,ok,ok
c4,19.9m-g015-control,19.9m-g015-control,fit,control,4,19923026,752353280.0,0.0,0.0,0.0,1.228229419988865,1.2238250641878083,1.199828666130949,1.322290584100495,ok,ok
c4,19.9m-g015-ai-r0.05,19.9m-g015-control,fit,ai,4,19923026,752359544.0,38266760.0,0.050862330790077674,0.048400565230878025,1.2283840699578872,1.2238552928786883,1.1379510546385638,1.257421305591364,ok,ok
c4,19.9m-g015-ai-r0.1,19.9m-g015-control,fit,ai,4,19923026,752343517.0,76555811.0,0.101756457349788,0.09235839433567498,1.2293973046913995,1.2239943737009606,1.0621242827480415,1.1956021706805189,ok,ok
c4,19.9m-g015-ai-r0.25,19.9m-g015-control,fit,ai,4,19923026,752401923.0,192365053.0,0.25566794437871204,0.20361111034431414,1.2320562726952746,1.2247983629100714,0.881250658222821,1.0302015355215437,ok,ok
c4,19.9m-g015-ai-r0.5,19.9m-g015-control,fit,ai,4,19923026,752332399.0,385896849.0,0.5129339764084785,0.33903262429608555,1.2375193916384486,1.2269117839452968,0.6551244891714897,0.8160737097095737,ok,ok
c4,19.9m-g015-ai-r1,19.9m-g015-control,fit,ai,4,19923026,752306068.0,779401324.0,1.036016266719784,0.5088447885482295,1.2488029402438725,1.2321750727418423,0.3942603764448094,0.5422254571758856,ok,ok
c4,19.9m-g016-control,19.9m-g016-control,fit,control,4,19923026,922746880.0,0.0,0.0,0.0,1.2243254880821188,1.2149119859924171,1.0660264845580918,1.3329862180156338,ok,ok
c4,19.9m-g016-ai-r0.05,19.9m-g016-control,fit,ai,4,19923026,922465080.0,46419144.0,0.05032076010942333,0.04790989764325031,1.2250792899120997,1.2149726128619698,0.9982776383851772,1.2675800489435438,ok,ok
c4,19.9m-g016-ai-r0.1,19.9m-g016-control,fit,ai,4,19923026,922011358.0,93010210.0,0.10087751001436145,0.09163372772784273,1.225136976342015,1.2151509815499424,0.9516772896560015,1.2045652268712967,ok,ok
c4,19.9m-g016-ai-r0.25,19.9m-g016-control,fit,ai,4,19923026,919210741.0,234222859.0,0.2548086619888616,0.203065749948675,1.2284937209997022,1.2162089047974374,0.778176766144983,1.032488454263574,ok,ok
c4,19.9m-g016-ai-r0.5,19.9m-g016-control,fit,ai,4,19923026,915090678.0,469029642.0,0.5125499071033046,0.33886479030955924,1.2341966578451504,1.2188292593674108,0.5756945481058876,0.8072891109522893,ok,ok
c4,19.9m-g016-ai-r1,19.9m-g016-control,fit,ai,4,19923026,907168781.0,938324979.0,1.034344433640734,0.5084411550651897,1.2423508845355529,1.2251886839421642,0.3682186218719385,0.522820131606107,ok,ok
c4,19.9m-g017-control,19.9m-g017-control,fit,control,4,19923026,1090256896.0,0.0,0.0,0.0,1.2205945804089866,1.2082405138681058,0.9829069135366089,1.3440052698821452,ok,ok
c4,19.9m-g017-ai-r0.05,19.9m-g017-control,fit,ai,4,19923026,1090205130.0,55102006.0,0.050542787300955,0.04811111733088861,1.2212606118574287,1.208302446898135,0.9212208213147083,1.2772330439467598,ok,ok
c4,19.9m-g017-ai-r0.1,19.9m-g017-control,fit,ai,4,19923026,1090295462.0,110324058.0,0.10118730366686604,0.0918892756299681,1.221691914646234,1.208478670993444,0.8700279384063703,1.2125262537555592,ok,ok
c4,19.9m-g017-ai-r0.25,19.9m-g017-control,fit,ai,4,19923026,1090360149.0,276720811.0,0.2537884489393605,0.20241728112430152,1.2252548286406686,1.2095219029094224,0.7047439196980926,1.0351451214025735,ok,ok
c4,19.9m-g017-ai-r0.5,19.9m-g017-control,fit,ai,4,19923026,1090179859.0,556608749.0,0.5105659808378463,0.33799647768756,1.2313687391614792,1.212282903665732,0.5128552708764288,0.7987865907474586,ok,ok
c4,19.9m-g017-ai-r1,19.9m-g017-control,fit,ai,4,19923026,1090315167.0,1124539489.0,1.0313893844971158,0.5077260875577743,1.2405710587439691,1.2191480688468193,0.3173410618946089,0.500667911694322,ok,ok
c4,19.9m-g017-ai-r2,19.9m-g017-control,fit,ai,4,19923026,1090250034.0,2276465358.0,2.088021359327928,0.6761680430158559,1.2547198522059202,1.2327448860718995,0.16183565275410056,0.24380475502696092,ok,ok
c4,19.9m-g017-ai-r4,19.9m-g017-control,fit,ai,4,19923026,1090242292.0,4609030412.0,4.227528546471026,0.8087050140213821,1.2713430320261736,1.2541320949813106,0.07324378179582679,0.09656223251400008,ok,ok
c4,19.9m-g017-ai-r8,19.9m-g017-control,fit,ai,4,19923026,1090247040.0,9294587520.0,8.525212340865425,0.8950154637802915,1.2863375997404443,1.2820255222655113,0.03231053765293267,0.03434699407973416,ok,ok
c4,19.9m-g017-ai-r16,19.9m-g017-control,fit,ai,4,19923026,1090259118.0,18679592786.0,17.133168141043697,0.944852438789417,1.3004618855232402,1.3142780740588598,0.013987397059962943,0.011629393101477247,ok,ok
c4,19.9m-g017-human-r2,19.9m-g017-control,fit,human,4,19923026,3366715392.0,0.0,0.0,0.0,1.2049894948220183,1.1746348501174229,0.476844628279225,,ok,below_range
c4,19.9m-g018-control,19.9m-g018-control,fit,control,4,19923026,1153433600.0,0.0,0.0,0.0,1.2198072408158955,1.206103779208096,0.9464600707429752,1.3483081489470097,ok,ok
c4,19.9m-g018-ai-r0.05,19.9m-g018-control,fit,ai,4,19923026,1153087802.0,58017478.0,0.0503148831332447,0.04790457027815121,1.2204131121861215,1.2061781596770367,0.8886055302525698,1.281405447413653,ok,ok
c4,19.9m-g018-ai-r0.1,19.9m-g018-control,fit,ai,4,19923026,1152613939.0,116163021.0,0.1007822455286132,0.09155511540814865,1.2216395950909993,1.2063790526729223,0.8242889932514914,1.2162459211337142,ok,ok
c4,19.9m-g018-ai-r0.25,19.9m-g018-control,fit,ai,4,19923026,1149500156.0,292291844.0,0.2542773417422659,0.20272816328568893,1.2249122615290318,1.207572923380654,0.6733471010133634,1.0351897422354268,ok,ok
c4,19.9m-g018-ai-r0.5,19.9m-g018-control,fit,ai,4,19923026,1144636093.0,585514307.0,0.5115287824494628,0.33841815543897225,1.2306617018983448,1.210590332706653,0.49542574545268425,0.7948670141424226,ok,ok
c4,19.9m-g018-ai-r1,19.9m-g018-control,fit,ai,4,19923026,1135305759.0,1171561441.0,1.0319347292239007,0.5078582074425437,1.240064139565828,1.2179445764747234,0.3076560222471129,0.49479574514825797,ok,ok
c4,19.9m-g019-control,19.9m-g019-control,fit,control,4,19923026,1453850624.0,0.0,0.0,0.0,1.2158422559950752,1.197896370190083,0.8266117330342824,1.3699392606490046,ok,ok
c4,19.9m-g019-ai-r0.05,19.9m-g019-control,fit,ai,4,19923026,1453726534.0,73262266.0,0.05039618132195419,0.047978260220376205,1.21584632610588,1.1979773002846215,0.7869400086138847,1.3009327695156365,ok,ok
c4,19.9m-g019-ai-r0.1,19.9m-g019-control,fit,ai,4,19923026,1453747663.0,146641457.0,0.10087132776357213,0.09162862654302474,1.2171397083173159,1.1981969292385604,0.7273115551412792,1.2325520522841416,ok,ok
c4,19.9m-g019-ai-r0.25,19.9m-g019-control,fit,ai,4,19923026,1453951388.0,367949412.0,0.25306857920892195,0.20195908141650742,1.221551212009657,1.199476740213181,0.5752142754586222,1.039678518217378,ok,ok
c4,19.9m-g019-ai-r0.5,19.9m-g019-control,fit,ai,4,19923026,1453848430.0,740296850.0,0.5091980943295443,0.3373964599098926,1.2281129023272301,1.2028669012367483,0.41244575748006534,0.7784878628969515,ok,ok
c4,19.9m-g019-ai-r1,19.9m-g019-control,fit,ai,4,19923026,1453836774.0,1494758938.0,1.0281477018134637,0.5069392632963308,1.2377976121246261,1.2113124637785233,0.25151666635840425,0.4575846632338604,ok,ok
c4,19.9m-g020-control,19.9m-g020-control,fit,control,4,19923026,1743257600.0,0.0,0.0,0.0,1.2129584830338782,1.192058562318038,0.741513816978588,1.3926949579191976,ok,ok
c4,19.9m-g020-ai-r0.05,19.9m-g020-control,fit,ai,4,19923026,1743170529.0,87643167.0,0.05027802245502511,0.04787115542749359,1.2141902648921816,1.1921498838619042,0.6841817040400849,1.321766531431298,ok,ok
c4,19.9m-g020-ai-r0.1,19.9m-g020-control,fit,ai,4,19923026,1743299093.0,175594987.0,0.10072568023759076,0.09150843125223462,1.215213800024926,1.1923984970618489,0.6361679635494379,1.249966898379359,ok,ok
c4,19.9m-g020-ai-r0.25,19.9m-g020-control,fit,ai,4,19923026,1743301562.0,440357958.0,0.2525999905000946,0.20166054000946082,1.2186733816888056,1.193860460898051,0.5136176797387774,1.0435099842253748,ok,ok
c4,19.9m-g020-ai-r0.5,19.9m-g020-control,fit,ai,4,19923026,1743303402.0,886263062.0,0.5083814217211056,0.33703771101942376,1.2254357334614154,1.1977213304420884,0.3649179840726571,0.7617056363532403,ok,ok
c4,19.9m-g020-ai-r1,19.9m-g020-control,fit,ai,4,19923026,1743307428.0,1789869404.0,1.02670898732613,0.5065892507244879,1.2353595572214386,1.2073527193152858,0.220298871744328,0.4250207977734886,ok,ok
c4,35.8m-g021-control,35.8m-g021-control,fit,control,6,35782802,115867648.0,0.0,0.0,0.0,1.2682099098073618,1.2939784808260082,,,above_range,above_range
c4,35.8m-g021-ai-r0.05,35.8m-g021-control,fit,ai,6,35782802,116278833.0,5355983.0,0.0460615475905232,0.044033305398349105,1.264353695399545,1.2854935280131496,1.1409539416937455,,ok,above_range
c4,35.8m-g021-ai-r0.1,35.8m-g021-control,fit,ai,6,35782802,116600429.0,10801555.0,0.09263735213186909,0.08478325580863795,1.2615807658581464,1.2782677514524488,1.1265646560778806,,ok,above_range
c4,35.8m-g021-ai-r0.25,35.8m-g021-control,fit,ai,6,35782802,116996419.0,27969213.0,0.2390604194475388,0.19293685416416492,1.2513971858643758,1.26176473702356,1.1312237135907115,0.9878359984561614,ok,ok
c4,35.8m-g021-ai-r0.5,35.8m-g021-control,fit,ai,6,35782802,117031726.0,56769746.0,0.48507996882828164,0.32663558798857584,1.2438885112684082,1.2454755209330586,1.0546676513432824,1.0289458821798525,ok,ok
c4,35.8m-g021-ai-r1,35.8m-g021-control,fit,ai,6,35782802,115655617.0,116341823.0,1.0059331835132572,0.5014789085603704,1.235454401273076,1.2298128365462988,0.9127181349864291,1.0192827311340307,ok,ok
c4,35.8m-g022-control,35.8m-g022-control,fit,control,6,35782802,115867648.0,0.0,0.0,0.0,1.2678287117774631,1.2939784808260082,,,above_range,above_range
c4,35.8m-g022-ai-r0.0234,35.8m-g022-control,fit,ai,6,35782802,115778715.0,2710373.0,0.02340994197422212,0.022874452371512893,1.2665558328646247,1.2897697421399796,1.1411387633394459,,ok,above_range
c4,35.8m-g022-ai-r0.0465,35.8m-g022-control,fit,ai,6,35782802,115980733.0,5391939.0,0.046489954499597794,0.04442465434064103,1.2654298563591757,1.2856966785421835,1.1288797779914659,,ok,above_range
c4,35.8m-g022-ai-r2.1,35.8m-g022-control,fit,ai,6,35782802,115823295.0,243313985.0,2.1007344420653893,0.6774957615093593,1.2300356937538999,1.220204128624533,0.6554419872813406,0.8071642918642356,ok,ok
c4,35.8m-g022-ai-r4.31,35.8m-g022-control,fit,ai,6,35782802,115863530.0,499650582.0,4.3124060004040965,0.811761375180298,1.2261333461026107,1.2189723732460647,0.41500643268645593,0.4832421863520204,ok,ok
c4,35.8m-g022-ai-r8.76,35.8m-g022-control,fit,ai,6,35782802,115875432.0,1014489496.0,8.755000766685383,0.8974884755093888,1.2255086236105004,1.2211130685216778,0.22901657888157556,0.2515767722646835,ok,ok
c4,35.8m-g022-ai-r17.6,35.8m-g022-control,fit,ai,6,35782802,115863512.0,2037125160.0,17.58211126899036,0.94618480184925,1.2263453964184725,1.2237690142898725,0.11811069180126817,0.12480429018489762,ok,ok
c4,35.8m-g022-ai-r35,35.8m-g022-control,fit,ai,6,35782802,115869119.0,4061133377.0,35.049316090855925,0.972260222704928,1.227456736206384,1.2266207842718648,0.05946098613001988,0.06052325331857807,ok,ok
c4,35.8m-g022-ai-r69.6,35.8m-g022-control,fit,ai,6,35782802,115866878.0,8060666626.0,69.56834226602705,0.9858293397876597,1.2290489958861728,1.2295630761796301,0.029380076561830323,0.02906957576460472,ok,ok
c4,35.8m-g022-human-r0.025,35.8m-g022-control,fit,human,6,35782802,118751232.0,0.0,0.0,0.0,1.2654394823973718,1.2912710135274539,1.153668516409221,,ok,above_range
c4,35.8m-g022-human-r0.05,35.8m-g022-control,fit,human,6,35782802,121634816.0,0.0,0.0,0.0,1.262419645007539,1.2886586390833203,1.1679130930670096,,ok,above_range
c4,35.8m-g022-human-r4,35.8m-g022-control,fit,human,6,35782802,579862528.0,0.0,0.0,0.0,1.1583637029945482,1.1690441280130301,1.6202460037201059,1.294644153248395,ok,ok
c4,35.8m-g023-control,35.8m-g023-control,fit,control,6,35782802,168820736.0,0.0,0.0,0.0,1.2304721044089115,1.2557772986066928,1.3819887846605772,0.9153375997741379,ok,ok
c4,35.8m-g023-ai-r0.025,35.8m-g023-control,fit,ai,6,35782802,168737808.0,4015088.0,0.02379483322433583,0.023241798505073977,1.22911224106049,1.2522983654886288,1.3887607685582233,0.9374572189526437,ok,ok
c4,35.8m-g023-ai-r0.05,35.8m-g023-control,fit,ai,6,35782802,168877181.0,8070019.0,0.047786319929156086,0.04560693246346933,1.227076520530679,1.2491895465067056,1.414960645831083,0.9563008501520303,ok,ok
c4,35.8m-g023-ai-r0.1,35.8m-g023-control,fit,ai,6,35782802,168730212.0,16343452.0,0.0968614441141104,0.0883078210414638,1.2249396175188971,1.2443048531233507,1.4158905013292054,0.9839712661995003,ok,ok
c4,35.8m-g023-ai-r0.25,35.8m-g023-control,fit,ai,6,35782802,168835815.0,41665817.0,0.24678304777928783,0.19793583833117265,1.2206782903827564,1.2354595470488938,1.3634139325349866,1.0058261697410846,ok,ok
c4,35.8m-g023-ai-r0.5,35.8m-g023-control,fit,ai,6,35782802,168813643.0,85466037.0,0.5062744662171647,0.3361103687089743,1.2163568627951238,1.2300235580022751,1.2340083076921073,0.9259572067278473,ok,ok
c4,35.8m-g023-ai-r1,35.8m-g023-control,fit,ai,6,35782802,168802558.0,175654658.0,1.0405923943403748,0.5099462279808938,1.2140901110885787,1.2286317400647153,0.9528239435681997,0.703484663173608,ok,ok
c4,35.8m-g023-ai-r2,35.8m-g023-control,fit,ai,6,35782802,168806537.0,358627191.0,2.1244863935571403,0.6799473980549079,1.211654931727204,1.2303130692015147,0.6521423302049165,0.4437799883544232,ok,ok
c4,35.8m-g023-ai-r4,35.8m-g023-control,fit,ai,6,35782802,168849481.0,730828727.0,4.328285302813575,0.8123223620416957,1.2105768680334186,1.2333516109749953,0.39017355201943793,0.2449258516503915,ok,ok
c4,35.8m-g023-ai-r8,35.8m-g023-control,fit,ai,6,35782802,168824702.0,1476128898.0,8.743559920514475,0.897368106918031,1.2159771163081832,1.2372791385427193,0.1922143409185927,0.12451506312475649,ok,ok
c4,35.8m-g023-ai-r16,35.8m-g023-control,fit,ai,6,35782802,168819352.0,2959345000.0,17.529655012536715,0.9460324544993728,1.2190068155825993,1.241779181989649,0.09501728468475555,0.06061938379206893,ok,ok
c4,35.8m-g023-ai-r32,35.8m-g023-control,fit,ai,6,35782802,168819572.0,5890901132.0,34.894657427516755,0.9721407008265971,1.2231923103585913,1.2465901189822741,0.044893678231581476,0.029015826390878335,ok,ok
c4,35.8m-g023-ai-r64,35.8m-g023-control,fit,ai,6,35782802,168821449.0,11668290871.0,69.11616349768447,0.9857379532747392,1.2262116557105742,1.251559325401426,0.021543797945841645,0.013822431495445112,ok,ok
c4,35.8m-g023-human-r0.025,35.8m-g023-control,fit,human,6,35782802,172752896.0,0.0,0.0,0.0,1.2296479430443616,1.2536534911833102,1.3734850579751081,0.9202458874467108,ok,ok
c4,35.8m-g023-human-r0.05,35.8m-g023-control,fit,human,6,35782802,176947200.0,0.0,0.0,0.0,1.2284687841959334,1.2514651554812732,1.3741144283268694,0.9258856643545209,ok,ok
c4,35.8m-g023-human-r4,35.8m-g023-control,fit,human,6,35782802,899678208.0,0.0,0.0,0.0,1.14314917965019,1.148499680216871,1.5036551388260446,1.3132108682448433,ok,ok
c4,35.8m-g024-control,35.8m-g024-control,fit,control,6,35782802,463994880.0,0.0,0.0,0.0,1.166521387252452,1.181218442885328,1.7027852424251293,1.2807094193775528,ok,ok
c4,35.8m-g024-ai-r0.05,35.8m-g024-control,fit,ai,6,35782802,463398784.0,23664768.0,0.051067824985919684,0.048586612368810546,1.1651684850502062,1.1804937758107303,1.6679613375439666,1.2365201070885194,ok,ok
c4,35.8m-g024-ai-r0.1,35.8m-g024-control,fit,ai,6,35782802,463176827.0,47217541.0,0.10194279646032464,0.09251187701193443,1.1653661623520213,1.1805797999784922,1.5852187605847476,1.1781171303244595,ok,ok
c4,35.8m-g024-ai-r0.25,35.8m-g024-control,fit,ai,6,35782802,461521742.0,118340786.0,0.25641432511320345,0.2040842101112628,1.1651883767445037,1.1811359650710322,1.4004501731397483,1.0263614237749012,ok,ok
c4,35.8m-g024-ai-r0.5,35.8m-g024-control,fit,ai,6,35782802,458319646.0,237672674.0,0.5185740477727634,0.34148749514937177,1.1675995833457349,1.1824683275179555,1.1105170166135692,0.8343906076880924,ok,ok
c4,35.8m-g024-ai-r1,35.8m-g024-control,fit,ai,6,35782802,453694044.0,474295716.0,1.045408733644297,0.5111001612776417,1.1708212354434409,1.1853435691817993,0.7808418878637745,0.5938614168702077,ok,ok
c4,35.8m-g025-control,35.8m-g025-control,fit,control,6,35782802,463994880.0,0.0,0.0,0.0,1.167411662134105,1.181218442885328,1.6721439645213743,1.2807094193775528,ok,ok
c4,35.8m-g025-ai-r0.0256,35.8m-g025-control,fit,ai,6,35782802,463918960.0,11872400.0,0.02559153866011426,0.02495295416881887,1.1674797524101408,1.180451653429345,1.6284317047525085,1.2668040945890862,ok,ok
c4,35.8m-g025-ai-r0.0514,35.8m-g025-control,fit,ai,6,35782802,464017391.0,23832593.0,0.051361421925670885,0.04885229841475203,1.166583907359543,1.1804212379022085,1.6174506342408803,1.2361884718983631,ok,ok
c4,35.8m-g025-ai-r2.11,35.8m-g025-control,fit,ai,6,35782802,463986388.0,980951340.0,2.114181289301099,0.6788883153862808,1.1778008583915434,1.1888503275067843,0.4383200611477813,0.35810897678358444,ok,ok
c4,35.8m-g025-ai-r4.28,35.8m-g025-control,fit,ai,6,35782802,464002600.0,1985208792.0,4.278443250102478,0.8105502034182928,1.186663158065975,1.196169697646019,0.2197157592508599,0.18560319986004312,ok,ok
c4,35.8m-g025-ai-r8.61,35.8m-g025-control,fit,ai,6,35782802,463988479.0,3995867393.0,8.611997008227439,0.8959633467276317,1.197737482912666,1.205672681846965,0.0991529035487449,0.08612503592819531,ok,ok
c4,35.8m-g025-ai-r17.2,35.8m-g025-control,fit,ai,6,35782802,464001213.0,7995123523.0,17.2308246164003,0.9451478459674058,1.2072608481153664,1.2165961866294897,0.04411903334496716,0.0369156202250856,ok,ok
c4,35.8m-g025-ai-r34.4,35.8m-g025-control,fit,ai,6,35782802,463994705.0,15953297583.0,34.38249922054606,0.9717374402026605,1.2143828884769938,1.2283638800624443,0.01987728991203104,0.014842845605768878,ok,ok
c4,35.8m-g025-human-r0.025,35.8m-g025-control,fit,human,6,35782802,475529216.0,0.0,0.0,0.0,1.1662895087815315,1.1798137647807638,1.6693967903323754,1.2826123307120714,ok,ok
c4,35.8m-g025-human-r0.05,35.8m-g025-control,fit,human,6,35782802,487063552.0,0.0,0.0,0.0,1.1649370296003767,1.1784583689498744,1.6759843322924306,1.2843589683157923,ok,ok
c4,35.8m-g025-human-r2,35.8m-g025-control,fit,human,6,35782802,1391984640.0,0.0,0.0,0.0,1.1313657018089092,1.1318990250512928,1.357259270207942,1.335215462872122,ok,ok
c4,35.8m-g025-human-r4,35.8m-g025-control,fit,human,6,35782802,2319974400.0,0.0,0.0,0.0,1.122015982303659,1.1163527943708313,1.1121902057650699,1.3812833967269875,ok,ok
c4,35.8m-g026-control,35.8m-g026-control,fit,control,6,35782802,675545088.0,0.0,0.0,0.0,1.1531731875749307,1.1614127994726768,1.5642490093350574,1.3015740031610812,ok,ok
c4,35.8m-g026-ai-r0.025,35.8m-g026-control,fit,ai,6,35782802,675594024.0,17252568.0,0.025536886631785837,0.02490099280159265,1.152568206536553,1.16121649555022,1.546878989764215,1.2744246769048677,ok,ok
c4,35.8m-g026-ai-r0.05,35.8m-g026-control,fit,ai,6,35782802,675441566.0,34444386.0,0.05099536027073584,0.04852101369657756,1.1523377384489362,1.1612492309005982,1.517930440634778,1.2429612782157542,ok,ok
c4,35.8m-g026-ai-r0.1,35.8m-g026-control,fit,ai,6,35782802,675657678.0,68831282.0,0.10187301090656739,0.09245440254748707,1.1511390599081093,1.1613157459953012,1.4889670828084112,1.1835001615945386,ok,ok
c4,35.8m-g026-ai-r0.25,35.8m-g026-control,fit,ai,6,35782802,675636568.0,172923560.0,0.2559416825407828,0.20378468689964183,1.1523414725529775,1.1617951170303313,1.2697544894083046,1.0277556731659487,ok,ok
c4,35.8m-g026-ai-r0.5,35.8m-g026-control,fit,ai,6,35782802,675549388.0,347336500.0,0.5141541183662504,0.33956524777082464,1.1547892661747845,1.1630527908619868,0.995273466471906,0.8301425363911479,ok,ok
c4,35.8m-g026-ai-r1,35.8m-g026-control,fit,ai,6,35782802,675546991.0,700971153.0,1.0376349274568821,0.5092349534624079,1.1599522816239956,1.1661645184741853,0.6592094047485539,0.5781878102681349,ok,ok
c4,35.8m-g026-ai-r2,35.8m-g026-control,fit,ai,6,35782802,675524321.0,1419792671.0,2.1017639585473935,0.6776028049315795,1.1703008595621993,1.1723226324911802,0.34940970340102423,0.33576394789281844,ok,ok
c4,35.8m-g026-ai-r4,35.8m-g026-control,fit,ai,6,35782802,675538256.0,2873629360.0,4.253836602852585,0.8096629043512608,1.181169917141535,1.1819776483488391,0.16758165752650334,0.16510541844188473,ok,ok
c4,35.8m-g026-ai-r8,35.8m-g026-control,fit,ai,6,35782802,675537864.0,5790506040.0,8.571697233539526,0.8955253205778418,1.192291717067744,1.1945445068946654,0.07527940078573418,0.07234431179684654,ok,ok
c4,35.8m-g026-ai-r16,35.8m-g026-control,fit,ai,6,35782802,675547285.0,11596461931.0,17.166025515149542,0.944952185651944,1.2028104685813423,1.2090017715918724,0.03294429602334059,0.029455393637250603,ok,ok
c4,35.8m-g026-ai-r32,35.8m-g026-control,fit,ai,6,35782802,675541977.0,23245098023.0,34.40955383147123,0.9717590341646377,1.2118252544476593,1.224664883654582,0.014332837050277087,0.01101939748225336,ok,ok
c4,35.8m-g026-human-r0.025,35.8m-g026-control,fit,human,6,35782802,692846592.0,0.0,0.0,0.0,1.1518004811622162,1.1602014706158779,1.5750618085055341,1.3026280835940323,ok,ok
c4,35.8m-g026-human-r0.05,35.8m-g026-control,fit,human,6,35782802,709885952.0,0.0,0.0,0.0,1.1509420474207939,1.1590512498979026,1.5688899346776934,1.3036264323907574,ok,ok
c4,35.8m-g026-human-r2,35.8m-g026-control,fit,human,6,35782802,2095316992.0,0.0,0.0,0.0,1.123667398423391,1.119160662433324,1.1611103651489803,1.3693364153156644,ok,ok
c4,35.8m-g026-human-r4,35.8m-g026-control,fit,human,6,35782802,3549167616.0,0.0,0.0,0.0,1.1134672864899555,1.1059867610932381,1.018926999649054,1.4570741247449508,ok,ok
c4,35.8m-g027-control,35.8m-g027-control,fit,control,6,35782802,927989760.0,0.0,0.0,0.0,1.1416235804570611,1.1472050938729292,1.5177057423189564,1.314511692063308,ok,ok
c4,35.8m-g027-ai-r0.05,35.8m-g027-control,fit,ai,6,35782802,927778141.0,46611107.0,0.0502394968583335,0.047836228792212616,1.1422764234444118,1.147190186783087,1.4205933758349676,1.2523804590067356,ok,ok
c4,35.8m-g027-ai-r0.1,35.8m-g027-control,fit,ai,6,35782802,927339503.0,93449233.0,0.10077132775826546,0.09154610518743028,1.1419410433092998,1.1473110156110629,1.3681258620425458,1.1918667206012037,ok,ok
c4,35.8m-g027-ai-r0.25,35.8m-g027-control,fit,ai,6,35782802,924374519.0,235612681.0,0.2548887665736273,0.20311662145927128,1.1451669253049113,1.1480423133761914,1.1070142667538367,1.0300309886535457,ok,ok
c4,35.8m-g027-ai-r0.5,35.8m-g027-control,fit,ai,6,35782802,920411699.0,471572941.0,0.5123500076241425,0.33877740274490387,1.1474158911890773,1.1497818552274566,0.8717616356062733,0.8226934179429973,ok,ok
c4,35.8m-g027-ai-r1,35.8m-g027-control,fit,ai,6,35782802,912810015.0,943169505.0,1.0332593743507514,0.508178832167286,1.1545793718110302,1.1539736125698812,0.5511675921505501,0.5588990597630523,ok,ok
c4,35.8m-g028-control,35.8m-g028-control,fit,control,6,35782802,1351090176.0,0.0,0.0,0.0,1.1325938760156469,1.1329275738481615,1.3468613381760925,1.3333654860039132,ok,ok
c4,35.8m-g028-ai-r0.05,35.8m-g028-control,fit,ai,6,35782802,1351082174.0,68165442.0,0.05045247677140917,0.048029280607225625,1.1327344625287867,1.1329614489985063,1.276743743676387,1.2680389951446347,ok,ok
c4,35.8m-g028-ai-r0.1,35.8m-g028-control,fit,ai,6,35782802,1351201851.0,136465349.0,0.10099553142190004,0.09173110020843371,1.1329896860359898,1.133092260740098,1.2086932506096115,1.2049730765849584,ok,ok
c4,35.8m-g028-ai-r0.25,35.8m-g028-control,fit,ai,6,35782802,1351079271.0,342108825.0,0.25321151196908565,0.20205010052232258,1.1356737809918487,1.1338751923163402,0.9811713060003026,1.0342530132932,ok,ok
c4,35.8m-g028-ai-r0.5,35.8m-g028-control,fit,ai,6,35782802,1351098028.0,688120148.0,0.5093043833530042,0.33744312212328964,1.1396918263981897,1.135930259946244,0.7276503114649524,0.8086704346711316,ok,ok
c4,35.8m-g028-ai-r1,35.8m-g028-control,fit,ai,6,35782802,1351152951.0,1389824713.0,1.0286213059530964,0.5070543737929563,1.1469236112324834,1.1410569740165974,0.44817687992950245,0.5216882120431895,ok,ok
c4,35.8m-g029-control,35.8m-g029-control,fit,control,6,35782802,1391984640.0,0.0,0.0,0.0,1.1317856143283835,1.1318990250512928,1.3398578182677112,1.335215462872122,ok,ok
c4,35.8m-g029-ai-r0.05,35.8m-g029-control,fit,ai,6,35782802,1391411536.0,70041264.0,0.050338280363373386,0.04792577906039798,1.1316195042907686,1.1319491890789033,1.2826876413940766,1.269799348342748,ok,ok
c4,35.8m-g029-ai-r0.1,35.8m-g029-control,fit,ai,6,35782802,1391220454.0,139962650.0,0.10060422098998266,0.09140817295747798,1.1319556847698902,1.1320895185546482,1.2117319960467983,1.2067927025807845,ok,ok
c4,35.8m-g029-ai-r0.25,35.8m-g029-control,fit,ai,6,35782802,1387769736.0,352079992.0,0.25370202481487175,0.2023622996479843,1.135437335677256,1.1329740669434045,0.9614184691311946,1.0339848578582662,ok,ok
c4,35.8m-g029-ai-r0.5,35.8m-g029-control,fit,ai,6,35782802,1382716361.0,705260599.0,0.5100544253992522,0.33777221325277457,1.1387638081131124,1.1351908029934683,0.7290429473541119,0.8068825548700292,ok,ok
c4,35.8m-g029-ai-r1,35.8m-g029-control,fit,ai,6,35782802,1372343466.0,1411625814.0,1.0286242831865533,0.5070550972459007,1.1470320785038468,1.1406126135499501,0.4400631924580197,0.5198177988874731,ok,ok
c4,35.8m-g030-control,35.8m-g030-control,fit,control,6,35782802,1391984640.0,0.0,0.0,0.0,1.13131423737289,1.1318990250512928,1.359415319758746,1.335215462872122,ok,ok
c4,35.8m-g030-ai-r2.08,35.8m-g030-control,fit,ai,6,35782802,1391967663.0,2898805329.0,2.082523470949339,0.6755904668936632,1.1571498903773134,1.1505963025289587,0.22494092118923562,0.2617172738843532,ok,ok
c4,35.8m-g030-ai-r4.21,35.8m-g030-control,fit,ai,6,35782802,1391960067.0,5866545149.0,4.214592995935422,0.8082304791995344,1.1709067927501575,1.16693376058863,0.09966082768840676,0.10793584664135443,ok,ok
c4,35.8m-g030-ai-r8.51,35.8m-g030-control,fit,ai,6,35782802,1391973198.0,11840007346.0,8.505916179285515,0.8948023545401005,1.185116622850121,1.188292380794524,0.04182035775899416,0.039497482842412716,ok,ok
c4,35.8m-g030-human-r2,35.8m-g030-control,fit,human,6,35782802,4175953920.0,0.0,0.0,0.0,1.1128231723229276,1.1025402838948242,0.8906826463804658,1.5036167879873255,ok,ok
c4,35.8m-g031-control,35.8m-g031-control,fit,control,6,35782802,1391984640.0,0.0,0.0,0.0,1.132451283321463,1.1318990250512928,1.3129507617155072,1.335215462872122,ok,ok
c4,35.8m-g031-ai-r0.25,35.8m-g031-control,fit,ai,6,35782802,1388012484.0,351837244.0,0.25348276622560983,0.2022227772535537,1.134805506962924,1.132966735275959,0.9792867998216611,1.0342129452510367,ok,ok
c4,35.8m-g031-ai-r1,35.8m-g031-control,fit,ai,6,35782802,1371859102.0,1412110178.0,1.029340532086217,0.5072290804875548,1.1460806283246598,1.1406300014295896,0.4506899976857605,0.5195736708501077,ok,ok
c4,35.8m-g032-control,35.8m-g032-control,fit,control,6,35782802,1855979520.0,0.0,0.0,0.0,1.1259099047457672,1.1226855030918625,1.213579285296533,1.3571903873077271,ok,ok
c4,35.8m-g032-ai-r0.05,35.8m-g032-control,fit,ai,6,35782802,1855678736.0,93099760.0,0.05017019282156607,0.047773392507713716,1.1260165295357027,1.1227463423128676,1.1516472230029136,1.2897587718256147,ok,ok
c4,35.8m-g032-ai-r0.1,35.8m-g032-control,fit,ai,6,35782802,1855428109.0,186149363.0,0.100326906818463,0.09117918156573389,1.1258750005760187,1.122917038561844,1.1045530226709273,1.2236720481874757,ok,ok
c4,35.8m-g032-ai-r0.25,35.8m-g032-control,fit,ai,6,35782802,1851626714.0,468347686.0,0.2529385012966496,0.20187623018598827,1.1295028798427391,1.1239607153747453,0.8632240364029342,1.0379686926554115,ok,ok
c4,35.8m-g032-ai-r0.5,35.8m-g032-control,fit,ai,6,35782802,1845117682.0,938851598.0,0.5088301993737004,0.33723489865520356,1.1337997743981219,1.126641991078907,0.6304349230758781,0.7894550376273805,ok,ok
c4,35.8m-g032-ai-r1,35.8m-g032-control,fit,ai,6,35782802,1832078351.0,1879880689.0,1.0260918633604879,0.5064389635614083,1.14276547338536,1.1332167059138438,0.368129446469993,0.481125662684916,ok,ok
c4,35.8m-g033-control,35.8m-g033-control,fit,control,6,35782802,1958215680.0,0.0,0.0,0.0,1.1240034860976633,1.1211023145845394,1.2278891490330315,1.3623070773034944,ok,ok
c4,35.8m-g033-ai-r0.05,35.8m-g033-control,fit,ai,6,35782802,1958102719.0,98416961.0,0.05026138825355464,0.04785607546434956,1.1248356674913704,1.1211634555435077,1.1360087498618423,1.2942740040351395,ok,ok
c4,35.8m-g033-ai-r0.1,35.8m-g033-control,fit,ai,6,35782802,1958161157.0,197186811.0,0.10069999105798828,0.09148722801496152,1.1253494553238395,1.1213373861141078,1.0650453263187347,1.2270725790926271,ok,ok
c4,35.8m-g033-ai-r0.25,35.8m-g033-control,fit,ai,6,35782802,1958237840.0,494381424.0,0.25246239956225136,0.2015728373566261,1.1286741254989185,1.1223542854226238,0.8384565111903624,1.039289001843501,ok,ok
c4,35.8m-g033-ai-r0.5,35.8m-g033-control,fit,ai,6,35782802,1958211281.0,995365167.0,0.5083032544331462,0.33700335323096403,1.133083755096713,1.125046154697454,0.60707989161147,0.7852944660538909,ok,ok
c4,35.8m-g033-ai-r1,35.8m-g033-control,fit,ai,6,35782802,1958151589.0,2009397851.0,1.0261707327910046,0.5064581756037299,1.1417572704587686,1.131754139547742,0.35372158214947647,0.47053248614395604,ok,ok
c4,35.8m-g033-ai-r2,35.8m-g033-control,fit,ai,6,35782802,1958256567.0,4068171849.0,2.0774457839466547,0.6750552015517378,1.1536194787380956,1.1450579876656777,0.17354067571666815,0.21367504018054684,ok,ok
c4,35.8m-g033-ai-r4,35.8m-g033-control,fit,ai,6,35782802,1958231028.0,8238384140.0,4.207054235277902,0.8079528357463652,1.1686382279842948,1.1660283570167076,0.07422670512479226,0.07827261729872326,ok,ok
c4,35.8m-g033-ai-r8,35.8m-g033-control,fit,ai,6,35782802,1958200362.0,16649042902.0,8.502216231333737,0.8947613929577312,1.1833165228768017,1.1934909841332608,0.03072905000117869,0.02561123591221562,ok,ok
c4,35.8m-g033-human-r2,35.8m-g033-control,fit,human,6,35782802,6026428416.0,0.0,0.0,0.0,1.1072260046786975,1.0956732169014372,0.8044576686568675,,ok,below_range
c4,35.8m-g034-control,35.8m-g034-control,fit,control,6,35782802,2319974400.0,0.0,0.0,0.0,1.121851718816488,1.1163527943708313,1.1188262189044489,1.3812833967269875,ok,ok
c4,35.8m-g034-ai-r0.05,35.8m-g034-control,fit,ai,6,35782802,2319483849.0,116358199.0,0.05016555689756821,0.04776918893223737,1.1218459173396729,1.1164277326449012,1.0658303880236326,1.3115899507983089,ok,ok
c4,35.8m-g034-ai-r0.1,35.8m-g034-control,fit,ai,6,35782802,2319309982.0,232661858.0,0.1003151194991925,0.0911694456628487,1.122066123214201,1.1166259228245918,1.009251372760745,1.241920719118342,ok,ok
c4,35.8m-g034-ai-r0.25,35.8m-g034-control,fit,ai,6,35782802,2315039033.0,584797895.0,0.25260822243769054,0.20166578656660242,1.1251025620299595,1.1178291749147546,0.7983059054283482,1.0418335151566076,ok,ok
c4,35.8m-g034-ai-r0.5,35.8m-g034-control,fit,ai,6,35782802,2307680041.0,1172281559.0,0.507991375828691,0.3368662340986751,1.1293785895793773,1.1209411348092035,0.5777603557594012,0.7711532557063856,ok,ok
c4,35.8m-g034-ai-r1,35.8m-g034-control,fit,ai,6,35782802,2291849548.0,2348099252.0,1.0245433667533224,0.5060614574022886,1.1400842838629264,1.1286101272119151,0.31639063684798224,0.4441117940064885,ok,ok
c4,35.8m-g035-control,35.8m-g035-control,fit,control,6,35782802,2610954240.0,0.0,0.0,0.0,1.1183387322657923,1.1132601069695531,1.1342868228554714,1.3975803980021453,ok,ok
c4,35.8m-g035-ai-r0.05,35.8m-g035-control,fit,ai,6,35782802,2611016413.0,131009827.0,0.05017579604161607,0.04777847311920691,1.1196247138774003,1.1133359144165058,1.0280614316193328,1.3263948347285412,ok,ok
c4,35.8m-g035-ai-r0.1,35.8m-g035-control,fit,ai,6,35782802,2611035893.0,262062347.0,0.100367194377745,0.09121245606972353,1.1216632933599617,1.113549917406646,0.9096385451658355,1.2541989299882197,ok,ok
c4,35.8m-g035-ai-r0.25,35.8m-g035-control,fit,ai,6,35782802,2611009993.0,657663543.0,0.2518808984887711,0.20120196641136817,1.1237762053010316,1.1148023460193701,0.741474194001732,1.0451442026009472,ok,ok
c4,35.8m-g035-ai-r0.5,35.8m-g035-control,fit,ai,6,35782802,2610934243.0,1324633629.0,0.5073408618203947,0.3365800494572185,1.1284878267288894,1.118117010876903,0.5256669695870586,0.7590444416636328,ok,ok
c4,35.8m-g035-ai-r1,35.8m-g035-control,fit,ai,6,35782802,2610972050.0,2672540270.0,1.0235805741390454,0.5058264480397767,1.1370270911911284,1.1263668015780417,0.3024793368709743,0.41981366707063417,ok,ok
c4,35.8m-g036-control,35.8m-g036-control,fit,control,6,35782802,3131047936.0,0.0,0.0,0.0,1.1162791059580899,1.1088296925241279,1.0265382998001258,1.4291765306991848,ok,ok
c4,35.8m-g036-ai-r0.05,35.8m-g036-control,fit,ai,6,35782802,3131010370.0,156799678.0,0.05007957798619492,0.04769122172839104,1.116836836964796,1.1089177038176958,0.9558256414514291,1.3552066728183172,ok,ok
c4,35.8m-g036-ai-r0.1,35.8m-g036-control,fit,ai,6,35782802,3131034459.0,314061989.0,0.10030614262236709,0.09116203094468489,1.118965640288621,1.1091620989786106,0.839079417941769,1.2780873388156304,ok,ok
c4,35.8m-g036-ai-r0.25,35.8m-g036-control,fit,ai,6,35782802,3131020379.0,788556709.0,0.2518529468185234,0.20118413065894522,1.1203364217440972,1.1105923453633595,0.7002068951978114,1.0496884698919045,ok,ok
c4,35.8m-g036-ai-r0.5,35.8m-g036-control,fit,ai,6,35782802,3131109608.0,1586958104.0,0.5068356917130319,0.3363576364035023,1.125748544501013,1.114368568966868,0.4800014358555972,0.7374490292867703,ok,ok
c4,35.8m-g036-ai-r1,35.8m-g036-control,fit,ai,6,35782802,3131012430.0,3202910898.0,1.0229633288297102,0.5056756661137783,1.1349791805174796,1.1237884906024898,0.2676352131942695,0.3824794026449164,ok,ok
c4,86.2m-g037-control,86.2m-g037-control,fit,control,9,86180184,325582848.0,0.0,0.0,0.0,1.1378122594950548,1.1221345006581005,,,above_range,above_range
c4,86.2m-g037-ai-r0.05,86.2m-g037-control,fit,ai,9,86180184,325232169.0,16603607.0,0.051051552037584574,0.04857188207240192,1.134298118126517,1.1168439587782646,,,above_range,above_range
c4,86.2m-g037-ai-r0.1,86.2m-g037-control,fit,ai,9,86180184,325477939.0,33135053.0,0.10180429771002084,0.09239780414871306,1.132331879945477,1.1125064169827634,,0.9491154928505587,above_range,ok
c4,86.2m-g037-ai-r0.25,86.2m-g037-control,fit,ai,9,86180184,323814606.0,83557170.0,0.25804015153041,0.20511281076085153,1.1276200353477797,1.1037061990642278,,0.9958383859046172,above_range,ok
c4,86.2m-g037-ai-r0.5,86.2m-g037-control,fit,ai,9,86180184,321752956.0,166883460.0,0.518669547203787,0.3415289047961583,1.1219900024234684,1.0959897250726631,,1.000103572370201,above_range,ok
c4,86.2m-g037-ai-r1,86.2m-g037-control,fit,ai,9,86180184,318248424.0,333441560.0,1.047739862491825,0.5116567205059269,1.1151255030297587,1.0901267089310367,0.49818441469872493,0.8903599281860024,ok,ok
c4,86.2m-g038-control,86.2m-g038-control,fit,control,9,86180184,325582848.0,0.0,0.0,0.0,1.1380089549121781,1.1221345006581005,,,above_range,above_range
c4,86.2m-g038-ai-r2.12,86.2m-g038-control,fit,ai,9,86180184,325556008.0,691562712.0,2.1242511119622773,0.6799232954831468,1.1072939129445492,1.0890679073283198,0.3699553951380411,0.5900235169311,ok,ok
c4,86.2m-g038-ai-r4.3,86.2m-g038-control,fit,ai,9,86180184,325563169.0,1399868639.0,4.299837242952995,0.8113149604113477,1.1056907678663286,1.0909709192989483,0.22537631349873152,0.327527031090569,ok,ok
c4,86.2m-g038-ai-r8.66,86.2m-g038-control,fit,ai,9,86180184,325568463.0,2820683825.0,8.663873026915386,0.8965218192318085,1.1068761088010028,1.0938148674975854,0.12061619148156821,0.1649931503881999,ok,ok
c4,86.2m-g038-ai-r17.3,86.2m-g038-control,fit,ai,9,86180184,325578296.0,5645537736.0,17.340030970614823,0.9454744650321342,1.10934662693426,1.097083763083531,0.06050887681987954,0.079509503727951,ok,ok
c4,86.2m-g038-ai-r34.5,86.2m-g038-control,fit,ai,9,86180184,325574334.0,11225014594.0,34.47757830320863,0.9718131832039517,1.1116899556307536,1.1005814872576454,0.029916405093968403,0.037696759615960584,ok,ok
c4,86.2m-g038-human-r4,86.2m-g038-control,fit,human,9,86180184,1630011392.0,0.0,0.0,0.0,1.0458045115302437,1.045417759673388,1.2949027065421816,1.3113646398976497,ok,ok
c4,86.2m-g039-control,86.2m-g039-control,fit,control,9,86180184,406847488.0,0.0,0.0,0.0,1.1200113623532937,1.1077494796641383,,0.9164593557871876,above_range,ok
c4,86.2m-g039-ai-r0.025,86.2m-g039-control,fit,ai,9,86180184,406948626.0,10384622.0,0.025518262838415382,0.02488328464067162,1.1181847846714117,1.1052553442252742,,0.9403425265814503,above_range,ok
c4,86.2m-g039-ai-r0.05,86.2m-g039-control,fit,ai,9,86180184,406840144.0,20978864.0,0.05156537354878136,0.04903677398083257,1.1173661465256304,1.1031368428949575,,0.9601638672674152,above_range,ok
c4,86.2m-g039-ai-r0.1,86.2m-g039-control,fit,ai,9,86180184,406878913.0,41911615.0,0.10300758692795663,0.09338792239394143,1.115354969513609,1.0998128367636024,0.720490325870186,0.9881164399331375,ok,ok
c4,86.2m-g039-ai-r0.25,86.2m-g039-control,fit,ai,9,86180184,406764310.0,104940778.0,0.25798914855632243,0.20508058344731567,1.1108060716071317,1.0941463661753876,0.6866020785994099,1.0049164196271347,ok,ok
c4,86.2m-g039-ai-r0.5,86.2m-g039-control,fit,ai,9,86180184,406902129.0,211233423.0,0.5191258731408603,0.3417267010715475,1.1058121808663715,1.0908700805869245,0.6275146134339006,0.917105552760558,ok,ok
c4,86.2m-g039-ai-r1,86.2m-g039-control,fit,ai,9,86180184,406742232.0,425302824.0,1.0456323207667306,0.5111535979128515,1.1030837381822545,1.0903503923746414,0.49427468308947586,0.6924735904581156,ok,ok
c4,86.2m-g039-ai-r2,86.2m-g039-control,fit,ai,9,86180184,406936840.0,861840120.0,2.117871952807222,0.6792684192499838,1.0972250769912444,1.092054845751286,0.3728182639208344,0.4308914519259418,ok,ok
c4,86.2m-g039-ai-r4,86.2m-g039-control,fit,ai,9,86180184,406833178.0,1743271910.0,4.284979702417486,0.8107845145474117,1.0984257341690111,1.0949782183116759,0.21338265774495588,0.23364439671945755,ok,ok
c4,86.2m-g039-ai-r8,86.2m-g039-control,fit,ai,9,86180184,406842277.0,3512210523.0,8.632855338679564,0.8961886206279231,1.10174883511269,1.0987801055472097,0.10813501637959569,0.11604064832369627,ok,ok
c4,86.2m-g039-ai-r16,86.2m-g039-control,fit,ai,9,86180184,406861055.0,7029115649.0,17.276452397244068,0.9452847862230204,1.105087130385503,1.1031468642362279,0.05296292980231571,0.05522952235012652,ok,ok
c4,86.2m-g039-ai-r32,86.2m-g039-control,fit,ai,9,86180184,406846664.0,14013170488.0,34.44337075355742,0.9717859791904914,1.1083776194235528,1.1078409852299065,0.025536053355115624,0.025809801179948903,ok,ok
c4,86.2m-g039-human-r0.025,86.2m-g039-control,fit,human,9,86180184,417333248.0,0.0,0.0,0.0,1.1179583042187893,1.106200905821883,,0.9219901847354208,above_range,ok
c4,86.2m-g039-human-r0.05,86.2m-g039-control,fit,human,9,86180184,427819008.0,0.0,0.0,0.0,1.1160456537172518,1.1047085759858715,,0.927979828378545,above_range,ok
c4,86.2m-g039-human-r4,86.2m-g039-control,fit,human,9,86180184,2150105088.0,0.0,0.0,0.0,1.037117460119289,1.0371651658607233,1.3290917567194889,1.326718100564109,ok,ok
c4,86.2m-g040-control,86.2m-g040-control,fit,control,9,86180184,1303904256.0,0.0,0.0,0.0,1.0541116225500284,1.052901762427421,1.2528069785887206,1.2983773288718994,ok,ok
c4,86.2m-g040-ai-r0.05,86.2m-g040-control,fit,ai,9,86180184,1303257877.0,65658091.0,0.05037996866064597,0.0479635657226843,1.0527727562595612,1.052638917662184,1.2414715337926874,1.2464323870395118,ok,ok
c4,86.2m-g040-ai-r0.1,86.2m-g040-control,fit,ai,9,86180184,1302983105.0,131468863.0,0.10089836352866602,0.09165093424724556,1.052866309650845,1.0527125153333434,1.181458494188988,1.1868798981822706,ok,ok
c4,86.2m-g040-ai-r0.25,86.2m-g040-control,fit,ai,9,86180184,1300606171.0,329405221.0,0.25327053518954895,0.2020876802559181,1.0522447562956514,1.0531620456232818,1.0591831678077028,1.0306238236010175,ok,ok
c4,86.2m-g040-ai-r0.5,86.2m-g040-control,fit,ai,9,86180184,1295254150.0,660864378.0,0.5102198499035884,0.337844751501684,1.0540145970366888,1.0543222802952295,0.8374743182276009,0.8299536716850022,ok,ok
c4,86.2m-g040-ai-r1,86.2m-g040-control,fit,ai,9,86180184,1285225852.0,1323106948.0,1.029474271732903,0.5072615534336723,1.0556288735322663,1.0571018858194536,0.5992248502696269,0.5744457785716137,ok,ok
c4,86.2m-g040-ai-r2.08,86.2m-g040-control,fit,ai,9,86180184,1268565265.0,2643671791.0,2.0839856363243556,0.6757442744798745,1.0634450240519189,1.0624622279231606,0.32116760528028976,0.3298812271796857,ok,ok
c4,86.2m-g040-ai-r4.22,86.2m-g040-control,fit,ai,9,86180184,1249424338.0,5271145518.0,4.218859323996937,0.808387247496425,1.0712873358359443,1.0705902657164932,0.1561106463060088,0.15905368922008065,ok,ok
c4,86.2m-g041-control,86.2m-g041-control,fit,control,9,86180184,1303904256.0,0.0,0.0,0.0,1.0535393748617363,1.052901762427421,1.2740825168927523,1.2983773288718994,ok,ok
c4,86.2m-g041-ai-r2.08,86.2m-g041-control,fit,ai,9,86180184,1303915408.0,2717373552.0,2.0840106155107265,0.6757469008146084,1.0622271478969043,1.061702678711518,0.3230042393233147,0.327679452413584,ok,ok
c4,86.2m-g041-ai-r4.22,86.2m-g041-control,fit,ai,9,86180184,1303899561.0,5500834391.0,4.218756225963634,0.808383462131276,1.0709861365248605,1.0696540388323375,0.1508042001510889,0.15627726246953852,ok,ok
c4,86.2m-g041-ai-r8,86.2m-g041-control,fit,ai,9,86180184,1303911820.0,11093402228.0,8.507785616975234,0.8948230386879363,1.0810790051780348,1.0800307320221472,0.06241759826352474,0.0643970311513173,ok,ok
c4,86.2m-g041-human-r2,86.2m-g041-control,fit,human,9,86180184,3912237056.0,0.0,0.0,0.0,1.0218052151469736,1.0226199370279965,1.4369429590345486,1.37697638834977,ok,ok
c4,86.2m-g042-control,86.2m-g042-control,fit,control,9,86180184,1303904256.0,0.0,0.0,0.0,1.0535866917191594,1.052901762427421,1.272304620792901,1.2983773288718994,ok,ok
c4,86.2m-g042-ai-r1,86.2m-g042-control,fit,ai,9,86180184,1285432391.0,1322900409.0,1.0291481825589068,0.5071823691363311,1.055953063092799,1.0570952141201884,0.5936503024303005,0.5745549017218501,ok,ok
c4,86.2m-g043-control,86.2m-g043-control,fit,control,9,86180184,1303904256.0,0.0,0.0,0.0,1.0537531645251381,1.052901762427421,1.2660765252842734,1.2983773288718994,ok,ok
c4,86.2m-g043-ai-r1,86.2m-g043-control,fit,ai,9,86180184,1285225852.0,1323106948.0,1.029474271732903,0.5072615534336723,1.0554550292355689,1.0571018858194536,0.6022432163651956,0.5744457785716137,ok,ok
c4,86.2m-g044-control,86.2m-g044-control,fit,control,9,86180184,1626865664.0,0.0,0.0,0.0,1.0456061858464902,1.0454791999362716,1.305826988922304,1.311259944983145,ok,ok
c4,86.2m-g044-ai-r0.025,86.2m-g044-control,fit,ai,9,86180184,1626798155.0,40961973.0,0.025179505443931365,0.024561069851886996,1.0452554589506704,1.0453553152952055,1.2885225780807825,1.284308090447957,ok,ok
c4,86.2m-g044-ai-r0.05,86.2m-g044-control,fit,ai,9,86180184,1626868982.0,81785610.0,0.05027178642219635,0.04786550212250271,1.0449762838109031,1.0453748273935086,1.2692881515880834,1.2527682783851248,ok,ok
c4,86.2m-g044-ai-r0.1,86.2m-g044-control,fit,ai,9,86180184,1626995880.0,163971928.0,0.10078201796061094,0.09155492760258481,1.0448586650111273,1.0454505547925386,1.2156601265288558,1.1922296484600006,ok,ok
c4,86.2m-g044-ai-r0.25,86.2m-g044-control,fit,ai,9,86180184,1626862155.0,411045301.0,0.2526614192460578,0.2016996894485085,1.0456226539339142,1.0459080602193565,1.0418837790809863,1.0322373950576222,ok,ok
c4,86.2m-g044-ai-r0.5,86.2m-g044-control,fit,ai,9,86180184,1626742133.0,827449995.0,0.5086546774773921,0.3371577903618799,1.0474258289872969,1.0471125740809808,0.8162900180653558,0.824490384805093,ok,ok
c4,86.2m-g044-ai-r1,86.2m-g044-control,fit,ai,9,86180184,1626772908.0,1670998612.0,1.0271861571965644,0.5067053923735747,1.0505319182334578,1.0501094957519677,0.5513819576401406,0.558569159434191,ok,ok
c4,86.2m-g044-ai-r2,86.2m-g044-control,fit,ai,9,86180184,1626867106.0,3384801886.0,2.0805644625283857,0.6753841667123414,1.0581577023762863,1.0560559667245977,0.2901602159312125,0.30805311132262997,ok,ok
c4,86.2m-g044-ai-r4,86.2m-g044-control,fit,ai,9,86180184,1626854154.0,6853504246.0,4.212734269478959,0.8081620991395836,1.067720159547982,1.0654196062109724,0.1320538279327244,0.14046163267746745,ok,ok
c4,86.2m-g044-ai-r8,86.2m-g044-control,fit,ai,9,86180184,1626845231.0,13839650769.0,8.507048184597714,0.8948148804357496,1.078835113355948,1.0776659136502276,0.05344972783340171,0.05526617248477678,ok,ok
c4,86.2m-g044-human-r0.025,86.2m-g044-control,fit,human,9,86180184,1667760128.0,0.0,0.0,0.0,1.0449283440811379,1.0446938395919998,1.302469401788759,1.312602406145699,ok,ok
c4,86.2m-g044-human-r0.05,86.2m-g044-control,fit,human,9,86180184,1708654592.0,0.0,0.0,0.0,1.0442507657062763,1.0439363286492787,1.3001805514975635,1.3139083853077413,ok,ok
c4,86.2m-g044-human-r2,86.2m-g044-control,fit,human,9,86180184,5011668992.0,0.0,0.0,0.0,1.0171884978669787,1.017705413718001,1.4580448622720947,1.4130752401686433,ok,ok
c4,86.2m-g045-control,86.2m-g045-control,fit,control,9,86180184,2608332800.0,0.0,0.0,0.0,1.0311973618052601,1.0320145957340414,1.3857074403472107,1.3392541260840232,ok,ok
c4,86.2m-g045-ai-r0.05,86.2m-g045-control,fit,ai,9,86180184,2607699478.0,130656746.0,0.05010421910281181,0.04771356803577065,1.0310701692384845,1.0320379048250146,1.3270042374363404,1.274434048034726,ok,ok
c4,86.2m-g045-ai-r0.1,86.2m-g045-control,fit,ai,9,86180184,2607447056.0,261456880.0,0.10027313091491588,0.09113476290340312,1.030597320238456,1.0321497364002787,1.2922754308995223,1.210836040158123,ok,ok
c4,86.2m-g045-ai-r0.25,86.2m-g045-control,fit,ai,9,86180184,2602877869.0,657144915.0,0.2524685936388051,0.20157678597377557,1.0329700028113271,1.0328370226439985,1.0304019771730153,1.0359837553404856,ok,ok
c4,86.2m-g045-ai-r0.5,86.2m-g045-control,fit,ai,9,86180184,2595252470.0,1316984586.0,0.5074591398038434,0.33663210259209814,1.034630037574967,1.0345964908674454,0.8035791129996241,0.8046386832271292,ok,ok
c4,86.2m-g045-ai-r1,86.2m-g045-control,fit,ai,9,86180184,2577902399.0,2638763201.0,1.0236086525322328,0.5058333048988227,1.0410066033464263,1.0389383831727523,0.47578580045434876,0.5122149182355439,ok,ok
c4,86.2m-g046-control,86.2m-g046-control,fit,control,9,86180184,3254255616.0,0.0,0.0,0.0,1.0265623727685589,1.0266652315800842,1.3638900621600805,1.357358768315138,ok,ok
c4,86.2m-g046-ai-r0.05,86.2m-g046-control,fit,ai,9,86180184,3254379963.0,162929221.0,0.05006459689783924,0.047677635305240204,1.0262925911071132,1.0267010983057998,1.315344008868499,1.2904355565446064,ok,ok
c4,86.2m-g046-ai-r0.1,86.2m-g046-control,fit,ai,9,86180184,3254119469.0,326243283.0,0.10025547190504824,0.0911201756910692,1.0263172961335103,1.0268315893860107,1.2539843454101562,1.224217285651473,ok,ok
c4,86.2m-g046-ai-r0.25,86.2m-g046-control,fit,ai,9,86180184,3254283893.0,819433867.0,0.25180159259080354,0.2011513598330386,1.0281357533128577,1.0275834634432688,1.013682518796899,1.0393702814078472,ok,ok
c4,86.2m-g046-ai-r0.5,86.2m-g046-control,fit,ai,9,86180184,3254383451.0,1649282213.0,0.5067879178445343,0.33633659511253333,1.0308933810092173,1.0295717726000204,0.7465986132516423,0.7902179269011316,ok,ok
c4,86.2m-g046-ai-r1,86.2m-g046-control,fit,ai,9,86180184,3254252614.0,3328707514.0,1.0228792625623746,0.5056551231172822,1.0367957584486116,1.0345328629651622,0.4393857713849077,0.47939255033446826,ok,ok
c4,86.2m-g047-control,86.2m-g047-control,fit,control,9,86180184,3912237056.0,0.0,0.0,0.0,1.0220703629824948,1.0226199370279965,1.4169940553116032,1.37697638834977,ok,ok
c4,86.2m-g047-ai-r0.05,86.2m-g047-control,fit,ai,9,86180184,3912037492.0,195758988.0,0.050040161527163604,0.04765547391481284,1.0220332169418165,1.0226692901584635,1.3521725799599007,1.3080812377507178,ok,ok
c4,86.2m-g047-ai-r0.1,86.2m-g047-control,fit,ai,9,86180184,3911510493.0,391845411.0,0.10017751753478422,0.09105577594355534,1.0221444013763974,1.0228190831440611,1.2832127070125836,1.2390321742542285,ok,ok
c4,86.2m-g047-ai-r0.25,86.2m-g047-control,fit,ai,9,86180184,3907130198.0,983428266.0,0.25170092015449136,0.20108710962953125,1.024157497711636,1.0237028783093494,1.0189663315425415,1.0423631023446862,ok,ok
c4,86.2m-g047-ai-r0.5,86.2m-g047-control,fit,ai,9,86180184,3895919307.0,1972436277.0,0.5062826310226759,0.33611396732294535,1.0273337000039393,1.0260256995781305,0.7298037123530057,0.77566934858175,ok,ok
c4,86.2m-g047-ai-r1,86.2m-g047-control,fit,ai,9,86180184,3869836064.0,3955162336.0,1.0220490663141435,0.50545215907009,1.034238404711831,1.0317776710422086,0.4080125612462488,0.45082599305965193,ok,ok
c4,86.2m-g047-ai-r2.07,86.2m-g047-control,fit,ai,9,86180184,3823103376.0,7914132080.0,2.0700805868033636,0.674275651167443,1.0444584962928947,1.0430432322734968,0.18797082288839978,0.1971191855632714,ok,ok
c4,86.2m-g047-ai-r4.2,86.2m-g047-control,fit,ai,9,86180184,3762827625.0,15799406231.0,4.198812118320196,0.8076483671190808,1.0567218706687052,1.0604800114213015,0.07742843336972262,0.06966756060028459,ok,ok
c4,86.2m-g048-control,86.2m-g048-control,fit,control,9,86180184,3912237056.0,0.0,0.0,0.0,1.0212322664925453,1.0226199370279965,1.4815530593616308,1.37697638834977,ok,ok
c4,86.2m-g048-ai-r0.25,86.2m-g048-control,fit,ai,9,86180184,3906974806.0,983583658.0,0.2517507040202808,0.2011188835058981,1.0235212093565347,1.0237040456953839,1.05194281653241,1.0423019759771377,ok,ok
c4,86.2m-g048-ai-r1,86.2m-g048-control,fit,ai,9,86180184,3869780602.0,3955217798.0,1.0220780464804242,0.5054592468670664,1.0347654206000407,1.0317782057271627,0.3996352788336496,0.4508159719505235,ok,ok
c4,86.2m-g049-control,86.2m-g049-control,fit,control,9,86180184,4715970560.0,0.0,0.0,0.0,1.0189284433961028,1.018859509485831,1.397349731252024,1.4029260272109487,ok,ok
c4,86.2m-g049-ai-r0.05,86.2m-g049-control,fit,ai,9,86180184,4715924924.0,235975236.0,0.05003795433618739,0.04765347207646448,1.018915597514799,1.0189182288153922,1.3317611912343736,1.3315588949290655,ok,ok
c4,86.2m-g049-ai-r0.1,86.2m-g049-control,fit,ai,9,86180184,4716098026.0,472256022.0,0.10013702416625722,0.09102231991705435,1.0185450847190798,1.0190858811666663,1.2987167149605567,1.2586659148518122,ok,ok
c4,86.2m-g049-ai-r0.25,86.2m-g049-control,fit,ai,9,86180184,4715867425.0,1186566879.0,0.25161158532780425,0.201030086551896,1.0210934662771223,1.0200736383244238,0.9893752084720042,1.0462901768109945,ok,ok
c4,86.2m-g049-ai-r0.5,86.2m-g049-control,fit,ai,9,86180184,4716015950.0,2386513586.0,0.5060444263340543,0.3360089632719832,1.0243823918742934,1.0226754021823508,0.6938591118151639,0.7562989040475676,ok,ok
c4,86.2m-g049-ai-r1,86.2m-g049-control,fit,ai,9,86180184,4715916792.0,4817736200.0,1.0215905861979424,0.5053399996877084,1.031087581180958,1.0291751391220652,0.380876250628911,0.4135704924194025,ok,ok
c4,86.2m-g049-ai-r2,86.2m-g049-control,fit,ai,9,86180184,4715903433.0,9760212535.0,2.069637912155272,0.6742286782293896,1.0414096992516662,1.0421038965530973,0.16905758011969396,0.16504092676027116,ok,ok
c4,86.2m-g049-ai-r4,86.2m-g049-control,fit,ai,9,86180184,4715968696.0,19806553928.0,4.199890882396986,0.8076882721933135,1.0549054442409938,1.0625593149029129,0.06508690659185415,0.05248874793676925,ok,ok
c4,86.2m-g050-control,86.2m-g050-control,fit,control,9,86180184,5216665600.0,0.0,0.0,0.0,1.0162768734880463,1.0169625445449733,1.482379560287474,1.4203126469276937,ok,ok
c4,86.2m-g050-ai-r0.05,86.2m-g050-control,fit,ai,9,86180184,5216204633.0,261032103.0,0.05004253501647469,0.04765762657004132,1.0167897249774944,1.0170281404851864,1.3672716723544158,1.3472923369143488,ok,ok
c4,86.2m-g050-ai-r0.1,86.2m-g050-control,fit,ai,9,86180184,5216159127.0,522173033.0,0.10010680661506591,0.090997352268991,1.0165503108467382,1.0172093882285433,1.3246608001705338,1.2717830918081934,ok,ok
c4,86.2m-g050-ai-r0.25,86.2m-g050-control,fit,ai,9,86180184,5210440397.0,1310129459.0,0.2514431332434643,0.20092254019707567,1.019396227411086,1.0182894736180221,0.9839039350066247,1.0489909605377337,ok,ok
c4,86.2m-g050-ai-r0.5,86.2m-g050-control,fit,ai,9,86180184,5196734044.0,2628264356.0,0.5057531006487659,0.33588049756022953,1.0227922111483216,1.0211271012522438,0.682348477666946,0.7449364151157091,ok,ok
c4,86.2m-g050-ai-r1,86.2m-g050-control,fit,ai,9,86180184,5161724880.0,5271606320.0,1.0212877366683673,0.5052658847828008,1.0294100225769243,1.0281741774350686,0.37403483308530144,0.3951108220205463,ok,ok
c4,86.2m-g051-control,86.2m-g051-control,fit,control,9,86180184,6288310272.0,0.0,0.0,0.0,1.0136858079595013,1.0136800330749334,1.4604376721664267,1.4610267986954886,ok,ok
c4,86.2m-g051-ai-r0.05,86.2m-g051-control,fit,ai,9,86180184,6288142059.0,314216725.0,0.04996972429245177,0.047591585867987875,1.0134733543416232,1.0137546951361944,1.4118538140816572,1.38430485490515,ok,ok
c4,86.2m-g051-ai-r0.1,86.2m-g051-control,fit,ai,9,86180184,6288216839.0,629239033.0,0.10006637002359899,0.09096393885893661,1.0148353252834696,1.0139621164833663,1.2274829577211637,1.3023837910372846,ok,ok
c4,86.2m-g051-ai-r0.25,86.2m-g051-control,fit,ai,9,86180184,6288381385.0,1581181495.0,0.25144491057296137,0.20092367506440206,1.0168610451126756,1.0151784084401367,0.9474312467191434,1.0547381458238385,ok,ok
c4,86.2m-g051-ai-r0.5,86.2m-g051-control,fit,ai,9,86180184,6288366448.0,3179750544.0,0.5056560507874525,0.33583769050242,1.0204736086058048,1.0183866773341088,0.6379764174033523,0.7183075138317648,ok,ok
c4,86.2m-g051-ai-r1,86.2m-g051-control,fit,ai,9,86180184,6288366599.0,6421423097.0,1.0211591509345461,0.5052344098990825,1.027808182087609,1.0264076424561022,0.32974927591266,0.35175354262897573,ok,ok
c4,86.2m-g052-control,86.2m-g052-control,fit,control,9,86180184,6520569856.0,0.0,0.0,0.0,1.0127602534631883,1.0130756945434416,1.504394319625623,1.4705347883391102,ok,ok
c4,86.2m-g052-ai-r0.05,86.2m-g052-control,fit,ai,9,86180184,6520688995.0,325987997.0,0.04999287609790382,0.0476125859860047,1.0131330222148904,1.0131517987616614,1.3947580311605268,1.3928877732992728,ok,ok
c4,86.2m-g052-ai-r0.1,86.2m-g052-control,fit,ai,9,86180184,6519990305.0,652793823.0,0.10012190087144615,0.09100982426777977,1.0130100753525801,1.0133669873917954,1.3431312533604847,1.3093724283578427,ok,ok
c4,86.2m-g052-ai-r0.25,86.2m-g052-control,fit,ai,9,86180184,6512978789.0,1637602459.0,0.2514367867688752,0.20091848779519092,1.0161037542585754,1.0146325144399309,0.95923815753336,1.0560103828905347,ok,ok
c4,86.2m-g052-ai-r0.5,86.2m-g052-control,fit,ai,9,86180184,6495718377.0,3285398551.0,0.5057790932921167,0.33589196154020257,1.0196427975312503,1.0179605843228452,0.646820601399535,0.7130668574397581,ok,ok
c4,86.2m-g052-ai-r1,86.2m-g052-control,fit,ai,9,86180184,6451827283.0,6589836717.0,1.0213907514796068,0.5052910975930679,1.0269738718163968,1.0262240460547143,0.33387872475004193,0.3457736616508495,ok,ok
c4,86.2m-g053-control,86.2m-g053-control,fit,control,9,86180184,7540834304.0,0.0,0.0,0.0,1.009737253509463,1.0107546976139397,1.6476655479261355,1.5155479499914797,ok,ok
c4,86.2m-g053-ai-r0.05,86.2m-g053-control,fit,ai,9,86180184,7540691136.0,376581952.0,0.04993997833993767,0.04756460309178614,1.0108894958216783,1.0108401720523426,1.4280668527394709,1.433678408291342,ok,ok
c4,86.2m-g053-ai-r0.1,86.2m-g053-control,fit,ai,9,86180184,7540693279.0,754591457.0,0.10006924152470889,0.09096631170780826,1.0116326673491864,1.011077407607272,1.2862683127119785,1.3428976012078453,ok,ok
c4,86.2m-g053-ai-r0.25,86.2m-g053-control,fit,ai,9,86180184,7540636584.0,1894974552.0,0.25130166808739024,0.20083220097636714,1.0139702255559815,1.0124654109563458,0.954272183927159,1.0622919299144238,ok,ok
c4,86.2m-g053-ai-r0.5,86.2m-g053-control,fit,ai,9,86180184,7540871733.0,3813109195.0,0.5056589383841732,0.33583896425230986,1.0182130710681265,1.0161308277368835,0.6051549229157535,0.687416703454168,ok,ok
c4,86.2m-g053-ai-r1,86.2m-g053-control,fit,ai,9,86180184,7540772160.0,7696609984.0,1.0206660300422072,0.5051136679032942,1.0262080651392749,1.0252825721045002,0.29617036293875487,0.30953027487456103,ok,ok
c4,135m-g054-control,135m-g054-control,fit,control,12,135266786,550502400.0,0.0,0.0,0.0,1.074228701952706,1.0564884548237583,,,above_range,above_range
c4,135m-g054-ai-r0.0025,135m-g054-control,fit,ai,12,135266786,550144948.0,1406028.0,0.0025557410008243864,0.0025492258398251842,1.0742476695110286,1.0562898738495097,,,above_range,above_range
c4,135m-g054-ai-r0.005,135m-g054-control,fit,ai,12,135266786,550334542.0,2789298.0,0.005068368032766513,0.005042809219721934,1.0730099564369224,1.0560455544865341,,,above_range,above_range
c4,135m-g054-ai-r0.01,135m-g054-control,fit,ai,12,135266786,550153635.0,5591645.0,0.010163788157102697,0.010061524948983823,1.0738354834256072,1.055613396050799,,,above_range,above_range
c4,135m-g054-ai-r0.025,135m-g054-control,fit,ai,12,135266786,550015276.0,14118612.0,0.02566949067792801,0.02502705882473063,1.0734465888532678,1.0543285568180043,,0.9141145089610928,above_range,ok
c4,135m-g054-ai-r0.05,135m-g054-control,fit,ai,12,135266786,549643924.0,28121452.0,0.051163036235073525,0.0486727885888406,1.0722690015837495,1.052434805494811,,0.9314112647451253,above_range,ok
c4,135m-g054-ai-r0.1,135m-g054-control,fit,ai,12,135266786,549253436.0,56299204.0,0.10250132326891806,0.09297161019725717,1.070598306469524,1.049223530823738,,0.9590161199694919,above_range,ok
c4,135m-g054-ai-r0.25,135m-g054-control,fit,ai,12,135266786,547236621.0,140629235.0,0.2569806727170768,0.20444281944414464,1.065654007791742,1.042965492680666,,0.9980840938760727,above_range,ok
c4,135m-g054-ai-r0.5,135m-g054-control,fit,ai,12,135266786,544441802.0,281311798.0,0.5166976469598857,0.34067280845036585,1.06092213127522,1.0379725262636346,,0.9758054155394454,above_range,ok
c4,135m-g054-ai-r1,135m-g054-control,fit,ai,12,135266786,539345999.0,561658801.0,1.0413701075772697,0.5101329267592657,1.0555010091084644,1.0350006506072118,,0.8169551076176587,above_range,ok
c4,135m-g054-ai-r2,135m-g054-control,fit,ai,12,135266786,550450444.0,1160301300.0,2.1079123700370745,0.6782406062536214,1.0512383247992207,1.0355474129175275,0.32341890928095707,0.5148306620920583,ok,ok
c4,135m-g054-ai-r4,135m-g054-control,fit,ai,12,135266786,550497751.0,2347242025.0,4.263853977125512,0.8100251252512745,1.0516980660924613,1.0378720955919516,0.18889646914427885,0.2790546398739122,ok,ok
c4,135m-g054-ai-r8,135m-g054-control,fit,ai,12,135266786,550493279.0,4730659745.0,8.593492283127402,0.8957626721857321,1.0536283096076529,1.0409806743641996,0.09917915504747435,0.1380661767337555,ok,ok
c4,135m-g054-ai-r16,135m-g054-control,fit,ai,12,135266786,550515579.0,9460763781.0,17.18527893104366,0.9450104667741487,1.0573682260806607,1.0445488106002332,,0.06554348943912691,above_range,ok
c4,135m-g054-human-r0.0025,135m-g054-control,fit,human,12,135266786,551550976.0,0.0,0.0,0.0,1.073635393823721,1.056387499009194,,,above_range,above_range
c4,135m-g054-human-r0.005,135m-g054-control,fit,human,12,135266786,553123840.0,0.0,0.0,0.0,1.0735630328031258,1.0562365939237373,,,above_range,above_range
c4,135m-g054-human-r0.01,135m-g054-control,fit,human,12,135266786,555745280.0,0.0,0.0,0.0,1.0740244248645736,1.0559864841753932,,,above_range,above_range
c4,135m-g054-human-r0.025,135m-g054-control,fit,human,12,135266786,564133888.0,0.0,0.0,0.0,1.0730116912459455,1.0551976657919209,,0.896855980364771,above_range,ok
c4,135m-g054-human-r0.05,135m-g054-control,fit,human,12,135266786,577765376.0,0.0,0.0,0.0,1.0717317827961745,1.0539519941150952,,0.900034002762529,above_range,ok
c4,135m-g054-human-r8,135m-g054-control,fit,human,12,135266786,4954521600.0,0.0,0.0,0.0,0.9800033193650417,0.983911669656149,1.7424273987363972,1.3710209442118935,ok,ok
c4,135m-g055-control,135m-g055-control,fit,control,12,135266786,550502400.0,0.0,0.0,0.0,1.0718417765742778,1.0564884548237583,,,above_range,above_range
c4,135m-g055-ai-r0.025,135m-g055-control,fit,ai,12,135266786,550148949.0,13984939.0,0.025420277591041984,0.024790106209680494,1.0715450549015315,1.054336030131394,,0.9139635233550687,above_range,ok
c4,135m-g055-ai-r0.05,135m-g055-control,fit,ai,12,135266786,549704771.0,28060605.0,0.05104668265649817,0.048567474212923414,1.0701635447047124,1.0524375076844112,,0.9313535701881077,above_range,ok
c4,135m-g055-human-r0.025,135m-g055-control,fit,human,12,135266786,564133888.0,0.0,0.0,0.0,1.0707950809194444,1.0551976657919209,,0.896855980364771,above_range,ok
c4,135m-g055-human-r0.05,135m-g055-control,fit,human,12,135266786,577765376.0,0.0,0.0,0.0,1.0692704780090616,1.0539519941150952,,0.900034002762529,above_range,ok
c4,135m-g056-control,135m-g056-control,fit,control,12,135266786,550502400.0,0.0,0.0,0.0,1.0756575629675753,1.0564884548237583,,,above_range,above_range
c4,135m-g056-ai-r0.025,135m-g056-control,fit,ai,12,135266786,550093654.0,14040234.0,0.02552335206542848,0.02488812372143827,1.0743827991616495,1.0543329371383399,,0.9140260064829301,above_range,ok
c4,135m-g056-ai-r0.05,135m-g056-control,fit,ai,12,135266786,549661239.0,28104137.0,0.05112992331627735,0.048642819676338656,1.0729473893796546,1.0524355742363394,,0.9313948506318248,above_range,ok
c4,135m-g056-human-r0.025,135m-g056-control,fit,human,12,135266786,564133888.0,0.0,0.0,0.0,1.0736715648657331,1.0551976657919209,,0.896855980364771,above_range,ok
c4,135m-g056-human-r0.05,135m-g056-control,fit,human,12,135266786,577765376.0,0.0,0.0,0.0,1.0716200283864503,1.0539519941150952,,0.900034002762529,above_range,ok
c4,135m-g057-control,135m-g057-control,fit,control,12,135266786,638582784.0,0.0,0.0,0.0,1.0642637042963585,1.04888058825648,,0.9171433367609508,above_range,ok
c4,135m-g057-ai-r0.0025,135m-g057-control,fit,ai,12,135266786,638534146.0,1621502.0,0.002539413138917711,0.0025329808540562933,1.064283234630797,1.0486689677928833,,0.9197138231757006,above_range,ok
c4,135m-g057-ai-r0.005,135m-g057-control,fit,ai,12,135266786,638508364.0,3220148.0,0.005043235424242618,0.0050179288278218185,1.0632777440159047,1.0484622610688392,,0.9222086228247414,above_range,ok
c4,135m-g057-ai-r0.01,135m-g057-control,fit,ai,12,135266786,638416779.0,6457461.0,0.010114804642376105,0.010013519845357755,1.0628198112434646,1.0480574136452827,,0.9271078927873861,above_range,ok
c4,135m-g057-ai-r0.025,135m-g057-control,fit,ai,12,135266786,638477216.0,16358496.0,0.025621111591866107,0.024981068839446556,1.060869176171096,1.0468776750853706,,0.9410884563252405,above_range,ok
c4,135m-g057-ai-r0.05,135m-g057-control,fit,ai,12,135266786,638502962.0,32585678.0,0.05103449778514888,0.04855644404888153,1.0612287096680306,1.0451914867519583,,0.9605801076350543,above_range,ok
c4,135m-g057-ai-r0.1,135m-g057-control,fit,ai,12,135266786,638386668.0,65207828.0,0.10214472085435218,0.09267813828947292,1.0593364997083545,1.042527108983876,,0.988485980442336,above_range,ok
c4,135m-g057-ai-r0.25,135m-g057-control,fit,ai,12,135266786,638580891.0,163579749.0,0.2561613592035907,0.20392392850389668,1.0559487256789892,1.0379474567333173,,1.0053909333542637,above_range,ok
c4,135m-g057-ai-r0.5,135m-g057-control,fit,ai,12,135266786,638660815.0,328650545.0,0.5145932508791854,0.339756730449232,1.0508572738798756,1.035359066066431,0.5771528681007674,0.9170993702787361,ok,ok
c4,135m-g057-ai-r1,135m-g057-control,fit,ai,12,135266786,638508246.0,662774570.0,1.0380047151340939,0.5093240007866207,1.0473413479351272,1.0350774245915952,0.46791999321447886,0.6891671256374894,ok,ok
c4,135m-g057-ai-r2,135m-g057-control,fit,ai,12,135266786,638513077.0,1342771275.0,2.1029659741800404,0.6777276939801925,1.045816385855894,1.0367741953856624,0.3198987817700389,0.42457501794482466,ok,ok
c4,135m-g057-ai-r4,135m-g057-control,fit,ai,12,135266786,638586406.0,2717381082.0,4.2553068096473075,0.8097161524110689,1.0471615484780372,1.0396495358142361,0.18228122559341187,0.22677850838860825,ok,ok
c4,135m-g057-ai-r8,135m-g057-control,fit,ai,12,135266786,638587681.0,5476183263.0,8.5754602319051,0.8955663774083636,1.0508545470136217,1.0433946610065263,0.09130719724053869,0.11088307934677814,ok,ok
c4,135m-g057-ai-r16,135m-g057-control,fit,ai,12,135266786,638570429.0,10961301571.0,17.165376085712857,0.9449502176403326,1.0557395501224376,1.0476989551805642,,0.0520124866047129,above_range,ok
c4,135m-g057-ai-r32,135m-g057-control,fit,ai,12,135266786,638574888.0,21962956504.0,34.39370529083505,0.9717463884670209,1.0594585438752708,1.0523626871467497,,0.023849191836265632,above_range,ok
c4,135m-g057-human-r0.0025,135m-g057-control,fit,human,12,135266786,640155648.0,0.0,0.0,0.0,1.0628935328801763,1.0487589271933113,,0.9176570705613087,above_range,ok
c4,135m-g057-human-r0.005,135m-g057-control,fit,human,12,135266786,641728512.0,0.0,0.0,0.0,1.0627767947092117,1.0486377053981528,,0.9181747553034003,above_range,ok
c4,135m-g057-human-r0.01,135m-g057-control,fit,human,12,135266786,644874240.0,0.0,0.0,0.0,1.0622122589004181,1.0483965690070378,,0.9192220910901837,above_range,ok
c4,135m-g057-human-r0.025,135m-g057-control,fit,human,12,135266786,654835712.0,0.0,0.0,0.0,1.0621044207614199,1.0476442559855648,,0.9226462793347011,above_range,ok
c4,135m-g057-human-r0.05,135m-g057-control,fit,human,12,135266786,671088640.0,0.0,0.0,0.0,1.0605278748362188,1.04645229041632,,0.9286001835125879,above_range,ok
c4,135m-g057-human-r0.5,135m-g057-control,fit,human,12,135266786,957874176.0,0.0,0.0,0.0,1.0384852040548433,1.0306202635563637,0.8263400908087336,1.1185654385238302,ok,ok
c4,135m-g057-human-r8,135m-g057-control,fit,human,12,135266786,6114770944.0,0.0,0.0,0.0,0.9755173309391195,0.9801446036487438,1.9466286651574412,1.3988378911112112,ok,ok
c4,135m-g058-control,135m-g058-control,fit,control,12,135266786,2202009600.0,0.0,0.0,0.0,1.001615033536914,1.0024946571659903,1.3534444820015696,1.3085309730009134,ok,ok
c4,135m-g058-ai-r0.0025,135m-g058-control,fit,ai,12,135266786,2201786294.0,5466186.0,0.00248261423685654,0.002476466126793071,1.0013760655893358,1.0024099101160944,1.3627787662593753,1.3096473829018092,ok,ok
c4,135m-g058-ai-r0.005,135m-g058-control,fit,ai,12,135266786,2201948906.0,11070742.0,0.005027701582826827,0.00500255025300164,1.00151084780865,1.0023608138188482,1.3521476268610102,1.3086842556601392,ok,ok
c4,135m-g058-ai-r0.01,135m-g058-control,fit,ai,12,135266786,2201876395.0,22153301.0,0.010061101091008336,0.009960883633812775,1.001502605235656,1.0023250729427886,1.3458831418218364,1.3039842752200443,ok,ok
c4,135m-g058-ai-r0.025,135m-g058-control,fit,ai,12,135266786,2201704625.0,55355215.0,0.025141980614225217,0.024525364378465038,1.0008972539168859,1.0023184619133403,1.3577886012186484,1.2852261341698794,ok,ok
c4,135m-g058-ai-r0.05,135m-g058-control,fit,ai,12,135266786,2201638542.0,110471538.0,0.05017696406225069,0.04777953219251568,1.0011110196356978,1.002337344385921,1.3144482493472076,1.2537208845519239,ok,ok
c4,135m-g058-ai-r0.1,135m-g058-control,fit,ai,12,135266786,2200865978.0,221344582.0,0.1005715860086779,0.0913812307052282,1.0008388561917958,1.0024155827636163,1.2681055495409828,1.1931650345429632,ok,ok
c4,135m-g058-ai-r0.25,135m-g058-control,fit,ai,12,135266786,2198073564.0,554438436.0,0.2522383441030275,0.2014299795968192,1.0009330956816598,1.0028503000011877,1.1118280028162648,1.0327749819486955,ok,ok
c4,135m-g058-ai-r0.5,135m-g058-control,fit,ai,12,135266786,2190490412.0,1112523988.0,0.5078880883957961,0.33682081071157305,1.002140637633315,1.0039988488229128,0.8842331495396544,0.8243062092144893,ok,ok
c4,135m-g058-ai-r1,135m-g058-control,fit,ai,12,135266786,2174864563.0,2229154637.0,1.0249625079757207,0.5061636963344756,1.0061208876780363,1.0068019389968477,0.5719240082504078,0.5580713783605211,ok,ok
c4,135m-g058-ai-r2,135m-g058-control,fit,ai,12,135266786,2202032535.0,4570719849.0,2.0756822509890847,0.6748688848861362,1.0117327968951981,1.0117544306535868,0.30556049151279346,0.3053355824218781,ok,ok
c4,135m-g058-ai-r2.07,135m-g058-control,fit,ai,12,135266786,2149048272.0,4456980528.0,2.073932254603167,0.6746837870279948,1.0125741440588711,1.0122350265014861,0.3044567216858806,0.30797284933363905,ok,ok
c4,135m-g058-ai-r4,135m-g058-control,fit,ai,12,135266786,2202021303.0,9257865801.0,4.204258055263692,0.8078496513083974,1.0209500344267834,1.0200286781176968,0.13275405875914562,0.13690371605360327,ok,ok
c4,135m-g058-ai-r4.2,135m-g058-control,fit,ai,12,135266786,2116022196.0,8894025804.0,4.2031817155853695,0.8078099027361189,1.0214030289796543,1.020587788659512,0.13609298899062738,0.13986322994822348,ok,ok
c4,135m-g058-human-r0.0025,135m-g058-control,fit,human,12,135266786,2207252480.0,0.0,0.0,0.0,1.0013218348489148,1.0024291004688721,1.3656497115803636,1.3086890738102073,ok,ok
c4,135m-g058-human-r0.005,135m-g058-control,fit,human,12,135266786,2213019648.0,0.0,0.0,0.0,1.0015214605830567,1.0023572523615136,1.3515923976017663,1.3088622197780893,ok,ok
c4,135m-g058-human-r0.01,135m-g058-control,fit,human,12,135266786,2224029696.0,0.0,0.0,0.0,1.0011086436437633,1.0022208502693084,1.3666321047044032,1.3091905895346394,ok,ok
c4,135m-g058-human-r0.025,135m-g058-control,fit,human,12,135266786,2257059840.0,0.0,0.0,0.0,1.0004974320039568,1.0018175390323685,1.3792528892526736,1.310159263811204,ok,ok
c4,135m-g058-human-r0.05,135m-g058-control,fit,human,12,135266786,2312110080.0,0.0,0.0,0.0,0.9999638416825256,1.0011643065557705,1.375123447242867,1.311723517331699,ok,ok
c4,135m-g058-human-r4,135m-g058-control,fit,human,12,135266786,11010048000.0,0.0,0.0,0.0,0.9659002171889011,0.9713999875401238,,1.5517480153066063,below_range,ok
c4,135m-g059-control,135m-g059-control,fit,control,12,135266786,2202009600.0,0.0,0.0,0.0,1.00220830207125,1.0024946571659903,1.3229175942288312,1.3085309730009134,ok,ok
c4,135m-g059-ai-r0.25,135m-g059-control,fit,ai,12,135266786,2197250444.0,555261556.0,0.2527074496747718,0.20172902279808408,1.0009956852750121,1.002861826089819,1.1091136282243608,1.0323240929499766,ok,ok
c4,135m-g059-ai-r1,135m-g059-control,fit,ai,12,135266786,2174290112.0,2229729088.0,1.0254975063787624,0.5062941342308408,1.0063175616545788,1.0068110484407522,0.5678761620308249,0.5578891875723024,ok,ok
c4,135m-g060-control,135m-g060-control,fit,control,12,135266786,2202009600.0,0.0,0.0,0.0,1.0018170903511974,1.0024946571659903,1.3429364502023764,1.3085309730009134,ok,ok
c4,135m-g060-ai-r0.025,135m-g060-control,fit,ai,12,135266786,2202732537.0,54327303.0,0.02466359491560913,0.024069943577570366,1.0015732453757802,1.002305714498075,1.3225680496216792,1.28585227087854,ok,ok
c4,135m-g060-ai-r0.05,135m-g060-control,fit,ai,12,135266786,2203268720.0,108841360.0,0.049399947910121464,0.04707447147153132,1.001272939213555,1.0023167229288976,1.3061936504996319,1.2547088701093487,ok,ok
c4,135m-g060-ai-r0.25,135m-g060-control,fit,ai,12,135266786,2197680121.0,554831879.0,0.25246252796223023,0.20157291920979817,1.0007703150375644,1.0028558084456678,1.118932005109087,1.0325594625813443,ok,ok
c4,135m-g060-ai-r1,135m-g060-control,fit,ai,12,135266786,2174297180.0,2229722020.0,1.0254909220826933,0.5062925293332055,1.0054227704789434,1.0068109363412239,0.5866144791939714,0.5578914290981071,ok,ok
c4,135m-g060-human-r0.025,135m-g060-control,fit,human,12,135266786,2257059840.0,0.0,0.0,0.0,1.0010056390254403,1.0018175390323685,1.352052228441009,1.310159263811204,ok,ok
c4,135m-g060-human-r0.05,135m-g060-control,fit,human,12,135266786,2312110080.0,0.0,0.0,0.0,1.000374155551407,1.0011643065557705,1.3529695877233536,1.311723517331699,ok,ok
c4,135m-g061-control,135m-g061-control,fit,control,12,135266786,2202009600.0,0.0,0.0,0.0,1.0022541637862012,1.0024946571659903,1.3205984968430051,1.3085309730009134,ok,ok
c4,135m-g061-ai-r0.025,135m-g061-control,fit,ai,12,135266786,2202723312.0,54336528.0,0.02466788620431144,0.024074030753212107,1.0013322363475265,1.0023058288254814,1.3349742727347427,1.2858466533474002,ok,ok
c4,135m-g061-ai-r0.05,135m-g061-control,fit,ai,12,135266786,2203329924.0,108780156.0,0.049370797725343286,0.04704800041354432,1.0011174865530148,1.002315949316312,1.314117145142502,1.2547459557269045,ok,ok
c4,135m-g061-ai-r0.25,135m-g061-control,fit,ai,12,135266786,2197730660.0,554781340.0,0.2524337263420623,0.20155455816359746,1.0008130259261678,1.0028551007753648,1.1170617759464683,1.0325871468292485,ok,ok
c4,135m-g061-ai-r1,135m-g061-control,fit,ai,12,135266786,2175391295.0,2228627905.0,1.024472199609496,0.5060440937678019,1.0055888218288378,1.0067935888157231,0.5830738687320226,0.5582384543426855,ok,ok
c4,135m-g061-human-r0.025,135m-g061-control,fit,human,12,135266786,2257059840.0,0.0,0.0,0.0,1.0002810999884952,1.0018175390323685,1.3910694722508217,1.310159263811204,ok,ok
c4,135m-g061-human-r0.05,135m-g061-control,fit,human,12,135266786,2312110080.0,0.0,0.0,0.0,0.9998515107246336,1.0011643065557705,1.3812792328872332,1.311723517331699,ok,ok
c4,135m-g062-control,135m-g062-control,fit,control,12,135266786,2202009600.0,0.0,0.0,0.0,1.0012628360050646,1.0024946571659903,1.3720418723380021,1.3085309730009134,ok,ok
c4,135m-g062-ai-r0.25,135m-g062-control,fit,ai,12,135266786,2198426776.0,554085224.0,0.252037152225806,0.20130165608723957,1.0008887601604473,1.0028453562329271,1.113756477985634,1.0329684621012107,ok,ok
c4,135m-g062-ai-r1,135m-g062-control,fit,ai,12,135266786,2175029112.0,2228990088.0,1.0248093120695665,0.5061263329642159,1.0055296921504955,1.006799330171074,0.5843312855960453,0.5581235702269507,ok,ok
c4,135m-g063-control,135m-g063-control,fit,control,12,135266786,2553806848.0,0.0,0.0,0.0,0.9969504446049098,0.9985463561418357,1.4079366396223771,1.3180275700487751,ok,ok
c4,135m-g063-ai-r0.0025,135m-g063-control,fit,ai,12,135266786,2553717761.0,6380543.0,0.002498531003481555,0.0024923039049050515,0.9967769433575024,0.9984782360504214,1.4147601627870556,1.3184445005376646,ok,ok
c4,135m-g063-ai-r0.005,135m-g063-control,fit,ai,12,135266786,2553591780.0,12797980.0,0.005011756420989106,0.0049867639746193505,0.9967353318855331,0.9984551466453893,1.4137685058641656,1.3164518577475735,ok,ok
c4,135m-g063-ai-r0.01,135m-g063-control,fit,ai,12,135266786,2553831567.0,25665393.0,0.010049759479693988,0.009949766717305998,0.9966989849368596,0.9984419035204826,1.408742174282599,1.3104706425485968,ok,ok
c4,135m-g063-ai-r0.025,135m-g063-control,fit,ai,12,135266786,2553609026.0,64160958.0,0.025125599630458073,0.024509776791756505,0.9965356862758163,0.9984484550945016,1.397755984755203,1.2909657065144793,ok,ok
c4,135m-g063-ai-r0.05,135m-g063-control,fit,ai,12,135266786,2554051985.0,128205423.0,0.050196872950493215,0.04779758371348675,0.9962510738361035,0.9984646145183016,1.3807263513291022,1.2590975195301666,ok,ok
c4,135m-g063-ai-r0.1,135m-g063-control,fit,ai,12,135266786,2553653594.0,256530086.0,0.10045610203464425,0.09128587850883825,0.9961460891723353,0.9985451234687277,1.3237793520026526,1.1978422952528711,ok,ok
c4,135m-g063-ai-r0.25,135m-g063-control,fit,ai,12,135266786,2554022343.0,643610169.0,0.25199864471193467,0.20127709065525037,0.9967610039290662,0.9989885113871774,1.1334503937180782,1.033933368190009,ok,ok
c4,135m-g063-ai-r0.5,135m-g063-control,fit,ai,12,135266786,2553919922.0,1295926862.0,0.5074265840665618,0.3366177759036761,0.9985374236418422,1.000171882296077,0.8746355907615109,0.8190758664772959,ok,ok
c4,135m-g063-ai-r1,135m-g063-control,fit,ai,12,135266786,2553803612.0,2614627492.0,1.023816976260115,0.5058841724670496,1.0022093064920268,1.0031172901627083,0.5636072545929445,0.5444924373539795,ok,ok
c4,135m-g063-ai-r2,135m-g063-control,fit,ai,12,135266786,2553870961.0,5296817551.0,2.074034918712559,0.6746946516733742,1.0089575893312337,1.008971744065157,0.29007024408045334,0.2899267807139099,ok,ok
c4,135m-g063-ai-r4,135m-g063-control,fit,ai,12,135266786,2553779147.0,10736397365.0,4.204121322555384,0.8078446027639937,1.0186940908073792,1.018213244686238,0.12340348958481115,0.12538677376779242,ok,ok
c4,135m-g063-ai-r8,135m-g063-control,fit,ai,12,135266786,2553826118.0,21716513978.0,8.50352098168964,0.8947758412985364,1.0290770799384776,1.0303197911060957,0.04691467651981361,0.04467792862232966,ok,ok
c4,135m-g063-human-r0.0025,135m-g063-control,fit,human,12,135266786,2560098304.0,0.0,0.0,0.0,0.9967231636517775,0.9984831134517962,1.4179700525412204,1.3181822423818286,ok,ok
c4,135m-g063-human-r0.005,135m-g063-control,fit,human,12,135266786,2566389760.0,0.0,0.0,0.0,0.996611213929319,0.9984200991517511,1.4211935053502989,1.3183365342786941,ok,ok
c4,135m-g063-human-r0.01,135m-g063-control,fit,human,12,135266786,2579496960.0,0.0,0.0,0.0,0.9965504153287013,0.9982895468780152,1.4176113232007665,1.3186567802885327,ok,ok
c4,135m-g063-human-r0.025,135m-g063-control,fit,human,12,135266786,2617769984.0,0.0,0.0,0.0,0.9959218690577124,0.9979138584979826,1.4347642187881549,1.3195830941189497,ok,ok
c4,135m-g063-human-r0.05,135m-g063-control,fit,human,12,135266786,2682257408.0,0.0,0.0,0.0,0.9951429743928765,0.9972987995113459,1.4481552812344962,1.321116968654446,ok,ok
c4,135m-g063-human-r0.5,135m-g063-control,fit,human,12,135266786,3830448128.0,0.0,0.0,0.0,0.9855711431489316,0.9890575468021223,1.61550936244846,1.3461900537621565,ok,ok
c4,135m-g063-human-r4,135m-g063-control,fit,human,12,135266786,13290176512.0,0.0,0.0,0.0,0.9628677466020643,0.9690767143541567,,1.6509045779726728,below_range,ok
c4,135m-g064-control,135m-g064-control,fit,control,12,135266786,4404019200.0,0.0,0.0,0.0,0.982618614001694,0.986189665623765,1.6641045742304943,1.3586511573750533,ok,ok
c4,135m-g064-ai-r0.025,135m-g064-control,fit,ai,12,135266786,4404445325.0,109674355.0,0.024900832433423385,0.02429584565201426,0.9823069926904212,0.9861844753832489,1.6542802910432337,1.3258841488951554,ok,ok
c4,135m-g064-ai-r0.05,135m-g064-control,fit,ai,12,135266786,4403870947.0,220349213.0,0.0500353474595131,0.04765110772753519,0.9821583678375551,0.9862176563366865,1.6295244733464764,1.2920039015110436,ok,ok
c4,135m-g064-ai-r0.1,135m-g064-control,fit,ai,12,135266786,4402774976.0,441646144.0,0.1003108599479784,0.09116592737503382,0.982586229960922,0.9863366473907728,1.5157631072710274,1.225412546431184,ok,ok
c4,135m-g064-ai-r0.25,135m-g064-control,fit,ai,12,135266786,4398144621.0,1106879379.0,0.2516696185284445,0.20106713049752373,0.9842260678541168,0.9870223306738413,1.2118892128720848,1.0397565599089273,ok,ok
c4,135m-g064-ai-r0.5,135m-g064-control,fit,ai,12,135266786,4386036541.0,2219992259.0,0.5061499689407171,0.33605549206809393,0.9868582260551805,0.9888262748684187,0.8740030660224701,0.7896747661348344,ok,ok
c4,135m-g064-ai-r1,135m-g064-control,fit,ai,12,135266786,4356511015.0,4451527385.0,1.0218101984989472,0.5053937304587591,0.9920204374043675,0.9932991445005298,0.5075110485972851,0.4785880756495889,ok,ok
c4,135m-g064-human-r0.025,135m-g064-control,fit,human,12,135266786,4514119680.0,0.0,0.0,0.0,0.9817310819493549,0.9857015437531195,1.7135426561013727,1.3610884361789704,ok,ok
c4,135m-g064-human-r0.05,135m-g064-control,fit,human,12,135266786,4624220160.0,0.0,0.0,0.0,0.9813745163295802,0.9852306406084381,1.7101759118125042,1.3635432079593988,ok,ok
c4,135m-g065-control,135m-g065-control,fit,control,12,135266786,5107613696.0,0.0,0.0,0.0,0.9794841122301949,0.9833434088391876,1.7492356799636908,1.37454837551336,ok,ok
c4,135m-g065-ai-r0.025,135m-g065-control,fit,ai,12,135266786,5107829429.0,127710539.0,0.025002898153747257,0.024393002399098484,0.9792356220043105,0.9833465521624669,1.73517103842046,1.3407154746103382,ok,ok
c4,135m-g065-ai-r0.05,135m-g065-control,fit,ai,12,135266786,5107463868.0,255478084.0,0.05002053672873873,0.04763767467308212,0.9792858381916356,0.9833818588114497,1.6882341828897334,1.3061627439397485,ok,ok
c4,135m-g065-ai-r0.1,135m-g065-control,fit,ai,12,135266786,5107467202.0,511327294.0,0.10011367156695057,0.09100302464594712,0.9797860572665825,0.9835083980541062,1.558540045407889,1.2375076034727877,ok,ok
c4,135m-g065-ai-r0.25,135m-g065-control,fit,ai,12,135266786,5107523042.0,1284596254.0,0.2515106135472232,0.20096562572038706,0.9810363531445033,0.9842497132809381,1.2637387054130984,1.0422978491620805,ok,ok
c4,135m-g065-ai-r0.5,135m-g065-control,fit,ai,12,135266786,5107550699.0,2583754261.0,0.5058695279335885,0.3359318443927622,0.9838533678061728,0.9862056029047381,0.8861449991210228,0.7772920438671306,ok,ok
c4,135m-g065-ai-r1,135m-g065-control,fit,ai,12,135266786,5107655620.0,5217147964.0,1.0214369080740804,0.5053023935568942,0.9890983931632609,0.9910927710861395,0.49841182124577277,0.45226996998506447,ok,ok
c4,135m-g065-human-r0.025,135m-g065-control,fit,human,12,135266786,5235539968.0,0.0,0.0,0.0,0.9788633942751422,0.982887453049841,1.7795525221348565,1.3775274869871643,ok,ok
c4,135m-g065-human-r0.05,135m-g065-control,fit,human,12,135266786,5362941952.0,0.0,0.0,0.0,0.9776740129647755,0.9824493808446061,1.8879828833925307,1.3805237639799826,ok,ok
c4,135m-g065-human-r0.5,135m-g065-control,fit,human,12,135266786,7661420544.0,0.0,0.0,0.0,0.9715515925679655,0.9765020549454202,2.196993943950916,1.440292239954118,ok,ok
c4,135m-g066-control,135m-g066-control,fit,control,12,135266786,6606028800.0,0.0,0.0,0.0,0.9740327672957944,0.9788523898209462,2.033862764216598,1.4114271392882707,ok,ok
c4,135m-g066-ai-r0.05,135m-g066-control,fit,ai,12,135266786,6606211571.0,330118669.0,0.04997095013565075,0.04759269780672957,0.9743023658515514,0.9789041248187876,1.8936014539391925,1.339475418667195,ok,ok
c4,135m-g066-ai-r0.1,135m-g066-control,fit,ai,12,135266786,6605086973.0,661544707.0,0.10015685027377155,0.09103870075330418,0.9744400730668643,0.9790599428799527,1.7869374381277003,1.2651095872650926,ok,ok
c4,135m-g066-ai-r0.25,135m-g066-control,fit,ai,12,135266786,6598630264.0,1658905736.0,0.251401528746118,0.2008959738110739,0.9765521827859175,0.9799692698257869,1.3312907581867395,1.0477921135403723,ok,ok
c4,135m-g066-ai-r0.5,135m-g066-control,fit,ai,12,135266786,6580659240.0,3328383960.0,0.5057827549812471,0.33589357648577006,0.9793769340541786,0.9823663870370228,0.9081300641411805,0.7509141647376203,ok,ok
c4,135m-g066-ai-r1,135m-g066-control,fit,ai,12,135266786,6538825474.0,6673232126.0,1.0205551673667441,0.5050865147605775,0.9855769350792107,0.9883019378970049,0.46822078348076,0.4054510717660563,ok,ok
c4,135m-g066-human-r0.25,135m-g066-control,fit,human,12,135266786,8257536000.0,0.0,0.0,0.0,0.9701456793908856,0.9753750067229734,2.35505204271401,1.4577819674521335,ok,ok
c4,135m-g067-control,135m-g067-control,fit,control,12,135266786,7402422272.0,0.0,0.0,0.0,0.9718238159515927,0.9770328391983201,2.2146333094552975,1.4329678281548772,ok,ok
c4,135m-g067-ai-r0.05,135m-g067-control,fit,ai,12,135266786,7402382458.0,369662854.0,0.04993836188516484,0.047563136749761654,0.971969972633678,0.9770908722910807,2.0800216302994876,1.3590124858367703,ok,ok
c4,135m-g067-ai-r0.1,135m-g067-control,fit,ai,12,135266786,7402481320.0,740759896.0,0.10006913411569406,0.090966222951193,0.9728964252868681,0.9772567096986162,1.8220045699780723,1.2814314741303023,ok,ok
c4,135m-g067-ai-r0.25,135m-g067-control,fit,ai,12,135266786,7402417251.0,1860178845.0,0.2512934332023376,0.20082694157454492,0.9745655821568096,0.9782281409028091,1.3874097751473389,1.0510533606394248,ok,ok
c4,135m-g067-ai-r0.5,135m-g067-control,fit,ai,12,135266786,7402443635.0,3743394957.0,0.5056971915734148,0.33585583768338856,0.9780702458497087,0.9807942281948206,0.8832074093115785,0.7359680684628146,ok,ok
c4,135m-g067-ai-r1,135m-g067-control,fit,ai,12,135266786,7402521910.0,7555939018.0,1.0207249785769292,0.5051281047140628,0.9837389018672528,0.9871994720083246,0.45865904762344767,0.3791064423810562,ok,ok
c4,135m-g067-human-r0.25,135m-g067-control,fit,human,12,135266786,9262596096.0,0.0,0.0,0.0,0.9677581071955257,0.9737229417600199,2.796763310815662,1.4894103292754286,ok,ok
c4,135m-g068-control,135m-g068-control,fit,control,12,135266786,8808038400.0,0.0,0.0,0.0,0.9690040803706919,0.9744357004332632,2.512528197722526,1.4747580025417422,ok,ok
c4,135m-g068-ai-r0.05,135m-g068-control,fit,ai,12,135266786,8807935507.0,440504813.0,0.05001226594471703,0.04763017306252131,0.9690077390414495,0.9745030750025827,2.3918437127426952,1.396719042842649,ok,ok
c4,135m-g068-ai-r0.1,135m-g068-control,fit,ai,12,135266786,8806314189.0,882528051.0,0.10021537184107843,0.09108704932324298,0.9694254398946076,0.9746947518990761,2.174542121404403,1.3123770496274079,ok,ok
c4,135m-g068-ai-r0.25,135m-g068-control,fit,ai,12,135266786,8798426570.0,2211621430.0,0.2513655609221047,0.20087300527663457,0.9718196295608508,0.9758095613519328,1.4895710922128738,1.0567092235921527,ok,ok
c4,135m-g068-ai-r0.5,135m-g068-control,fit,ai,12,135266786,8775729541.0,4436328059.0,0.5055224227539808,0.33577874039846756,0.9753931638417206,0.9787474933367578,0.9098048240184704,0.7108025118974753,ok,ok
c4,135m-g068-ai-r1,135m-g068-control,fit,ai,12,135266786,8718297837.0,8897778963.0,1.0205867165076985,0.5050942422662462,0.9817970256633196,0.9860415665109327,0.43731439896451607,0.342390123148924,ok,ok
c4,135m-g068-human-r0.25,135m-g068-control,fit,human,12,135266786,11010048000.0,0.0,0.0,0.0,0.9655411214241126,0.9713999875401238,,1.5517480153066063,below_range,ok
c4,135m-g069-control,135m-g069-control,fit,control,12,135266786,9869721600.0,0.0,0.0,0.0,0.9672553271449488,0.9728474955271014,2.814647472666333,1.5099372223819736,ok,ok
c4,135m-g069-ai-r0.05,135m-g069-control,fit,ai,12,135266786,9869897079.0,492655241.0,0.049914931944752855,0.04754188213353214,0.9673362047710686,0.9729204603066205,2.650058340794504,1.4286976193912218,ok,ok
c4,135m-g069-ai-r0.1,135m-g069-control,fit,ai,12,135266786,9869756475.0,987723717.0,0.10007579411932754,0.09097172636131298,0.9681796526421403,0.9731256923274373,2.257017877822991,1.3387705683438949,ok,ok
c4,135m-g069-ai-r0.25,135m-g069-control,fit,ai,12,135266786,9869643433.0,2479436119.0,0.251218408834284,0.2007790223198005,0.970352207426982,0.9743238524871062,1.5402817559631772,1.0617079479750866,ok,ok
c4,135m-g069-ai-r0.5,135m-g069-control,fit,ai,12,135266786,9869761180.0,4989085028.0,0.5054919705767389,0.33576530493423357,0.9738149781033532,0.9774887906781358,0.9211505610733478,0.6905561069983936,ok,ok
c4,135m-g069-ai-r1,135m-g069-control,fit,ai,12,135266786,9869780976.0,10074134544.0,1.0207049749631647,0.5051232058167081,0.9805470639141551,0.9853970507181473,0.4178570663810862,0.31325990581897717,ok,ok
c4,135m-g069-human-r0.25,135m-g069-control,fit,human,12,135266786,12349079552.0,0.0,0.0,0.0,0.9636638841887378,0.969958792570517,,1.6071297231663224,below_range,ok
c4,135m-g070-control,135m-g070-control,fit,control,12,135266786,11010048000.0,0.0,0.0,0.0,0.9657519308468081,0.9713999875401238,,1.5517480153066063,below_range,ok
c4,135m-g070-ai-r0.05,135m-g070-control,fit,ai,12,135266786,11010158232.0,550392168.0,0.04998948756252534,0.047609512432902845,0.965694194493205,0.9714796696422088,,1.466297480064472,below_range,ok
c4,135m-g070-ai-r0.1,135m-g070-control,fit,ai,12,135266786,11008301532.0,1102751268.0,0.10017451509612228,0.09105329538320567,0.9661779378121993,0.9717042495747283,,1.3693157603196975,below_range,ok
c4,135m-g070-ai-r0.25,135m-g070-control,fit,ai,12,135266786,10998502750.0,2764057250.0,0.25131213882725995,0.20083888825916107,0.9687783159082618,0.9730127876248007,1.6522194085443938,1.0668664523448983,ok,ok
c4,135m-g070-ai-r0.5,135m-g070-control,fit,ai,12,135266786,10969425148.0,5545646852.0,0.5055549198957896,0.33579307749914744,0.9721757241138543,0.9764631778175022,0.9599920331718097,0.6701177998231673,ok,ok
c4,135m-g070-ai-r1,135m-g070-control,fit,ai,12,135266786,10897156053.0,11122939947.0,1.0207195247000103,0.505126769065857,0.9790015558116638,0.985026221701749,0.41914450952614357,0.28961327362933037,ok,ok
c4,135m-g070-human-r0.25,135m-g070-control,fit,human,12,135266786,13762560000.0,0.0,0.0,0.0,0.962294476651928,0.9686678468065,,1.674640389755187,below_range,ok
c4,135m-g071-control,135m-g071-control,fit,control,12,135266786,11835801600.0,0.0,0.0,0.0,0.9648505442668723,0.9704827851779901,,1.5850170617266268,below_range,ok
c4,135m-g071-ai-r0.05,135m-g071-control,fit,ai,12,135266786,11835671561.0,591002615.0,0.04993401616072438,0.04755919457045238,0.9648310206619588,0.9705670145291674,,1.4963563738694454,below_range,ok
c4,135m-g071-ai-r0.1,135m-g071-control,fit,ai,12,135266786,11835922487.0,1184769993.0,0.10009950591525871,0.09099131976427724,0.9650399738311742,0.9708010113077505,,1.3938175953119136,below_range,ok
c4,135m-g071-ai-r0.25,135m-g071-control,fit,ai,12,135266786,11835633334.0,2972881226.0,0.25118057835231006,0.20075485721101252,0.9678644662474618,0.9721689901386513,1.7245843019341134,1.0713012925175265,ok,ok
c4,135m-g071-ai-r0.5,135m-g071-control,fit,ai,12,135266786,11835727159.0,5982724809.0,0.505480122059985,0.33576007723590817,0.9715239719356054,0.9757840286259178,0.9472018838331916,0.6542383876361206,ok,ok
c4,135m-g071-ai-r1,135m-g071-control,fit,ai,12,135266786,11835746085.0,12079651035.0,1.0206074841626682,0.5050993288711904,0.9781002906761849,0.984814572801742,0.4107511096243559,0.26983335190681534,ok,ok
c4,135m-g071-human-r0.25,135m-g071-control,fit,human,12,135266786,14808514560.0,0.0,0.0,0.0,0.9614758101795402,0.9678319344867583,,1.7320908418082708,below_range,ok
c4,268m-g072-control,268m-g072-control,fit,control,16,268436282,1174405120.0,0.0,0.0,0.0,0.9968026304250923,0.979102099553326,,0.9046674660033861,above_range,ok
c4,268m-g072-ai-r0.0025,268m-g072-control,fit,ai,16,268436282,1174092320.0,2934240.0,0.0024991561140609454,0.002492925903048441,0.996941154573477,0.9789527826581534,,0.9069270247963305,above_range,ok
c4,268m-g072-ai-r0.005,268m-g072-control,fit,ai,16,268436282,1174287181.0,5885107.0,0.005011642037161947,0.004986650728745124,0.9967826964756356,0.9787889821088519,,0.9092299600754011,above_range,ok
c4,268m-g072-ai-r0.01,268m-g072-control,fit,ai,16,268436282,1174087391.0,11852065.0,0.01009470427061251,0.009993819617044599,0.996337682670274,0.9784834122235513,,0.9136959821866125,above_range,ok
c4,268m-g072-ai-r0.025,268m-g072-control,fit,ai,16,268436282,1174108496.0,29656752.0,0.025258953581407353,0.024636657395844676,0.9959147471854323,0.9776057982517854,,0.926246515887666,above_range,ok
c4,268m-g072-ai-r0.05,268m-g072-control,fit,ai,16,268436282,1173730122.0,59395254.0,0.050603842303026454,0.04816643559202856,0.995218655260455,0.9763107635370301,,0.9444729781010469,above_range,ok
c4,268m-g072-ai-r0.1,268m-g072-control,fit,ai,16,268436282,1173210850.0,118634782.0,0.10111974501429133,0.09183355894955722,0.9937130626330556,0.9742013996642218,,0.9720160556239935,above_range,ok
c4,268m-g072-ai-r0.25,268m-g072-control,fit,ai,16,268436282,1170835170.0,297171230.0,0.2538113285408056,0.2024318354470389,0.990755279448062,0.9702998308191056,,1.0015387052266473,above_range,ok
c4,268m-g072-ai-r0.5,268m-g072-control,fit,ai,16,268436282,1166105596.0,595502084.0,0.5106759508252973,0.3380446683792841,0.9885627123069689,0.9676413257890553,,0.9469393041453062,above_range,ok
c4,268m-g072-ai-r1,268m-g072-control,fit,ai,16,268436282,1156520664.0,1192289576.0,1.0309280353679873,0.5076142617634365,0.9860635749110964,0.9667303042129551,,0.7445869359342941,above_range,ok
c4,268m-g072-human-r0.0025,268m-g072-control,fit,human,16,268436282,1177026560.0,0.0,0.0,0.0,0.9969763351232647,0.9790193934089688,,0.9050155172754468,above_range,ok
c4,268m-g072-human-r0.005,268m-g072-control,fit,human,16,268436282,1180172288.0,0.0,0.0,0.0,0.9966365642076422,0.9789205032690641,,0.9054361911868144,above_range,ok
c4,268m-g072-human-r0.01,268m-g072-control,fit,human,16,268436282,1185939456.0,0.0,0.0,0.0,0.9963784186779513,0.9787402087202627,,0.9062160381482736,above_range,ok
c4,268m-g072-human-r0.025,268m-g072-control,fit,human,16,268436282,1203765248.0,0.0,0.0,0.0,0.9954187858654954,0.9781909987964413,,0.9086984066305296,above_range,ok
c4,268m-g072-human-r0.05,268m-g072-control,fit,human,16,268436282,1233125376.0,0.0,0.0,0.0,0.994109455618091,0.9773120375424184,,0.9130339263822921,above_range,ok
c4,268m-g072-human-r0.25,268m-g072-control,fit,human,16,268436282,1468006400.0,0.0,0.0,0.0,0.9849054719648438,0.9712418739143964,,0.9615435677846339,above_range,ok
c4,268m-g072-human-r1,268m-g072-control,fit,human,16,268436282,2348810240.0,0.0,0.0,0.0,0.9634177779363178,0.9571628109750412,0.8938219116519602,1.2298264042568647,ok,ok
c4,268m-g073-control,268m-g073-control,fit,control,16,268436282,1174405120.0,0.0,0.0,0.0,0.9960074260514277,0.979102099553326,,0.9046674660033861,above_range,ok
c4,268m-g073-ai-r0.025,268m-g073-control,fit,ai,16,268436282,1174117444.0,29647804.0,0.025251140038423617,0.02462922405282795,0.9947750460478751,0.9776059546561008,,0.9262417390700828,above_range,ok
c4,268m-g073-ai-r0.05,268m-g073-control,fit,ai,16,268436282,1173762734.0,59362642.0,0.05057465216816127,0.04813998897059434,0.9938936373940613,0.9763111905812729,,0.9444591167864043,above_range,ok
c4,268m-g073-human-r0.025,268m-g073-control,fit,human,16,268436282,1203765248.0,0.0,0.0,0.0,0.9943133231441832,0.9781909987964413,,0.9086984066305296,above_range,ok
c4,268m-g073-human-r0.05,268m-g073-control,fit,human,16,268436282,1233125376.0,0.0,0.0,0.0,0.9933040690031388,0.9773120375424184,,0.9130339263822921,above_range,ok
c4,268m-g074-control,268m-g074-control,fit,control,16,268436282,1174405120.0,0.0,0.0,0.0,0.9967575311810077,0.979102099553326,,0.9046674660033861,above_range,ok
c4,268m-g074-ai-r0.025,268m-g074-control,fit,ai,16,268436282,1174081007.0,29684241.0,0.025282958180073856,0.02465949324365277,0.9956546485283971,0.97760531783352,,0.9262611888639397,above_range,ok
c4,268m-g074-ai-r0.05,268m-g074-control,fit,ai,16,268436282,1173763980.0,59361396.0,0.050573536938831605,0.048138978529949576,0.9945655560816411,0.9763112068994353,,0.9444585871275147,above_range,ok
c4,268m-g074-human-r0.025,268m-g074-control,fit,human,16,268436282,1203765248.0,0.0,0.0,0.0,0.9951811026312479,0.9781909987964413,,0.9086984066305296,above_range,ok
c4,268m-g074-human-r0.05,268m-g074-control,fit,human,16,268436282,1233125376.0,0.0,0.0,0.0,0.9939771808512053,0.9773120375424184,,0.9130339263822921,above_range,ok
c4,268m-g075-control,268m-g075-control,fit,control,16,268436282,1266679808.0,0.0,0.0,0.0,0.9926241296603995,0.9763444866091419,,0.9183894168699593,above_range,ok
c4,268m-g075-ai-r0.0025,268m-g075-control,fit,ai,16,268436282,1266659413.0,3166123.0,0.0024995851035451155,0.00249335275613799,0.9925766764909638,0.9761916209248359,,0.9209468322925729,above_range,ok
c4,268m-g075-ai-r0.005,268m-g075-control,fit,ai,16,268436282,1266638913.0,6332351.0,0.004999334013039279,0.004974465000963289,0.9922996112921302,0.9760413894889843,,0.9234578318785421,above_range,ok
c4,268m-g075-ai-r0.01,268m-g075-control,fit,ai,16,268436282,1266497059.0,12765661.0,0.010079503074471806,0.009978920514466333,0.9920550252864265,0.975746783303996,,0.928401766673094,above_range,ok
c4,268m-g075-ai-r0.025,268m-g075-control,fit,ai,16,268436282,1266723423.0,31937953.0,0.02521304368428024,0.02459297981000399,0.9917432922337334,0.9749098375958829,,0.9421656118256643,above_range,ok
c4,268m-g075-ai-r0.05,268m-g075-control,fit,ai,16,268436282,1266615160.0,64027784.0,0.05055030606139279,0.04811792997415842,0.9912337717028107,0.973695746039716,,0.9617298339476602,above_range,ok
c4,268m-g075-ai-r0.1,268m-g075-control,fit,ai,16,268436282,1266621123.0,127984957.0,0.10104438863049026,0.09177140329117166,0.9898987684728694,0.9717820365045198,,0.9895992497066953,above_range,ok
c4,268m-g075-ai-r0.25,268m-g075-control,fit,ai,16,268436282,1266715851.0,320828213.0,0.25327559669102145,0.20209090271903155,0.9868936909665376,0.9685127132968472,,1.0062199169727641,above_range,ok
c4,268m-g075-ai-r0.5,268m-g075-control,fit,ai,16,268436282,1266709899.0,645368437.0,0.5094840085401433,0.3375219648950617,0.9845736777277156,0.9667076553229172,,0.9157536561413512,above_range,ok
c4,268m-g075-ai-r1,268m-g075-control,fit,ai,16,268436282,1266784579.0,1304323773.0,1.0296334472508606,0.5073001968141092,0.9823893731916924,0.9667088132477553,,0.6809846384374068,above_range,ok
c4,268m-g075-ai-r2,268m-g075-control,fit,ai,16,268436282,1266710194.0,2640808270.0,2.084776993592269,0.6758274578430757,0.9822684453434737,0.968387766385464,,0.4113051526752165,above_range,ok
c4,268m-g075-ai-r4,268m-g075-control,fit,ai,16,268436282,1266630658.0,5346738174.0,4.221229085392942,0.8084742148553434,0.9839840462670563,0.971193779670658,,0.2138739456726168,above_range,ok
c4,268m-g075-human-r0.0025,268m-g075-control,fit,human,16,268436282,1269825536.0,0.0,0.0,0.0,0.9926607256015092,0.9762557138328397,,0.9189145460001574,above_range,ok
c4,268m-g075-human-r0.005,268m-g075-control,fit,human,16,268436282,1272971264.0,0.0,0.0,0.0,0.9923981686332302,0.9761672642204242,,0.9194437496552509,above_range,ok
c4,268m-g075-human-r0.01,268m-g075-control,fit,human,16,268436282,1279262720.0,0.0,0.0,0.0,0.9920755144999712,0.9759913266214051,,0.9205144996652773,above_range,ok
c4,268m-g075-human-r0.025,268m-g075-control,fit,human,16,268436282,1298661376.0,0.0,0.0,0.0,0.9912813450646982,0.9754567757224113,,0.923921905437698,above_range,ok
c4,268m-g075-human-r0.05,268m-g075-control,fit,human,16,268436282,1330642944.0,0.0,0.0,0.0,0.9901278801698861,0.974600677296484,,0.9299045804241584,above_range,ok
c4,268m-g075-human-r0.25,268m-g075-control,fit,human,16,268436282,1587544064.0,0.0,0.0,0.0,0.9811841471357451,0.9686748115779489,,0.9983549927412215,above_range,ok
c4,268m-g075-human-r1,268m-g075-control,fit,human,16,268436282,2571108352.0,0.0,0.0,0.0,0.9594853388213773,0.9547943974347849,1.0046530422724242,1.2540931667443616,ok,ok
c4,268m-g076-control,268m-g076-control,fit,control,16,268436282,4697620480.0,0.0,0.0,0.0,0.9395633076671297,0.9413471858282441,1.4653098529467201,1.3255024941440767,ok,ok
c4,268m-g076-ai-r0.0025,268m-g076-control,fit,ai,16,268436282,4697437191.0,11717625.0,0.002494471884041419,0.002488264977016207,0.9394968187051146,0.9412909803533761,1.4673264089622011,1.3263499582635658,ok,ok
c4,268m-g076-ai-r0.005,268m-g076-control,fit,ai,16,268436282,4697152793.0,23536359.0,0.005010771426272401,0.0049857887783245425,0.939543001089772,0.9412667700971348,1.4598538181754719,1.3248740245712227,ok,ok
c4,268m-g076-ai-r0.01,268m-g076-control,fit,ai,16,268436282,4697107968.0,47174144.0,0.010043231776102108,0.009943368224389435,0.9395604804839989,0.941251381326189,1.4511339889942891,1.3194034727702992,ok,ok
c4,268m-g076-ai-r0.025,268m-g076-control,fit,ai,16,268436282,4697755862.0,117305130.0,0.024970461098005863,0.024362127540003546,0.9392060401422156,0.9412502646591954,1.4593942528151649,1.3000889137458211,ok,ok
c4,268m-g076-ai-r0.05,268m-g076-control,fit,ai,16,268436282,4697584015.0,234917489.0,0.05000815062591275,0.04762644041963175,0.9391737008606121,0.941269852791471,1.4273259021156866,1.2677658051090162,ok,ok
c4,268m-g076-ai-r0.1,268m-g076-control,fit,ai,16,268436282,4697078222.0,470304306.0,0.10012699039100652,0.09101402953073576,0.9388357173382108,0.9413423929824252,1.3896025008730357,1.2053197775661475,ok,ok
c4,268m-g076-ai-r0.25,268m-g076-control,fit,ai,16,268436282,4691245026.0,1180780574.0,0.2516987638581724,0.2010857333455767,0.9393978901446189,0.9417789663011691,1.183479032299789,1.0356587396626753,ok,ok
c4,268m-g076-ai-r0.5,268m-g076-control,fit,ai,16,268436282,4678827711.0,2367603009.0,0.506024832552335,0.33600032457283563,0.9409994531583908,0.942914270512583,0.9007939843418385,0.81201278374125,ok,ok
c4,268m-g076-ai-r1,268m-g076-control,fit,ai,16,268436282,4647615246.0,4747625714.0,1.021518663380338,0.505322400374072,0.94457463617296,0.9457332993264097,0.5585678628020366,0.5267520529115218,ok,ok
c4,268m-g076-human-r0.0025,268m-g076-control,fit,human,16,268436282,4709154816.0,0.0,0.0,0.0,0.9393678370236118,0.9412999156869201,1.4782907827567286,1.3256978772151802,ok,ok
c4,268m-g076-human-r0.005,268m-g076-control,fit,human,16,268436282,4720689152.0,0.0,0.0,0.0,0.9395865159218985,0.9412528156875247,1.456204776033986,1.3258927785793955,ok,ok
c4,268m-g076-human-r0.01,268m-g076-control,fit,human,16,268436282,4744282112.0,0.0,0.0,0.0,0.939389433791821,0.9411570004162668,1.4655147509984263,1.3262899729100937,ok,ok
c4,268m-g076-human-r0.025,268m-g076-control,fit,human,16,268436282,4815060992.0,0.0,0.0,0.0,0.9387292684549366,0.9408737140995351,1.500635933257289,1.3274703042671117,ok,ok
c4,268m-g076-human-r0.05,268m-g076-control,fit,human,16,268436282,4932501504.0,0.0,0.0,0.0,0.9385248254761805,0.9404169443062211,1.482684131764874,1.329395082784891,ok,ok
c4,268m-g076-human-r0.25,268m-g076-control,fit,human,16,268436282,5872025600.0,0.0,0.0,0.0,0.9336783263636492,0.9372624623844492,1.696302164363517,1.3438793751628066,ok,ok
c4,268m-g077-control,268m-g077-control,fit,control,16,268436282,4697620480.0,0.0,0.0,0.0,0.9399835148772123,0.9413471858282441,1.4305107763109421,1.3255024941440767,ok,ok
c4,268m-g077-ai-r0.25,268m-g077-control,fit,ai,16,268436282,4692018287.0,1180007313.0,0.25149247953048315,0.2009540477820805,0.9394411522282952,0.9417751912919281,1.1805265610501248,1.0358714551452388,ok,ok
c4,268m-g077-ai-r1,268m-g077-control,fit,ai,16,268436282,4645447812.0,4749793148.0,1.022461846569551,0.5055530952555792,0.9451974844140231,0.9457457638963737,0.5411463892044621,0.5264234636118672,ok,ok
c4,268m-g078-control,268m-g078-control,fit,control,16,268436282,4697620480.0,0.0,0.0,0.0,0.9398446232654456,0.9413471858282441,1.4418781999930301,1.3255024941440767,ok,ok
c4,268m-g078-ai-r0.025,268m-g078-control,fit,ai,16,268436282,4698546837.0,116514155.0,0.02479791285307134,0.024197856515957503,0.9398118525117195,0.9412469963169051,1.409345851620676,1.3003230529760108,ok,ok
c4,268m-g078-ai-r0.05,268m-g078-control,fit,ai,16,268436282,4699085033.0,233416471.0,0.04967274892043862,0.047322128702994105,0.9394130749272176,0.9412634908151679,1.4076684510904482,1.2682100789559865,ok,ok
c4,268m-g078-ai-r0.25,268m-g078-control,fit,ai,16,268436282,4691419121.0,1180606479.0,0.25165231426783025,0.2010560851437705,0.9395045814473046,0.9417781162819638,1.1762172168284177,1.0357066313595786,ok,ok
c4,268m-g078-ai-r0.5,268m-g078-control,fit,ai,16,268436282,4677857410.0,2368573310.0,0.5063372186028219,0.3361380256357647,0.9406799892896278,0.9429194645560385,0.9169535252921789,0.8117892814806805,ok,ok
c4,268m-g078-ai-r1,268m-g078-control,fit,ai,16,268436282,4646431153.0,4748809807.0,1.0220338256672326,0.5054484315216541,0.9444355807050773,0.9457401080186046,0.5625631611361857,0.5265725284574186,ok,ok
c4,268m-g078-human-r0.025,268m-g078-control,fit,human,16,268436282,4815060992.0,0.0,0.0,0.0,0.9392886887289948,0.9408737140995351,1.4524144985259047,1.3274703042671117,ok,ok
c4,268m-g078-human-r0.05,268m-g078-control,fit,human,16,268436282,4932501504.0,0.0,0.0,0.0,0.9386797879768778,0.9404169443062211,1.4691802503278981,1.329395082784891,ok,ok
c4,268m-g079-control,268m-g079-control,fit,control,16,268436282,4697620480.0,0.0,0.0,0.0,0.9396126846982995,0.9413471858282441,1.4611570101362723,1.3255024941440767,ok,ok
c4,268m-g079-ai-r0.025,268m-g079-control,fit,ai,16,268436282,4698474164.0,116586828.0,0.024813763773204395,0.0242129493673504,0.9397114298401056,0.9412472965449636,1.4174668534117456,1.3003015425429745,ok,ok
c4,268m-g079-ai-r0.05,268m-g079-control,fit,ai,16,268436282,4699013288.0,233488216.0,0.04968877542786808,0.04733667406095129,0.9390333558278801,0.9412637947934444,1.4390387897468138,1.2681888462310607,ok,ok
c4,268m-g079-ai-r0.25,268m-g079-control,fit,ai,16,268436282,4691198153.0,1180827447.0,0.25171127044481506,0.201093715769904,0.9396835071616094,0.9417791951685102,1.1641843858935235,1.0356458453849744,ok,ok
c4,268m-g079-ai-r0.5,268m-g079-control,fit,ai,16,268436282,4678162788.0,2368267932.0,0.5062388889234181,0.3360946876662118,0.9408076216230566,0.9429178296883127,0.9104475042148246,0.8118596212389283,ok,ok
c4,268m-g079-ai-r1,268m-g079-control,fit,ai,16,268436282,4645906694.0,4749334266.0,1.0222620854899158,0.5055042532937867,0.9445390274375626,0.9457431243734457,0.5595871971240077,0.5264930230341966,ok,ok
c4,268m-g079-human-r0.025,268m-g079-control,fit,human,16,268436282,4815060992.0,0.0,0.0,0.0,0.9392752980691426,0.9408737140995351,1.453542026438169,1.3274703042671117,ok,ok
c4,268m-g079-human-r0.05,268m-g079-control,fit,human,16,268436282,4932501504.0,0.0,0.0,0.0,0.9383853898683683,0.9404169443062211,1.4949918511372906,1.329395082784891,ok,ok
c4,268m-g080-control,268m-g080-control,fit,control,16,268436282,4697620480.0,0.0,0.0,0.0,0.9401441148421079,0.9413471858282441,1.4175288217349933,1.3255024941440767,ok,ok
c4,268m-g080-ai-r0.25,268m-g080-control,fit,ai,16,268436282,4692742401.0,1179283199.0,0.2512993678810711,0.2008307319028037,0.9395651030418806,0.9417716572428821,1.1721268409373586,1.0360706497584324,ok,ok
c4,268m-g080-ai-r1,268m-g080-control,fit,ai,16,268436282,4648225243.0,4747015717.0,1.021253374962578,0.5052574742053236,0.9448715752250241,0.9457297925511572,0.5501670884015718,0.526844548436242,ok,ok
c4,268m-g081-control,268m-g081-control,fit,control,16,268436282,5067767808.0,0.0,0.0,0.0,0.9377546901492818,0.9399102862959375,1.5111499539923288,1.3315673515071926,ok,ok
c4,268m-g081-ai-r0.0025,268m-g081-control,fit,ai,16,268436282,5067691263.0,12659457.0,0.002498071871984124,0.0024918470589369076,0.9377163689456848,0.9398606521041867,1.5109071938367815,1.332034493184555,ok,ok
c4,268m-g081-ai-r0.005,268m-g081-control,fit,ai,16,268436282,5067585524.0,25348108.0,0.005002008921201583,0.00497711335579407,0.9375223315345563,0.9398435082380145,1.5250383997641281,1.3300443809166735,ok,ok
c4,268m-g081-ai-r0.01,268m-g081-control,fit,ai,16,268436282,5067941270.0,50682474.0,0.010000604051988157,0.009901582248433379,0.9373635450984802,0.9398345611510115,1.532163111376902,1.3240451967271307,ok,ok
c4,268m-g081-ai-r0.025,268m-g081-control,fit,ai,16,268436282,5067952437.0,126693067.0,0.024998866618210925,0.02438916513214296,0.9375382496789125,0.9398391193151409,1.4937295666932255,1.3043287372257315,ok,ok
c4,268m-g081-ai-r0.05,268m-g081-control,fit,ai,16,268436282,5068012779.0,253510421.0,0.05002166175477199,0.047638695063849386,0.9370206554391304,0.9398589186222147,1.505151711136585,1.2717922346873973,ok,ok
c4,268m-g081-ai-r0.1,268m-g081-control,fit,ai,16,268436282,5067952469.0,507326123.0,0.10010475159410971,0.09099565423115631,0.9371349614344493,0.9399336589153786,1.4265476849193433,1.2087457002240907,ok,ok
c4,268m-g081-ai-r0.25,268m-g081-control,fit,ai,16,268436282,5067945831.0,1274366105.0,0.25145614169844904,0.20093084633168065,0.9374265312643236,0.9403702592940234,1.2317951543341346,1.0366087887014068,ok,ok
c4,268m-g081-ai-r0.5,268m-g081-control,fit,ai,16,268436282,5067652554.0,2563883574.0,0.5059312071377654,0.33595904297604606,0.9394040204291703,0.9415238569854192,0.9102962404927373,0.8080497738503504,ok,ok
c4,268m-g081-ai-r1,268m-g081-control,fit,ai,16,268436282,5067636186.0,5176427046.0,1.021467772351249,0.5053099467240774,0.9428554003667096,0.9444023803106221,0.5602937881555137,0.5168294714417181,ok,ok
c4,268m-g081-ai-r2,268m-g081-control,fit,ai,16,268436282,5067781790.0,10486794594.0,2.069306656946648,0.6741935193289543,0.9491192217057219,0.950127274132186,0.2697986827025381,0.25725314304098396,ok,ok
c4,268m-g081-ai-r4,268m-g081-control,fit,ai,16,268436282,5067759676.0,21284003780.0,4.19988419750787,0.8076880249603892,0.9578954488734992,0.9591888214033207,0.10588267582993054,0.09946667669234702,ok,ok
c4,268m-g081-human-r0.0025,268m-g081-control,fit,human,16,268436282,5080350720.0,0.0,0.0,0.0,0.9374897060133764,0.939864167781646,1.5318575871837414,1.3317672894352446,ok,ok
c4,268m-g081-human-r0.005,268m-g081-control,fit,human,16,268436282,5092933632.0,0.0,0.0,0.0,0.9374547456599167,0.9398182171202528,1.5313344855068507,1.3319668921122059,ok,ok
c4,268m-g081-human-r0.01,268m-g081-control,fit,human,16,268436282,5118623744.0,0.0,0.0,0.0,0.9373719142804504,0.9397249181042591,1.5313788413439666,1.3323733991425397,ok,ok
c4,268m-g081-human-r0.025,268m-g081-control,fit,human,16,268436282,5194645504.0,0.0,0.0,0.0,0.9369383973213197,0.9394528203995196,1.549784630482957,1.3335687844081558,ok,ok
c4,268m-g081-human-r0.05,268m-g081-control,fit,human,16,268436282,5321523200.0,0.0,0.0,0.0,0.9362629569009973,0.9390115142275206,1.5781858935243862,1.3355414395410534,ok,ok
c4,268m-g081-human-r0.25,268m-g081-control,fit,human,16,268436282,6342311936.0,0.0,0.0,0.0,0.9320977627553405,0.9359491727490228,1.7569829008086613,1.3508622714426732,ok,ok
c4,268m-g082-control,268m-g082-control,fit,control,16,268436282,9395240960.0,0.0,0.0,0.0,0.9232044975614714,0.9299459957718089,2.6617981591475592,1.3978502191037423,ok,ok
c4,268m-g082-ai-r0.025,268m-g082-control,fit,ai,16,268436282,9396332712.0,233789272.0,0.024880906111533187,0.024276875452712853,0.9231358515518455,0.9299476321577873,2.617888778225445,1.3635781534688234,ok,ok
c4,268m-g082-ai-r0.05,268m-g082-control,fit,ai,16,268436282,9395769204.0,469233804.0,0.0499409674516309,0.04756550034698175,0.9228423711627869,0.9299799321075948,2.6464475879349543,1.327686326379316,ok,ok
c4,268m-g082-ai-r0.1,268m-g082-control,fit,ai,16,268436282,9393779762.0,940985294.0,0.10017110447984974,0.09105047757749433,0.9234258505853135,0.9301004326396697,2.3584200745710127,1.2552518091518028,ok,ok
c4,268m-g082-ai-r0.25,268m-g082-control,fit,ai,16,268436282,9385285244.0,2358765956.0,0.2513259740835214,0.20084772416523525,0.9247842540962453,0.9307982882996495,1.7879971162443067,1.0459983408140392,ok,ok
c4,268m-g082-ai-r0.5,268m-g082-control,fit,ai,16,268436282,9360479324.0,4732382116.0,0.5055704897361728,0.33579994638760885,0.9272234478542151,0.9326398204168843,1.1748354719208867,0.7602962425141169,ok,ok
c4,268m-g082-ai-r1,268m-g082-control,fit,ai,16,268436282,9299697574.0,9490784346.0,1.0205476329181111,0.5050846692706857,0.9325539544587338,0.9372078217485551,0.5737451581084411,0.4213740470851443,ok,ok
c4,268m-g082-human-r0.025,268m-g082-control,fit,human,16,268436282,9630121984.0,0.0,0.0,0.0,0.9225215778215249,0.9296046788073984,2.8192636778776254,1.4017187559976847,ok,ok
c4,268m-g082-human-r0.05,268m-g082-control,fit,human,16,268436282,9865003008.0,0.0,0.0,0.0,0.9222605193463806,0.9292754019576202,2.8434966346104247,1.405632859533293,ok,ok
c4,268m-g082-human-r0.25,268m-g082-control,fit,human,16,268436282,11744051200.0,0.0,0.0,0.0,0.919218817259331,0.9270013946018633,3.7597511617563915,1.438723721785369,ok,ok
c4,268m-g082-human-r1,268m-g082-control,fit,human,16,268436282,18790481920.0,0.0,0.0,0.0,0.9116308577437329,0.9217270898799177,,1.5996765564302553,below_range,ok
c4,268m-g083-control,268m-g083-control,fit,control,16,268436282,10135535616.0,0.0,0.0,0.0,0.9217543103679101,0.9289101616199641,2.9549866431184277,1.4101991251434394,ok,ok
c4,268m-g083-ai-r0.025,268m-g083-control,fit,ai,16,268436282,10135357509.0,252884923.0,0.024950764960727147,0.024343379032146176,0.9215509306541522,0.9289162148209984,2.9626053734365594,1.3751978510602252,ok,ok
c4,268m-g083-ai-r0.05,268m-g083-control,fit,ai,16,268436282,10135505136.0,505968400.0,0.04992039303525839,0.04754683628055024,0.9220576250974483,0.928949184673203,2.7051778812940372,1.3387791550226245,ok,ok
c4,268m-g083-ai-r0.1,268m-g083-control,fit,ai,16,268436282,10135597602.0,1014435294.0,0.10008638205998108,0.09098047543554082,0.9222558241722256,0.9290731275335734,2.5172816100080997,1.2645986469463324,ok,ok
c4,268m-g083-ai-r0.25,268m-g083-control,fit,ai,16,268436282,10135498541.0,2545979603.0,0.2511943139946233,0.20076363134407813,0.9232825254683756,0.9297978234668942,1.9541472848217365,1.047980419132519,ok,ok
c4,268m-g083-ai-r0.5,268m-g083-control,fit,ai,16,268436282,10135468827.0,5123933413.0,0.5055447853926885,0.3357886064218463,0.9262236840653569,0.9317131941364031,1.1912275530213945,0.7512403918023055,ok,ok
c4,268m-g083-ai-r1,268m-g083-control,fit,ai,16,268436282,10135612449.0,10344649695.0,1.0206240369836381,0.5051033830653686,0.9315892173795846,0.9364960018195517,0.5649191327694785,0.4040902200084877,ok,ok
c4,268m-g083-human-r0.025,268m-g083-control,fit,human,16,268436282,10388242432.0,0.0,0.0,0.0,0.9213686944828993,0.9285817212304085,3.0371067181118354,1.4145221534904808,ok,ok
c4,268m-g083-human-r0.05,268m-g083-control,fit,human,16,268436282,10641473536.0,0.0,0.0,0.0,0.9207404166104196,0.928264190957125,3.2417870069381216,1.4189114265734961,ok,ok
c4,268m-g083-human-r0.25,268m-g083-control,fit,human,16,268436282,12681478144.0,0.0,0.0,0.0,0.9177810610640134,0.9260576613888027,,1.4565245745639417,below_range,ok
c4,268m-g083-human-r1,268m-g083-control,fit,human,16,268436282,20480262144.0,0.0,0.0,0.0,0.9103403335460439,0.9208813355536816,,1.6501451354235808,below_range,ok
c4,268m-g084-control,268m-g084-control,fit,control,16,268436282,14092861440.0,0.0,0.0,0.0,0.9156800979428741,0.9248154395425844,,1.4851429907848133,below_range,ok
c4,268m-g084-ai-r0.05,268m-g084-control,fit,ai,16,268436282,14092839732.0,704664780.0,0.05000161737452731,0.047620514623161886,0.9159470089140251,0.9248708744267988,,1.4062632294939577,below_range,ok
c4,268m-g084-ai-r0.1,268m-g084-control,fit,ai,16,268436282,14090697257.0,1411450327.0,0.10016894843857477,0.09104869627591336,0.9163227907715576,0.9250306602615361,,1.320295840640538,below_range,ok
c4,268m-g084-ai-r0.25,268m-g084-control,fit,ai,16,268436282,14077793043.0,3538283757.0,0.25133795803024434,0.2008553775719234,0.9178036148333211,0.9259633481014029,,1.058179543402535,below_range,ok
c4,268m-g084-ai-r0.5,268m-g084-control,fit,ai,16,268436282,14041122882.0,7098169278.0,0.5055271816686036,0.3357808399768103,0.9210644916125216,0.928421171877226,1.5572801666720566,0.7047057314094188,ok,ok
c4,268m-g084-ai-r1,268m-g084-control,fit,ai,16,268436282,13949505755.0,14236217125.0,1.0205535145857934,0.5050861099291415,0.9267205670172592,0.9345213038981767,0.6152765875128549,0.3337228299887047,ok,ok
c4,268m-g084-human-r0.25,268m-g084-control,fit,human,16,268436282,17616076800.0,0.0,0.0,0.0,0.9123599290377207,0.9223838954662597,,1.567828373468757,below_range,ok
c4,268m-g085-control,268m-g085-control,fit,control,16,268436282,14690025472.0,0.0,0.0,0.0,0.9154353048868918,0.9243436163244672,,1.4979631332788292,below_range,ok
c4,268m-g085-ai-r0.05,268m-g085-control,fit,ai,16,268436282,14690040880.0,733463504.0,0.049929303123899815,0.047554919150597105,0.9154194202336616,0.9244008555827996,,1.4179625058094405,below_range,ok
c4,268m-g085-ai-r0.1,268m-g085-control,fit,ai,16,268436282,14689954422.0,1470174602.0,0.10008026980657163,0.09097542475165822,0.9159029239502549,0.9245636556028964,,1.3299893775888834,below_range,ok
c4,268m-g085-ai-r0.25,268m-g085-control,fit,ai,16,268436282,14690155775.0,3690857217.0,0.25124697610635105,0.2007972693673835,0.9177323217727416,0.925514640182149,,1.06009090814363,below_range,ok
c4,268m-g085-ai-r0.5,268m-g085-control,fit,ai,16,268436282,14690161898.0,7425354518.0,0.5054644441332488,0.33575315983252146,0.9204735406954004,0.9280263823786609,1.6232909309375863,0.6969814068609632,ok,ok
c4,268m-g085-ai-r1,268m-g085-control,fit,ai,16,268436282,14689978907.0,14992061925.0,1.0205638837136828,0.5050886497277897,0.9264041918441106,0.934302149731545,0.601935824150678,0.32160207880792824,ok,ok
c4,268m-g085-human-r0.25,268m-g085-control,fit,human,16,268436282,18381012992.0,0.0,0.0,0.0,0.9116076444809453,0.9219490644985565,,1.5882938835350586,below_range,ok
c4,268m-g086-control,268m-g086-control,fit,control,16,268436282,18790481920.0,0.0,0.0,0.0,0.9115144709165898,0.9217270898799177,,1.5996765564302553,below_range,ok
c4,268m-g086-ai-r0.05,268m-g086-control,fit,ai,16,268436282,18791031735.0,938974281.0,0.049969277591664925,0.04759118067366736,0.9116768707947533,0.9217965886710939,,1.5095509885088991,below_range,ok
c4,268m-g086-ai-r0.1,268m-g086-control,fit,ai,16,268436282,18789382436.0,1880147676.0,0.10006436786329298,0.09096228437764305,0.9121450116310783,0.9219921165519155,,1.4045666006358792,below_range,ok
c4,268m-g086-ai-r0.25,268m-g086-control,fit,ai,16,268436282,18771926731.0,4716175669.0,0.25123556769544053,0.2007899824636323,0.9139130774989417,0.923139228139489,,1.0729079327455762,below_range,ok
c4,268m-g086-ai-r0.5,268m-g086-control,fit,ai,16,268436282,18723672523.0,9462050357.0,0.5053522670500084,0.3357036609380018,0.917189984789921,0.9261605938869835,,0.648841228637822,below_range,ok
c4,268m-g086-ai-r1,268m-g086-control,fit,ai,16,268436282,18600458178.0,18980505662.0,1.0204321571201675,0.5050563828753574,0.9232872546031582,0.933663775370758,0.659052871744775,0.26531335659616995,ok,ok
c4,268m-g086-human-r0.25,268m-g086-control,fit,human,16,268436282,23488102400.0,0.0,0.0,0.0,0.9083919639761939,0.9196043816551499,,1.7570788557907486,below_range,ok
c4,268m-g087-control,268m-g087-control,fit,control,16,268436282,19586875392.0,0.0,0.0,0.0,0.9110379173911309,0.9213151062923338,,1.6227301016813622,below_range,ok
c4,268m-g087-ai-r0.05,268m-g087-control,fit,ai,16,268436282,19586924402.0,978272398.0,0.04994517658423747,0.047569318568349415,0.9111804504585904,0.921387054499527,,1.5302898001874503,below_range,ok
c4,268m-g087-ai-r0.1,268m-g087-control,fit,ai,16,268436282,19587068098.0,1960120126.0,0.10007215557698215,0.09096871970593132,0.9118660346210559,0.9215877547469625,,1.4212454969753932,below_range,ok
c4,268m-g087-ai-r0.25,268m-g087-control,fit,ai,16,268436282,19586752951.0,4921089609.0,0.25124580992628254,0.2007965244983196,0.9131771488186685,0.9227618756272251,,1.0756746204653922,below_range,ok
c4,268m-g087-ai-r0.5,268m-g087-control,fit,ai,16,268436282,19586923960.0,9899557448.0,0.5054166477705568,0.33573207026709345,0.9167176056046586,0.9258612803461421,,0.6385257320348484,below_range,ok
c4,268m-g087-ai-r1,268m-g087-control,fit,ai,16,268436282,19586800243.0,19990128013.0,1.0205918151508255,0.5050954910824699,0.9227026219277953,0.9336082026177811,0.6709221026052943,0.2529016658899933,ok,ok
c4,268m-g087-human-r0.25,268m-g087-control,fit,human,16,268436282,24507842560.0,0.0,0.0,0.0,0.9082866962028613,0.919224842586508,,1.7996979288517259,below_range,ok
c4,268m-g088-control,268m-g088-control,fit,control,16,268436282,23488102400.0,0.0,0.0,0.0,0.9087194104704734,0.9196043816551499,,1.7570788557907486,below_range,ok
c4,268m-g088-ai-r0.05,268m-g088-control,fit,ai,16,268436282,23488797122.0,1173710398.0,0.049968944425029034,0.04759087846392677,0.9086180450393145,0.9196866977840008,,1.6502768173033773,below_range,ok
c4,268m-g088-ai-r0.1,268m-g088-control,fit,ai,16,268436282,23486821631.0,2350091009.0,0.10005998452758463,0.09095866219563918,0.9095083371360323,0.9199165946164113,,1.5164889839445015,below_range,ok
c4,268m-g088-ai-r0.25,268m-g088-control,fit,ai,16,268436282,23465157832.0,5894970168.0,0.25122226793466895,0.2007814873286656,0.911070386568223,0.921264347717409,,1.090208374796854,below_range,ok
c4,268m-g088-ai-r0.5,268m-g088-control,fit,ai,16,268436282,23403617983.0,11828535617.0,0.5054148305442369,0.33573126841159096,0.9144854458491877,0.924815720457087,,0.5940397509652954,below_range,ok
c4,268m-g088-ai-r1,268m-g088-control,fit,ai,16,268436282,23248135764.0,23728069036.0,1.0206439465457346,0.505108259320259,0.9209753844029565,0.9336333152530034,0.7097371439175271,0.2126974371730378,ok,ok
c4,268m-g088-human-r0.1,268m-g088-control,fit,human,16,268436282,25836912640.0,0.0,0.0,0.0,0.9072296611801489,0.9187637028244766,,1.8615225311711008,below_range,ok
c4,477m-g089-control,477m-g089-control,held_out,control,20,477103346,2175795200.0,0.0,0.0,0.0,0.9509198997922154,0.9290465965608432,,0.9130588370842214,above_range,ok
c4,477m-g089-ai-r0.0025,477m-g089-control,held_out,ai,20,477103346,2175599082.0,5438997.0,0.002499999675951325,0.002493765263600425,0.9507899150984408,0.928930157476773,,0.9154910671134312,above_range,ok
c4,477m-g089-ai-r0.025,477m-g089-control,held_out,ai,20,477103346,2174900074.0,54372501.0,0.024999999609177447,0.024390243530448493,0.9502122030356012,0.9279504349381769,,0.9356260983252955,above_range,ok
c4,477m-g089-ai-r0.05,477m-g089-control,held_out,ai,20,477103346,2175046217.0,108752310.0,0.049999999609203705,0.04761904726458386,0.9488815513045227,0.9270017593772946,,0.9544799338350568,above_range,ok
c4,477m-g089-ai-r0.1,477m-g089-control,held_out,ai,20,477103346,2175318574.0,217531857.0,0.09999999981611889,0.09090909075712304,0.948026789066906,0.9254802334814342,,0.9822341941868289,above_range,ok
c4,477m-g089-ai-r0.25,477m-g089-control,held_out,ai,20,477103346,2175166054.0,543791513.0,0.24999999977013249,0.1999999998528848,0.9449017055008213,0.9227997349850997,,1.004813594383194,above_range,ok
c4,477m-g089-ai-r0.5,477m-g089-control,held_out,ai,20,477103346,2175445674.0,1087722837.0,0.5,0.3333333333333333,0.9423205201674283,0.9211935864987718,,0.9290414456089832,above_range,ok
c4,477m-g089-ai-r1,477m-g089-control,held_out,ai,20,477103346,2175795200.0,2175795200.0,1.0,0.5,0.9405318926262479,0.921065165062337,,0.7028253732275053,above_range,ok
c4,477m-g089-human-r0.0025,477m-g089-control,held_out,human,20,477103346,2181038080.0,0.0,0.0,0.0,0.9508400298733849,0.928979875193813,,0.9135098248757056,above_range,ok
c4,477m-g089-human-r0.025,477m-g089-control,held_out,human,20,477103346,2229272576.0,0.0,0.0,0.0,0.9494971243027289,0.9283769214400963,,0.9178168035165502,above_range,ok
c4,477m-g089-human-r0.05,477m-g089-control,held_out,human,20,477103346,2283798528.0,0.0,0.0,0.0,0.9480568781830485,0.9277180352735519,,0.9230453161727796,above_range,ok
c4,477m-g090-control,477m-g090-control,held_out,control,20,477103346,2251292672.0,0.0,0.0,0.0,0.9485850739291946,0.9281080058864599,,0.919880933050514,above_range,ok
c4,477m-g090-ai-r0.0025,477m-g090-control,held_out,ai,20,477103346,2250903126.0,5632426.0,0.0025022960495013325,0.0024960501929641213,0.9485025183037651,0.9279956465964174,,0.9224249862747568,above_range,ok
c4,477m-g090-ai-r0.025,477m-g090-control,held_out,ai,20,477103346,2251437784.0,56477992.0,0.025085299892079985,0.02447142681172088,0.9477221443953667,0.9270193445371007,,0.9437164753122917,above_range,ok
c4,477m-g090-ai-r0.05,477m-g090-control,held_out,ai,20,477103346,2251480810.0,113058070.0,0.05021498273396343,0.04781400337980486,0.9470303460640344,0.9260990803429086,,0.9632951836108467,above_range,ok
c4,477m-g090-ai-r0.1,477m-g090-control,held_out,ai,20,477103346,2251260174.0,226524914.0,0.10062138379924096,0.09142234130678568,0.9461069057341713,0.9246478843139937,,0.991240708832399,above_range,ok
c4,477m-g090-ai-r0.25,477m-g090-control,held_out,ai,20,477103346,2250972069.0,567600219.0,0.2521578240871544,0.201378627547196,0.942856768494854,0.9221917221631667,,1.0069070343425022,above_range,ok
c4,477m-g090-ai-r0.5,477m-g090-control,held_out,ai,20,477103346,2251038617.0,1143201895.0,0.5078553012669174,0.33680639040112903,0.9406791653140296,0.920885361571195,,0.9123274604759485,above_range,ok
c4,477m-g090-ai-r1,477m-g090-control,held_out,ai,20,477103346,2251256739.0,2306903133.0,1.0247179244534845,0.5061040414951027,0.9387259243503621,0.9210728592866511,,0.6706194510110531,above_range,ok
c4,477m-g090-human-r0.0025,477m-g090-control,held_out,human,20,477103346,2256535552.0,0.0,0.0,0.0,0.9482954713117173,0.9280445485080525,,0.9203817417810434,above_range,ok
c4,477m-g090-human-r0.025,477m-g090-control,held_out,human,20,477103346,2307915776.0,0.0,0.0,0.0,0.9479643783537262,0.927433943604451,,0.9254866524189488,above_range,ok
c4,477m-g090-human-r0.05,477m-g090-control,held_out,human,20,477103346,2364538880.0,0.0,0.0,0.0,0.9468566711009739,0.9267837971511492,,0.9315475588243367,above_range,ok
c4,477m-g091-control,477m-g091-control,held_out,control,20,477103346,8703180800.0,0.0,0.0,0.0,0.897291282395895,0.9008285239254212,1.7811504751344307,1.343600152540001,ok,ok
c4,477m-g091-ai-r0.0025,477m-g091-control,held_out,ai,20,477103346,8702396329.0,21755990.0,0.0024999999054858032,0.0024937654919915207,0.8971426151313695,0.9007893097012368,1.7996903707290504,1.3442958737552302,ok,ok
c4,477m-g091-ai-r0.025,477m-g091-control,held_out,ai,20,477103346,8702669299.0,217566732.0,0.024999999945419044,0.024390243850488085,0.897096674383621,0.900768868848759,1.7671148348607417,1.3167534744255494,ok,ok
c4,477m-g091-ai-r0.05,477m-g091-control,held_out,ai,20,477103346,8703180800.0,435159040.0,0.05,0.047619047619047616,0.8967022783460946,0.9007871925338792,1.7852014421679778,1.2835695901296165,ok,ok
c4,477m-g091-ai-r0.1,477m-g091-control,held_out,ai,20,477103346,8703180800.0,870318080.0,0.1,0.09090909090909091,0.8967291906567916,0.9008584371398305,1.700034422287098,1.2187361612477157,ok,ok
c4,477m-g091-ai-r0.25,477m-g091-control,held_out,ai,20,477103346,8703180800.0,2175795200.0,0.25,0.2,0.8969037678457448,0.901271846054434,1.4733787705749766,1.0402068556592794,ok,ok
c4,477m-g091-ai-r0.5,477m-g091-control,held_out,ai,20,477103346,8703180800.0,4351590400.0,0.5,0.3333333333333333,0.898384159965884,0.9023523960823056,1.083764875664109,0.8018402422523607,ok,ok
c4,477m-g091-ai-r1,477m-g091-control,held_out,ai,20,477103346,8703180800.0,8703180800.0,1.0,0.5,0.9017200894193009,0.9050216743466848,0.6292371743192795,0.5012066528865886,ok,ok
c4,477m-g091-human-r0.0025,477m-g091-control,held_out,human,20,477103346,8724152320.0,0.0,0.0,0.0,0.8972826315128656,0.9007938508327353,1.7781848035388368,1.343840424060152,ok,ok
c4,477m-g091-human-r0.025,477m-g091-control,held_out,human,20,477103346,8920236032.0,0.0,0.0,0.0,0.8967660949040607,0.9004754879279785,1.8186410920584801,1.3460724775027328,ok,ok
c4,477m-g091-human-r0.05,477m-g091-control,held_out,human,20,477103346,9138339840.0,0.0,0.0,0.0,0.8958722954726545,0.9001332601770236,1.9229726577164745,1.3485285746143498,ok,ok
c4,477m-g092-control,477m-g092-control,held_out,control,20,477103346,9007267840.0,0.0,0.0,0.0,0.8965204022826958,0.900337463736131,1.8404729286097805,1.3470555945326017,ok,ok
c4,477m-g092-ai-r0.0025,477m-g092-control,held_out,ai,20,477103346,9007784045.0,22552467.0,0.0025036642627459882,0.0024974115826172216,0.8963968078209501,0.9002985794430958,1.8560395530343317,1.347584361759218,ok,ok
c4,477m-g092-ai-r0.025,477m-g092-control,held_out,ai,20,477103346,9006830431.0,224832673.0,0.02496246317974008,0.02435451450807189,0.896130909252106,0.900285925910634,1.8593641937171106,1.3194632199919796,ok,ok
c4,477m-g092-ai-r0.05,477m-g092-control,held_out,ai,20,477103346,9007470387.0,449636557.0,0.04991818320590167,0.04754483159199854,0.8957987006014196,0.9003045233952733,1.870712143233539,1.2861914507060035,ok,ok
c4,477m-g092-ai-r0.1,477m-g092-control,held_out,ai,20,477103346,9007611810.0,901431390.0,0.10007440473836317,0.090970578269353,0.8958897290122089,0.9003776037750553,1.7705873897614104,1.2207481144457366,ok,ok
c4,477m-g092-ai-r0.25,477m-g092-control,held_out,ai,20,477103346,9007186651.0,2262908197.0,0.25123362984253983,0.20078874468404118,0.8960178588610086,0.9008066145962672,1.5387155880130345,1.0392735098204815,ok,ok
c4,477m-g092-ai-r0.5,477m-g092-control,held_out,ai,20,477103346,9007021193.0,4553163639.0,0.5055127040822984,0.3357744525911784,0.8972527427174762,0.9019384331057464,1.14695481150256,0.7950995912744104,ok,ok
c4,477m-g092-ai-r1,477m-g092-control,held_out,ai,20,477103346,9007405771.0,9193776437.0,1.0206908260533831,0.5051197406814071,0.9003522961860614,0.904765002667232,0.6658719426063766,0.4875198771560884,ok,ok
c4,477m-g092-human-r0.0025,477m-g092-control,held_out,human,20,477103346,9030336512.0,0.0,0.0,0.0,0.8964659975136205,0.900301207769593,1.844651389875018,1.347315477162384,ok,ok
c4,477m-g092-human-r0.025,477m-g092-control,held_out,human,20,477103346,9231663104.0,0.0,0.0,0.0,0.8956109182058114,0.8999904765664426,1.949827108452713,1.3495723480031026,ok,ok
c4,477m-g092-human-r0.05,477m-g092-control,held_out,human,20,477103346,9457106944.0,0.0,0.0,0.0,0.8952084688045026,0.8996541516295075,1.976298146901248,1.3520793772703794,ok,ok
c4,477m-g093-control,477m-g093-control,held_out,control,20,477103346,17406361600.0,0.0,0.0,0.0,0.8817066913434912,0.8923072593428721,,1.4450570488322445,below_range,ok
c4,477m-g093-ai-r0.05,477m-g093-control,held_out,ai,20,477103346,17406361600.0,870318080.0,0.05,0.047619047619047616,0.8817238650920688,0.892345278238975,,1.3704304812951895,below_range,ok
c4,477m-g093-ai-r0.25,477m-g093-control,held_out,ai,20,477103346,17406361600.0,4351590400.0,0.25,0.2,0.883008240851138,0.8931515502744181,,1.0547893062348421,below_range,ok
c4,477m-g093-ai-r1,477m-g093-control,held_out,ai,20,477103346,17406361600.0,17406361600.0,1.0,0.5,0.8899191878980025,0.8993897834815241,0.9657043764684187,0.3749666782429877,ok,ok
c4,477m-g094-control,477m-g094-control,held_out,control,20,477103346,18014535680.0,0.0,0.0,0.0,0.8811120953711639,0.8919532631843087,,1.453155610339273,below_range,ok
c4,477m-g094-ai-r0.05,477m-g094-control,held_out,ai,20,477103346,18014228305.0,899985583.0,0.049959707835511416,0.04758250003564726,0.8808192791706027,0.8919930820883154,,1.3777669635910537,below_range,ok
c4,477m-g094-ai-r0.1,477m-g094-control,held_out,ai,20,477103346,18014384010.0,1802653814.0,0.1000674690291561,0.09096484701749137,0.8813509619063609,0.8921148128977443,,1.2969755246244388,below_range,ok
c4,477m-g094-ai-r0.25,477m-g094-control,held_out,ai,20,477103346,18014802090.0,4526436182.0,0.2512620543587665,0.20080690010817165,0.8820293365562168,0.8928272482369077,,1.054023077122855,below_range,ok
c4,477m-g094-ai-r0.5,477m-g094-control,held_out,ai,20,477103346,18014313383.0,9105007705.0,0.5054318480765602,0.3357387773630095,0.8853633981751102,0.8947087656987911,2.7545216775795787,0.722913577399693,ok,ok
c4,477m-g094-ai-r1,477m-g094-control,held_out,ai,20,477103346,18014673411.0,18387691005.0,1.0207063200919442,0.505123535242618,0.8894054324611556,0.8994116075775541,0.9904179919053594,0.35797868525097265,ok,ok
c4,477m-g095-control,477m-g095-control,held_out,control,20,477103346,26109542400.0,0.0,0.0,0.0,0.8750281857001638,0.8884726748066559,,1.5818435261223847,below_range,ok
c4,477m-g095-ai-r0.25,477m-g095-control,held_out,ai,20,477103346,26109542400.0,6527385600.0,0.25,0.2,0.876444937795001,0.8896142375873561,,1.073323172036397,below_range,ok
c4,477m-g095-ai-r0.5,477m-g095-control,held_out,ai,20,477103346,26109542400.0,13054771200.0,0.5,0.3333333333333333,0.880020015954176,0.892032876000658,,0.6623825694640801,below_range,ok
c4,477m-g095-ai-r1,477m-g095-control,held_out,ai,20,477103346,26109542400.0,26109542400.0,1.0,0.5,0.8848386227493253,0.8980076284688395,1.6493246093551408,0.27947202173709135,ok,ok
c4,477m-g096-control,477m-g096-control,held_out,control,20,477103346,34812723200.0,0.0,0.0,0.0,0.8704790563293161,0.8861644381691871,,1.7862033820221952,below_range,ok
c4,477m-g096-ai-r0.05,477m-g096-control,held_out,ai,20,477103346,34812723200.0,1740636160.0,0.05,0.047619047619047616,0.8707220125378913,0.8862354382444534,,1.676093370844346,below_range,ok
c4,477m-g096-ai-r0.25,477m-g096-control,held_out,ai,20,477103346,34812723200.0,8703180800.0,0.25,0.2,0.8725036330782237,0.887574377686769,,1.096465863403647,below_range,ok
c4,477m-g096-ai-r0.5,477m-g096-control,held_out,ai,20,477103346,34812723200.0,17406361600.0,0.5,0.3333333333333333,0.8754941447617848,0.890559584620157,,0.5925275417171033,below_range,ok
c4,973m-g097-control,973m-g097-control,held_out,control,26,972949562,4591714304.0,0.0,0.0,0.0,0.8949191228479904,0.8807747706004767,,0.9223985004968984,above_range,ok
c4,973m-g098-control,973m-g098-control,held_out,control,26,972949562,18367905792.0,0.0,0.0,0.0,0.8509850868366857,0.8609417124176394,8.115750538558386,1.3738014569419066,ok,ok
c4,973m-g098-ai-r0.05,973m-g098-control,held_out,ai,26,972949562,18368055588.0,918402779.0,0.04999999997822306,0.04761904759929529,0.8507818495384635,0.8609253916022926,8.45510630079707,1.3106963609169013,ok,ok
c4,973m-g098-ai-r0.1,973m-g098-control,held_out,ai,26,972949562,18368191767.0,1836819176.0,0.09999999996189064,0.09090909087759558,0.85046060641451,0.8609968475208833,9.632142851193718,1.241437983450644,ok,ok
c4,973m-g098-ai-r0.25,973m-g098-control,held_out,ai,26,972949562,18367696076.0,4591924019.0,0.25,0.2,0.8509708008369669,0.8614121697249535,6.531365604326847,1.0449087574332836,ok,ok
c4,973m-g098-ai-r0.5,973m-g098-control,held_out,ai,26,972949562,18368255317.0,9184127658.0,0.4999999999727791,0.33333333332123516,0.8526967811925783,0.862496754528403,3.2155065517051615,0.7784384030599271,ok,ok
c4,973m-g098-ai-r1,973m-g098-control,held_out,ai,26,972949562,18368430080.0,18368430080.0,1.0,0.5,0.8553123043200901,0.8651766566390396,1.4435135786290973,0.4521224087497917,ok,ok
c4,973m-g099-control,973m-g099-control,held_out,control,26,972949562,36736860160.0,0.0,0.0,0.0,0.8376730799547586,0.8549526735192323,,1.5337100495833487,below_range,ok
c4,973m-g099-ai-r0.05,973m-g099-control,held_out,ai,26,972949562,36736111177.0,1836805558.0,0.049999999976862004,0.04761904759806077,0.8376631127452794,0.8549928485796403,,1.4506759611939384,below_range,ok
c4,973m-g099-ai-r0.1,973m-g099-control,held_out,ai,26,972949562,36736383534.0,3673638353.0,0.09999999998911162,0.09090909090009223,0.8377879225905952,0.8551117668521621,,1.3570136848933412,below_range,ok
c4,973m-g099-ai-r0.25,973m-g099-control,held_out,ai,26,972949562,36736231014.0,9184057753.0,0.24999999998638947,0.19999999999128926,0.838525515654627,0.8558021503006586,,1.0671534849038464,below_range,ok
c4,973m-g099-ai-r0.5,973m-g099-control,held_out,ai,26,972949562,36736510634.0,18368255317.0,0.5,0.3333333333333333,0.8409372582703737,0.8576065256470969,,0.6843244332303372,below_range,ok
fw22,19.9m-g001-control,19.9m-g001-control,fit,control,4,19923026,57671680.0,0.0,0.0,0.0,1.4702161925936197,1.4472288729958458,,,above_range,above_range
fw22,19.9m-g001-ai-r0.05,19.9m-g001-control,fit,ai,4,19923026,58029803.0,2525461.0,0.043520068472402015,0.04170506134693757,1.4559152560731168,1.4362477820049033,,,above_range,above_range
fw22,19.9m-g001-ai-r0.1,19.9m-g001-control,fit,ai,4,19923026,58333666.0,5105182.0,0.08751690661786969,0.08047406535503293,1.4326439362206913,1.426585575173889,,,above_range,above_range
fw22,19.9m-g001-ai-r0.25,19.9m-g001-control,fit,ai,4,19923026,58887076.0,13202524.0,0.22420070577116105,0.18314048073508524,1.395758418551187,1.4035508112158883,1.0509354132406923,,ok,above_range
fw22,19.9m-g001-ai-r0.5,19.9m-g001-control,fit,ai,4,19923026,59404458.0,27103062.0,0.45624626353799913,0.313302959095348,1.3736634786309392,1.3782763165093213,1.0775047826062139,1.0288104461799459,ok,ok
fw22,19.9m-g001-ai-r1,19.9m-g001-control,fit,ai,4,19923026,59051985.0,56291375.0,0.9532511904553251,0.48803307793357154,1.3550980604255107,1.3509118895991425,0.9959024899354609,1.05070912646959,ok,ok
fw22,19.9m-g002-control,19.9m-g002-control,fit,control,4,19923026,57671680.0,0.0,0.0,0.0,1.4701809600035327,1.4472288729958458,,,above_range,above_range
fw22,19.9m-g002-ai-r0.0227,19.9m-g002-control,fit,ai,4,19923026,57674513.0,1307887.0,0.022677035868512666,0.022174190945095484,1.4694997858118541,1.4418067045609562,,,above_range,above_range
fw22,19.9m-g002-ai-r0.0459,19.9m-g002-control,fit,ai,4,19923026,57646901.0,2646219.0,0.04590392465329576,0.04388923645019531,1.453786466785761,1.4367031512703807,,,above_range,above_range
fw22,19.9m-g002-ai-r2.01,19.9m-g002-control,fit,ai,4,19923026,57664325.0,116137147.0,2.0140207485303954,0.6682172806913856,1.3405330387166667,1.3282168400187944,0.8063181903342076,0.9744877605671151,ok,ok
fw22,19.9m-g002-ai-r4.24,19.9m-g002-control,fit,ai,4,19923026,57677892.0,244574140.0,4.240344636728402,0.8091728561149921,1.3250962478457868,1.317222301482015,0.588071661056924,0.6618805524869711,ok,ok
fw22,19.9m-g002-ai-r8.73,19.9m-g002-control,fit,ai,4,19923026,57659633.0,503590671.0,8.733851479769218,0.8972657429509383,1.3225665076442028,1.3166254848916648,0.32916888961694946,0.35956440226332104,ok,ok
fw22,19.9m-g002-ai-r17.7,19.9m-g002-control,fit,ai,4,19923026,57674520.0,1020261608.0,17.68998871598758,0.9464954198102543,1.3235108745728978,1.3186624758906529,0.16894593512401102,0.18170243691388754,ok,ok
fw22,19.9m-g002-ai-r35.5,19.9m-g002-control,fit,ai,4,19923026,57668393.0,2048134359.0,35.51571757860497,0.9726145324175167,1.3257767656154105,1.3208778490226711,0.08352779191914998,0.08999435554238662,ok,ok
fw22,19.9m-g002-ai-r70.6,19.9m-g002-control,fit,ai,4,19923026,57670394.0,4069524742.0,70.5652321709472,0.9860267343559885,1.3238588782957257,1.3231641510225545,0.04389141855502392,0.04435870515696107,ok,ok
fw22,19.9m-g002-human-r0.025,19.9m-g002-control,fit,human,4,19923026,58982400.0,0.0,0.0,0.0,1.462184940046713,1.4438351497786281,,,above_range,above_range
fw22,19.9m-g002-human-r0.05,19.9m-g002-control,fit,human,4,19923026,60555264.0,0.0,0.0,0.0,1.455829339220293,1.4399040986509282,,,above_range,above_range
fw22,19.9m-g002-human-r4,19.9m-g002-control,fit,human,4,19923026,288358400.0,0.0,0.0,0.0,1.2559116125186687,1.2732383237262659,1.6561632303218778,1.278079815939303,ok,ok
fw22,19.9m-g003-control,19.9m-g003-control,fit,control,4,19923026,57671680.0,0.0,0.0,0.0,1.468713154747386,1.4472288729958458,,,above_range,above_range
fw22,19.9m-g003-ai-r0.025,19.9m-g003-control,fit,ai,4,19923026,57674513.0,1307887.0,0.022677035868512666,0.022174190945095484,1.4548565540848202,1.4418067045609562,,,above_range,above_range
fw22,19.9m-g003-ai-r0.05,19.9m-g003-control,fit,ai,4,19923026,57646901.0,2646219.0,0.04590392465329576,0.04388923645019531,1.4458861418577638,1.4367031512703807,,,above_range,above_range
fw22,19.9m-g003-ai-r0.1,19.9m-g003-control,fit,ai,4,19923026,57730555.0,5184005.0,0.0897965557407165,0.0823975404103597,1.4320027076666388,1.4276164236896713,,,above_range,above_range
fw22,19.9m-g003-ai-r2,19.9m-g003-control,fit,ai,4,19923026,57664325.0,116137147.0,2.0140207485303954,0.6682172806913856,1.3338622447485697,1.3282168400187944,0.8924576063002679,0.9744877605671151,ok,ok
fw22,19.9m-g003-ai-r8,19.9m-g003-control,fit,ai,4,19923026,57659633.0,503590671.0,8.733851479769218,0.8972657429509383,1.3208729742331526,1.3166254848916648,0.3376821600140131,0.35956440226332104,ok,ok
fw22,19.9m-g003-human-r0.025,19.9m-g003-control,fit,human,4,19923026,58982400.0,0.0,0.0,0.0,1.4564709550319503,1.4438351497786281,,,above_range,above_range
fw22,19.9m-g003-human-r0.05,19.9m-g003-control,fit,human,4,19923026,60555264.0,0.0,0.0,0.0,1.4446735267999966,1.4399040986509282,,,above_range,above_range
fw22,19.9m-g004-control,19.9m-g004-control,fit,control,4,19923026,57671680.0,0.0,0.0,0.0,1.4731642211036213,1.4472288729958458,,,above_range,above_range
fw22,19.9m-g004-ai-r0.025,19.9m-g004-control,fit,ai,4,19923026,57674513.0,1307887.0,0.022677035868512666,0.022174190945095484,1.4645935416410611,1.4418067045609562,,,above_range,above_range
fw22,19.9m-g004-ai-r0.05,19.9m-g004-control,fit,ai,4,19923026,57646901.0,2646219.0,0.04590392465329576,0.04388923645019531,1.4560534049627865,1.4367031512703807,,,above_range,above_range
fw22,19.9m-g004-ai-r0.1,19.9m-g004-control,fit,ai,4,19923026,57730555.0,5184005.0,0.0897965557407165,0.0823975404103597,1.4391885655557464,1.4276164236896713,,,above_range,above_range
fw22,19.9m-g004-human-r0.025,19.9m-g004-control,fit,human,4,19923026,58982400.0,0.0,0.0,0.0,1.4668058397487551,1.4438351497786281,,,above_range,above_range
fw22,19.9m-g004-human-r0.05,19.9m-g004-control,fit,human,4,19923026,60555264.0,0.0,0.0,0.0,1.4562628067390957,1.4399040986509282,,,above_range,above_range
fw22,19.9m-g005-control,19.9m-g005-control,fit,control,4,19923026,94109696.0,0.0,0.0,0.0,1.350363232865395,1.3805002483474205,1.297122816930058,0.9254363949121447,ok,ok
fw22,19.9m-g005-ai-r0.025,19.9m-g005-control,fit,ai,4,19923026,94056774.0,2150074.0,0.022859321115988946,0.022348450704881215,1.344375490016345,1.3763175663772793,1.3775401593313417,0.9432223517732303,ok,ok
fw22,19.9m-g005-ai-r0.05,19.9m-g005-control,fit,ai,4,19923026,94012996.0,4291004.0,0.04564266838172033,0.04365034993489583,1.3411305646375802,1.3726468592492767,1.4130368050837887,0.9581620429798815,ok,ok
fw22,19.9m-g005-ai-r0.1,19.9m-g005-control,fit,ai,4,19923026,94146721.0,8613727.0,0.09149258634296993,0.08382336947382713,1.3355818101623012,1.366241394112005,1.4698488105591287,0.9812971407941476,ok,ok
fw22,19.9m-g005-ai-r0.25,19.9m-g005-control,fit,ai,4,19923026,94136107.0,22255829.0,0.2364218120895949,0.1912145270957603,1.330268317037444,1.3536939898996923,1.409369778513254,1.004513170038784,ok,ok
fw22,19.9m-g005-ai-r0.5,19.9m-g005-control,fit,ai,4,19923026,94190370.0,45532382.0,0.48340803842261154,0.3258766474911688,1.3230437363716054,1.3443941112895557,1.3126895103955365,0.9482614183792564,ok,ok
fw22,19.9m-g005-ai-r1,19.9m-g005-control,fit,ai,4,19923026,94077158.0,93880090.0,0.9979052513469848,0.49947576376517283,1.3147310574732376,1.340012741503468,1.1035427811401262,0.751377816987389,ok,ok
fw22,19.9m-g005-ai-r2,19.9m-g005-control,fit,ai,4,19923026,94113990.0,196865850.0,2.091780935012956,0.6765618195404878,1.3054434589684465,1.3408385161115255,0.812169831762843,0.4794391383630677,ok,ok
fw22,19.9m-g005-ai-r4,19.9m-g005-control,fit,ai,4,19923026,94100233.0,405808375.0,4.3125119041947535,0.8117651276770973,1.305947379732477,1.3436629208040398,0.4694633418375633,0.2678183943195291,ok,ok
fw22,19.9m-g005-ai-r8,19.9m-g005-control,fit,ai,4,19923026,94104303.0,827069713.0,8.788861790942759,0.897843077024005,1.3083350262305111,1.3473443105967635,0.24648029186295567,0.13802048311605639,ok,ok
fw22,19.9m-g005-ai-r16,19.9m-g005-control,fit,ai,4,19923026,94113097.0,1663300279.0,17.67341987481296,0.9464479454377386,1.3139426281578241,1.3515326550370612,0.11936889240706992,0.0684028199566977,ok,ok
fw22,19.9m-g005-ai-r32,19.9m-g005-control,fit,ai,4,19923026,94109283.0,3318219165.0,35.2592120481887,0.9724208016801084,1.3164153064381792,1.3560022676018986,0.05932143179059648,0.03328811107844219,ok,ok
fw22,19.9m-g005-ai-r64,19.9m-g005-control,fit,ai,4,19923026,94109378.0,6598164798.0,70.11166090163724,0.9859376087223836,1.3193600201738418,1.3606297071739806,0.0289663670560364,0.01605655170019845,ok,ok
fw22,19.9m-g005-human-r0.025,19.9m-g005-control,fit,human,4,19923026,96206848.0,0.0,0.0,0.0,1.3438882428436272,1.377827982190349,1.3871494630814982,0.9291819037484355,ok,ok
fw22,19.9m-g005-human-r0.05,19.9m-g005-control,fit,human,4,19923026,98304000.0,0.0,0.0,0.0,1.340245308829013,1.3752387851698793,1.431671697715701,0.9331525789352121,ok,ok
fw22,19.9m-g005-human-r4,19.9m-g005-control,fit,human,4,19923026,499908608.0,0.0,0.0,0.0,1.23747895912871,1.2372819409743587,1.2988039910069227,1.3033668916908239,ok,ok
fw22,19.9m-g006-control,19.9m-g006-control,fit,control,4,19923026,230686720.0,0.0,0.0,0.0,1.268022917907414,1.290545248725768,1.723145343533801,1.2552481696171223,ok,ok
fw22,19.9m-g006-ai-r0.05,19.9m-g006-control,fit,ai,4,19923026,230768830.0,11452226.0,0.04962639885117934,0.04728005974839776,1.2660177339922793,1.2883617726841141,1.6903528353113804,1.2316926819493297,ok,ok
fw22,19.9m-g006-ai-r0.1,19.9m-g006-control,fit,ai,4,19923026,230710072.0,23045320.0,0.09988866025753744,0.09081706527836067,1.26420727516713,1.2883016921021953,1.6576091791779635,1.1766743746034594,ok,ok
fw22,19.9m-g006-ai-r0.25,19.9m-g006-control,fit,ai,4,19923026,229917889.0,58440511.0,0.2541799215980102,0.20266623410311613,1.2652578249588438,1.288857290497072,1.4360112242906835,1.0276283122859473,ok,ok
fw22,19.9m-g006-ai-r0.5,19.9m-g006-control,fit,ai,4,19923026,227962853.0,118067227.0,0.5179230977601426,0.34120509696729256,1.2679939400144624,1.2903156326340617,1.1492523234661625,0.8394589052424756,ok,ok
fw22,19.9m-g006-ai-r1,19.9m-g006-control,fit,ai,4,19923026,224956081.0,236417359.0,1.0509489583435623,0.5124208255247636,1.2697587710682021,1.2933246271654755,0.8399847017378026,0.6042999181449478,ok,ok
fw22,19.9m-g007-control,19.9m-g007-control,fit,control,4,19923026,230686720.0,0.0,0.0,0.0,1.26832865338922,1.290545248725768,1.71543532566902,1.2552481696171223,ok,ok
fw22,19.9m-g007-ai-r0.0244,19.9m-g007-control,fit,ai,4,19923026,230568834.0,5622910.0,0.024387120767588217,0.02380654761582183,1.267893438500033,1.288853793044772,1.6861858559262124,1.2546561996105405,ok,ok
fw22,19.9m-g007-ai-r0.0495,19.9m-g007-control,fit,ai,4,19923026,230792406.0,11428650.0,0.04951917698713189,0.0471827271696809,1.2669875744937924,1.2883548643500913,1.6662842423587612,1.2318092058968668,ok,ok
fw22,19.9m-g007-ai-r2.13,19.9m-g007-control,fit,ai,4,19923026,230719713.0,491224863.0,2.129097928446192,0.6804190783199402,1.2711462409434573,1.295619805131348,0.5261071339374893,0.37432153106406707,ok,ok
fw22,19.9m-g007-ai-r4.32,19.9m-g007-control,fit,ai,4,19923026,230686064.0,996672144.0,4.320469675185927,0.8120466686120048,1.2803378623777963,1.302046169349009,0.2715811607451591,0.20173248732151378,ok,ok
fw22,19.9m-g007-ai-r8.71,19.9m-g007-control,fit,ai,4,19923026,230668279.0,2009614345.0,8.712140020778497,0.897036080836915,1.291833987076086,1.3103578595102872,0.12700398870413313,0.09852322029084724,ok,ok
fw22,19.9m-g007-ai-r17.5,19.9m-g007-control,fit,ai,4,19923026,230681632.0,4026012640.0,17.452679717473128,0.9458073290540514,1.3012258004340413,1.3198872489214786,0.058822020674398866,0.045184604216910645,ok,ok
fw22,19.9m-g007-ai-r34.7,19.9m-g007-control,fit,ai,4,19923026,230687968.0,8008497952.0,34.71571587123261,0.9720011211981486,1.3077754915997417,1.3300798072538034,0.027772709462181234,0.019968273715096536,ok,ok
fw22,19.9m-g007-ai-r69,19.9m-g007-control,fit,ai,4,19923026,230689109.0,15919740587.0,69.00950225179464,0.9857162246861373,1.3129088042513328,1.340677600151572,0.013182353166174656,0.00865856458945355,ok,ok
fw22,19.9m-g007-human-r0.025,19.9m-g007-control,fit,human,4,19923026,236453888.0,0.0,0.0,0.0,1.2682960862181616,1.2885437722264121,1.6743945627113057,1.2585938669540395,ok,ok
fw22,19.9m-g007-human-r0.05,19.9m-g007-control,fit,human,4,19923026,242221056.0,0.0,0.0,0.0,1.2641496048777097,1.2866117832102233,1.738042003938853,1.2616151236874003,ok,ok
fw22,19.9m-g007-human-r2,19.9m-g007-control,fit,human,4,19923026,692060160.0,0.0,0.0,0.0,1.222065084611332,1.2198447866231221,1.2566555898685046,1.3150996804534283,ok,ok
fw22,19.9m-g007-human-r4,19.9m-g007-control,fit,human,4,19923026,1153433600.0,0.0,0.0,0.0,1.2106294206243515,1.1971108583465682,0.9633606329916886,1.3421337641911841,ok,ok
fw22,19.9m-g008-control,19.9m-g008-control,fit,control,4,19923026,230686720.0,0.0,0.0,0.0,1.2648874359876316,1.290545248725768,1.8049433772286578,1.2552481696171223,ok,ok
fw22,19.9m-g008-ai-r2.13,19.9m-g008-control,fit,ai,4,19923026,230719713.0,491224863.0,2.129097928446192,0.6804190783199402,1.270318672541536,1.295619805131348,0.5324565907275971,0.37432153106406707,ok,ok
fw22,19.9m-g008-ai-r4.32,19.9m-g008-control,fit,ai,4,19923026,230686064.0,996672144.0,4.320469675185927,0.8120466686120048,1.2807725961001948,1.302046169349009,0.2699377208333388,0.20173248732151378,ok,ok
fw22,19.9m-g008-ai-r17.5,19.9m-g008-control,fit,ai,4,19923026,230681632.0,4026012640.0,17.452679717473128,0.9458073290540514,1.3013078109474832,1.3198872489214786,0.05875622244916278,0.045184604216910645,ok,ok
fw22,19.9m-g009-control,19.9m-g009-control,fit,control,4,19923026,230686720.0,0.0,0.0,0.0,1.2703854397727745,1.290545248725768,1.6647323468051458,1.2552481696171223,ok,ok
fw22,19.9m-g009-ai-r2.13,19.9m-g009-control,fit,ai,4,19923026,230719713.0,491224863.0,2.129097928446192,0.6804190783199402,1.2723685283330923,1.295619805131348,0.5169085547840283,0.37432153106406707,ok,ok
fw22,19.9m-g009-ai-r4.32,19.9m-g009-control,fit,ai,4,19923026,230686064.0,996672144.0,4.320469675185927,0.8120466686120048,1.2808081232950126,1.302046169349009,0.2698039546552712,0.20173248732151378,ok,ok
fw22,19.9m-g009-ai-r17.5,19.9m-g009-control,fit,ai,4,19923026,230681632.0,4026012640.0,17.452679717473128,0.9458073290540514,1.3008329637130143,1.3198872489214786,0.05913810982311179,0.045184604216910645,ok,ok
fw22,19.9m-g010-control,19.9m-g010-control,fit,control,4,19923026,376176640.0,0.0,0.0,0.0,1.245540597107056,1.2547570052277621,1.5017757873116784,1.292796227453719,ok,ok
fw22,19.9m-g010-ai-r0.025,19.9m-g010-control,fit,ai,4,19923026,376274783.0,9601185.0,0.02551641894110135,0.02488153136294821,1.2417832576794712,1.2543329543200892,1.56053449117279,1.268774615373387,ok,ok
fw22,19.9m-g010-ai-r0.05,19.9m-g010-control,fit,ai,4,19923026,376169306.0,19405990.0,0.051588446187579164,0.04905763882686951,1.2408628057138107,1.25437204290289,1.5466757551180965,1.2368996419303713,ok,ok
fw22,19.9m-g010-ai-r0.1,19.9m-g010-control,fit,ai,4,19923026,376221949.0,38752003.0,0.10300303611472705,0.09338418185823866,1.2426424734763806,1.254442875185139,1.4298626194624837,1.177758499417589,ok,ok
fw22,19.9m-g010-ai-r0.25,19.9m-g010-control,fit,ai,4,19923026,376271496.0,97160568.0,0.25821931512983914,0.20522599838104755,1.2417634111198286,1.254898471874303,1.2723654809525229,1.024931900994788,ok,ok
fw22,19.9m-g010-ai-r0.5,19.9m-g010-control,fit,ai,4,19923026,376263620.0,195472444.0,0.5195092844745394,0.3418928003814012,1.2448338518214834,1.2561177626491686,0.9999074080134298,0.832602865988629,ok,ok
fw22,19.9m-g010-ai-r1,19.9m-g010-control,fit,ai,4,19923026,376231704.0,393685224.0,1.0463903488580006,0.5113346773952215,1.24997687669279,1.2591254131921308,0.68192758025734,0.590098079882408,ok,ok
fw22,19.9m-g010-ai-r2,19.9m-g010-control,fit,ai,4,19923026,376182318.0,796912082.0,2.118419829610386,0.6793247687483633,1.2605911643165157,1.2650616358026563,0.37869129156236986,0.3540184527819356,ok,ok
fw22,19.9m-g010-ai-r4,19.9m-g010-control,fit,ai,4,19923026,376160196.0,1613774908.0,4.290126720372083,0.8109686113663332,1.2724057091461494,1.27435451067329,0.1874330926112259,0.18227029042955595,ok,ok
fw22,19.9m-g010-ai-r8,19.9m-g010-control,fit,ai,4,19923026,376185943.0,3252411305.0,8.645754487960758,0.8963274463134907,1.2850663353641194,1.2864138237976486,0.08602764745431135,0.0844464814906649,ok,ok
fw22,19.9m-g010-ai-r16,19.9m-g010-control,fit,ai,4,19923026,376174059.0,6506416661.0,17.296292780784228,0.9453441190528906,1.2955974051603463,1.3002528491254104,0.03927615618568009,0.03686572131125528,ok,ok
fw22,19.9m-g010-ai-r32,19.9m-g010-control,fit,ai,4,19923026,376174161.0,12956731823.0,34.44343914679456,0.9717860336335212,1.3046049708757137,1.31511198257936,0.01793063839323673,0.015471743028838521,ok,ok
fw22,19.9m-g010-human-r0.025,19.9m-g010-control,fit,human,4,19923026,385875968.0,0.0,0.0,0.0,1.2411971657513379,1.25310019243304,1.5763990328293027,1.2938638933497524,ok,ok
fw22,19.9m-g010-human-r0.05,19.9m-g010-control,fit,human,4,19923026,395575296.0,0.0,0.0,0.0,1.2400573772657166,1.251502628315875,1.568491389961365,1.294870747031298,ok,ok
fw22,19.9m-g010-human-r2,19.9m-g010-control,fit,human,4,19923026,1173094400.0,0.0,0.0,0.0,1.2105672946739345,1.1964440638496283,0.9485519205735949,1.343346902818941,ok,ok
fw22,19.9m-g010-human-r4,19.9m-g010-control,fit,human,4,19923026,1989935104.0,0.0,0.0,0.0,1.20250397496741,1.177952587750798,0.6772336255796079,1.3998424407586076,ok,ok
fw22,19.9m-g011-control,19.9m-g011-control,fit,control,4,19923026,461373440.0,0.0,0.0,0.0,1.2344146269210965,1.2419879951369954,1.4870930540397138,1.3005840905205825,ok,ok
fw22,19.9m-g011-ai-r0.05,19.9m-g011-control,fit,ai,4,19923026,460827327.0,23614785.0,0.051244324319334476,0.048746350523713344,1.23394146094369,1.2418896234668069,1.4285651601315812,1.240749244651094,ok,ok
fw22,19.9m-g011-ai-r0.1,19.9m-g011-control,fit,ai,4,19923026,460318967.0,47191817.0,0.10251981861090681,0.09298682606909886,1.2336339818604305,1.2420470091125735,1.371330029104016,1.1811502432490846,ok,ok
fw22,19.9m-g011-ai-r0.25,19.9m-g011-control,fit,ai,4,19923026,457730110.0,118986690.0,0.2599494492507823,0.20631736408580434,1.2380651154427387,1.2429267828330224,1.1141763021608608,1.0238624882852128,ok,ok
fw22,19.9m-g011-ai-r0.5,19.9m-g011-control,fit,ai,4,19923026,454846067.0,237214093.0,0.5215260946732557,0.34276513330864183,1.2402657455698864,1.244708389003357,0.8932855072297214,0.8278086143017487,ok,ok
fw22,19.9m-g011-ai-r1,19.9m-g011-control,fit,ai,4,19923026,450154555.0,472592325.0,1.049844591709174,0.5121581391854719,1.2462218762006325,1.2487577379806023,0.605293165407469,0.5804275160333436,ok,ok
fw22,19.9m-g012-control,19.9m-g012-control,fit,control,4,19923026,692060160.0,0.0,0.0,0.0,1.2228946131711693,1.2198447866231221,1.2357886797241684,1.3150996804534283,ok,ok
fw22,19.9m-g012-ai-r0.05,19.9m-g012-control,fit,ai,4,19923026,691745159.0,34918009.0,0.05047814002844363,0.048052537320840236,1.2228506273971298,1.2198635447491746,1.177983276238223,1.251989961475741,ok,ok
fw22,19.9m-g012-ai-r0.1,19.9m-g012-control,fit,ai,4,19923026,691129556.0,70136620.0,0.10148114690091477,0.09213153324179742,1.2228411932930743,1.2200309413302188,1.1246520128306425,1.1909536661779165,ok,ok
fw22,19.9m-g012-ai-r0.25,19.9m-g012-control,fit,ai,4,19923026,688751938.0,176323262.0,0.2560040157738184,0.20382420164166073,1.2260826467016925,1.2209243973359651,0.928089885219565,1.0289581168675972,ok,ok
fw22,19.9m-g012-ai-r0.5,19.9m-g012-control,fit,ai,4,19923026,685155833.0,352934407.0,0.5151155255508129,0.3399843225575457,1.2304655513224192,1.2230703399438,0.7110673261876754,0.8209553543125406,ok,ok
fw22,19.9m-g012-ai-r1,19.9m-g012-control,fit,ai,4,19923026,678876332.0,705243988.0,1.038840146219739,0.5095250592087255,1.2377494067427828,1.228158936427516,0.4668457647685213,0.5571966762455414,ok,ok
fw22,19.9m-g013-control,19.9m-g013-control,fit,control,4,19923026,692060160.0,0.0,0.0,0.0,1.222398822775333,1.2198447866231221,1.248199140611764,1.3150996804534283,ok,ok
fw22,19.9m-g013-ai-r2.1,19.9m-g013-control,fit,ai,4,19923026,692043914.0,1454391158.0,2.1015879607894363,0.6775845106951365,1.250674143118258,1.2366200656815396,0.24185170265329148,0.3071661043811239,ok,ok
fw22,19.9m-g013-ai-r4.25,19.9m-g013-control,fit,ai,4,19923026,692040592.0,2942848112.0,4.252421239475502,0.8096116144523362,1.2650198289352959,1.2512362052754245,0.11432420780711862,0.14152392589076293,ok,ok
fw22,19.9m-g013-ai-r8.57,19.9m-g013-control,fit,ai,4,19923026,692049449.0,5930232279.0,8.56908749449781,0.8954968276154862,1.2796901096480804,1.2702661035271738,0.050792292183728396,0.05809142313249841,ok,ok
fw22,19.9m-g013-ai-r17.2,19.9m-g013-control,fit,ai,4,19923026,692064211.0,11879313453.0,17.165045185380926,0.9449492148357114,1.291615049120521,1.2921676644825766,0.02270037660282953,0.022530095122785244,ok,ok
fw22,19.9m-g013-human-r2,19.9m-g013-control,fit,human,4,19923026,2076180480.0,0.0,0.0,0.0,1.2016024851190445,1.1766494030693895,0.6638981407291384,1.4065542126235244,ok,ok
fw22,19.9m-g014-control,19.9m-g014-control,fit,control,4,19923026,692060160.0,0.0,0.0,0.0,1.2216579700824544,1.2198447866231221,1.267084712146899,1.3150996804534283,ok,ok
fw22,19.9m-g014-ai-r0.25,19.9m-g014-control,fit,ai,4,19923026,688540181.0,176535019.0,0.2563902933647383,0.20406898614132044,1.2252895943219544,1.2209417986738405,0.9426359206038346,1.0285915286641165,ok,ok
fw22,19.9m-g014-ai-r1,19.9m-g014-control,fit,ai,4,19923026,678875134.0,705245186.0,1.0388437441280622,0.5095259247404156,1.237609413118692,1.2281590477643607,0.468007883688257,0.557195485716991,ok,ok
fw22,19.9m-g015-control,19.9m-g015-control,fit,control,4,19923026,752353280.0,0.0,0.0,0.0,1.2200150692683858,1.2157620630554344,1.2054576305783888,1.3185488516862045,ok,ok
fw22,19.9m-g015-ai-r0.05,19.9m-g015-control,fit,ai,4,19923026,752359544.0,38266760.0,0.050862330790077674,0.048400565230878025,1.2202148071929206,1.2157736904061047,1.1423849052966195,1.2544058908488307,ok,ok
fw22,19.9m-g015-ai-r0.1,19.9m-g015-control,fit,ai,4,19923026,752343517.0,76555811.0,0.101756457349788,0.09235839433567498,1.2209968560231441,1.2159062392340436,1.072273432285763,1.193079269354951,ok,ok
fw22,19.9m-g015-ai-r0.25,19.9m-g015-control,fit,ai,4,19923026,752401923.0,192365053.0,0.25566794437871204,0.20361111034431414,1.2232235103010347,1.2166716082969908,0.8992808930943739,1.0297414276231593,ok,ok
fw22,19.9m-g015-ai-r0.5,19.9m-g015-control,fit,ai,4,19923026,752332399.0,385896849.0,0.5129339764084785,0.33903262429608555,1.2281102328253983,1.2186847769776015,0.6782013091494636,0.8191309121429553,ok,ok
fw22,19.9m-g015-ai-r1,19.9m-g015-control,fit,ai,4,19923026,752306068.0,779401324.0,1.036016266719784,0.5088447885482295,1.2390806133959889,1.223697557505011,0.412061142115536,0.5494468063437545,ok,ok
fw22,19.9m-g016-control,19.9m-g016-control,fit,control,4,19923026,922746880.0,0.0,0.0,0.0,1.2160759163213746,1.2064048228374875,1.067839003814546,1.3283406788617167,ok,ok
fw22,19.9m-g016-ai-r0.05,19.9m-g016-control,fit,ai,4,19923026,922465080.0,46419144.0,0.05032076010942333,0.04790989764325031,1.216636686690218,1.2064553148368045,1.0048578170015443,1.2635692882588316,ok,ok
fw22,19.9m-g016-ai-r0.1,19.9m-g016-control,fit,ai,4,19923026,922011358.0,93010210.0,0.10087751001436145,0.09163372772784273,1.21649590049146,1.2066277452620362,0.9620707129791928,1.2012082474570842,ok,ok
fw22,19.9m-g016-ai-r0.25,19.9m-g016-control,fit,ai,4,19923026,919210741.0,234222859.0,0.2548086619888616,0.203065749948675,1.2197093114870745,1.2076508940145407,0.7912759174805323,1.0318696625596984,ok,ok
fw22,19.9m-g016-ai-r0.5,19.9m-g016-control,fit,ai,4,19923026,915090678.0,469029642.0,0.5125499071033046,0.33886479030955924,1.224876126632633,1.2101727306062033,0.593969544214336,0.811185553795501,ok,ok
fw22,19.9m-g016-ai-r1,19.9m-g016-control,fit,ai,4,19923026,907168781.0,938324979.0,1.034344433640734,0.5084411550651897,1.232773549955293,1.2162831127574205,0.38313332273932377,0.5315531581562534,ok,ok
fw22,19.9m-g017-control,19.9m-g017-control,fit,control,4,19923026,1090256896.0,0.0,0.0,0.0,1.2121367431163625,1.1993699822430055,0.9851737941424173,1.3382775968948915,ok,ok
fw22,19.9m-g017-ai-r0.05,19.9m-g017-control,fit,ai,4,19923026,1090205130.0,55102006.0,0.050542787300955,0.04811111733088861,1.2127992400590735,1.199424561483276,0.9240906958668935,1.2721574893120244,ok,ok
fw22,19.9m-g017-ai-r0.1,19.9m-g017-control,fit,ai,4,19923026,1090295462.0,110324058.0,0.10118730366686604,0.0918892756299681,1.2128456753238337,1.199593146767831,0.880610522087755,1.208284161492454,ok,ok
fw22,19.9m-g017-ai-r0.25,19.9m-g017-control,fit,ai,4,19923026,1090360149.0,276720811.0,0.2537884489393605,0.20241728112430152,1.2158119913125782,1.2005927779850791,0.724865013084468,1.0343409123924678,ok,ok
fw22,19.9m-g017-ai-r0.5,19.9m-g017-control,fit,ai,4,19923026,1090179859.0,556608749.0,0.5105659808378463,0.33799647768756,1.2219362544022228,1.2032395853694156,0.5294886418902722,0.8035801516607602,ok,ok
fw22,19.9m-g017-ai-r1,19.9m-g017-control,fit,ai,4,19923026,1090315167.0,1124539489.0,1.0313893844971158,0.5077260875577743,1.2306344809101097,1.2098188311144993,0.3322163038285303,0.5110470768870287,ok,ok
fw22,19.9m-g017-ai-r2,19.9m-g017-control,fit,ai,4,19923026,1090250034.0,2276465358.0,2.088021359327928,0.6761680430158559,1.2444580147042537,1.2228504778653597,0.1708844773251511,0.25425363734044704,ok,ok
fw22,19.9m-g017-ai-r4,19.9m-g017-control,fit,ai,4,19923026,1090242292.0,4609030412.0,4.227528546471026,0.8087050140213821,1.2609544182312529,1.2433483829597871,0.07751663444435981,0.10286378232725737,ok,ok
fw22,19.9m-g017-ai-r8,19.9m-g017-control,fit,ai,4,19923026,1090247040.0,9294587520.0,8.525212340865425,0.8950154637802915,1.2756865519610734,1.270081928422047,0.0342703488016788,0.037143470430574414,ok,ok
fw22,19.9m-g017-ai-r16,19.9m-g017-control,fit,ai,4,19923026,1090259118.0,18679592786.0,17.133168141043697,0.944852438789417,1.2895023060545947,1.3009933271945937,0.014857120224372335,0.01270534650931943,ok,ok
fw22,19.9m-g017-human-r2,19.9m-g017-control,fit,human,4,19923026,3366715392.0,0.0,0.0,0.0,1.1958432044698688,1.1634272700062378,0.47570825586420706,,ok,below_range
fw22,19.9m-g018-control,19.9m-g018-control,fit,control,4,19923026,1153433600.0,0.0,0.0,0.0,1.2114872877723115,1.1971108583465682,0.9448683220286146,1.3421337641911841,ok,ok
fw22,19.9m-g018-ai-r0.05,19.9m-g018-control,fit,ai,4,19923026,1153087802.0,58017478.0,0.0503148831332447,0.04790457027815121,1.2120231846134737,1.1971792145922129,0.8891236101036952,1.2759026851162683,ok,ok
fw22,19.9m-g018-ai-r0.1,19.9m-g018-control,fit,ai,4,19923026,1152613939.0,116163021.0,0.1007822455286132,0.09155511540814865,1.2127549756982572,1.1973734475448528,0.834983441938428,1.2116471489262595,ok,ok
fw22,19.9m-g018-ai-r0.25,19.9m-g018-control,fit,ai,4,19923026,1149500156.0,292291844.0,0.2542773417422659,0.20272816328568893,1.2158899059408435,1.1985286513230105,0.6861530074347686,1.0343382476659513,ok,ok
fw22,19.9m-g018-ai-r0.5,19.9m-g018-control,fit,ai,4,19923026,1144636093.0,585514307.0,0.5115287824494628,0.33841815543897225,1.2211302067502618,1.2014385207940022,0.512317278586369,0.799971624607821,ok,ok
fw22,19.9m-g018-ai-r1,19.9m-g018-control,fit,ai,4,19923026,1135305759.0,1171561441.0,1.0319347292239007,0.5078582074425437,1.2304565270895513,1.208521500194293,0.3200346436997076,0.5055611365442476,ok,ok
fw22,19.9m-g019-control,19.9m-g019-control,fit,control,4,19923026,1453850624.0,0.0,0.0,0.0,1.2068257632399668,1.1884041258371627,0.8347124838222882,1.3613873054139878,ok,ok
fw22,19.9m-g019-ai-r0.05,19.9m-g019-control,fit,ai,4,19923026,1453726534.0,73262266.0,0.05039618132195419,0.047978260220376205,1.2068803613799466,1.188480476237541,0.7937066587871218,1.2932160810252187,ok,ok
fw22,19.9m-g019-ai-r0.1,19.9m-g019-control,fit,ai,4,19923026,1453747663.0,146641457.0,0.10087132776357213,0.09162862654302474,1.2081788279624093,1.188691949762753,0.7345690574742375,1.2261190821964012,ok,ok
fw22,19.9m-g019-ai-r0.25,19.9m-g019-control,fit,ai,4,19923026,1453951388.0,367949412.0,0.25306857920892195,0.20195908141650742,1.2119048478919565,1.189924054347048,0.5926106308958697,1.038458799081913,ok,ok
fw22,19.9m-g019-ai-r0.5,19.9m-g019-control,fit,ai,4,19923026,1453848430.0,740296850.0,0.5091980943295443,0.3373964599098926,1.2184223219260146,1.1931893266467914,0.42727269881328817,0.7852285043746619,ok,ok
fw22,19.9m-g019-ai-r1,19.9m-g019-control,fit,ai,4,19923026,1453836774.0,1494758938.0,1.0281477018134637,0.5069392632963308,1.2277062304908475,1.2013232014421678,0.26384420651399737,0.47076656017200774,ok,ok
fw22,19.9m-g020-control,19.9m-g020-control,fit,control,4,19923026,1743257600.0,0.0,0.0,0.0,1.203895274076012,1.1821806889868398,0.7469853656079022,1.3814661685011478,ok,ok
fw22,19.9m-g020-ai-r0.05,19.9m-g020-control,fit,ai,4,19923026,1743170529.0,87643167.0,0.05027802245502511,0.04787115542749359,1.2048523135622593,1.1822680491983393,0.694892117741852,1.311597818780674,ok,ok
fw22,19.9m-g020-ai-r0.1,19.9m-g020-control,fit,ai,4,19923026,1743299093.0,175594987.0,0.10072568023759076,0.09150843125223462,1.2058412791873097,1.1825079883256135,0.6474070359936286,1.2415124802459974,ok,ok
fw22,19.9m-g020-ai-r0.25,19.9m-g020-control,fit,ai,4,19923026,1743301562.0,440357958.0,0.2525999905000946,0.20166054000946082,1.2093033199296848,1.1839203048815614,0.5245188989044998,1.0419144813116774,ok,ok
fw22,19.9m-g020-ai-r0.5,19.9m-g020-control,fit,ai,4,19923026,1743303402.0,886263062.0,0.5083814217211056,0.33703771101942376,1.2156827432233044,1.1876500704967623,0.3778990131667339,0.7700189296941669,ok,ok
fw22,19.9m-g020-ai-r1,19.9m-g020-control,fit,ai,4,19923026,1743307428.0,1789869404.0,1.02670898732613,0.5065892507244879,1.2252332610606143,1.1969544068620994,0.2310542916658863,0.43997842100612194,ok,ok
fw22,35.8m-g021-control,35.8m-g021-control,fit,control,6,35782802,115867648.0,0.0,0.0,0.0,1.262285298557897,1.2875171699104024,1.1540270464513958,,ok,above_range
fw22,35.8m-g021-ai-r0.05,35.8m-g021-control,fit,ai,6,35782802,116278833.0,5355983.0,0.0460615475905232,0.044033305398349105,1.2577340488477784,1.2794254862906085,1.1575894644999778,,ok,above_range
fw22,35.8m-g021-ai-r0.1,35.8m-g021-control,fit,ai,6,35782802,116600429.0,10801555.0,0.09263735213186909,0.08478325580863795,1.2549193699656227,1.272439586628797,1.1422215743169528,,ok,above_range
fw22,35.8m-g021-ai-r0.25,35.8m-g021-control,fit,ai,6,35782802,116996419.0,27969213.0,0.2390604194475388,0.19293685416416492,1.2437363659683742,1.2561176072986888,1.1549227763934056,0.9897472455705474,ok,ok
fw22,35.8m-g021-ai-r0.5,35.8m-g021-control,fit,ai,6,35782802,117031726.0,56769746.0,0.48507996882828164,0.32663558798857584,1.2358218583980205,1.239374834115865,1.0760857596033737,1.0224711643846103,ok,ok
fw22,35.8m-g021-ai-r1,35.8m-g021-control,fit,ai,6,35782802,115655617.0,116341823.0,1.0059331835132572,0.5014789085603704,1.226315576183432,1.222410652558342,0.9372426266515917,1.0040252574872401,ok,ok
fw22,35.8m-g022-control,35.8m-g022-control,fit,control,6,35782802,115867648.0,0.0,0.0,0.0,1.2617620637526898,1.2875171699104024,1.160788825842817,,ok,above_range
fw22,35.8m-g022-ai-r0.0234,35.8m-g022-control,fit,ai,6,35782802,115778715.0,2710373.0,0.02340994197422212,0.022874452371512893,1.2602110843258219,1.2835327076722756,1.1551024506739567,,ok,above_range
fw22,35.8m-g022-ai-r0.0465,35.8m-g022-control,fit,ai,6,35782802,115980733.0,5391939.0,0.046489954499597794,0.04442465434064103,1.2587241938339848,1.2796334394529036,1.1469348637602608,,ok,above_range
fw22,35.8m-g022-ai-r2.1,35.8m-g022-control,fit,ai,6,35782802,115823295.0,243313985.0,2.1007344420653893,0.6774957615093593,1.2204231409485613,1.2106930510989695,0.6728274496772135,0.8153799027672354,ok,ok
fw22,35.8m-g022-ai-r4.31,35.8m-g022-control,fit,ai,6,35782802,115863530.0,499650582.0,4.3124060004040965,0.811761375180298,1.215023474212493,1.207986820422322,0.43592758287849015,0.5025757996166128,ok,ok
fw22,35.8m-g022-ai-r8.76,35.8m-g022-control,fit,ai,6,35782802,115875432.0,1014489496.0,8.755000766685383,0.8974884755093888,1.2141745279658909,1.2097122214049467,0.241442759758615,0.26427133336026454,ok,ok
fw22,35.8m-g022-ai-r17.6,35.8m-g022-control,fit,ai,6,35782802,115863512.0,2037125160.0,17.58211126899036,0.94618480184925,1.2149329424613604,1.2121390989358942,0.12485199020209456,0.1320790588500529,ok,ok
fw22,35.8m-g022-ai-r35,35.8m-g022-control,fit,ai,6,35782802,115869119.0,4061133377.0,35.049316090855925,0.972260222704928,1.2160475932800907,1.2147480318683823,0.06294349110287277,0.06459177794558865,ok,ok
fw22,35.8m-g022-ai-r69.6,35.8m-g022-control,fit,ai,6,35782802,115866878.0,8060666626.0,69.56834226602705,0.9858293397876597,1.2169655765963001,1.217439684715575,0.03157897871547988,0.031287779298486994,ok,ok
fw22,35.8m-g022-human-r0.025,35.8m-g022-control,fit,human,6,35782802,118751232.0,0.0,0.0,0.0,1.259188529678442,1.2848035950862013,1.1660390664953126,,ok,above_range
fw22,35.8m-g022-human-r0.05,35.8m-g022-control,fit,human,6,35782802,121634816.0,0.0,0.0,0.0,1.2562534911013454,1.2821838216493695,1.177713384155847,,ok,above_range
fw22,35.8m-g022-human-r4,35.8m-g022-control,fit,human,6,35782802,579862528.0,0.0,0.0,0.0,1.1484637865104033,1.1602257006790277,1.635861077877079,1.2886249128241622,ok,ok
fw22,35.8m-g023-control,35.8m-g023-control,fit,control,6,35782802,168820736.0,0.0,0.0,0.0,1.2230623425115474,1.2490749588489594,1.3635843456578036,0.925648804376904,ok,ok
fw22,35.8m-g023-ai-r0.025,35.8m-g023-control,fit,ai,6,35782802,168737808.0,4015088.0,0.02379483322433583,0.023241798505073977,1.2214245416885452,1.2457250815149237,1.372933329667417,0.9441262145059603,ok,ok
fw22,35.8m-g023-ai-r0.05,35.8m-g023-control,fit,ai,6,35782802,168877181.0,8070019.0,0.047786319929156086,0.04560693246346933,1.219507467515607,1.2426586733189648,1.3893798584826045,0.9599365249236652,ok,ok
fw22,35.8m-g023-ai-r0.1,35.8m-g023-control,fit,ai,6,35782802,168730212.0,16343452.0,0.0968614441141104,0.0883078210414638,1.2170146504264596,1.2376906389973732,1.393815360516578,0.9834398283058859,ok,ok
fw22,35.8m-g023-ai-r0.25,35.8m-g023-control,fit,ai,6,35782802,168835815.0,41665817.0,0.24678304777928783,0.19793583833117265,1.2123384930216075,1.2279982477235614,1.3454442592500653,1.0040890268965537,ok,ok
fw22,35.8m-g023-ai-r0.5,35.8m-g023-control,fit,ai,6,35782802,168813643.0,85466037.0,0.5062744662171647,0.3361103687089743,1.207590042662347,1.22102586601971,1.2263175051642015,0.9396567594891085,ok,ok
fw22,35.8m-g023-ai-r1,35.8m-g023-control,fit,ai,6,35782802,168802558.0,175654658.0,1.0405923943403748,0.5099462279808938,1.2044710860892789,1.2180897952198355,0.963407541064737,0.7333774593885449,ok,ok
fw22,35.8m-g023-ai-r2,35.8m-g023-control,fit,ai,6,35782802,168806537.0,358627191.0,2.1244863935571403,0.6799473980549079,1.2013317334779152,1.219186148223479,0.6688499921200443,0.46897701389388013,ok,ok
fw22,35.8m-g023-ai-r4,35.8m-g023-control,fit,ai,6,35782802,168849481.0,730828727.0,4.328285302813575,0.8123223620416957,1.1996134165223984,1.2219366695366705,0.40516908332866364,0.2611544637351297,ok,ok
fw22,35.8m-g023-ai-r8,35.8m-g023-control,fit,ai,6,35782802,168824702.0,1476128898.0,8.743559920514475,0.897368106918031,1.2045790701869799,1.2255078650916413,0.20131022355435896,0.1340326016141874,ok,ok
fw22,35.8m-g023-ai-r16,35.8m-g023-control,fit,ai,6,35782802,168819352.0,2959345000.0,17.529655012536715,0.9460324544993728,1.2073720964066088,1.2296000710685293,0.10012233335662875,0.0658156652890629,ok,ok
fw22,35.8m-g023-ai-r32,35.8m-g023-control,fit,ai,6,35782802,168819572.0,5890901132.0,34.894657427516755,0.9721407008265971,1.2111747363368086,1.2339751078201324,0.047854193560678444,0.031726878913431004,ok,ok
fw22,35.8m-g023-ai-r64,35.8m-g023-control,fit,ai,6,35782802,168821449.0,11668290871.0,69.11616349768447,0.9857379532747392,1.2137367279044864,1.2384941072574578,0.02325999726320172,0.015200642268975172,ok,ok
fw22,35.8m-g023-human-r0.025,35.8m-g023-control,fit,human,6,35782802,172752896.0,0.0,0.0,0.0,1.2223431313314426,1.2469273476840268,1.3500068797258524,0.929572227852605,ok,ok
fw22,35.8m-g023-human-r0.05,35.8m-g023-control,fit,human,6,35782802,176947200.0,0.0,0.0,0.0,1.2208095514861168,1.244713253260481,1.3557661947519397,0.9340292809086556,ok,ok
fw22,35.8m-g023-human-r4,35.8m-g023-control,fit,human,6,35782802,899678208.0,0.0,0.0,0.0,1.1324864513930277,1.1387332461376798,1.5216556635814737,1.3090653842883204,ok,ok
fw22,35.8m-g024-control,35.8m-g024-control,fit,control,6,35782802,463994880.0,0.0,0.0,0.0,1.1569636399176981,1.1728639943332957,1.7169527544464063,1.2712005050820427,ok,ok
fw22,35.8m-g024-ai-r0.05,35.8m-g024-control,fit,ai,6,35782802,463398784.0,23664768.0,0.051067824985919684,0.048586612368810546,1.155509323977742,1.1717779650693174,1.6838368055842892,1.2351350113853614,ok,ok
fw22,35.8m-g024-ai-r0.1,35.8m-g024-control,fit,ai,6,35782802,463176827.0,47217541.0,0.10194279646032464,0.09251187701193443,1.1553555373244813,1.1718420456876757,1.6118389251511032,1.1773003958856798,ok,ok
fw22,35.8m-g024-ai-r0.25,35.8m-g024-control,fit,ai,6,35782802,461521742.0,118340786.0,0.25641432511320345,0.2040842101112628,1.1546973132496396,1.172377393925443,1.4376844567755722,1.0262155757708997,ok,ok
fw22,35.8m-g024-ai-r0.5,35.8m-g024-control,fit,ai,6,35782802,458319646.0,237672674.0,0.5185740477727634,0.34148749514937177,1.1569025331488927,1.173653279648663,1.1460257768223667,0.8354404429564397,ok,ok
fw22,35.8m-g024-ai-r1,35.8m-g024-control,fit,ai,6,35782802,453694044.0,474295716.0,1.045408733644297,0.5111001612776417,1.1596992323482929,1.176384047623662,0.8134968727908722,0.5965323440074667,ok,ok
fw22,35.8m-g025-control,35.8m-g025-control,fit,control,6,35782802,463994880.0,0.0,0.0,0.0,1.1577153380220506,1.1728639943332957,1.6915734143163623,1.2712005050820427,ok,ok
fw22,35.8m-g025-ai-r0.0256,35.8m-g025-control,fit,ai,6,35782802,463918960.0,11872400.0,0.02559153866011426,0.02495295416881887,1.1575431396723808,1.1718335707032204,1.65525903882912,1.2631171869120865,ok,ok
fw22,35.8m-g025-ai-r0.0514,35.8m-g025-control,fit,ai,6,35782802,464017391.0,23832593.0,0.051361421925670885,0.04885229841475203,1.1567185118214114,1.1717034349419906,1.6409747864295356,1.2348195632509313,ok,ok
fw22,35.8m-g025-ai-r2.11,35.8m-g025-control,fit,ai,6,35782802,463986388.0,980951340.0,2.114181289301099,0.6788883153862808,1.1660729366040181,1.179564329840729,0.46258780850068176,0.36197782872983103,ok,ok
fw22,35.8m-g025-ai-r4.28,35.8m-g025-control,fit,ai,6,35782802,464002600.0,1985208792.0,4.278443250102478,0.8105502034182928,1.1744880867540968,1.1864055605444566,0.2338558034122364,0.18916954629313346,ok,ok
fw22,35.8m-g025-ai-r8.61,35.8m-g025-control,fit,ai,6,35782802,463988479.0,3995867393.0,8.611997008227439,0.8959633467276317,1.1855457133536529,1.1952880735667832,0.10548045952675981,0.08858133243737856,ok,ok
fw22,35.8m-g025-ai-r17.2,35.8m-g025-control,fit,ai,6,35782802,464001213.0,7995123523.0,17.2308246164003,0.9451478459674058,1.1946894310537013,1.2054981127094309,0.04721596686630282,0.038439957245831775,ok,ok
fw22,35.8m-g025-ai-r34.4,35.8m-g025-control,fit,ai,6,35782802,463994705.0,15953297583.0,34.38249922054606,0.9717374402026605,1.2016269754721294,1.2164973667794508,0.02136627955861724,0.015873017492482735,ok,ok
fw22,35.8m-g025-human-r0.025,35.8m-g025-control,fit,human,6,35782802,475529216.0,0.0,0.0,0.0,1.15649858844757,1.1714091372571753,1.6908818382281585,1.2736294759624234,ok,ok
fw22,35.8m-g025-human-r0.05,35.8m-g025-control,fit,human,6,35782802,487063552.0,0.0,0.0,0.0,1.1552497399916402,1.1700045163966246,1.6926451950987262,1.2758494311695123,ok,ok
fw22,35.8m-g025-human-r2,35.8m-g025-control,fit,human,6,35782802,1391984640.0,0.0,0.0,0.0,1.1200959001361308,1.1211855724552888,1.3721518562938673,1.3296642150728029,ok,ok
fw22,35.8m-g025-human-r4,35.8m-g025-control,fit,human,6,35782802,2319974400.0,0.0,0.0,0.0,1.1103230843417513,1.1045682335938483,1.1175130630677503,1.370362205640443,ok,ok
fw22,35.8m-g026-control,35.8m-g026-control,fit,control,6,35782802,675545088.0,0.0,0.0,0.0,1.1429865010071105,1.1522680366404074,1.5821547106246394,1.2967401200249702,ok,ok
fw22,35.8m-g026-ai-r0.025,35.8m-g026-control,fit,ai,6,35782802,675594024.0,17252568.0,0.025536886631785837,0.02490099280159265,1.1420503175257137,1.1519526506955917,1.5754058744844734,1.2726075239299879,ok,ok
fw22,35.8m-g026-ai-r0.05,35.8m-g026-control,fit,ai,6,35782802,675441566.0,34444386.0,0.05099536027073584,0.04852101369657756,1.141993627001174,1.151984048229072,1.5395586971096737,1.2412564018366616,ok,ok
fw22,35.8m-g026-ai-r0.1,35.8m-g026-control,fit,ai,6,35782802,675657678.0,68831282.0,0.10187301090656739,0.09245440254748707,1.1406175633228368,1.1520452540878234,1.5146067788079998,1.1820702802647673,ok,ok
fw22,35.8m-g026-ai-r0.25,35.8m-g026-control,fit,ai,6,35782802,675636568.0,172923560.0,0.2559416825407828,0.20378468689964183,1.1413176732492973,1.1524969496844142,1.3078166607461201,1.0274938771365547,ok,ok
fw22,35.8m-g026-ai-r0.5,35.8m-g026-control,fit,ai,6,35782802,675549388.0,347336500.0,0.5141541183662504,0.33956524777082464,1.1436221611234483,1.153682223553004,1.0302100915336287,0.8319615989878347,ok,ok
fw22,35.8m-g026-ai-r1,35.8m-g026-control,fit,ai,6,35782802,675546991.0,700971153.0,1.0376349274568821,0.5092349534624079,1.1482649630226212,1.156613392639801,0.6920329980051717,0.5827940707242031,ok,ok
fw22,35.8m-g026-ai-r2,35.8m-g026-control,fit,ai,6,35782802,675524321.0,1419792671.0,2.1017639585473935,0.6776028049315795,1.1581505560520131,1.1624142947498601,0.3713860940403452,0.3418830253497156,ok,ok
fw22,35.8m-g026-ai-r4,35.8m-g026-control,fit,ai,6,35782802,675538256.0,2873629360.0,4.253836602852585,0.8096629043512608,1.1688886819364548,1.1715089356061972,0.17872273404307387,0.17033471779970358,ok,ok
fw22,35.8m-g026-ai-r8,35.8m-g026-control,fit,ai,6,35782802,675537864.0,5790506040.0,8.571697233539526,0.8955253205778418,1.1797789835704637,1.1833465349574963,0.08058147109540893,0.07564191538139381,ok,ok
fw22,35.8m-g026-ai-r16,35.8m-g026-control,fit,ai,6,35782802,675547285.0,11596461931.0,17.166025515149542,0.944952185651944,1.1902361429129604,1.1969647856094576,0.03526782043938229,0.03121321529591877,ok,ok
fw22,35.8m-g026-ai-r32,35.8m-g026-control,fit,ai,6,35782802,675541977.0,23245098023.0,34.40955383147123,0.9717590341646377,1.1989382867529434,1.2117189893361273,0.015434159890888758,0.01198954138206268,ok,ok
fw22,35.8m-g026-human-r0.025,35.8m-g026-control,fit,human,6,35782802,692846592.0,0.0,0.0,0.0,1.1417796319979059,1.1510022176111574,1.5850632557838265,1.2979250779376295,ok,ok
fw22,35.8m-g026-human-r0.05,35.8m-g026-control,fit,human,6,35782802,709885952.0,0.0,0.0,0.0,1.1406154886836577,1.1497995498534188,1.5885108271419146,1.2990342847990821,ok,ok
fw22,35.8m-g026-human-r2,35.8m-g026-control,fit,human,6,35782802,2095316992.0,0.0,0.0,0.0,1.1119975353438094,1.1075848096037777,1.1703304755183412,1.359919465023945,ok,ok
fw22,35.8m-g026-human-r4,35.8m-g026-control,fit,human,6,35782802,3549167616.0,0.0,0.0,0.0,1.1017940889359914,1.0933637386167347,0.9962894536334842,1.4355498491443943,ok,ok
fw22,35.8m-g027-control,35.8m-g027-control,fit,control,6,35782802,927989760.0,0.0,0.0,0.0,1.1312348060766197,1.1373711253821033,1.522310708187345,1.3103528627699481,ok,ok
fw22,35.8m-g027-ai-r0.05,35.8m-g027-control,fit,ai,6,35782802,927778141.0,46611107.0,0.0502394968583335,0.047836228792212616,1.1312852758243979,1.137311639853599,1.4479718044396879,1.2497113824762711,ok,ok
fw22,35.8m-g027-ai-r0.1,35.8m-g027-control,fit,ai,6,35782802,927339503.0,93449233.0,0.10077132775826546,0.09154610518743028,1.131133222250993,1.1374281120325909,1.3874791302412375,1.1896270387577919,ok,ok
fw22,35.8m-g027-ai-r0.25,35.8m-g027-control,fit,ai,6,35782802,924374519.0,235612681.0,0.2548887665736273,0.20311662145927128,1.1337732391592688,1.1381344385733811,1.1432035826110072,1.0296139805862081,ok,ok
fw22,35.8m-g027-ai-r0.5,35.8m-g027-control,fit,ai,6,35782802,920411699.0,471572941.0,0.5123500076241425,0.33877740274490387,1.1357854238627312,1.139800456165947,0.9072136593881974,0.8254130389896033,ok,ok
fw22,35.8m-g027-ai-r1,35.8m-g027-control,fit,ai,6,35782802,912810015.0,943169505.0,1.0332593743507514,0.508178832167286,1.142711008993696,1.1438056553848344,0.5794382976993065,0.5654722300875975,ok,ok
fw22,35.8m-g028-control,35.8m-g028-control,fit,control,6,35782802,1351090176.0,0.0,0.0,0.0,1.1217379918864605,1.1222782307660686,1.3484774865226015,1.3279911356188974,ok,ok
fw22,35.8m-g028-ai-r0.05,35.8m-g028-control,fit,ai,6,35782802,1351082174.0,68165442.0,0.05045247677140917,0.048029280607225625,1.1215869647184509,1.1222972076473445,1.2892498980953255,1.263539042511749,ok,ok
fw22,35.8m-g028-ai-r0.1,35.8m-g028-control,fit,ai,6,35782802,1351201851.0,136465349.0,0.10099553142190004,0.09173110020843371,1.1216666472891794,1.1224216373954794,1.2271675269928162,1.2012043196487487,ok,ok
fw22,35.8m-g028-ai-r0.25,35.8m-g028-control,fit,ai,6,35782802,1351079271.0,342108825.0,0.25321151196908565,0.20205010052232258,1.1241111300437308,1.1231686763944098,1.0068554667016651,1.0335209375241077,ok,ok
fw22,35.8m-g028-ai-r0.5,35.8m-g028-control,fit,ai,6,35782802,1351098028.0,688120148.0,0.5093043833530042,0.33744312212328964,1.127602082879813,1.1251285969460834,0.7608931587759602,0.8130300372893479,ok,ok
fw22,35.8m-g028-ai-r1,35.8m-g028-control,fit,ai,6,35782802,1351152951.0,1389824713.0,1.0286213059530964,0.5070543737929563,1.1347480263820098,1.1300179330515696,0.47241885041966264,0.5316114268545226,ok,ok
fw22,35.8m-g029-control,35.8m-g029-control,fit,control,6,35782802,1391984640.0,0.0,0.0,0.0,1.121072124734725,1.1211855724552888,1.3339966252861069,1.3296642150728029,ok,ok
fw22,35.8m-g029-ai-r0.05,35.8m-g029-control,fit,ai,6,35782802,1391411536.0,70041264.0,0.050338280363373386,0.04792577906039798,1.1205912238127453,1.1212228635121464,1.2883006021590975,1.2651083520693858,ok,ok
fw22,35.8m-g029-ai-r0.1,35.8m-g029-control,fit,ai,6,35782802,1391220454.0,139962650.0,0.10060422098998266,0.09140817295747798,1.120819862367157,1.1213572714949385,1.2215499768160492,1.2028605111072654,ok,ok
fw22,35.8m-g029-ai-r0.25,35.8m-g029-control,fit,ai,6,35782802,1387769736.0,352079992.0,0.25370202481487175,0.2023622996479843,1.12363835116689,1.1222104053530182,0.9927456839413484,1.0332367641581142,ok,ok
fw22,35.8m-g029-ai-r0.5,35.8m-g029-control,fit,ai,6,35782802,1382716361.0,705260599.0,0.5100544253992522,0.33777221325277457,1.1267309897696782,1.1243387825774205,0.7604973925523819,0.8113816360728767,ok,ok
fw22,35.8m-g029-ai-r1,35.8m-g029-control,fit,ai,6,35782802,1372343466.0,1411625814.0,1.0286242831865533,0.5070550972459007,1.134907635718752,1.1295385116643162,0.4633242520385724,0.529893211727163,ok,ok
fw22,35.8m-g030-control,35.8m-g030-control,fit,control,6,35782802,1391984640.0,0.0,0.0,0.0,1.1201100301704996,1.1211855724552888,1.3715881825672882,1.3296642150728029,ok,ok
fw22,35.8m-g030-ai-r2.08,35.8m-g030-control,fit,ai,6,35782802,1391967663.0,2898805329.0,2.082523470949339,0.6755904668936632,1.144612950125647,1.1390147374723094,0.24027257547424935,0.27268933245243243,ok,ok
fw22,35.8m-g030-ai-r4.21,35.8m-g030-control,fit,ai,6,35782802,1391960067.0,5866545149.0,4.214592995935422,0.8082304791995344,1.1583399528165617,1.15460419076477,0.10680931647744304,0.11506912785635307,ok,ok
fw22,35.8m-g030-ai-r8.51,35.8m-g030-control,fit,ai,6,35782802,1391973198.0,11840007346.0,8.505916179285515,0.8948023545401005,1.1721989780006843,1.1749848640558145,0.04511773920563316,0.042900620826990324,ok,ok
fw22,35.8m-g030-human-r2,35.8m-g030-control,fit,human,6,35782802,4175953920.0,0.0,0.0,0.0,1.1010522470559059,1.0896119562711228,0.8720653505584115,1.4747718665642622,ok,ok
fw22,35.8m-g031-control,35.8m-g031-control,fit,control,6,35782802,1391984640.0,0.0,0.0,0.0,1.121161087040399,1.1211855724552888,1.330597524164218,1.3296642150728029,ok,ok
fw22,35.8m-g031-ai-r0.25,35.8m-g031-control,fit,ai,6,35782802,1388012484.0,351837244.0,0.25348276622560983,0.2022227772535537,1.123364164145647,1.1222027689348595,1.0003375893646955,1.0334597829391055,ok,ok
fw22,35.8m-g031-ai-r1,35.8m-g031-control,fit,ai,6,35782802,1371859102.0,1412110178.0,1.029340532086217,0.5072290804875548,1.1340811865321383,1.1295563560138198,0.472751111285535,0.5296495073941782,ok,ok
fw22,35.8m-g032-control,35.8m-g032-control,fit,control,6,35782802,1855979520.0,0.0,0.0,0.0,1.1147020074015255,1.111361646304272,1.2113553808826516,1.349239857056969,ok,ok
fw22,35.8m-g032-ai-r0.05,35.8m-g032-control,fit,ai,6,35782802,1855678736.0,93099760.0,0.05017019282156607,0.047773392507713716,1.114561682582671,1.1114159043227998,1.1587786264043785,1.2826831449465572,ok,ok
fw22,35.8m-g032-ai-r0.1,35.8m-g032-control,fit,ai,6,35782802,1855428109.0,186149363.0,0.100326906818463,0.09117918156573389,1.1143220850777555,1.111580031479635,1.114504504519799,1.2177532240604003,ok,ok
fw22,35.8m-g032-ai-r0.25,35.8m-g032-control,fit,ai,6,35782802,1851626714.0,468347686.0,0.2529385012966496,0.20187623018598827,1.117571032847553,1.1125875552273738,0.8871805822163745,1.03683659013269,ok,ok
fw22,35.8m-g032-ai-r0.5,35.8m-g032-control,fit,ai,6,35782802,1845117682.0,938851598.0,0.5088301993737004,0.33723489865520356,1.121590276509053,1.1151699816789835,0.6571883470108348,0.7958160062481737,ok,ok
fw22,35.8m-g032-ai-r1,35.8m-g032-control,fit,ai,6,35782802,1832078351.0,1879880689.0,1.0260918633604879,0.5064389635614083,1.1303149865060826,1.1214962280119007,0.3895784608907853,0.4942148160208071,ok,ok
fw22,35.8m-g033-control,35.8m-g033-control,fit,control,6,35782802,1958215680.0,0.0,0.0,0.0,1.1125297678423327,1.1096666134203657,1.2306902898187406,1.353747544258543,ok,ok
fw22,35.8m-g033-ai-r0.05,35.8m-g033-control,fit,ai,6,35782802,1958102719.0,98416961.0,0.05026138825355464,0.04785607546434956,1.1132965209394041,1.1097216264503367,1.1431741513213767,1.2866236543888259,ok,ok
fw22,35.8m-g033-ai-r0.1,35.8m-g033-control,fit,ai,6,35782802,1958161157.0,197186811.0,0.10069999105798828,0.09148722801496152,1.1135949721779042,1.1098884644462903,1.0803710054716515,1.2206849116813987,ok,ok
fw22,35.8m-g033-ai-r0.25,35.8m-g033-control,fit,ai,6,35782802,1958237840.0,494381424.0,0.25246239956225136,0.2015728373566261,1.1164910340465801,1.1108643353980616,0.8671830687747515,1.0380493706459235,ok,ok
fw22,35.8m-g033-ai-r0.5,35.8m-g033-control,fit,ai,6,35782802,1958211281.0,995365167.0,0.5083032544331462,0.33700335323096403,1.1208592966865507,1.1134479755275668,0.6325533340874148,0.7921111545145619,ok,ok
fw22,35.8m-g033-ai-r1,35.8m-g033-control,fit,ai,6,35782802,1958151589.0,2009397851.0,1.0261707327910046,0.5064581756037299,1.1289172733059945,1.1198862441880757,0.3778436603809313,0.4843575023839701,ok,ok
fw22,35.8m-g033-ai-r2,35.8m-g033-control,fit,ai,6,35782802,1958256567.0,4068171849.0,2.0774457839466547,0.6750552015517378,1.1407633813578355,1.1326548234259284,0.18648809500870991,0.2262158638687993,ok,ok
fw22,35.8m-g033-ai-r4,35.8m-g033-control,fit,ai,6,35782802,1958231028.0,8238384140.0,4.207054235277902,0.8079528357463652,1.1556928886364826,1.1527817598005436,0.08013641623989541,0.08500925009713108,ok,ok
fw22,35.8m-g033-ai-r8,35.8m-g033-control,fit,ai,6,35782802,1958200362.0,16649042902.0,8.502216231333737,0.8947613929577312,1.170202620920685,1.1791398174935404,0.033275459727015205,0.02832230202465401,ok,ok
fw22,35.8m-g033-human-r2,35.8m-g033-control,fit,human,6,35782802,6026428416.0,0.0,0.0,0.0,1.094999662899082,1.082090314002972,0.7830032712465699,,ok,below_range
fw22,35.8m-g034-control,35.8m-g034-control,fit,control,6,35782802,2319974400.0,0.0,0.0,0.0,1.1106816088769171,1.1045682335938483,1.1041293610090892,1.370362205640443,ok,ok
fw22,35.8m-g034-ai-r0.05,35.8m-g034-control,fit,ai,6,35782802,2319483849.0,116358199.0,0.05016555689756821,0.04776918893223737,1.1102083613963893,1.1046388277539076,1.0684830297044907,1.301745287698354,ok,ok
fw22,35.8m-g034-ai-r0.1,35.8m-g034-control,fit,ai,6,35782802,2319309982.0,232661858.0,0.1003151194991925,0.0911694456628487,1.1102639414997926,1.1048298192093227,1.0179491865480954,1.2337107694296503,ok,ok
fw22,35.8m-g034-ai-r0.25,35.8m-g034-control,fit,ai,6,35782802,2315039033.0,584797895.0,0.25260822243769054,0.20166578656660242,1.1131587583651068,1.1059935406710797,0.8143219058553343,1.0402764445105779,ok,ok
fw22,35.8m-g034-ai-r0.5,35.8m-g034-control,fit,ai,6,35782802,2307680041.0,1172281559.0,0.507991375828691,0.3368662340986751,1.1171338196400287,1.1089982493837622,0.5993228987205972,0.7794199186668974,ok,ok
fw22,35.8m-g034-ai-r1,35.8m-g034-control,fit,ai,6,35782802,2291849548.0,2348099252.0,1.0245433667533224,0.5060614574022886,1.127561399788127,1.1163988798331155,0.33476537099167025,0.4596780197481327,ok,ok
fw22,35.8m-g035-control,35.8m-g035-control,fit,control,6,35782802,2610954240.0,0.0,0.0,0.0,1.106784794681335,1.1012370142615406,1.1228536847712436,1.3845255415882582,ok,ok
fw22,35.8m-g035-ai-r0.05,35.8m-g035-control,fit,ai,6,35782802,2611016413.0,131009827.0,0.05017579604161607,0.04777847311920691,1.1079817561145948,1.1013085966151275,1.0247629328677152,1.3145903106058936,ok,ok
fw22,35.8m-g035-ai-r0.1,35.8m-g035-control,fit,ai,6,35782802,2611035893.0,262062347.0,0.100367194377745,0.09121245606972353,1.1098247181960235,1.1015149715722257,0.9177215292783089,1.244376979715631,ok,ok
fw22,35.8m-g035-ai-r0.25,35.8m-g035-control,fit,ai,6,35782802,2611009993.0,657663543.0,0.2518808984887711,0.20120196641136817,1.1113764763781475,1.1027229131272587,0.7657330692105884,1.043260078579707,ok,ok
fw22,35.8m-g035-ai-r0.5,35.8m-g035-control,fit,ai,6,35782802,2610934243.0,1324633629.0,0.5073408618203947,0.3365800494572185,1.115821138536339,1.1059198448270733,0.5516756510804178,0.7685620593015653,ok,ok
fw22,35.8m-g035-ai-r1,35.8m-g035-control,fit,ai,6,35782802,2610972050.0,2672540270.0,1.0235805741390454,0.5058264480397767,1.124247013178039,1.1138763656570592,0.32145800655969087,0.4367849990841013,ok,ok
fw22,35.8m-g036-control,35.8m-g036-control,fit,control,6,35782802,3131047936.0,0.0,0.0,0.0,1.104383890185217,1.0964480087579862,1.022402523547213,1.4117505325195492,ok,ok
fw22,35.8m-g036-ai-r0.05,35.8m-g036-control,fit,ai,6,35782802,3131010370.0,156799678.0,0.05007957798619492,0.04769122172839104,1.1051404770634912,1.0965323945001835,0.946644051415469,1.3394244332015728,ok,ok
fw22,35.8m-g036-ai-r0.1,35.8m-g036-control,fit,ai,6,35782802,3131034459.0,314061989.0,0.10030614262236709,0.09116203094468489,1.1070339706089347,1.0967688049620903,0.8434369339824412,1.2650120605440136,ok,ok
fw22,35.8m-g036-ai-r0.25,35.8m-g036-control,fit,ai,6,35782802,3131020379.0,788556709.0,0.2518529468185234,0.20118413065894522,1.1079763869590782,1.098152457111847,0.7170304488381382,1.0472387625113166,ok,ok
fw22,35.8m-g036-ai-r0.5,35.8m-g036-control,fit,ai,6,35782802,3131109608.0,1586958104.0,0.5068356917130319,0.3363576364035023,1.1130761347723104,1.1018055532441189,0.5018358696761002,0.7491205270291167,ok,ok
fw22,35.8m-g036-ai-r1,35.8m-g036-control,fit,ai,6,35782802,3131012430.0,3202910898.0,1.0229633288297102,0.5056756661137783,1.1222516269117107,1.1109185956634042,0.28348690036660235,0.4012254536890427,ok,ok
fw22,86.2m-g037-control,86.2m-g037-control,fit,control,9,86180184,325582848.0,0.0,0.0,0.0,1.1276765392003045,1.112115933021554,,,above_range,above_range
fw22,86.2m-g037-ai-r0.05,86.2m-g037-control,fit,ai,9,86180184,325232169.0,16603607.0,0.051051552037584574,0.04857188207240192,1.12423055991212,1.106939571623897,,,above_range,above_range
fw22,86.2m-g037-ai-r0.1,86.2m-g037-control,fit,ai,9,86180184,325477939.0,33135053.0,0.10180429771002084,0.09239780414871306,1.1218629644382059,1.1025936580071425,,0.9560562402706663,above_range,ok
fw22,86.2m-g037-ai-r0.25,86.2m-g037-control,fit,ai,9,86180184,323814606.0,83557170.0,0.25804015153041,0.20511281076085153,1.1165697016757437,1.0934609834228766,,0.9964891927482505,above_range,ok
fw22,86.2m-g037-ai-r0.5,86.2m-g037-control,fit,ai,9,86180184,321752956.0,166883460.0,0.518669547203787,0.3415289047961583,1.1101683392808825,1.0849365306451697,,0.9989592074407215,above_range,ok
fw22,86.2m-g037-ai-r1,86.2m-g037-control,fit,ai,9,86180184,318248424.0,333441560.0,1.047739862491825,0.5116567205059269,1.1028713276235578,1.0777511389046908,0.5235824608610723,0.9017765326048057,ok,ok
fw22,86.2m-g038-control,86.2m-g038-control,fit,control,9,86180184,325582848.0,0.0,0.0,0.0,1.127874480287243,1.112115933021554,,,above_range,above_range
fw22,86.2m-g038-ai-r2.12,86.2m-g038-control,fit,ai,9,86180184,325556008.0,691562712.0,2.1242511119622773,0.6799232954831468,1.0939287663792456,1.0752434441429208,0.3954315208048934,0.6209621788533916,ok,ok
fw22,86.2m-g038-ai-r4.3,86.2m-g038-control,fit,ai,9,86180184,325563169.0,1399868639.0,4.299837242952995,0.8113149604113477,1.091682747493695,1.076628442265692,0.2438715793665599,0.3516220960473348,ok,ok
fw22,86.2m-g038-ai-r8.66,86.2m-g038-control,fit,ai,9,86180184,325568463.0,2820683825.0,8.663873026915386,0.8965218192318085,1.0924053395614604,1.0792100593937466,0.13178532002956558,0.1794128482772782,ok,ok
fw22,86.2m-g038-ai-r17.3,86.2m-g038-control,fit,ai,9,86180184,325578296.0,5645537736.0,17.340030970614823,0.9454744650321342,1.0945949871822889,1.0821902151761835,0.06648400479581551,0.0874296331502412,ok,ok
fw22,86.2m-g038-ai-r34.5,86.2m-g038-control,fit,ai,9,86180184,325574334.0,11225014594.0,34.47757830320863,0.9718131832039517,1.0966196007191342,1.085378891567498,0.033061201360902376,0.04182196437677817,ok,ok
fw22,86.2m-g038-human-r4,86.2m-g038-control,fit,human,9,86180184,1630011392.0,0.0,0.0,0.0,1.0320284571176819,1.0320160681705306,1.3045538623935127,1.3050515617970186,ok,ok
fw22,86.2m-g039-control,86.2m-g039-control,fit,control,9,86180184,406847488.0,0.0,0.0,0.0,1.109305761440965,1.0973074156920823,,0.9265953092860716,above_range,ok
fw22,86.2m-g039-ai-r0.025,86.2m-g039-control,fit,ai,9,86180184,406948626.0,10384622.0,0.025518262838415382,0.02488328464067162,1.1073829094976329,1.0948507660870286,,0.9465199636899786,above_range,ok
fw22,86.2m-g039-ai-r0.05,86.2m-g039-control,fit,ai,9,86180184,406840144.0,20978864.0,0.05156537354878136,0.04903677398083257,1.106256371001118,1.0927134940833731,0.7532537955052137,0.9631582731740684,ok,ok
fw22,86.2m-g039-ai-r0.1,86.2m-g039-control,fit,ai,9,86180184,406878913.0,41911615.0,0.10300758692795663,0.09338792239394143,1.1041980289915165,1.0892447016081932,0.7432407615240563,0.9868954562511951,ok,ok
fw22,86.2m-g039-ai-r0.25,86.2m-g039-control,fit,ai,9,86180184,406764310.0,104940778.0,0.25798914855632243,0.20508058344731567,1.0992107774709388,1.0828479871708399,0.7113845030565159,1.0035264310981995,ok,ok
fw22,86.2m-g039-ai-r0.5,86.2m-g039-control,fit,ai,9,86180184,406902129.0,211233423.0,0.5191258731408603,0.3417267010715475,1.0936897408095274,1.0784553911939019,0.6537467205278971,0.9322692877800156,ok,ok
fw22,86.2m-g039-ai-r1,86.2m-g039-control,fit,ai,9,86180184,406742232.0,425302824.0,1.0456323207667306,0.5111535979128515,1.090362686510089,1.0768788608970767,0.5197921668434458,0.7239605151333325,ok,ok
fw22,86.2m-g039-ai-r2,86.2m-g039-control,fit,ai,9,86180184,406936840.0,861840120.0,2.117871952807222,0.6792684192499838,1.0836820207708866,1.078143962988241,0.39649701363603795,0.4581304638260407,ok,ok
fw22,86.2m-g039-ai-r4,86.2m-g039-control,fit,ai,9,86180184,406833178.0,1743271910.0,4.284979702417486,0.8107845145474117,1.0841059224301068,1.0807984102403905,0.2315784758460038,0.2516514555332093,ok,ok
fw22,86.2m-g039-ai-r8,86.2m-g039-control,fit,ai,9,86180184,406842277.0,3512210523.0,8.632855338679564,0.8961886206279231,1.0870028635588511,1.084263255646199,0.11874151562818096,0.1265698126034825,ok,ok
fw22,86.2m-g039-ai-r16,86.2m-g039-control,fit,ai,9,86180184,406861055.0,7029115649.0,17.276452397244068,0.9452847862230204,1.0902881303129401,1.0882429504696125,0.05825333839964454,0.06087564320128076,ok,ok
fw22,86.2m-g039-ai-r32,86.2m-g039-control,fit,ai,9,86180184,406846664.0,14013170488.0,34.44337075355742,0.9717859791904914,1.0931727352611753,1.0925208031427136,0.028313384699496322,0.028686679681206112,ok,ok
fw22,86.2m-g039-human-r0.025,86.2m-g039-control,fit,human,9,86180184,417333248.0,0.0,0.0,0.0,1.1072205554372834,1.0957084887198187,,0.9310084634683028,above_range,ok
fw22,86.2m-g039-human-r0.05,86.2m-g039-control,fit,human,9,86180184,427819008.0,0.0,0.0,0.0,1.105249336024175,1.0941667175074672,0.7659844065876472,0.9357292151814545,ok,ok
fw22,86.2m-g039-human-r4,86.2m-g039-control,fit,human,9,86180184,2150105088.0,0.0,0.0,0.0,1.0230018810741177,1.0231848618242876,1.3288420950018196,1.3203926975369413,ok,ok
fw22,86.2m-g040-control,86.2m-g040-control,fit,control,9,86180184,1303904256.0,0.0,0.0,0.0,1.0407867864455231,1.039977714427223,1.2613723707204052,1.2904496668925183,ok,ok
fw22,86.2m-g040-ai-r0.05,86.2m-g040-control,fit,ai,9,86180184,1303257877.0,65658091.0,0.05037996866064597,0.0479635657226843,1.0393410159272283,1.0395485110241114,1.2515555726941938,1.244199512843777,ok,ok
fw22,86.2m-g040-ai-r0.1,86.2m-g040-control,fit,ai,9,86180184,1302983105.0,131468863.0,0.10089836352866602,0.09165093424724556,1.0391413984514293,1.03961775059917,1.2011812073971464,1.1850252738215152,ok,ok
fw22,86.2m-g040-ai-r0.25,86.2m-g040-control,fit,ai,9,86180184,1300606171.0,329405221.0,0.25327053518954895,0.2020876802559181,1.0382882589556142,1.0400469541424362,1.08318660196923,1.0302586878720787,ok,ok
fw22,86.2m-g040-ai-r0.5,86.2m-g040-control,fit,ai,9,86180184,1295254150.0,660864378.0,0.5102198499035884,0.337844751501684,1.0397075549359767,1.0411524288402856,0.8667875618755115,0.8322308020892231,ok,ok
fw22,86.2m-g040-ai-r1,86.2m-g040-control,fit,ai,9,86180184,1285225852.0,1323106948.0,1.029474271732903,0.5072615534336723,1.041111943383024,1.043792500357853,0.6248388011459475,0.5801451246292174,ok,ok
fw22,86.2m-g040-ai-r2.08,86.2m-g040-control,fit,ai,9,86180184,1268565265.0,2643671791.0,2.0839856363243556,0.6757442744798745,1.0484710875863943,1.0488746156257622,0.34089173429854036,0.3372475978717699,ok,ok
fw22,86.2m-g040-ai-r4.22,86.2m-g040-control,fit,ai,9,86180184,1249424338.0,5271145518.0,4.218859323996937,0.808387247496425,1.0560310952111573,1.0565602115331592,0.167507406161724,0.16518214602207654,ok,ok
fw22,86.2m-g041-control,86.2m-g041-control,fit,control,9,86180184,1303904256.0,0.0,0.0,0.0,1.0403395888700964,1.039977714427223,1.2773363703507148,1.2904496668925183,ok,ok
fw22,86.2m-g041-ai-r2.08,86.2m-g041-control,fit,ai,9,86180184,1303915408.0,2717373552.0,2.0840106155107265,0.6757469008146084,1.0470431571433887,1.048064249622658,0.34455916244370655,0.3352669094135429,ok,ok
fw22,86.2m-g041-ai-r4.22,86.2m-g041-control,fit,ai,9,86180184,1303899561.0,5500834391.0,4.218756225963634,0.808383462131276,1.0553429722109833,1.0555371448391853,0.16345261730433125,0.16261794747376845,ok,ok
fw22,86.2m-g041-ai-r8,86.2m-g041-control,fit,ai,9,86180184,1303911820.0,11093402228.0,8.507785616975234,0.8948230386879363,1.0655221066617586,1.0652893456789456,0.0680171266494571,0.06847169337238927,ok,ok
fw22,86.2m-g041-human-r2,86.2m-g041-control,fit,human,9,86180184,3912237056.0,0.0,0.0,0.0,1.006939183293734,1.0074616907043237,1.399162968266511,1.3650154629076199,ok,ok
fw22,86.2m-g042-control,86.2m-g042-control,fit,control,9,86180184,1303904256.0,0.0,0.0,0.0,1.0402182117209702,1.039977714427223,1.2817150675446758,1.2904496668925183,ok,ok
fw22,86.2m-g042-ai-r1,86.2m-g042-control,fit,ai,9,86180184,1285432391.0,1322900409.0,1.0291481825589068,0.5071823691363311,1.0411912292738217,1.0437856506441143,0.6234541890154035,0.580254029385687,ok,ok
fw22,86.2m-g043-control,86.2m-g043-control,fit,control,9,86180184,1303904256.0,0.0,0.0,0.0,1.0405067841216207,1.039977714427223,1.2713369604101044,1.2904496668925183,ok,ok
fw22,86.2m-g043-ai-r1,86.2m-g043-control,fit,ai,9,86180184,1285225852.0,1323106948.0,1.029474271732903,0.5072615534336723,1.0407050578166719,1.043792500357853,0.6320080720360775,0.5801451246292174,ok,ok
fw22,86.2m-g044-control,86.2m-g044-control,fit,control,9,86180184,1626865664.0,0.0,0.0,0.0,1.0319371651418685,1.0320816040726108,1.3107571678687069,1.3049401854437137,ok,ok
fw22,86.2m-g044-ai-r0.025,86.2m-g044-control,fit,ai,9,86180184,1626798155.0,40961973.0,0.025179505443931365,0.024561069851886996,1.03134326320463,1.0318747137415,1.3023243240853075,1.2810810181557934,ok,ok
fw22,86.2m-g044-ai-r0.05,86.2m-g044-control,fit,ai,9,86180184,1626868982.0,81785610.0,0.05027178642219635,0.04786550212250271,1.0310339346757862,1.0318926339788121,1.283446122544568,1.2497290933395606,ok,ok
fw22,86.2m-g044-ai-r0.1,86.2m-g044-control,fit,ai,9,86180184,1626995880.0,163971928.0,0.10078201796061094,0.09155492760258481,1.03094184557118,1.0319638365902848,1.2279804757219868,1.1896773949915889,ok,ok
fw22,86.2m-g044-ai-r0.25,86.2m-g044-control,fit,ai,9,86180184,1626862155.0,411045301.0,0.2526614192460578,0.2016996894485085,1.0312101921635601,1.0323960066414892,1.0701980219956428,1.0317274664770744,ok,ok
fw22,86.2m-g044-ai-r0.5,86.2m-g044-control,fit,ai,9,86180184,1626742133.0,827449995.0,0.5086546774773921,0.3371577903618799,1.0326725695316907,1.0335333008579892,0.8495048699703799,0.8275719403235485,ok,ok
fw22,86.2m-g044-ai-r1,86.2m-g044-control,fit,ai,9,86180184,1626772908.0,1670998612.0,1.0271861571965644,0.5067053923735747,1.0357556878161391,1.0363622471699274,0.5763393950631976,0.5661556911170146,ok,ok
fw22,86.2m-g044-ai-r2,86.2m-g044-control,fit,ai,9,86180184,1626867106.0,3384801886.0,2.0805644625283857,0.6753841667123414,1.0428364902235512,1.041975359072364,0.30998075683677667,0.3174616947629305,ok,ok
fw22,86.2m-g044-ai-r4,86.2m-g044-control,fit,ai,9,86180184,1626854154.0,6853504246.0,4.212734269478959,0.8081620991395836,1.0522073272849586,1.0508144203819736,0.14244763138207647,0.1477818088122852,ok,ok
fw22,86.2m-g044-ai-r8,86.2m-g044-control,fit,ai,9,86180184,1626845231.0,13839650769.0,8.507048184597714,0.8948148804357496,1.0632782132959477,1.0623746352605412,0.05808732395979162,0.0595596918673575,ok,ok
fw22,86.2m-g044-human-r0.025,86.2m-g044-control,fit,human,9,86180184,1667760128.0,0.0,0.0,0.0,1.0311353488995414,1.031243664617093,1.3107696721905888,1.306360393349856,ok,ok
fw22,86.2m-g044-human-r0.05,86.2m-g044-control,fit,human,9,86180184,1708654592.0,0.0,0.0,0.0,1.0306223326070416,1.030434969616797,1.3000618150192838,1.3077257337765114,ok,ok
fw22,86.2m-g044-human-r2,86.2m-g044-control,fit,human,9,86180184,5011668992.0,0.0,0.0,0.0,1.0018355764097895,1.002094235931813,1.415482455709676,1.3957878879850092,ok,ok
fw22,86.2m-g045-control,86.2m-g045-control,fit,control,9,86180184,2608332800.0,0.0,0.0,0.0,1.0169922591126364,1.0176422147780475,1.3656124254416713,1.331952917757675,ok,ok
fw22,86.2m-g045-ai-r0.05,86.2m-g045-control,fit,ai,9,86180184,2607699478.0,130656746.0,0.05010421910281181,0.04771356803577065,1.0165909870541256,1.0176460097214253,1.3211614173035993,1.268524963889911,ok,ok
fw22,86.2m-g045-ai-r0.1,86.2m-g045-control,fit,ai,9,86180184,2607447056.0,261456880.0,0.10027313091491588,0.09113476290340312,1.0158742749889926,1.0177527899364218,1.2969400180017243,1.2058809645472301,ok,ok
fw22,86.2m-g045-ai-r0.25,86.2m-g045-control,fit,ai,9,86180184,2602877869.0,657144915.0,0.2524685936388051,0.20157678597377557,1.018137613523352,1.0184126710580272,1.0458128299436904,1.0350098059135078,ok,ok
fw22,86.2m-g045-ai-r0.5,86.2m-g045-control,fit,ai,9,86180184,2595252470.0,1316984586.0,0.5074591398038434,0.33663210259209814,1.0195138610940877,1.0200969588480906,0.8277519472823905,0.8101934842939447,ok,ok
fw22,86.2m-g045-ai-r1,86.2m-g045-control,fit,ai,9,86180184,2577902399.0,2638763201.0,1.0236086525322328,0.5058333048988227,1.0257876590123185,1.0242510163070055,0.497953804006234,0.5245455102464882,ok,ok
fw22,86.2m-g046-control,86.2m-g046-control,fit,control,9,86180184,3254255616.0,0.0,0.0,0.0,1.0118056606940589,1.0118573913842517,1.350985235318842,1.3480058064235447,ok,ok
fw22,86.2m-g046-ai-r0.05,86.2m-g046-control,fit,ai,9,86180184,3254379963.0,162929221.0,0.05006459689783924,0.047677635305240204,1.011295855059194,1.01188238367148,1.3149909391252101,1.2823196051945915,ok,ok
fw22,86.2m-g046-ai-r0.1,86.2m-g046-control,fit,ai,9,86180184,3254119469.0,326243283.0,0.10025547190504824,0.0911201756910692,1.011356080526427,1.0120073350424634,1.2518488152840594,1.2174270375585272,ok,ok
fw22,86.2m-g046-ai-r0.25,86.2m-g046-control,fit,ai,9,86180184,3254283893.0,819433867.0,0.25180159259080354,0.2011513598330386,1.0129373637245742,1.0127257980036601,1.0288815978102581,1.0380243400532487,ok,ok
fw22,86.2m-g046-ai-r0.5,86.2m-g046-control,fit,ai,9,86180184,3254383451.0,1649282213.0,0.5067879178445343,0.33633659511253333,1.0155432345940063,1.0146260541472536,0.7687771189792938,0.7975155711948057,ok,ok
fw22,86.2m-g046-ai-r1,86.2m-g046-control,fit,ai,9,86180184,3254252614.0,3328707514.0,1.0228792625623746,0.5056551231172822,1.021216947330503,1.0193677744078193,0.4623382100206635,0.4945969628851753,ok,ok
fw22,86.2m-g047-control,86.2m-g047-control,fit,control,9,86180184,3912237056.0,0.0,0.0,0.0,1.0074063670362694,1.0074616907043237,1.3685714694186013,1.3650154629076199,ok,ok
fw22,86.2m-g047-ai-r0.05,86.2m-g047-control,fit,ai,9,86180184,3912037492.0,195758988.0,0.050040161527163604,0.04765547391481284,1.0070838181986463,1.0075041935995703,1.323429591048047,1.2974384055063612,ok,ok
fw22,86.2m-g047-ai-r0.1,86.2m-g047-control,fit,ai,9,86180184,3911510493.0,391845411.0,0.10017751753478422,0.09105577594355534,1.0069732464161074,1.0076481773305295,1.269938167362971,1.230148470319517,ok,ok
fw22,86.2m-g047-ai-r0.25,86.2m-g047-control,fit,ai,9,86180184,3907130198.0,983428266.0,0.25170092015449136,0.20108710962953125,1.0089965238671048,1.0084985654442107,1.0172506301231128,1.0406258540008828,ok,ok
fw22,86.2m-g047-ai-r0.5,86.2m-g047-control,fit,ai,9,86180184,3895919307.0,1972436277.0,0.5062826310226759,0.33611396732294535,1.0119459465672986,1.0107332483578344,0.7447113860416094,0.7846911056054597,ok,ok
fw22,86.2m-g047-ai-r1,86.2m-g047-control,fit,ai,9,86180184,3869836064.0,3955162336.0,1.0220490663141435,0.50545215907009,1.018537356495368,1.0162650446548023,0.42918426386987707,0.4682581362081073,ok,ok
fw22,86.2m-g047-ai-r2.07,86.2m-g047-control,fit,ai,9,86180184,3823103376.0,7914132080.0,2.0700805868033636,0.674275651167443,1.028641476195788,1.0270934655902506,0.2015387089994947,0.2119387092044312,ok,ok
fw22,86.2m-g047-ai-r4.2,86.2m-g047-control,fit,ai,9,86180184,3762827625.0,15799406231.0,4.198812118320196,0.8076483671190808,1.0405371664122842,1.0438389329051916,0.08466749566729352,0.07725537742011085,ok,ok
fw22,86.2m-g048-control,86.2m-g048-control,fit,control,9,86180184,3912237056.0,0.0,0.0,0.0,1.0063167730094642,1.0074616907043237,1.4415415656265966,1.3650154629076199,ok,ok
fw22,86.2m-g048-ai-r0.25,86.2m-g048-control,fit,ai,9,86180184,3906974806.0,983583658.0,0.2517507040202808,0.2011188835058981,1.0080551647019553,1.008499792312542,1.0621232426103882,1.0405672785522062,ok,ok
fw22,86.2m-g048-ai-r1,86.2m-g048-control,fit,ai,9,86180184,3869780602.0,3955217798.0,1.0220780464804242,0.5054592468670664,1.0188110081714468,1.0162655942873642,0.42480386039017765,0.4682480631556887,ok,ok
fw22,86.2m-g049-control,86.2m-g049-control,fit,control,9,86180184,4715970560.0,0.0,0.0,0.0,1.0038784229329245,1.0033575522728269,1.3502960664172885,1.3871898757611836,ok,ok
fw22,86.2m-g049-ai-r0.05,86.2m-g049-control,fit,ai,9,86180184,4715924924.0,235975236.0,0.05003795433618739,0.04765347207646448,1.0034875102508969,1.003411410562158,1.3121965651289589,1.317398043137319,ok,ok
fw22,86.2m-g049-ai-r0.1,86.2m-g049-control,fit,ai,9,86180184,4716098026.0,472256022.0,0.10013702416625722,0.09102231991705435,1.0029611630943245,1.0035725692747375,1.2873523984139914,1.2468807966156432,ok,ok
fw22,86.2m-g049-ai-r0.25,86.2m-g049-control,fit,ai,9,86180184,4715867425.0,1186566879.0,0.25161158532780425,0.201030086551896,1.0054978148862153,1.0045227382909498,0.9944330367731915,1.044020947861917,ok,ok
fw22,86.2m-g049-ai-r0.5,86.2m-g049-control,fit,ai,9,86180184,4716015950.0,2386513586.0,0.5060444263340543,0.3360089632719832,1.0086462917641432,1.0070250909829621,0.711707147511158,0.7675505129140756,ok,ok
fw22,86.2m-g049-ai-r1,86.2m-g049-control,fit,ai,9,86180184,4715916792.0,4817736200.0,1.0215905861979424,0.5053399996877084,1.01531247617325,1.0132767259967548,0.39906718524099266,0.43347891907125363,ok,ok
fw22,86.2m-g049-ai-r2,86.2m-g049-control,fit,ai,9,86180184,4715903433.0,9760212535.0,2.069637912155272,0.6742286782293896,1.0253805540628058,1.0257118816685367,0.18191392894930472,0.17990044056254847,ok,ok
fw22,86.2m-g049-ai-r4,86.2m-g049-control,fit,ai,9,86180184,4715968696.0,19806553928.0,4.199890882396986,0.8076882721933135,1.0387955346959086,1.0453863051452965,0.07096037733412934,0.059084260802305326,ok,ok
fw22,86.2m-g050-control,86.2m-g050-control,fit,control,9,86180184,5216665600.0,0.0,0.0,0.0,1.001033991171492,1.0012800901872925,1.4211589537547988,1.401896528397493,ok,ok
fw22,86.2m-g050-ai-r0.05,86.2m-g050-control,fit,ai,9,86180184,5216204633.0,261032103.0,0.05004253501647469,0.04765762657004132,1.001479260938989,1.0013416233923693,1.3206329235028949,1.3306757836456138,ok,ok
fw22,86.2m-g050-ai-r0.1,86.2m-g050-control,fit,ai,9,86180184,5216159127.0,522173033.0,0.10010680661506591,0.090997352268991,1.0010696070932146,1.0015162702484235,1.2894056934864848,1.2579851442798224,ok,ok
fw22,86.2m-g050-ai-r0.25,86.2m-g050-control,fit,ai,9,86180184,5210440397.0,1310129459.0,0.2514431332434643,0.20092254019707567,1.003787959336618,1.002559541565175,0.9811515399942283,1.046360233388308,ok,ok
fw22,86.2m-g050-ai-r0.5,86.2m-g050-control,fit,ai,9,86180184,5196734044.0,2628264356.0,0.5057531006487659,0.33588049756022953,1.0069703308343199,1.0052996854879293,0.6984989972993564,0.7574856286495121,ok,ok
fw22,86.2m-g050-ai-r1,86.2m-g050-control,fit,ai,9,86180184,5161724880.0,5271606320.0,1.0212877366683673,0.5052658847828008,1.0135086794038035,1.0121041450975654,0.3923186436720906,0.4160646973103128,ok,ok
fw22,86.2m-g051-control,86.2m-g051-control,fit,control,9,86180184,6288310272.0,0.0,0.0,0.0,0.9982264374523695,0.9976730621428122,1.3879873411903942,1.435936430250061,ok,ok
fw22,86.2m-g051-ai-r0.05,86.2m-g051-control,fit,ai,9,86180184,6288142059.0,314216725.0,0.04996972429245177,0.047591585867987875,0.9978093966599342,0.9977442839918046,1.3561579739040133,1.3616203371566071,ok,ok
fw22,86.2m-g051-ai-r0.1,86.2m-g051-control,fit,ai,9,86180184,6288216839.0,629239033.0,0.10006637002359899,0.09096393885893661,0.9991657613950714,0.9979447318979933,1.1927564865584253,1.2836509269486487,ok,ok
fw22,86.2m-g051-ai-r0.25,86.2m-g051-control,fit,ai,9,86180184,6288381385.0,1581181495.0,0.25144491057296137,0.20092367506440206,1.0009782664353823,0.999120231618115,0.9450026553967164,1.0512696252620166,ok,ok
fw22,86.2m-g051-ai-r0.5,86.2m-g051-control,fit,ai,9,86180184,6288366448.0,3179750544.0,0.5056560507874525,0.33583769050242,1.0043722720154968,1.0022210619900083,0.6558210164657851,0.7337884257821762,ok,ok
fw22,86.2m-g051-ai-r1,86.2m-g051-control,fit,ai,9,86180184,6288366599.0,6421423097.0,1.0211591509345461,0.5052344098990825,1.0117004001197312,1.009973407659382,0.3474706341352999,0.37463465314461897,ok,ok
fw22,86.2m-g052-control,86.2m-g052-control,fit,control,9,86180184,6520569856.0,0.0,0.0,0.0,0.9972864614846986,0.9970072008972534,1.4185875399099324,1.4438097951583804,ok,ok
fw22,86.2m-g052-ai-r0.05,86.2m-g052-control,fit,ai,9,86180184,6520688995.0,325987997.0,0.04999287609790382,0.0476125859860047,0.9974713188865867,0.9970798760601717,1.3354778406946863,1.3687260603788973,ok,ok
fw22,86.2m-g052-ai-r0.1,86.2m-g052-control,fit,ai,9,86180184,6519990305.0,652793823.0,0.10012190087144615,0.09100982426777977,0.9971202057961299,0.997288223866958,1.3031711270828925,1.2894540471342704,ok,ok
fw22,86.2m-g052-ai-r0.25,86.2m-g052-control,fit,ai,9,86180184,6512978789.0,1637602459.0,0.2514367867688752,0.20091848779519092,1.0000377742812772,0.9985144883104935,0.9622533363363039,1.0523529892249877,ok,ok
fw22,86.2m-g052-ai-r0.5,86.2m-g052-control,fit,ai,9,86180184,6495718377.0,3285398551.0,0.5057790932921167,0.33589196154020257,1.0037036931182963,1.0017387211545965,0.6569323326222027,0.7291024934106,ok,ok
fw22,86.2m-g052-ai-r1,86.2m-g052-control,fit,ai,9,86180184,6451827283.0,6589836717.0,1.0213907514796068,0.5052910975930679,1.0108481029798735,1.0097435364246865,0.35132271444552293,0.36885593811206707,ok,ok
fw22,86.2m-g053-control,86.2m-g053-control,fit,control,9,86180184,7540834304.0,0.0,0.0,0.0,0.9939931345587448,0.9944444641886596,1.5286855263040562,1.480704672179173,ok,ok
fw22,86.2m-g053-ai-r0.05,86.2m-g053-control,fit,ai,9,86180184,7540691136.0,376581952.0,0.04993997833993767,0.04756460309178614,0.9948215046435825,0.9945268291780558,1.373851651235689,1.4022092822477763,ok,ok
fw22,86.2m-g053-ai-r0.1,86.2m-g053-control,fit,ai,9,86180184,7540693279.0,754591457.0,0.10006924152470889,0.09096631170780826,0.9957356825963387,0.9947568222376645,1.2325767849907128,1.3171119430164644,ok,ok
fw22,86.2m-g053-ai-r0.25,86.2m-g053-control,fit,ai,9,86180184,7540636584.0,1894974552.0,0.25130166808739024,0.20083220097636714,0.9980705194689344,0.9961024707517846,0.9338502870213122,1.0576922071961061,ok,ok
fw22,86.2m-g053-ai-r0.5,86.2m-g053-control,fit,ai,9,86180184,7540871733.0,3813109195.0,0.5056589383841732,0.33583896425230986,1.0022462786463864,0.9996559329667477,0.6110793223811248,0.706151408270487,ok,ok
fw22,86.2m-g053-ai-r1,86.2m-g053-control,fit,ai,9,86180184,7540772160.0,7696609984.0,1.0206660300422072,0.5051136679032942,1.0099608359757897,1.008528337655833,0.3126643665106003,0.3335413326088903,ok,ok
fw22,135m-g054-control,135m-g054-control,fit,control,12,135266786,550502400.0,0.0,0.0,0.0,1.0619536101229834,1.0441394139816458,,,above_range,above_range
fw22,135m-g054-ai-r0.0025,135m-g054-control,fit,ai,12,135266786,550144948.0,1406028.0,0.0025557410008243864,0.0025492258398251842,1.0620295455916413,1.0439467724390492,,,above_range,above_range
fw22,135m-g054-ai-r0.005,135m-g054-control,fit,ai,12,135266786,550334542.0,2789298.0,0.005068368032766513,0.005042809219721934,1.060786465169702,1.0437058065139257,,0.9115990012709182,above_range,ok
fw22,135m-g054-ai-r0.01,135m-g054-control,fit,ai,12,135266786,550153635.0,5591645.0,0.010163788157102697,0.010061524948983823,1.061587029656,1.0432814212247443,,0.9151396571961388,above_range,ok
fw22,135m-g054-ai-r0.025,135m-g054-control,fit,ai,12,135266786,550015276.0,14118612.0,0.02566949067792801,0.02502705882473063,1.061109670743458,1.04200961215019,,0.9253787951725092,above_range,ok
fw22,135m-g054-ai-r0.05,135m-g054-control,fit,ai,12,135266786,549643924.0,28121452.0,0.051163036235073525,0.0486727885888406,1.05983953599645,1.0401132517429137,,0.9403075581750757,above_range,ok
fw22,135m-g054-ai-r0.1,135m-g054-control,fit,ai,12,135266786,549253436.0,56299204.0,0.10250132326891806,0.09297161019725717,1.0580100322945745,1.0368298906334403,,0.9642048794658865,above_range,ok
fw22,135m-g054-ai-r0.25,135m-g054-control,fit,ai,12,135266786,547236621.0,140629235.0,0.2569806727170768,0.20444281944414464,1.0524976765792817,1.0301301781295507,,0.9982685795202144,above_range,ok
fw22,135m-g054-ai-r0.5,135m-g054-control,fit,ai,12,135266786,544441802.0,281311798.0,0.5166976469598857,0.34067280845036585,1.0473444143506156,1.0243073380211292,,0.9800079380117233,above_range,ok
fw22,135m-g054-ai-r1,135m-g054-control,fit,ai,12,135266786,539345999.0,561658801.0,1.0413701075772697,0.5101329267592657,1.0411829751590773,1.0201798186023083,0.4823911270121969,0.8406742002467534,ok,ok
fw22,135m-g054-ai-r2,135m-g054-control,fit,ai,12,135266786,550450444.0,1160301300.0,2.1079123700370745,0.6782406062536214,1.0360387060696028,1.019771610436183,0.34749989122053765,0.5487464958133565,ok,ok
fw22,135m-g054-ai-r4,135m-g054-control,fit,ai,12,135266786,550497751.0,2347242025.0,4.263853977125512,0.8100251252512745,1.036153915206994,1.0217698155114816,0.20461442395588442,0.3027322693036288,ok,ok
fw22,135m-g054-ai-r8,135m-g054-control,fit,ai,12,135266786,550493279.0,4730659745.0,8.593492283127402,0.8957626721857321,1.0376634167689653,1.0246025686830547,0.1085115448750472,0.15186020294553015,ok,ok
fw22,135m-g054-ai-r16,135m-g054-control,fit,ai,12,135266786,550515579.0,9460763781.0,17.18527893104366,0.9450104667741487,1.0411644554199948,1.0278558175574752,0.05307228293762938,0.07290778168324055,ok,ok
fw22,135m-g054-human-r0.0025,135m-g054-control,fit,human,12,135266786,551550976.0,0.0,0.0,0.0,1.0615347467385932,1.044034455780877,,,above_range,above_range
fw22,135m-g054-human-r0.005,135m-g054-control,fit,human,12,135266786,553123840.0,0.0,0.0,0.0,1.061326742764368,1.0438775592518335,,,above_range,above_range
fw22,135m-g054-human-r0.01,135m-g054-control,fit,human,12,135266786,555745280.0,0.0,0.0,0.0,1.0617483802386147,1.0436174959812559,,0.9089211008508307,above_range,ok
fw22,135m-g054-human-r0.025,135m-g054-control,fit,human,12,135266786,564133888.0,0.0,0.0,0.0,1.0606111496004649,1.0427970940598013,,0.9104872034949127,above_range,ok
fw22,135m-g054-human-r0.05,135m-g054-control,fit,human,12,135266786,577765376.0,0.0,0.0,0.0,1.059419599880228,1.0415009512318025,,0.9131578962977301,above_range,ok
fw22,135m-g054-human-r8,135m-g054-control,fit,human,12,135266786,4954521600.0,0.0,0.0,0.0,0.9631486784834181,0.9670319983422219,1.6816588804479127,1.3590112080159822,ok,ok
fw22,135m-g055-control,135m-g055-control,fit,control,12,135266786,550502400.0,0.0,0.0,0.0,1.0594583722812099,1.0441394139816458,,,above_range,above_range
fw22,135m-g055-ai-r0.025,135m-g055-control,fit,ai,12,135266786,550148949.0,13984939.0,0.025420277591041984,0.024790106209680494,1.0591886088850548,1.0420164447359446,,0.9252477843851602,above_range,ok
fw22,135m-g055-ai-r0.05,135m-g055-control,fit,ai,12,135266786,549704771.0,28060605.0,0.05104668265649817,0.048567474212923414,1.057643343784918,1.0401157670014245,,0.9402570729361223,above_range,ok
fw22,135m-g055-human-r0.025,135m-g055-control,fit,human,12,135266786,564133888.0,0.0,0.0,0.0,1.0584127213138992,1.0427970940598013,,0.9104872034949127,above_range,ok
fw22,135m-g055-human-r0.05,135m-g055-control,fit,human,12,135266786,577765376.0,0.0,0.0,0.0,1.056860168201526,1.0415009512318025,,0.9131578962977301,above_range,ok
fw22,135m-g056-control,135m-g056-control,fit,control,12,135266786,550502400.0,0.0,0.0,0.0,1.0634820497753181,1.0441394139816458,,,above_range,above_range
fw22,135m-g056-ai-r0.025,135m-g056-control,fit,ai,12,135266786,550093654.0,14040234.0,0.02552335206542848,0.02488812372143827,1.062020585430591,1.042013617049455,,0.9253019997103652,above_range,ok
fw22,135m-g056-ai-r0.05,135m-g056-control,fit,ai,12,135266786,549661239.0,28104137.0,0.05112992331627735,0.048642819676338656,1.0606270865229115,1.0401139673198334,,0.9402931949230112,above_range,ok
fw22,135m-g056-human-r0.025,135m-g056-control,fit,human,12,135266786,564133888.0,0.0,0.0,0.0,1.0614310356658005,1.0427970940598013,,0.9104872034949127,above_range,ok
fw22,135m-g056-human-r0.05,135m-g056-control,fit,human,12,135266786,577765376.0,0.0,0.0,0.0,1.059439366821215,1.0415009512318025,,0.9131578962977301,above_range,ok
fw22,135m-g057-control,135m-g057-control,fit,control,12,135266786,638582784.0,0.0,0.0,0.0,1.0518698314972896,1.0362163627811285,,0.9271676585374543,above_range,ok
fw22,135m-g057-ai-r0.0025,135m-g057-control,fit,ai,12,135266786,638534146.0,1621502.0,0.002539413138917711,0.0025329808540562933,1.051662699873427,1.0360082843695142,,0.9293068123217388,above_range,ok
fw22,135m-g057-ai-r0.005,135m-g057-control,fit,ai,12,135266786,638508364.0,3220148.0,0.005043235424242618,0.0050179288278218185,1.0507556541504486,1.0358044149269776,,0.9313838803605823,above_range,ok
fw22,135m-g057-ai-r0.01,135m-g057-control,fit,ai,12,135266786,638416779.0,6457461.0,0.010114804642376105,0.010013519845357755,1.049963010228549,1.0354037705266645,,0.9354666461073868,above_range,ok
fw22,135m-g057-ai-r0.025,135m-g057-control,fit,ai,12,135266786,638477216.0,16358496.0,0.025621111591866107,0.024981068839446556,1.048138582647847,1.034223270327116,,0.9471371849489053,above_range,ok
fw22,135m-g057-ai-r0.05,135m-g057-control,fit,ai,12,135266786,638502962.0,32585678.0,0.05103449778514888,0.04855644404888153,1.0483007320866802,1.0325036471792266,,0.9634822990876432,above_range,ok
fw22,135m-g057-ai-r0.1,135m-g057-control,fit,ai,12,135266786,638386668.0,65207828.0,0.10214472085435218,0.09267813828947292,1.0462327497811192,1.029694508105386,,0.9871618949641798,above_range,ok
fw22,135m-g057-ai-r0.25,135m-g057-control,fit,ai,12,135266786,638580891.0,163579749.0,0.2561613592035907,0.20392392850389668,1.0422868603420286,1.0244688616530542,0.6470686595036698,1.0038682722946606,ok,ok
fw22,135m-g057-ai-r0.5,135m-g057-control,fit,ai,12,135266786,638660815.0,328650545.0,0.5145932508791854,0.339756730449232,1.0369094987645722,1.0209378318570912,0.6025240907598409,0.932430395145164,ok,ok
fw22,135m-g057-ai-r1,135m-g057-control,fit,ai,12,135266786,638508246.0,662774570.0,1.0380047151340939,0.5093240007866207,1.0329395597802222,1.0197600755730998,0.49159296344942743,0.7217079866641617,ok,ok
fw22,135m-g057-ai-r2,135m-g057-control,fit,ai,12,135266786,638513077.0,1342771275.0,2.1029659741800404,0.6777276939801925,1.0305936571707595,1.021065215143707,0.34244140431987274,0.4532840449052244,ok,ok
fw22,135m-g057-ai-r4,135m-g057-control,fit,ai,12,135266786,638586406.0,2717381082.0,4.2553068096473075,0.8097161524110689,1.0315963734245126,1.023680658357956,0.19707105854801196,0.2458505263766733,ok,ok
fw22,135m-g057-ai-r8,135m-g057-control,fit,ai,12,135266786,638587681.0,5476183263.0,8.5754602319051,0.8955663774083636,1.0348001409833922,1.027097458557571,0.10005640555757682,0.12192292683512644,ok,ok
fw22,135m-g057-ai-r16,135m-g057-control,fit,ai,12,135266786,638570429.0,10961301571.0,17.165376085712857,0.9449502176403326,1.0393732010229617,1.0310243597227249,0.04758507445573634,0.05784728499467685,ok,ok
fw22,135m-g057-ai-r32,135m-g057-control,fit,ai,12,135266786,638574888.0,21962956504.0,34.39370529083505,0.9717463884670209,1.042763364963667,1.035279248524473,0.022741455831849104,0.026768395560246367,ok,ok
fw22,135m-g057-human-r0.0025,135m-g057-control,fit,human,12,135266786,640155648.0,0.0,0.0,0.0,1.0502123969021773,1.0360894324189915,,0.9275795722687489,above_range,ok
fw22,135m-g057-human-r0.005,135m-g057-control,fit,human,12,135266786,641728512.0,0.0,0.0,0.0,1.0501821887675085,1.0359629529932444,,0.9279941753857079,above_range,ok
fw22,135m-g057-human-r0.01,135m-g057-control,fit,human,12,135266786,644874240.0,0.0,0.0,0.0,1.0494007351142198,1.0357113361681787,,0.9288315081242527,above_range,ok
fw22,135m-g057-human-r0.025,135m-g057-control,fit,human,12,135266786,654835712.0,0.0,0.0,0.0,1.0494771352605958,1.0349261378515897,,0.931555754155099,above_range,ok
fw22,135m-g057-human-r0.05,135m-g057-control,fit,human,12,135266786,671088640.0,0.0,0.0,0.0,1.0479957643674163,1.0336814822760527,,0.9362458088175718,above_range,ok
fw22,135m-g057-human-r0.5,135m-g057-control,fit,human,12,135266786,957874176.0,0.0,0.0,0.0,1.0247054783146878,1.0170769154740378,0.8346613359434151,1.079337831410155,ok,ok
fw22,135m-g057-human-r8,135m-g057-control,fit,human,12,135266786,6114770944.0,0.0,0.0,0.0,0.9583164386755391,0.9628964425268722,1.8440592659124304,1.3827000122455053,ok,ok
fw22,135m-g058-control,135m-g058-control,fit,control,12,135266786,2202009600.0,0.0,0.0,0.0,0.9857984184725848,0.9871763987491191,1.3665283375019461,1.3004196298000432,ok,ok
fw22,135m-g058-ai-r0.0025,135m-g058-control,fit,ai,12,135266786,2201786294.0,5466186.0,0.00248261423685654,0.002476466126793071,0.9855479150962695,0.9870809405793898,1.3757623538660617,1.3017575389691791,ok,ok
fw22,135m-g058-ai-r0.005,135m-g058-control,fit,ai,12,135266786,2201948906.0,11070742.0,0.005027701582826827,0.00500255025300164,0.9858157021595152,0.9870118899115563,1.358876602625992,1.3015717183214988,ok,ok
fw22,135m-g058-ai-r0.01,135m-g058-control,fit,ai,12,135266786,2201876395.0,22153301.0,0.010061101091008336,0.009960883633812775,0.9858085912870101,0.9869404262993465,1.3524986423326455,1.2984417873073129,ok,ok
fw22,135m-g058-ai-r0.025,135m-g058-control,fit,ai,12,135266786,2201704625.0,55355215.0,0.025141980614225217,0.024525364378465038,0.9851983351753159,0.9868946413340784,1.3626930051230648,1.2815379788529087,ok,ok
fw22,135m-g058-ai-r0.05,135m-g058-control,fit,ai,12,135266786,2201638542.0,110471538.0,0.05017696406225069,0.04777953219251568,0.9854102522415903,0.9869078133761221,1.3199807170154298,1.2504355541042855,ok,ok
fw22,135m-g058-ai-r0.1,135m-g058-control,fit,ai,12,135266786,2200865978.0,221344582.0,0.1005715860086779,0.0913812307052282,0.9847446781241983,0.9869825865823662,1.2911192710561044,1.1904094916155108,ok,ok
fw22,135m-g058-ai-r0.25,135m-g058-control,fit,ai,12,135266786,2198073564.0,554438436.0,0.2522383441030275,0.2014299795968192,0.9847268645884609,0.9873963199653264,1.1369311349220597,1.0322194292654665,ok,ok
fw22,135m-g058-ai-r0.5,135m-g058-control,fit,ai,12,135266786,2190490412.0,1112523988.0,0.5078880883957961,0.33682081071157305,0.9859279074593305,0.9884896612916141,0.906748665627617,0.8275940493674806,ok,ok
fw22,135m-g058-ai-r1,135m-g058-control,fit,ai,12,135266786,2174864563.0,2229154637.0,1.0249625079757207,0.5061636963344756,0.9895373323843487,0.9911533642719738,0.5984243268265534,0.566093676479627,ok,ok
fw22,135m-g058-ai-r2,135m-g058-control,fit,ai,12,135266786,2202032535.0,4570719849.0,2.0756822509890847,0.6748688848861362,0.9948798365373376,0.9957804879223586,0.32489354364758444,0.3154050149538565,ok,ok
fw22,135m-g058-ai-r2.07,135m-g058-control,fit,ai,12,135266786,2149048272.0,4456980528.0,2.073932254603167,0.6746837870279948,0.9957306721173708,0.9963082406154179,0.3238943519310172,0.31782200736825883,ok,ok
fw22,135m-g058-ai-r4,135m-g058-control,fit,ai,12,135266786,2202021303.0,9257865801.0,4.204258055263692,0.8078496513083974,1.004006557931403,1.0035769975104176,0.14275270450348845,0.14476224214960898,ok,ok
fw22,135m-g058-ai-r4.2,135m-g058-control,fit,ai,12,135266786,2116022196.0,8894025804.0,4.2031817155853695,0.8078099027361189,1.0041607930873881,1.0042201852479133,0.14784003533878196,0.14755391238339313,ok,ok
fw22,135m-g058-human-r0.0025,135m-g058-control,fit,human,12,135266786,2207252480.0,0.0,0.0,0.0,0.9856043347289327,0.9871059686986978,1.3729378950271762,1.3005949001245376,ok,ok
fw22,135m-g058-human-r0.005,135m-g058-control,fit,human,12,135266786,2213019648.0,0.0,0.0,0.0,0.9858259077950435,0.9870287749900234,1.3583732190867461,1.3007866142980988,ok,ok
fw22,135m-g058-human-r0.01,135m-g058-control,fit,human,12,135266786,2224029696.0,0.0,0.0,0.0,0.9854928461540595,0.9868822112541331,1.3681278425406114,1.301149521092191,ok,ok
fw22,135m-g058-human-r0.025,135m-g058-control,fit,human,12,135266786,2257059840.0,0.0,0.0,0.0,0.9849018825692302,0.9864487532351002,1.3775966519843925,1.302214878158977,ok,ok
fw22,135m-g058-human-r0.05,135m-g058-control,fit,human,12,135266786,2312110080.0,0.0,0.0,0.0,0.9841553400476685,0.9857463701987687,1.3824244702358002,1.3039187107115227,ok,ok
fw22,135m-g058-human-r4,135m-g058-control,fit,human,12,135266786,11010048000.0,0.0,0.0,0.0,0.9479311894269313,0.9532079184614914,2.5671974228718355,1.5075122848846294,ok,ok
fw22,135m-g059-control,135m-g059-control,fit,control,12,135266786,2202009600.0,0.0,0.0,0.0,0.9866590149543523,0.9871763987491191,1.3247185170020017,1.3004196298000432,ok,ok
fw22,135m-g059-ai-r0.25,135m-g059-control,fit,ai,12,135266786,2197250444.0,555261556.0,0.2527074496747718,0.20172902279808408,0.984938872580183,0.9874083960681876,1.1280943167092663,1.0317762445279877,ok,ok
fw22,135m-g059-ai-r1,135m-g059-control,fit,ai,12,135266786,2174290112.0,2229729088.0,1.0254975063787624,0.5062941342308408,0.9898558792459796,0.991162785509689,0.5918633055729234,0.5659119576578345,ok,ok
fw22,135m-g060-control,135m-g060-control,fit,control,12,135266786,2202009600.0,0.0,0.0,0.0,0.9860695941183908,0.9871763987491191,1.3531613915772813,1.3004196298000432,ok,ok
fw22,135m-g060-ai-r0.025,135m-g060-control,fit,ai,12,135266786,2202732537.0,54327303.0,0.02466359491560913,0.024069943577570366,0.985653460224847,0.9868814451350829,1.340242093772672,1.2821434717493048,ok,ok
fw22,135m-g060-ai-r0.05,135m-g060-control,fit,ai,12,135266786,2203268720.0,108841360.0,0.049399947910121464,0.04707447147153132,0.9853491727975311,0.9868859832587978,1.322928726098078,1.251412934401055,ok,ok
fw22,135m-g060-ai-r0.25,135m-g060-control,fit,ai,12,135266786,2197680121.0,554831879.0,0.25246252796223023,0.20157291920979817,0.9844179972824818,0.98740209131272,1.1499777530637283,1.0320075926061054,ok,ok
fw22,135m-g060-ai-r1,135m-g060-control,fit,ai,12,135266786,2174297180.0,2229722020.0,1.0254909220826933,0.5062925293332055,0.9888308446423577,0.9911626695737797,0.6133232944735804,0.565914193395166,ok,ok
fw22,135m-g060-human-r0.025,135m-g060-control,fit,human,12,135266786,2257059840.0,0.0,0.0,0.0,0.9852662593111667,0.9864487532351002,1.3593096181822513,1.302214878158977,ok,ok
fw22,135m-g060-human-r0.05,135m-g060-control,fit,human,12,135266786,2312110080.0,0.0,0.0,0.0,0.984483708427998,0.9857463701987687,1.3656961584869123,1.3039187107115227,ok,ok
fw22,135m-g061-control,135m-g061-control,fit,control,12,135266786,2202009600.0,0.0,0.0,0.0,0.986529816018213,0.9871763987491191,1.3308826882033555,1.3004196298000432,ok,ok
fw22,135m-g061-ai-r0.025,135m-g061-control,fit,ai,12,135266786,2202723312.0,54336528.0,0.02466788620431144,0.024074030753212107,0.9856559095585292,0.986881563389502,1.340122652930434,1.2821380440487724,ok,ok
fw22,135m-g061-ai-r0.05,135m-g061-control,fit,ai,12,135266786,2203329924.0,108780156.0,0.049370797725343286,0.04704800041354432,0.9851914067818607,0.9868851642860555,1.330585466093229,1.2514496217585234,ok,ok
fw22,135m-g061-ai-r0.25,135m-g061-control,fit,ai,12,135266786,2197730660.0,554781340.0,0.2524337263420623,0.20155455816359746,0.9845481572958881,0.9874013498718786,1.1444545817088005,1.0320348038137566,ok,ok
fw22,135m-g061-ai-r1,135m-g061-control,fit,ai,12,135266786,2175391295.0,2228627905.0,1.024472199609496,0.5060440937678019,0.989150217370875,0.9911447282110945,0.60652779032502,0.5662603170140357,ok,ok
fw22,135m-g061-human-r0.025,135m-g061-control,fit,human,12,135266786,2257059840.0,0.0,0.0,0.0,0.9845620531854521,0.9864487532351002,1.3949598827024776,1.302214878158977,ok,ok
fw22,135m-g061-human-r0.05,135m-g061-control,fit,human,12,135266786,2312110080.0,0.0,0.0,0.0,0.9840633007243524,0.9857463701987687,1.3871643940127545,1.3039187107115227,ok,ok
fw22,135m-g062-control,135m-g062-control,fit,control,12,135266786,2202009600.0,0.0,0.0,0.0,0.9856462877931446,0.9871763987491191,1.3741067374209184,1.3004196298000432,ok,ok
fw22,135m-g062-ai-r0.25,135m-g062-control,fit,ai,12,135266786,2198426776.0,554085224.0,0.252037152225806,0.20130165608723957,0.9846084641092034,0.9873911401743118,1.1419080132459247,1.0324096030494052,ok,ok
fw22,135m-g062-ai-r1,135m-g062-control,fit,ai,12,135266786,2175029112.0,2228990088.0,1.0248093120695665,0.5061263329642159,0.9890866066188959,0.991150666137083,0.6078732575359449,0.5661457325897004,ok,ok
fw22,135m-g063-control,135m-g063-control,fit,control,12,135266786,2553806848.0,0.0,0.0,0.0,0.9811634217143153,0.9829273447224248,1.4023623554581977,1.3105776373477922,ok,ok
fw22,135m-g063-ai-r0.0025,135m-g063-control,fit,ai,12,135266786,2553717761.0,6380543.0,0.002498531003481555,0.0024923039049050515,0.98080052097977,0.9828451331534505,1.4188720135704882,1.3114338848264464,ok,ok
fw22,135m-g063-ai-r0.005,135m-g063-control,fit,ai,12,135266786,2553591780.0,12797980.0,0.005011756420989106,0.0049867639746193505,0.980748993418843,0.9828026907834622,1.4182528697983787,1.3103255215681273,ok,ok
fw22,135m-g063-ai-r0.01,135m-g063-control,fit,ai,12,135266786,2553831567.0,25665393.0,0.010049759479693988,0.009949766717305998,0.9807309206120974,0.9827656456115131,1.4120459737917164,1.3055006016669457,ok,ok
fw22,135m-g063-ai-r0.025,135m-g063-control,fit,ai,12,135266786,2553609026.0,64160958.0,0.025125599630458073,0.024509776791756505,0.9804652670775693,0.9827605287972258,1.405995808971966,1.2866633628019426,ok,ok
fw22,135m-g063-ai-r0.05,135m-g063-control,fit,ai,12,135266786,2554051985.0,128205423.0,0.050196872950493215,0.04779758371348675,0.9800839488361802,0.9827749656733631,1.393012255351013,1.2550414567460553,ok,ok
fw22,135m-g063-ai-r0.1,135m-g063-control,fit,ai,12,135266786,2553653594.0,256530086.0,0.10045610203464425,0.09128587850883825,0.9800169659907116,0.9828515427462594,1.3331340427409697,1.1944358977966893,ok,ok
fw22,135m-g063-ai-r0.25,135m-g063-control,fit,ai,12,135266786,2554022343.0,643610169.0,0.25199864471193467,0.20127709065525037,0.9804736050510163,0.9832700891731495,1.1506531260419104,1.0332438903505226,ok,ok
fw22,135m-g063-ai-r0.5,135m-g063-control,fit,ai,12,135266786,2553919922.0,1295926862.0,0.5074265840665618,0.3366177759036761,0.9819720025586611,0.9843885111841844,0.9016283682510494,0.823093967922894,ok,ok
fw22,135m-g063-ai-r1,135m-g063-control,fit,ai,12,135266786,2553803612.0,2614627492.0,1.023816976260115,0.5058841724670496,0.9853685744663409,0.9871720858901682,0.5913959947086088,0.5541288912615393,ok,ok
fw22,135m-g063-ai-r2,135m-g063-control,fit,ai,12,135266786,2553870961.0,5296817551.0,2.074034918712559,0.6746946516733742,0.9919545431580982,0.9927045074052357,0.3090427069607725,0.3013304397261273,ok,ok
fw22,135m-g063-ai-r4,135m-g063-control,fit,ai,12,135266786,2553779147.0,10736397365.0,4.204121322555384,0.8078446027639937,1.0014745650086756,1.0014378967871465,0.1336197267276631,0.13377806918952978,ok,ok
fw22,135m-g063-ai-r8,135m-g063-control,fit,ai,12,135266786,2553826118.0,21716513978.0,8.50352098168964,0.8947758412985364,1.0118688282826318,1.0128786188401318,0.05157990330795426,0.049725791391586914,ok,ok
fw22,135m-g063-human-r0.0025,135m-g063-control,fit,human,12,135266786,2560098304.0,0.0,0.0,0.0,0.9806532817439108,0.9828591618033096,1.4270840687527335,1.3107369210284383,ok,ok
fw22,135m-g063-human-r0.005,135m-g063-control,fit,human,12,135266786,2566389760.0,0.0,0.0,0.0,0.9806492359541019,0.982791221162277,1.4238116441065396,1.3108956240563665,ok,ok
fw22,135m-g063-human-r0.01,135m-g063-control,fit,human,12,135266786,2579496960.0,0.0,0.0,0.0,0.9806125141653669,0.9826504499784785,1.4186204339459236,1.3112244263542534,ok,ok
fw22,135m-g063-human-r0.025,135m-g063-control,fit,human,12,135266786,2617769984.0,0.0,0.0,0.0,0.9800761996010788,0.9822452597949094,1.42776669266284,1.312170983233869,ok,ok
fw22,135m-g063-human-r0.05,135m-g063-control,fit,human,12,135266786,2682257408.0,0.0,0.0,0.0,0.9789474374355933,0.9815815952806071,1.457807866178688,1.3137239913757224,ok,ok
fw22,135m-g063-human-r0.5,135m-g063-control,fit,human,12,135266786,3830448128.0,0.0,0.0,0.0,0.9690791211834261,0.9726499359840675,1.5844316520381154,1.3372856561493038,ok,ok
fw22,135m-g063-human-r4,135m-g063-control,fit,human,12,135266786,13290176512.0,0.0,0.0,0.0,0.9448792062770057,0.9506093727532321,,1.5843368369633841,below_range,ok
fw22,135m-g064-control,135m-g064-control,fit,control,12,135266786,4404019200.0,0.0,0.0,0.0,0.9658917348096709,0.9695231973458942,1.6238001938151152,1.3482900975901624,ok,ok
fw22,135m-g064-ai-r0.025,135m-g064-control,fit,ai,12,135266786,4404445325.0,109674355.0,0.024900832433423385,0.02429584565201426,0.9654548714845246,0.9695055705949821,1.621964134593079,1.3165406993022584,ok,ok
fw22,135m-g064-ai-r0.05,135m-g064-control,fit,ai,12,135266786,4403870947.0,220349213.0,0.0500353474595131,0.04765110772753519,0.9653452389508638,0.9695375887620998,1.5928054068044062,1.2831816681755037,ok,ok
fw22,135m-g064-ai-r0.1,135m-g064-control,fit,ai,12,135266786,4402774976.0,441646144.0,0.1003108599479784,0.09116592737503382,0.9656441456017946,0.9696518192154516,1.495974993955725,1.2180367312802305,ok,ok
fw22,135m-g064-ai-r0.25,135m-g064-control,fit,ai,12,135266786,4398144621.0,1106879379.0,0.2516696185284445,0.20106713049752373,0.967041456468556,0.9703090262403471,1.2225082756156571,1.0382922137802282,ok,ok
fw22,135m-g064-ai-r0.5,135m-g064-control,fit,ai,12,135266786,4386036541.0,2219992259.0,0.5061499689407171,0.33605549206809393,0.9696448590026148,0.9720379150586026,0.8935304262432767,0.7975239162634418,ok,ok
fw22,135m-g064-ai-r1,135m-g064-control,fit,ai,12,135266786,4356511015.0,4451527385.0,1.0218101984989472,0.5053937304587591,0.9746626187589493,0.9763238063893563,0.5315323540888487,0.4948315747915367,ok,ok
fw22,135m-g064-human-r0.025,135m-g064-control,fit,human,12,135266786,4514119680.0,0.0,0.0,0.0,0.965082346000858,0.9689899724662999,1.6552479163221738,1.3504154262917554,ok,ok
fw22,135m-g064-human-r0.05,135m-g064-control,fit,human,12,135266786,4624220160.0,0.0,0.0,0.0,0.9644775377211035,0.9684752601472364,1.6707622623687104,1.35254903538963,ok,ok
fw22,135m-g065-control,135m-g065-control,fit,control,12,135266786,5107613696.0,0.0,0.0,0.0,0.9624626943512796,0.9664094540765108,1.6980679079727425,1.3620427712361154,ok,ok
fw22,135m-g065-ai-r0.025,135m-g065-control,fit,ai,12,135266786,5107829429.0,127710539.0,0.025002898153747257,0.024393002399098484,0.9622582111862581,0.9664047835847694,1.6767907343731605,1.3290906168464167,ok,ok
fw22,135m-g065-ai-r0.05,135m-g065-control,fit,ai,12,135266786,5107463868.0,255478084.0,0.05002053672873873,0.04763767467308212,0.96223775672954,0.9664387478016307,1.6389509403570783,1.2951888720750349,ok,ok
fw22,135m-g065-ai-r0.1,135m-g065-control,fit,ai,12,135266786,5107467202.0,511327294.0,0.10011367156695057,0.09100302464594712,0.9624661041340737,0.9665598190027792,1.5432717129541593,1.2283402981069316,ok,ok
fw22,135m-g065-ai-r0.25,135m-g065-control,fit,ai,12,135266786,5107523042.0,1284596254.0,0.2515106135472232,0.20096562572038706,0.9635131169415906,0.9672690823586216,1.276371087456421,1.0404894654610095,ok,ok
fw22,135m-g065-ai-r0.5,135m-g065-control,fit,ai,12,135266786,5107550699.0,2583754261.0,0.5058695279335885,0.3359318443927622,0.9665142647574831,0.9691404661902158,0.8995072441514367,0.7866944016833866,ok,ok
fw22,135m-g065-ai-r1,135m-g065-control,fit,ai,12,135266786,5107655620.0,5217147964.0,1.0214369080740804,0.5053023935568942,0.9716172730096401,0.9738164648281047,0.5203422644572198,0.4707094841354606,ok,ok
fw22,135m-g065-human-r0.025,135m-g065-control,fit,human,12,135266786,5235539968.0,0.0,0.0,0.0,0.9618154490138267,0.9659096163858493,1.721862986885101,1.3645957945985274,ok,ok
fw22,135m-g065-human-r0.05,135m-g065-control,fit,human,12,135266786,5362941952.0,0.0,0.0,0.0,0.9607160578093317,0.9654291060301504,1.7983315548977907,1.3671573229103184,ok,ok
fw22,135m-g065-human-r0.5,135m-g065-control,fit,human,12,135266786,7661420544.0,0.0,0.0,0.0,0.9540198533980013,0.958876921452664,2.0248286277747436,1.417331183714217,ok,ok
fw22,135m-g066-control,135m-g066-control,fit,control,12,135266786,6606028800.0,0.0,0.0,0.0,0.9568216731605467,0.9614729372772441,1.895049585969966,1.393289437604192,ok,ok
fw22,135m-g066-ai-r0.05,135m-g066-control,fit,ai,12,135266786,6606211571.0,330118669.0,0.04997095013565075,0.04759269780672957,0.9566854635426372,0.9615193965971246,1.8226507218178525,1.3231910777751479,ok,ok
fw22,135m-g066-ai-r0.1,135m-g066-control,fit,ai,12,135266786,6605086973.0,661544707.0,0.10015685027377155,0.09103870075330418,0.9568364024548585,0.9616695334440718,1.7209463286657574,1.2515793515356655,ok,ok
fw22,135m-g066-ai-r0.25,135m-g066-control,fit,ai,12,135266786,6598630264.0,1658905736.0,0.251401528746118,0.2008959738110739,0.9588814549015836,0.9625456535499299,1.314616512941675,1.0451895602404275,ok,ok
fw22,135m-g066-ai-r0.5,135m-g066-control,fit,ai,12,135266786,6580659240.0,3328383960.0,0.5057827549812471,0.33589357648577006,0.9617438418477232,0.9648554357490995,0.9137058755621638,0.7635232562861423,ok,ok
fw22,135m-g066-ai-r1,135m-g066-control,fit,ai,12,135266786,6538825474.0,6673232126.0,1.0205551673667441,0.5050865147605775,0.9678864764318521,0.9705730376522578,0.4876967950178256,0.4271830036358247,ok,ok
fw22,135m-g066-human-r0.25,135m-g066-control,fit,human,12,135266786,8257536000.0,0.0,0.0,0.0,0.9527481331875806,0.9576287516109123,2.091111074893894,1.431753202030178,ok,ok
fw22,135m-g067-control,135m-g067-control,fit,control,12,135266786,7402422272.0,0.0,0.0,0.0,0.9544673969298367,0.959463990215002,2.021348996022789,1.4112598466460968,ok,ok
fw22,135m-g067-ai-r0.05,135m-g067-control,fit,ai,12,135266786,7402382458.0,369662854.0,0.04993836188516484,0.047563136749761654,0.9546168546523873,0.959517703007103,1.9024654945667796,1.3394477612961915,ok,ok
fw22,135m-g067-ai-r0.1,135m-g067-control,fit,ai,12,135266786,7402481320.0,740759896.0,0.10006913411569406,0.090966222951193,0.9551976454227911,0.9596773536608736,1.7351114320740448,1.2652124438460175,ok,ok
fw22,135m-g067-ai-r0.25,135m-g067-control,fit,ai,12,135266786,7402417251.0,1860178845.0,0.2512934332023376,0.20082694157454492,0.9568401765675971,0.9606127365839507,1.3497389468422711,1.0479707388316701,ok,ok
fw22,135m-g067-ai-r0.5,135m-g067-control,fit,ai,12,135266786,7402443635.0,3743394957.0,0.5056971915734148,0.33585583768338856,0.9602283005746912,0.9630835422301735,0.8922902359447074,0.7503551701696286,ok,ok
fw22,135m-g067-ai-r1,135m-g067-control,fit,ai,12,135266786,7402521910.0,7555939018.0,1.0207249785769292,0.5051281047140628,0.9656522619935382,0.969250950158029,0.48427168591753716,0.40230189225299745,ok,ok
fw22,135m-g067-human-r0.25,135m-g067-control,fit,human,12,135266786,9262596096.0,0.0,0.0,0.0,0.9500191308889324,0.9557950402141593,2.4130915770953476,1.4575737822383301,ok,ok
fw22,135m-g068-control,135m-g068-control,fit,control,12,135266786,8808038400.0,0.0,0.0,0.0,0.9514806245999091,0.9565867798028289,2.198108953193694,1.4456529787026375,ok,ok
fw22,135m-g068-ai-r0.05,135m-g068-control,fit,ai,12,135266786,8807935507.0,440504813.0,0.05001226594471703,0.04763017306252131,0.9512590695932565,0.9566506575535779,2.137655424637503,1.3704405515087683,ok,ok
fw22,135m-g068-ai-r0.1,135m-g068-control,fit,ai,12,135266786,8806314189.0,882528051.0,0.10021537184107843,0.09108704932324298,0.9515694838881503,0.9568361410322901,1.9817569378922433,1.2907340335716018,ok,ok
fw22,135m-g068-ai-r0.25,135m-g068-control,fit,ai,12,135266786,8798426570.0,2211621430.0,0.2513655609221047,0.20087300527663457,0.9539123806185328,0.9579145498118012,1.421429521024849,1.052732867703516,ok,ok
fw22,135m-g068-ai-r0.5,135m-g068-control,fit,ai,12,135266786,8775729541.0,4436328059.0,0.5055224227539808,0.33577874039846756,0.9573873508338867,0.9607568435479301,0.910114510064113,0.7281086392684568,ok,ok
fw22,135m-g068-ai-r1,135m-g068-control,fit,ai,12,135266786,8718297837.0,8897778963.0,1.0205867165076985,0.5050942422662462,0.9637115390382787,0.9678127223070226,0.45791950695955147,0.36715040704348184,ok,ok
fw22,135m-g068-human-r0.25,135m-g068-control,fit,human,12,135266786,11010048000.0,0.0,0.0,0.0,0.9477413505982475,0.9532079184614914,2.6285438849452816,1.5075122848846294,ok,ok
fw22,135m-g069-control,135m-g069-control,fit,control,12,135266786,9869721600.0,0.0,0.0,0.0,0.9495387357888275,0.954821276019837,2.3819686098548027,1.4741565493601536,ok,ok
fw22,135m-g069-ai-r0.05,135m-g069-control,fit,ai,12,135266786,9869897079.0,492655241.0,0.049914931944752855,0.04754188213353214,0.9496729163088014,0.9548910156769492,2.2364939451430703,1.3963926927712078,ok,ok
fw22,135m-g069-ai-r0.1,135m-g069-control,fit,ai,12,135266786,9869756475.0,987723717.0,0.10007579411932754,0.09097172636131298,0.9500428250554576,0.9550896191020678,2.0535990951725465,1.3122766716061685,ok,ok
fw22,135m-g069-ai-r0.25,135m-g069-control,fit,ai,12,135266786,9869643433.0,2479436119.0,0.251218408834284,0.2007790223198005,0.9522440136124682,0.956248939221167,1.4619345463792368,1.056944481055336,ok,ok
fw22,135m-g069-ai-r0.5,135m-g069-control,fit,ai,12,135266786,9869761180.0,4989085028.0,0.5054919705767389,0.33576530493423357,0.9556357589335788,0.9593111992435593,0.9195948697621077,0.7101244623195333,ok,ok
fw22,135m-g069-ai-r1,135m-g069-control,fit,ai,12,135266786,9869780976.0,10074134544.0,1.0207049749631647,0.5051232058167081,0.9623822240740855,0.9669629510020866,0.43694980831414326,0.3388256517653413,ok,ok
fw22,135m-g069-human-r0.25,135m-g069-control,fit,human,12,135266786,12349079552.0,0.0,0.0,0.0,0.9455321588744455,0.9515973320492388,,1.550820540905622,below_range,ok
fw22,135m-g070-control,135m-g070-control,fit,control,12,135266786,11010048000.0,0.0,0.0,0.0,0.9478000072481767,0.9532079184614914,2.6093068872770537,1.5075122848846294,ok,ok
fw22,135m-g070-ai-r0.05,135m-g070-control,fit,ai,12,135266786,11010158232.0,550392168.0,0.04998948756252534,0.047609512432902845,0.9476599569330908,0.9532845711809266,2.52920932913728,1.4264225560312183,ok,ok
fw22,135m-g070-ai-r0.1,135m-g070-control,fit,ai,12,135266786,11008301532.0,1102751268.0,0.10017451509612228,0.09105329538320567,0.948058052097302,0.9535025858230824,2.297844986809128,1.3368281320166464,ok,ok
fw22,135m-g070-ai-r0.25,135m-g070-control,fit,ai,12,135266786,10998502750.0,2764057250.0,0.25131213882725995,0.20083888825916107,0.9506692509780931,0.9547726746463822,1.5209227833772978,1.0612272188479532,ok,ok
fw22,135m-g070-ai-r0.5,135m-g070-control,fit,ai,12,135266786,10969425148.0,5545646852.0,0.5055549198957896,0.33579307749914744,0.9540656515564758,0.9581220436584422,0.9358293316723721,0.6918842487788384,ok,ok
fw22,135m-g070-ai-r1,135m-g070-control,fit,ai,12,135266786,10897156053.0,11122939947.0,1.0207195247000103,0.505126769065857,0.9608652119759419,0.9664331843707658,0.4339257164861955,0.31553292984120784,ok,ok
fw22,135m-g070-human-r0.25,135m-g070-control,fit,human,12,135266786,13762560000.0,0.0,0.0,0.0,0.9441783023625285,0.9501508368378853,,1.6022415267281396,below_range,ok
fw22,135m-g071-control,135m-g071-control,fit,control,12,135266786,11835801600.0,0.0,0.0,0.0,0.9468810647391651,0.9521834199112317,,1.5336487869454236,below_range,ok
fw22,135m-g071-ai-r0.05,135m-g071-control,fit,ai,12,135266786,11835671561.0,591002615.0,0.04993401616072438,0.04755919457045238,0.9467540373351258,0.9522647429236053,,1.4501126609299795,below_range,ok
fw22,135m-g071-ai-r0.1,135m-g071-control,fit,ai,12,135266786,11835922487.0,1184769993.0,0.10009950591525871,0.09099131976427724,0.9470288823488113,0.9524918054998371,,1.356303508791198,below_range,ok
fw22,135m-g071-ai-r0.25,135m-g071-control,fit,ai,12,135266786,11835633334.0,2972881226.0,0.25118057835231006,0.20075485721101252,0.9495673810736661,0.9538195175964467,1.5827018011497094,1.0649212273550401,ok,ok
fw22,135m-g071-ai-r0.5,135m-g071-control,fit,ai,12,135266786,11835727159.0,5982724809.0,0.505480122059985,0.33576007723590817,0.9530347948975271,0.9573280146076097,0.9453631847139319,0.6776621755504033,ok,ok
fw22,135m-g071-ai-r1,135m-g071-control,fit,ai,12,135266786,11835746085.0,12079651035.0,1.0206074841626682,0.5050993288711904,0.959831407385219,0.9660924461854005,0.4265442766365007,0.2958305165295169,ok,ok
fw22,135m-g071-human-r0.25,135m-g071-control,fit,human,12,135266786,14808514560.0,0.0,0.0,0.0,0.9432337235885343,0.9492121819855056,,1.6447809216277682,below_range,ok
fw22,268m-g072-control,268m-g072-control,fit,control,16,268436282,1174405120.0,0.0,0.0,0.0,0.9814328881501583,0.9631377742275797,,0.9170270516083878,above_range,ok
fw22,268m-g072-ai-r0.0025,268m-g072-control,fit,ai,16,268436282,1174092320.0,2934240.0,0.0024991561140609454,0.002492925903048441,0.9812644017258741,0.962989303441619,,0.9189432180016421,above_range,ok
fw22,268m-g072-ai-r0.005,268m-g072-control,fit,ai,16,268436282,1174287181.0,5885107.0,0.005011642037161947,0.004986650728745124,0.9811280810815549,0.9628250950629111,,0.9208954510794254,above_range,ok
fw22,268m-g072-ai-r0.01,268m-g072-control,fit,ai,16,268436282,1174087391.0,11852065.0,0.01009470427061251,0.009993819617044599,0.9808104313824123,0.962518877734267,,0.924685543096984,above_range,ok
fw22,268m-g072-ai-r0.025,268m-g072-control,fit,ai,16,268436282,1174108496.0,29656752.0,0.025258953581407353,0.024636657395844676,0.9801493762126408,0.9616315673009376,,0.9353505869547923,above_range,ok
fw22,268m-g072-ai-r0.05,268m-g072-control,fit,ai,16,268436282,1173730122.0,59395254.0,0.050603842303026454,0.04816643559202856,0.9793687950667533,0.9603031763360936,,0.9508879700676234,above_range,ok
fw22,268m-g072-ai-r0.1,268m-g072-control,fit,ai,16,268436282,1173210850.0,118634782.0,0.10111974501429133,0.09183355894955722,0.9779120728217382,0.9580825818101987,,0.9745076801901162,above_range,ok
fw22,268m-g072-ai-r0.25,268m-g072-control,fit,ai,16,268436282,1170835170.0,297171230.0,0.2538113285408056,0.2024318354470389,0.9745259592249663,0.9537196233725879,,1.0009064772689775,above_range,ok
fw22,268m-g072-ai-r0.5,268m-g072-control,fit,ai,16,268436282,1166105596.0,595502084.0,0.5106759508252973,0.3380446683792841,0.9717869438203207,0.9503452451825729,,0.9573493705347814,above_range,ok
fw22,268m-g072-ai-r1,268m-g072-control,fit,ai,16,268436282,1156520664.0,1192289576.0,1.0309280353679873,0.5076142617634365,0.9689140145475313,0.9485931059423812,,0.7772487824123266,above_range,ok
fw22,268m-g072-human-r0.0025,268m-g072-control,fit,human,16,268436282,1177026560.0,0.0,0.0,0.0,0.9813711959408216,0.9630502325659672,,0.917315077950313,above_range,ok
fw22,268m-g072-human-r0.005,268m-g072-control,fit,human,16,268436282,1180172288.0,0.0,0.0,0.0,0.9810856713486024,0.9629455546218637,,0.9176628611033592,above_range,ok
fw22,268m-g072-human-r0.01,268m-g072-control,fit,human,16,268436282,1185939456.0,0.0,0.0,0.0,0.980821399912281,0.9627546908226374,,0.9183066016961835,above_range,ok
fw22,268m-g072-human-r0.025,268m-g072-control,fit,human,16,268436282,1203765248.0,0.0,0.0,0.0,0.9797216611809898,0.9621731489060339,,0.920347375121083,above_range,ok
fw22,268m-g072-human-r0.05,268m-g072-control,fit,human,16,268436282,1233125376.0,0.0,0.0,0.0,0.9783881741678172,0.9612420135534261,,0.9238821454240919,above_range,ok
fw22,268m-g072-human-r0.25,268m-g072-control,fit,human,16,268436282,1468006400.0,0.0,0.0,0.0,0.9686993646925964,0.954796583062964,,0.9613511380186031,above_range,ok
fw22,268m-g072-human-r1,268m-g072-control,fit,human,16,268436282,2348810240.0,0.0,0.0,0.0,0.9456251264539258,0.939735272938395,0.8984419931670514,1.1994773845943707,ok,ok
fw22,268m-g073-control,268m-g073-control,fit,control,16,268436282,1174405120.0,0.0,0.0,0.0,0.9803405836341975,0.9631377742275797,,0.9170270516083878,above_range,ok
fw22,268m-g073-ai-r0.025,268m-g073-control,fit,ai,16,268436282,1174117444.0,29647804.0,0.025251140038423617,0.02462922405282795,0.979216449558277,0.9616317138997932,,0.9353464666227344,above_range,ok
fw22,268m-g073-ai-r0.05,268m-g073-control,fit,ai,16,268436282,1173762734.0,59362642.0,0.05057465216816127,0.04813998897059434,0.9781946183885069,0.9603035875176494,,0.9508758284642247,above_range,ok
fw22,268m-g073-human-r0.025,268m-g073-control,fit,human,16,268436282,1203765248.0,0.0,0.0,0.0,0.9786460224044033,0.9621731489060339,,0.920347375121083,above_range,ok
fw22,268m-g073-human-r0.05,268m-g073-control,fit,human,16,268436282,1233125376.0,0.0,0.0,0.0,0.977587020786135,0.9612420135534261,,0.9238821454240919,above_range,ok
fw22,268m-g074-control,268m-g074-control,fit,control,16,268436282,1174405120.0,0.0,0.0,0.0,0.9811872638113611,0.9631377742275797,,0.9170270516083878,above_range,ok
fw22,268m-g074-ai-r0.025,268m-g074-control,fit,ai,16,268436282,1174081007.0,29684241.0,0.025282958180073856,0.02465949324365277,0.9799094635309157,0.961631116995126,,0.9353632435306773,above_range,ok
fw22,268m-g074-ai-r0.05,268m-g074-control,fit,ai,16,268436282,1173763980.0,59361396.0,0.050573536938831605,0.048138978529949576,0.9787211833578521,0.9603036032294718,,0.950875364522198,above_range,ok
fw22,268m-g074-human-r0.025,268m-g074-control,fit,human,16,268436282,1203765248.0,0.0,0.0,0.0,0.979442825498103,0.9621731489060339,,0.920347375121083,above_range,ok
fw22,268m-g074-human-r0.05,268m-g074-control,fit,human,16,268436282,1233125376.0,0.0,0.0,0.0,0.9784327384726824,0.9612420135534261,,0.9238821454240919,above_range,ok
fw22,268m-g075-control,268m-g075-control,fit,control,16,268436282,1266679808.0,0.0,0.0,0.0,0.9770045036885422,0.9602164117753331,,0.9281992378947804,above_range,ok
fw22,268m-g075-ai-r0.0025,268m-g075-control,fit,ai,16,268436282,1266659413.0,3166123.0,0.0024995851035451155,0.00249335275613799,0.976767698804058,0.9600635214013631,,0.9303249847697445,above_range,ok
fw22,268m-g075-ai-r0.005,268m-g075-control,fit,ai,16,268436282,1266638913.0,6332351.0,0.004999334013039279,0.004974465000963289,0.9764757097109077,0.9599128842256077,,0.9324131631926442,above_range,ok
fw22,268m-g075-ai-r0.01,268m-g075-control,fit,ai,16,268436282,1266497059.0,12765661.0,0.010079503074471806,0.009978920514466333,0.9762683125344862,0.9596165124051373,,0.9365283457950407,above_range,ok
fw22,268m-g075-ai-r0.025,268m-g075-control,fit,ai,16,268436282,1266723423.0,31937953.0,0.02521304368428024,0.02459297981000399,0.9757767158589796,0.9587653138475042,,0.9480024474938993,above_range,ok
fw22,268m-g075-ai-r0.05,268m-g075-control,fit,ai,16,268436282,1266615160.0,64027784.0,0.05055030606139279,0.04811792997415842,0.9751584594071916,0.9575073345906105,,0.9643857360006063,above_range,ok
fw22,268m-g075-ai-r0.1,268m-g075-control,fit,ai,16,268436282,1266621123.0,127984957.0,0.10104438863049026,0.09177140329117166,0.9737001099264505,0.9554569133086278,,0.9879873820178633,above_range,ok
fw22,268m-g075-ai-r0.25,268m-g075-control,fit,ai,16,268436282,1266715851.0,320828213.0,0.25327559669102145,0.20209090271903155,0.9703328427094007,0.9516615317074484,,1.004462354530115,above_range,ok
fw22,268m-g075-ai-r0.5,268m-g075-control,fit,ai,16,268436282,1266709899.0,645368437.0,0.5094840085401433,0.3375219648950617,0.9675795206017709,0.9491231871471155,,0.9316229777903993,above_range,ok
fw22,268m-g075-ai-r1,268m-g075-control,fit,ai,16,268436282,1266784579.0,1304323773.0,1.0296334472508606,0.5073001968141092,0.9650188831793994,0.948425203116925,0.3970401798062449,0.7156617561250258,ok,ok
fw22,268m-g075-ai-r2,268m-g075-control,fit,ai,16,268436282,1266710194.0,2640808270.0,2.084776993592269,0.6758274578430757,0.9645132976473773,0.9497737588152078,0.2649793313774316,0.44263886288233084,ok,ok
fw22,268m-g075-ai-r4,268m-g075-control,fit,ai,16,268436282,1266630658.0,5346738174.0,4.221229085392942,0.8084742148553434,0.9659972833931014,0.9523315439602357,,0.23461092811062625,above_range,ok
fw22,268m-g075-human-r0.0025,268m-g075-control,fit,human,16,268436282,1269825536.0,0.0,0.0,0.0,0.9767407724655867,0.9601222801013756,,0.9286197324408217,above_range,ok
fw22,268m-g075-human-r0.005,268m-g075-control,fit,human,16,268436282,1272971264.0,0.0,0.0,0.0,0.9764556049795288,0.9600284855987966,,0.9290429934141716,above_range,ok
fw22,268m-g075-human-r0.01,268m-g075-control,fit,human,16,268436282,1279262720.0,0.0,0.0,0.0,0.976293689057345,0.9598418999792176,,0.9298978757140399,above_range,ok
fw22,268m-g075-human-r0.025,268m-g075-control,fit,human,16,268436282,1298661376.0,0.0,0.0,0.0,0.9754153095053611,0.9592748632273868,,0.9326051219411141,above_range,ok
fw22,268m-g075-human-r0.05,268m-g075-control,fit,human,16,268436282,1330642944.0,0.0,0.0,0.0,0.974089705053205,0.9583663146845032,,0.9373116712486323,above_range,ok
fw22,268m-g075-human-r0.25,268m-g075-control,fit,human,16,268436282,1587544064.0,0.0,0.0,0.0,0.9647745993235355,0.9520625970910443,0.6474356493283908,0.9880496955981233,ok,ok
fw22,268m-g075-human-r1,268m-g075-control,fit,human,16,268436282,2571108352.0,0.0,0.0,0.0,0.9417479455593377,0.9371842670339475,0.9959586465672315,1.230547337573305,ok,ok
fw22,268m-g076-control,268m-g076-control,fit,control,16,268436282,4697620480.0,0.0,0.0,0.0,0.9207372080538347,0.9225857190804918,1.4464377130050847,1.3156176164416677,ok,ok
fw22,268m-g076-ai-r0.0025,268m-g076-control,fit,ai,16,268436282,4697437191.0,11717625.0,0.002494471884041419,0.002488264977016207,0.9206310019490778,0.9225194081277626,1.4509391438959551,1.3167849774824583,ok,ok
fw22,268m-g076-ai-r0.005,268m-g076-control,fit,ai,16,268436282,4697152793.0,23536359.0,0.005010771426272401,0.0049857887783245425,0.9205608659221638,0.922480141987834,1.4527280203774908,1.3161702634616463,ok,ok
fw22,268m-g076-ai-r0.01,268m-g076-control,fit,ai,16,268436282,4697107968.0,47174144.0,0.010043231776102108,0.009943368224389435,0.9206291834401313,0.9224419662166015,1.4403334633657323,1.3121497081239888,ok,ok
fw22,268m-g076-ai-r0.025,268m-g076-control,fit,ai,16,268436282,4697755862.0,117305130.0,0.024970461098005863,0.024362127540003546,0.92008817294553,0.9224232433142517,1.460224396372887,1.2940842266056403,ok,ok
fw22,268m-g076-ai-r0.05,268m-g076-control,fit,ai,16,268436282,4697584015.0,234917489.0,0.05000815062591275,0.04762644041963175,0.9200101099156277,0.9224408072828064,1.4313768020380222,1.2621531900779708,ok,ok
fw22,268m-g076-ai-r0.1,268m-g076-control,fit,ai,16,268436282,4697078222.0,470304306.0,0.10012699039100652,0.09101402953073576,0.919773104178558,0.9225096476143152,1.3836760851603662,1.200606919894837,ok,ok
fw22,268m-g076-ai-r0.25,268m-g076-control,fit,ai,16,268436282,4691245026.0,1180780574.0,0.2516987638581724,0.2010857333455767,0.9203314589770547,0.9229255500389747,1.1820733248747666,1.0347060175172405,ok,ok
fw22,268m-g076-ai-r0.5,268m-g076-control,fit,ai,16,268436282,4678827711.0,2367603009.0,0.506024832552335,0.33600032457283563,0.9217581657739713,0.9240054970042607,0.9146932655513231,0.8173822519632894,ok,ok
fw22,268m-g076-ai-r1,268m-g076-control,fit,ai,16,268436282,4647615246.0,4747625714.0,1.021518663380338,0.505322400374072,0.9252672368010031,0.9266868979701995,0.5766761850644929,0.5391424654936009,ok,ok
fw22,268m-g076-human-r0.0025,268m-g076-control,fit,human,16,268436282,4709154816.0,0.0,0.0,0.0,0.920657639493253,0.9225340157513209,1.4489156099855476,1.315816206156176,ok,ok
fw22,268m-g076-human-r0.005,268m-g076-control,fit,human,16,268436282,4720689152.0,0.0,0.0,0.0,0.9206080171266728,0.9224824955332681,1.4491389776599706,1.316014062122331,ok,ok
fw22,268m-g076-human-r0.01,268m-g076-control,fit,human,16,268436282,4744282112.0,0.0,0.0,0.0,0.9204396916671272,0.9223776790167975,1.454739075431147,1.3164165262341614,ok,ok
fw22,268m-g076-human-r0.025,268m-g076-control,fit,human,16,268436282,4815060992.0,0.0,0.0,0.0,0.9197799838899948,0.9220677071583424,1.4843750827818403,1.3176066301742817,ok,ok
fw22,268m-g076-human-r0.05,268m-g076-control,fit,human,16,268436282,4932501504.0,0.0,0.0,0.0,0.919424595890165,0.9215676796315792,1.4769156952947475,1.3195288759344506,ok,ok
fw22,268m-g076-human-r0.25,268m-g076-control,fit,human,16,268436282,5872025600.0,0.0,0.0,0.0,0.9143742871792694,0.9181064291720801,1.657920056393583,1.333364112952885,ok,ok
fw22,268m-g077-control,268m-g077-control,fit,control,16,268436282,4697620480.0,0.0,0.0,0.0,0.9210735728482885,0.9225857190804918,1.4213115602373818,1.3156176164416677,ok,ok
fw22,268m-g077-ai-r0.25,268m-g077-control,fit,ai,16,268436282,4692018287.0,1180007313.0,0.25149247953048315,0.2009540477820805,0.9202091309581814,0.9229215494355902,1.1897367596916664,1.0349129903209862,ok,ok
fw22,268m-g077-ai-r1,268m-g077-control,fit,ai,16,268436282,4645447812.0,4749793148.0,1.022461846569551,0.5055530952555792,0.9258401798729972,0.9266998703529373,0.561122895575553,0.5388146146893316,ok,ok
fw22,268m-g078-control,268m-g078-control,fit,control,16,268436282,4697620480.0,0.0,0.0,0.0,0.9207912774442791,0.9225857190804918,1.4423566351805888,1.3156176164416677,ok,ok
fw22,268m-g078-ai-r0.025,268m-g078-control,fit,ai,16,268436282,4698546837.0,116514155.0,0.02479791285307134,0.024197856515957503,0.9208815723809476,0.9224197440273382,1.4005634500779258,1.29431287641302,ok,ok
fw22,268m-g078-ai-r0.05,268m-g078-control,fit,ai,16,268436282,4699085033.0,233416471.0,0.04967274892043862,0.047322128702994105,0.9203887583409025,0.9224339532034722,1.4029854931809747,1.2625898968207627,ok,ok
fw22,268m-g078-ai-r0.25,268m-g078-control,fit,ai,16,268436282,4691419121.0,1180606479.0,0.25165231426783025,0.2010560851437705,0.920116038218802,0.9229246492279006,1.19561611274633,1.0347526163331044,ok,ok
fw22,268m-g078-ai-r0.5,268m-g078-control,fit,ai,16,268436282,4677857410.0,2368573310.0,0.5063372186028219,0.3361380256357647,0.9210601317429998,0.9240109464151576,0.9482024840777312,0.8171640468537655,ok,ok
fw22,268m-g078-ai-r1,268m-g078-control,fit,ai,16,268436282,4646431153.0,4748809807.0,1.0220338256672326,0.5054484315216541,0.9249624616112703,0.9266939840690429,0.5851859044800762,0.5389633462216126,ok,ok
fw22,268m-g078-human-r0.025,268m-g078-control,fit,human,16,268436282,4815060992.0,0.0,0.0,0.0,0.9202975926242591,0.9220677071583424,1.4441315848067515,1.3176066301742817,ok,ok
fw22,268m-g078-human-r0.05,268m-g078-control,fit,human,16,268436282,4932501504.0,0.0,0.0,0.0,0.9197563401329145,0.9215676796315792,1.4508644073899564,1.3195288759344506,ok,ok
fw22,268m-g079-control,268m-g079-control,fit,control,16,268436282,4697620480.0,0.0,0.0,0.0,0.9206322760046118,0.9225857190804918,1.4544046044486958,1.3156176164416677,ok,ok
fw22,268m-g079-ai-r0.025,268m-g079-control,fit,ai,16,268436282,4698474164.0,116586828.0,0.024813763773204395,0.0242129493673504,0.9208077352643227,0.9224200654302084,1.4059684463662954,1.2942918730147874,ok,ok
fw22,268m-g079-ai-r0.05,268m-g079-control,fit,ai,16,268436282,4699013288.0,233488216.0,0.04968877542786808,0.04733667406095129,0.9201801478829507,0.9224342807021804,1.4185271368762233,1.2625690254977582,ok,ok
fw22,268m-g079-ai-r0.25,268m-g079-control,fit,ai,16,268436282,4691198153.0,1180827447.0,0.25171127044481506,0.201093715769904,0.9205998509536394,0.9229257925814919,1.1655032186870518,1.0346934713275333,ok,ok
fw22,268m-g079-ai-r0.5,268m-g079-control,fit,ai,16,268436282,4678162788.0,2368267932.0,0.5062388889234181,0.3360946876662118,0.9216921718016318,0.9240092311748463,0.9177894144296931,0.817232719851887,ok,ok
fw22,268m-g079-ai-r1,268m-g079-control,fit,ai,16,268436282,4645906694.0,4749334266.0,1.0222620854899158,0.5055042532937867,0.9251504440846642,0.9266971233060799,0.579917373917981,0.538884018927332,ok,ok
fw22,268m-g079-human-r0.025,268m-g079-control,fit,human,16,268436282,4815060992.0,0.0,0.0,0.0,0.9206398623905098,0.9220677071583424,1.4183673484156527,1.3176066301742817,ok,ok
fw22,268m-g079-human-r0.05,268m-g079-control,fit,human,16,268436282,4932501504.0,0.0,0.0,0.0,0.9193950699319093,0.9215676796315792,1.4792666391122975,1.3195288759344506,ok,ok
fw22,268m-g080-control,268m-g080-control,fit,control,16,268436282,4697620480.0,0.0,0.0,0.0,0.9214425005737541,0.9225857190804918,1.3944554614115783,1.3156176164416677,ok,ok
fw22,268m-g080-ai-r0.25,268m-g080-control,fit,ai,16,268436282,4692742401.0,1179283199.0,0.2512993678810711,0.2008307319028037,0.9205319013775078,0.9229178041382501,1.1696670203768549,1.0351068067506415,ok,ok
fw22,268m-g080-ai-r1,268m-g080-control,fit,ai,16,268436282,4648225243.0,4747015717.0,1.021253374962578,0.5052574742053236,0.925552524892836,0.9266832483022437,0.5688605673668328,0.5392347506548004,ok,ok
fw22,268m-g081-control,268m-g081-control,fit,control,16,268436282,5067767808.0,0.0,0.0,0.0,0.918542150918526,0.9210127034377306,1.5082015995972822,1.3216718449181837,ok,ok
fw22,268m-g081-ai-r0.0025,268m-g081-control,fit,ai,16,268436282,5067691263.0,12659457.0,0.002498071871984124,0.0024918470589369076,0.9184250450668812,0.9209518667579326,1.5141988959906323,1.3225766003624233,ok,ok
fw22,268m-g081-ai-r0.005,268m-g081-control,fit,ai,16,268436282,5067585524.0,25348108.0,0.005002008921201583,0.00497711335579407,0.918311530377809,0.9209202092787679,1.5199554261420796,1.3214852011108933,ok,ok
fw22,268m-g081-ai-r0.01,268m-g081-control,fit,ai,16,268436282,5067941270.0,50682474.0,0.010000604051988157,0.009901582248433379,0.9182922636053019,0.9208936721865046,1.5139392760462431,1.316671716035523,ok,ok
fw22,268m-g081-ai-r0.025,268m-g081-control,fit,ai,16,268436282,5067952437.0,126693067.0,0.024998866618210925,0.02438916513214296,0.9181223737255383,0.9208893475488624,1.5058996323565297,1.2976951268835206,ok,ok
fw22,268m-g081-ai-r0.05,268m-g081-control,fit,ai,16,268436282,5068012779.0,253510421.0,0.05002166175477199,0.047638695063849386,0.9178446044929327,0.9209078441532752,1.4929340513610456,1.2655347501679488,ok,ok
fw22,268m-g081-ai-r0.1,268m-g081-control,fit,ai,16,268436282,5067952469.0,507326123.0,0.10010475159410971,0.09099565423115631,0.9177527575421088,0.9209786220011694,1.4323324097078076,1.2034924936748428,ok,ok
fw22,268m-g081-ai-r0.25,268m-g081-control,fit,ai,16,268436282,5067945831.0,1274366105.0,0.25145614169844904,0.20093084633168065,0.9180235321108986,0.9213919007453542,1.2402006161406744,1.035541326168889,ok,ok
fw22,268m-g081-ai-r0.5,268m-g081-control,fit,ai,16,268436282,5067652554.0,2563883574.0,0.5059312071377654,0.33595904297604606,0.9198977152270569,0.9224840167040941,0.9306923786683746,0.8139929729564561,ok,ok
fw22,268m-g081-ai-r1,268m-g081-control,fit,ai,16,268436282,5067636186.0,5176427046.0,1.021467772351249,0.5053099467240774,0.9233118687242122,0.9252087622934153,0.5818029249185613,0.5303783424512136,ok,ok
fw22,268m-g081-ai-r2,268m-g081-control,fit,ai,16,268436282,5067781790.0,10486794594.0,2.069306656946648,0.6741935193289543,0.9298383066882513,0.9306277327109408,0.28176075105602477,0.27193954643805274,ok,ok
fw22,268m-g081-ai-r4,268m-g081-control,fit,ai,16,268436282,5067759676.0,21284003780.0,4.19988419750787,0.8076880249603892,0.9387980055734386,0.9392051784760856,0.11162831761942563,0.10956470315248343,ok,ok
fw22,268m-g081-human-r0.0025,268m-g081-control,fit,human,16,268436282,5080350720.0,0.0,0.0,0.0,0.9182860373321834,0.9209621690666523,1.5258701316252992,1.3218677264721268,ok,ok
fw22,268m-g081-human-r0.005,268m-g081-control,fit,human,16,268436282,5092933632.0,0.0,0.0,0.0,0.9183303192813417,0.9209118156679542,1.518377453636503,1.3220630561856543,ok,ok
fw22,268m-g081-human-r0.01,268m-g081-control,fit,human,16,268436282,5118623744.0,0.0,0.0,0.0,0.9183465384024563,0.9208095681764542,1.5094033687371116,1.3224601759795893,ok,ok
fw22,268m-g081-human-r0.025,268m-g081-control,fit,human,16,268436282,5194645504.0,0.0,0.0,0.0,0.9177746005356234,0.9205113033383304,1.5354043563337372,1.3236227241189757,ok,ok
fw22,268m-g081-human-r0.05,268m-g081-control,fit,human,16,268436282,5321523200.0,0.0,0.0,0.0,0.9171278278848656,0.920027335075904,1.5545751847623759,1.3255247119957743,ok,ok
fw22,268m-g081-human-r0.25,268m-g081-control,fit,human,16,268436282,6342311936.0,0.0,0.0,0.0,0.9126739488072363,0.9166610974267011,1.7086146198566974,1.3397281477611982,ok,ok
fw22,268m-g082-control,268m-g082-control,fit,control,16,268436282,9395240960.0,0.0,0.0,0.0,0.9032405262999733,0.9100183787825109,2.3993797664692615,1.3802003016907716,ok,ok
fw22,268m-g082-ai-r0.025,268m-g082-control,fit,ai,16,268436282,9396332712.0,233789272.0,0.024880906111533187,0.024276875452712853,0.9032846463421607,0.9100124184215516,2.331028613029629,1.3471047055723253,ok,ok
fw22,268m-g082-ai-r0.05,268m-g082-control,fit,ai,16,268436282,9395769204.0,469233804.0,0.0499409674516309,0.04756550034698175,0.9029413807930747,0.9100434614940275,2.3519132961263773,1.3121476721081318,ok,ok
fw22,268m-g082-ai-r0.1,268m-g082-control,fit,ai,16,268436282,9393779762.0,940985294.0,0.10017110447984974,0.09105047757749433,0.9035204978442771,0.9101592470501046,2.124148320341302,1.242319659291629,ok,ok
fw22,268m-g082-ai-r0.25,268m-g082-control,fit,ai,16,268436282,9385285244.0,2358765956.0,0.2513259740835214,0.20084772416523525,0.9046840180286895,0.9108291011485549,1.6810735601319133,1.0434787529458533,ok,ok
fw22,268m-g082-ai-r0.5,268m-g082-control,fit,ai,16,268436282,9360479324.0,4732382116.0,0.5055704897361728,0.33579994638760885,0.9069398336208138,0.9125971861049595,1.1592121746583564,0.7727723790830726,ok,ok
fw22,268m-g082-ai-r1,268m-g082-control,fit,ai,16,268436282,9299697574.0,9490784346.0,1.0205476329181111,0.5050846692706857,0.9124047224836713,0.9169822323992556,0.5868800065377928,0.44393400516942005,ok,ok
fw22,268m-g082-human-r0.025,268m-g082-control,fit,human,16,268436282,9630121984.0,0.0,0.0,0.0,0.9027949763753123,0.9096387751987673,2.4439281963680286,1.3834346349303077,ok,ok
fw22,268m-g082-human-r0.05,268m-g082-control,fit,human,16,268436282,9865003008.0,0.0,0.0,0.0,0.9025367589405797,0.909272350734361,2.447322191498157,1.3866976826367736,ok,ok
fw22,268m-g082-human-r0.25,268m-g082-control,fit,human,16,268436282,11744051200.0,0.0,0.0,0.0,0.8989752127806877,0.9067359166824034,3.069558596257586,1.413968249834293,ok,ok
fw22,268m-g082-human-r1,268m-g082-control,fit,human,16,268436282,18790481920.0,0.0,0.0,0.0,0.8908988477065727,0.9008089239200762,,1.540655921513767,below_range,ok
fw22,268m-g083-control,268m-g083-control,fit,control,16,268436282,10135535616.0,0.0,0.0,0.0,0.9017010523185257,0.9088656594149738,2.5940405590355256,1.3904932395903369,ok,ok
fw22,268m-g083-ai-r0.025,268m-g083-control,fit,ai,16,268436282,10135357509.0,252884923.0,0.024950764960727147,0.024343379032146176,0.9014567965726016,0.908865848917548,2.5970610405175085,1.3566488001255657,ok,ok
fw22,268m-g083-ai-r0.05,268m-g083-control,fit,ai,16,268436282,10135505136.0,505968400.0,0.04992039303525839,0.04754683628055024,0.9015857148804601,0.9088974167670162,2.5008540073567995,1.321284839625396,ok,ok
fw22,268m-g083-ai-r0.1,268m-g083-control,fit,ai,16,268436282,10135597602.0,1014435294.0,0.10008638205998108,0.09098047543554082,0.9019026162898679,0.9090161834251991,2.309069215409215,1.2500523144750415,ok,ok
fw22,268m-g083-ai-r0.25,268m-g083-control,fit,ai,16,268436282,10135498541.0,2545979603.0,0.2511943139946233,0.20076363134407813,0.9029945509795271,0.9097107442670228,1.8201587484594743,1.045158698694035,ok,ok
fw22,268m-g083-ai-r0.5,268m-g083-control,fit,ai,16,268436282,10135468827.0,5123933413.0,0.5055447853926885,0.3357886064218463,0.9058288549966609,0.911546420530629,1.1723661319141547,0.7649079748620464,ok,ok
fw22,268m-g083-ai-r1,268m-g083-control,fit,ai,16,268436282,10135612449.0,10344649695.0,1.0206240369836381,0.5051033830653686,0.9111494977825987,0.9161301834608371,0.5854010674419832,0.42787579807902293,ok,ok
fw22,268m-g083-human-r0.025,268m-g083-control,fit,human,16,268436282,10388242432.0,0.0,0.0,0.0,0.901287307298738,0.9084997206144674,2.6446100834859347,1.3940761740050247,ok,ok
fw22,268m-g083-human-r0.05,268m-g083-control,fit,human,16,268436282,10641473536.0,0.0,0.0,0.0,0.9007719910164254,0.9081457334892266,2.731677459313314,1.3977041870743094,ok,ok
fw22,268m-g083-human-r0.25,268m-g083-control,fit,human,16,268436282,12681478144.0,0.0,0.0,0.0,0.8973884779816703,0.9056801165049243,3.5503587970469495,1.4284398530282578,ok,ok
fw22,268m-g083-human-r1,268m-g083-control,fit,human,16,268436282,20480262144.0,0.0,0.0,0.0,0.8892939780704961,0.899852046199645,,1.5785145391818254,below_range,ok
fw22,268m-g084-control,268m-g084-control,fit,control,16,268436282,14092861440.0,0.0,0.0,0.0,0.8954671650182756,0.9042873866831691,,1.451452266921168,below_range,ok
fw22,268m-g084-ai-r0.05,268m-g084-control,fit,ai,16,268436282,14092839732.0,704664780.0,0.05000161737452731,0.047620514623161886,0.8954666587252837,0.9043389521359835,,1.3759229718564918,below_range,ok
fw22,268m-g084-ai-r0.1,268m-g084-control,fit,ai,16,268436282,14090697257.0,1411450327.0,0.10016894843857477,0.09104869627591336,0.8958450997023446,0.9044932281457398,,1.2953310488791399,below_range,ok
fw22,268m-g084-ai-r0.25,268m-g084-control,fit,ai,16,268436282,14077793043.0,3538283757.0,0.25133795803024434,0.2008553775719234,0.8973694875973969,0.9053937908209251,2.563282101816258,1.053619710943035,ok,ok
fw22,268m-g084-ai-r0.5,268m-g084-control,fit,ai,16,268436282,14041122882.0,7098169278.0,0.5055271816686036,0.3357808399768103,0.9004277769531742,0.9077671693280689,1.4296650064830632,0.7242715048722319,ok,ok
fw22,268m-g084-ai-r1,268m-g084-control,fit,ai,16,268436282,13949505755.0,14236217125.0,1.0205535145857934,0.5050861099291415,0.9061599110955241,0.9136569573027163,0.6174688781245291,0.36113105779311816,ok,ok
fw22,268m-g084-human-r0.25,268m-g084-control,fit,human,16,268436282,17616076800.0,0.0,0.0,0.0,0.891758581103265,0.9015507051978162,,1.5163080068669361,below_range,ok
fw22,268m-g085-control,268m-g085-control,fit,control,16,268436282,14690025472.0,0.0,0.0,0.0,0.8948193953283723,0.903757471244492,,1.461664637510088,below_range,ok
fw22,268m-g085-ai-r0.05,268m-g085-control,fit,ai,16,268436282,14690040880.0,733463504.0,0.049929303123899815,0.047554919150597105,0.8948756552526071,0.9038110536333853,,1.3852560951300794,below_range,ok
fw22,268m-g085-ai-r0.1,268m-g085-control,fit,ai,16,268436282,14689954422.0,1470174602.0,0.10008026980657163,0.09097542475165822,0.895420641968843,0.9039680799416787,,1.303112438943034,below_range,ok
fw22,268m-g085-ai-r0.25,268m-g085-control,fit,ai,16,268436282,14690155775.0,3690857217.0,0.25124697610635105,0.2007972693673835,0.8970358548064097,0.9048852521690723,2.58849924996092,1.0552109951390458,ok,ok
fw22,268m-g085-ai-r0.5,268m-g085-control,fit,ai,16,268436282,14690161898.0,7425354518.0,0.5054644441332488,0.33575315983252146,0.8998666917215985,0.9073077529599524,1.4592380440763675,0.717492944536778,ok,ok
fw22,268m-g085-ai-r1,268m-g085-control,fit,ai,16,268436282,14689978907.0,14992061925.0,1.0205638837136828,0.5050886497277897,0.9056953696873182,0.9133605663567486,0.6095079910624182,0.3493931681543532,ok,ok
fw22,268m-g085-human-r0.25,268m-g085-control,fit,human,16,268436282,18381012992.0,0.0,0.0,0.0,0.8909327330610594,0.9010597440092638,,1.5319942954854386,below_range,ok
fw22,268m-g086-control,268m-g086-control,fit,control,16,268436282,18790481920.0,0.0,0.0,0.0,0.8907152362502787,0.9008089239200762,,1.540655921513767,below_range,ok
fw22,268m-g086-ai-r0.05,268m-g086-control,fit,ai,16,268436282,18791031735.0,938974281.0,0.049969277591664925,0.04759118067366736,0.8909822239861896,0.9008754808440703,,1.4564875646243627,below_range,ok
fw22,268m-g086-ai-r0.1,268m-g086-control,fit,ai,16,268436282,18789382436.0,1880147676.0,0.10006436786329298,0.09096228437764305,0.8914291867886566,0.9010649900502686,,1.3615916967462371,below_range,ok
fw22,268m-g086-ai-r0.25,268m-g086-control,fit,ai,16,268436282,18771926731.0,4716175669.0,0.25123556769544053,0.2007899824636323,0.8929615853883609,0.9021774421432545,,1.0656858477638844,below_range,ok
fw22,268m-g086-ai-r0.5,268m-g086-control,fit,ai,16,268436282,18723672523.0,9462050357.0,0.5053522670500084,0.3357036609380018,0.8961693593203187,0.9051075500426946,1.9577687551012222,0.6749411157069221,ok,ok
fw22,268m-g086-ai-r1,268m-g086-control,fit,ai,16,268436282,18600458178.0,18980505662.0,1.0204321571201675,0.5050563828753574,0.902488630797888,0.9123833295576721,0.6455088137549484,0.2938499751680428,ok,ok
fw22,268m-g086-human-r0.25,268m-g086-control,fit,human,16,268436282,23488102400.0,0.0,0.0,0.0,0.8874195838942319,0.8984035075127994,,1.6557310512750827,below_range,ok
fw22,268m-g087-control,268m-g087-control,fit,control,16,268436282,19586875392.0,0.0,0.0,0.0,0.8902418273338963,0.9003430535566416,,1.5580601526850135,below_range,ok
fw22,268m-g087-ai-r0.05,268m-g087-control,fit,ai,16,268436282,19586924402.0,978272398.0,0.04994517658423747,0.047569318568349415,0.8903762686952654,0.9004121674734767,,1.472204657793159,below_range,ok
fw22,268m-g087-ai-r0.1,268m-g087-control,fit,ai,16,268436282,19587068098.0,1960120126.0,0.10007215557698215,0.09096871970593132,0.8909319703237577,0.900606668831789,,1.374362009952196,below_range,ok
fw22,268m-g087-ai-r0.25,268m-g087-control,fit,ai,16,268436282,19586752951.0,4921089609.0,0.25124580992628254,0.2007965244983196,0.8923102231225364,0.9017446189590521,,1.0679212860872944,below_range,ok
fw22,268m-g087-ai-r0.5,268m-g087-control,fit,ai,16,268436282,19586923960.0,9899557448.0,0.5054166477705568,0.33573207026709345,0.8956072654287288,0.9047484606708814,,0.6657464337700245,below_range,ok
fw22,268m-g087-ai-r1,268m-g087-control,fit,ai,16,268436282,19586800243.0,19990128013.0,1.0205918151508255,0.5050954910824699,0.9017603121543672,0.9122565674425854,0.6602230672061001,0.2813538352938329,ok,ok
fw22,268m-g087-human-r0.25,268m-g087-control,fit,human,16,268436282,24507842560.0,0.0,0.0,0.0,0.8871921192046194,0.8979720470495831,,1.6853401408729891,below_range,ok
fw22,268m-g088-control,268m-g088-control,fit,control,16,268436282,23488102400.0,0.0,0.0,0.0,0.887681218963697,0.8984035075127994,,1.6557310512750827,below_range,ok
fw22,268m-g088-ai-r0.05,268m-g088-control,fit,ai,16,268436282,23488797122.0,1173710398.0,0.049968944425029034,0.04759087846392677,0.8876016785130548,0.8984831566285285,,1.5599094551611308,below_range,ok
fw22,268m-g088-ai-r0.1,268m-g088-control,fit,ai,16,268436282,23486821631.0,2350091009.0,0.10005998452758463,0.09095866219563918,0.8883104098679406,0.8987067734552233,,1.445090322702877,below_range,ok
fw22,268m-g088-ai-r0.25,268m-g088-control,fit,ai,16,268436282,23465157832.0,5894970168.0,0.25122226793466895,0.2007814873286656,0.8898147423417873,0.9000183220032808,,1.0795432419578708,below_range,ok
fw22,268m-g088-ai-r0.5,268m-g088-control,fit,ai,16,268436282,23403617983.0,11828535617.0,0.5054148305442369,0.33573126841159096,0.8933929474883862,0.903474374018033,,0.625795087997704,below_range,ok
fw22,268m-g088-ai-r1,268m-g088-control,fit,ai,16,268436282,23248135764.0,23728069036.0,1.0206439465457346,0.505108259320259,0.9000503985004252,0.9120541845232523,0.6721662892839186,0.24021344155403707,ok,ok
fw22,268m-g088-human-r0.1,268m-g088-control,fit,human,16,268436282,25836912640.0,0.0,0.0,0.0,0.8861510795237253,0.8974472315215029,,1.7270760770139175,below_range,ok
fw22,477m-g089-control,477m-g089-control,held_out,control,20,477103346,2175795200.0,0.0,0.0,0.0,0.9328781180772588,0.9101480388732185,,0.9239156550531582,above_range,ok
fw22,477m-g089-ai-r0.0025,477m-g089-control,held_out,ai,20,477103346,2175599082.0,5438997.0,0.002499999675951325,0.002493765263600425,0.9327711272497726,0.9100302207877945,,0.9259550635046603,above_range,ok
fw22,477m-g089-ai-r0.025,477m-g089-control,held_out,ai,20,477103346,2174900074.0,54372501.0,0.024999999609177447,0.024390243530448493,0.9321291849545144,0.9090271522737274,,0.9428717983591433,above_range,ok
fw22,477m-g089-ai-r0.05,477m-g089-control,held_out,ai,20,477103346,2175046217.0,108752310.0,0.049999999609203705,0.04761904726458386,0.9307408213716238,0.9080353883329957,,0.9587736070047905,above_range,ok
fw22,477m-g089-ai-r0.1,477m-g089-control,held_out,ai,20,477103346,2175318574.0,217531857.0,0.09999999981611889,0.09090909075712304,0.9295267204130235,0.906396709371941,,0.9823730111752924,above_range,ok
fw22,477m-g089-ai-r0.25,477m-g089-control,held_out,ai,20,477103346,2175166054.0,543791513.0,0.24999999977013249,0.1999999998528848,0.9263046454314776,0.9032955873880204,,1.0033499446782475,above_range,ok
fw22,477m-g089-ai-r0.5,477m-g089-control,held_out,ai,20,477103346,2175445674.0,1087722837.0,0.5,0.3333333333333333,0.9234191948294704,0.9010965112116678,,0.9431255220059507,above_range,ok
fw22,477m-g089-ai-r1,477m-g089-control,held_out,ai,20,477103346,2175795200.0,2175795200.0,1.0,0.5,0.9211017013185376,0.90034486441274,,0.7394005021752486,above_range,ok
fw22,477m-g089-human-r0.0025,477m-g089-control,held_out,human,20,477103346,2181038080.0,0.0,0.0,0.0,0.9328974740477867,0.9100763778703127,,0.9242817811629774,above_range,ok
fw22,477m-g089-human-r0.025,477m-g089-control,held_out,human,20,477103346,2229272576.0,0.0,0.0,0.0,0.931540439542299,0.9094285992825176,,0.9277590861912246,above_range,ok
fw22,477m-g089-human-r0.05,477m-g089-control,held_out,human,20,477103346,2283798528.0,0.0,0.0,0.0,0.9299663512323986,0.9087203443411379,,0.9319353352143915,above_range,ok
fw22,477m-g090-control,477m-g090-control,held_out,control,20,477103346,2251292672.0,0.0,0.0,0.0,0.9303221051325604,0.9091395834455621,,0.9294135647017123,above_range,ok
fw22,477m-g090-ai-r0.0025,477m-g090-control,held_out,ai,20,477103346,2250903126.0,5632426.0,0.0025022960495013325,0.0024960501929641213,0.9302027135816312,0.909025926411322,,0.9315264968663016,above_range,ok
fw22,477m-g090-ai-r0.025,477m-g090-control,held_out,ai,20,477103346,2251437784.0,56477992.0,0.025085299892079985,0.02447142681172088,0.9292172145874092,0.9080232935733079,,0.9492363663931745,above_range,ok
fw22,477m-g090-ai-r0.05,477m-g090-control,held_out,ai,20,477103346,2251480810.0,113058070.0,0.05021498273396343,0.04781400337980486,0.9285100072937779,0.9070565509998679,,0.9656007666417356,above_range,ok
fw22,477m-g090-ai-r0.1,477m-g090-control,held_out,ai,20,477103346,2251260174.0,226524914.0,0.10062138379924096,0.09142234130678568,0.927499182186142,0.9054797928000882,,0.9892240452356045,above_range,ok
fw22,477m-g090-ai-r0.25,477m-g090-control,held_out,ai,20,477103346,2250972069.0,567600219.0,0.2521578240871544,0.201378627547196,0.9238776808227388,0.9025821251001684,,1.0049601878150465,above_range,ok
fw22,477m-g090-ai-r0.5,477m-g090-control,held_out,ai,20,477103346,2251038617.0,1143201895.0,0.5078553012669174,0.33680639040112903,0.9216115627021656,0.900680606038198,,0.9291079457705579,above_range,ok
fw22,477m-g090-ai-r1,477m-g090-control,held_out,ai,20,477103346,2251256739.0,2306903133.0,1.0247179244534845,0.5061040414951027,0.9191932016194325,0.9003027351819689,,0.707688775168338,above_range,ok
fw22,477m-g090-human-r0.0025,477m-g090-control,held_out,human,20,477103346,2256535552.0,0.0,0.0,0.0,0.9299451241449362,0.9090713730810562,,0.9298138370961955,above_range,ok
fw22,477m-g090-human-r0.025,477m-g090-control,held_out,human,20,477103346,2307915776.0,0.0,0.0,0.0,0.9296910454669642,0.908414840876731,,0.9338691476124976,above_range,ok
fw22,477m-g090-human-r0.05,477m-g090-control,held_out,human,20,477103346,2364538880.0,0.0,0.0,0.0,0.9286179200958777,0.9077154060409325,,0.9386276625422113,above_range,ok
fw22,477m-g091-control,477m-g091-control,held_out,control,20,477103346,8703180800.0,0.0,0.0,0.0,0.8761780991304753,0.8793936742410682,1.6683703841474131,1.330850841505531,ok,ok
fw22,477m-g091-ai-r0.0025,477m-g091-control,held_out,ai,20,477103346,8702396329.0,21755990.0,0.0024999999054858032,0.0024937654919915207,0.8760317536022512,0.8793457110579117,1.6825187462526892,1.3319264752497757,ok,ok
fw22,477m-g091-ai-r0.025,477m-g091-control,held_out,ai,20,477103346,8702669299.0,217566732.0,0.024999999945419044,0.024390243850488085,0.8756686257896459,0.8792883725294145,1.6908453748550891,1.3076712735610465,ok,ok
fw22,477m-g091-ai-r0.05,477m-g091-control,held_out,ai,20,477103346,8703180800.0,435159040.0,0.05,0.047619047619047616,0.8754823784376121,0.8793052482724758,1.6738717283926492,1.2750153521721233,ok,ok
fw22,477m-g091-ai-r0.1,477m-g091-control,held_out,ai,20,477103346,8703180800.0,870318080.0,0.1,0.09090909090909091,0.8755313437539821,0.8793727348070287,1.591874155201485,1.2115629131842085,ok,ok
fw22,477m-g091-ai-r0.25,477m-g091-control,held_out,ai,20,477103346,8703180800.0,2175795200.0,0.25,0.2,0.8755119067514492,0.8797643435754791,1.4029112171295122,1.0387038916247346,ok,ok
fw22,477m-g091-ai-r0.5,477m-g091-control,held_out,ai,20,477103346,8703180800.0,4351590400.0,0.5,0.3333333333333333,0.8769654998419509,0.880787913340738,1.0501220386025472,0.8095215686952024,ok,ok
fw22,477m-g091-ai-r1,477m-g091-control,held_out,ai,20,477103346,8703180800.0,8703180800.0,1.0,0.5,0.8803019068993626,0.8833164334980727,0.6266171194526965,0.5181038363809183,ok,ok
fw22,477m-g091-human-r0.0025,477m-g091-control,held_out,human,20,477103346,8724152320.0,0.0,0.0,0.0,0.8761315694854147,0.8793551916789487,1.6701021799948736,1.3310799587331887,ok,ok
fw22,477m-g091-human-r0.025,477m-g091-control,held_out,human,20,477103346,8920236032.0,0.0,0.0,0.0,0.8755117104529879,0.879001747931405,1.7109933189786415,1.3331964933420688,ok,ok
fw22,477m-g091-human-r0.05,477m-g091-control,held_out,human,20,477103346,9138339840.0,0.0,0.0,0.0,0.8746826467279069,0.8786216010056129,1.7800250561585411,1.335501713177824,ok,ok
fw22,477m-g092-control,477m-g092-control,held_out,control,20,477103346,9007267840.0,0.0,0.0,0.0,0.8751028124348093,0.8788484566707069,1.7481288731573115,1.3341221189636068,ok,ok
fw22,477m-g092-ai-r0.0025,477m-g092-control,held_out,ai,20,477103346,9007784045.0,22552467.0,0.0025036642627459882,0.0024974115826172216,0.8748777114927497,0.8788002553339361,1.7742046602989234,1.3350869013088966,ok,ok
fw22,477m-g092-ai-r0.025,477m-g092-control,held_out,ai,20,477103346,9006830431.0,224832673.0,0.02496246317974008,0.02435451450807189,0.8745710361339102,0.8787558366209762,1.7774741478203744,1.3099305511066186,ok,ok
fw22,477m-g092-ai-r0.05,477m-g092-control,held_out,ai,20,477103346,9007470387.0,449636557.0,0.04991818320590167,0.04754483159199854,0.8742680097279102,0.8787731439073585,1.7770327469650877,1.2771956758432554,ok,ok
fw22,477m-g092-ai-r0.1,477m-g092-control,held_out,ai,20,477103346,9007611810.0,901431390.0,0.10007440473836317,0.090970578269353,0.8743631880991825,0.8788423821123743,1.6832624061681616,1.2132111473211016,ok,ok
fw22,477m-g092-ai-r0.25,477m-g092-control,held_out,ai,20,477103346,9007186651.0,2262908197.0,0.25123362984253983,0.20078874468404118,0.8743559757796326,0.8792491409834838,1.4808237216238584,1.0377494469823147,ok,ok
fw22,477m-g092-ai-r0.5,477m-g092-control,held_out,ai,20,477103346,9007021193.0,4553163639.0,0.5055127040822984,0.3357744525911784,0.8755824038104935,0.8803220239655714,1.1195354665703676,0.8032924214592314,ok,ok
fw22,477m-g092-ai-r1,477m-g092-control,held_out,ai,20,477103346,9007405771.0,9193776437.0,1.0206908260533831,0.5051197406814071,0.8787683339637427,0.8830012217301101,0.6638325474064382,0.5051354280667927,ok,ok
fw22,477m-g092-human-r0.0025,477m-g092-control,held_out,human,20,477103346,9030336512.0,0.0,0.0,0.0,0.8749401603148761,0.8788081845250586,1.765653007727407,1.33436614948333,ok,ok
fw22,477m-g092-human-r0.025,477m-g092-control,held_out,human,20,477103346,9231663104.0,0.0,0.0,0.0,0.8743331626006023,0.8784629323192334,1.8110646126548917,1.3364742209675096,ok,ok
fw22,477m-g092-human-r0.05,477m-g092-control,held_out,human,20,477103346,9457106944.0,0.0,0.0,0.0,0.8738421033117635,0.8780890387331156,1.8385570980408545,1.3387936498900808,ok,ok
fw22,477m-g093-control,477m-g093-control,held_out,control,20,477103346,17406361600.0,0.0,0.0,0.0,0.8593575303658023,0.8698627006670155,,1.4172353815687437,below_range,ok
fw22,477m-g093-ai-r0.05,477m-g093-control,held_out,ai,20,477103346,17406361600.0,870318080.0,0.05,0.047619047619047616,0.8591594876747803,0.8698942128798696,,1.345656778824065,below_range,ok
fw22,477m-g093-ai-r0.25,477m-g093-control,held_out,ai,20,477103346,17406361600.0,4351590400.0,0.25,0.2,0.8607451519405087,0.8706675548208708,4.052074859318189,1.0507764530769632,ok,ok
fw22,477m-g093-ai-r1,477m-g093-control,held_out,ai,20,477103346,17406361600.0,17406361600.0,1.0,0.5,0.8676045135084536,0.8766510035388339,0.8935251363391763,0.40286786195001556,ok,ok
fw22,477m-g094-control,477m-g094-control,held_out,control,20,477103346,18014535680.0,0.0,0.0,0.0,0.858850800178192,0.8694631605506987,,1.4237451604583662,below_range,ok
fw22,477m-g094-ai-r0.05,477m-g094-control,held_out,ai,20,477103346,18014228305.0,899985583.0,0.049959707835511416,0.04758250003564726,0.8583602699529665,0.8694969897946498,,1.3515178560096808,below_range,ok
fw22,477m-g094-ai-r0.1,477m-g094-control,held_out,ai,20,477103346,18014384010.0,1802653814.0,0.1000674690291561,0.09096484701749137,0.8589147884513721,0.8696138029670974,,1.27526606595987,below_range,ok
fw22,477m-g094-ai-r0.25,477m-g094-control,held_out,ai,20,477103346,18014802090.0,4526436182.0,0.2512620543587665,0.20080690010817165,0.8596446256597904,0.8702975049153989,,1.0499473652067621,below_range,ok
fw22,477m-g094-ai-r0.5,477m-g094-control,held_out,ai,20,477103346,18014313383.0,9105007705.0,0.5054318480765602,0.3357387773630095,0.8629321102724159,0.8721032889002693,2.1244813904989246,0.7413506797943467,ok,ok
fw22,477m-g094-ai-r1,477m-g094-control,held_out,ai,20,477103346,18014673411.0,18387691005.0,1.0207063200919442,0.505123535242618,0.8670568414292656,0.8766166880826578,0.908363884584935,0.38623936547516946,ok,ok
fw22,477m-g095-control,477m-g095-control,held_out,control,20,477103346,26109542400.0,0.0,0.0,0.0,0.8522274213967748,0.8655163606334997,,1.5236469970006146,below_range,ok
fw22,477m-g095-ai-r0.25,477m-g095-control,held_out,ai,20,477103346,26109542400.0,6527385600.0,0.25,0.2,0.8536579451780137,0.8666176327145299,,1.0658011695575413,below_range,ok
fw22,477m-g095-ai-r0.5,477m-g095-control,held_out,ai,20,477103346,26109542400.0,13054771200.0,0.5,0.3333333333333333,0.8572149546449044,0.868953587978551,,0.689061525893277,below_range,ok
fw22,477m-g095-ai-r1,477m-g095-control,held_out,ai,20,477103346,26109542400.0,26109542400.0,1.0,0.5,0.8621662714550582,0.8747240886050665,1.2589596738019562,0.31049956978315013,ok,ok
fw22,477m-g096-control,477m-g096-control,held_out,control,20,477103346,34812723200.0,0.0,0.0,0.0,0.8474290295681555,0.8628783214074359,,1.669676308949804,below_range,ok
fw22,477m-g096-ai-r0.05,477m-g096-control,held_out,ai,20,477103346,34812723200.0,1740636160.0,0.05,0.047619047619047616,0.8476169198597919,0.862946751117839,,1.5724037090323244,below_range,ok
fw22,477m-g096-ai-r0.25,477m-g096-control,held_out,ai,20,477103346,34812723200.0,8703180800.0,0.25,0.2,0.8496019677928321,0.8642462210353877,,1.0840323266913363,below_range,ok
fw22,477m-g096-ai-r0.5,477m-g096-control,held_out,ai,20,477103346,34812723200.0,17406361600.0,0.5,0.3333333333333333,0.8523543365180944,0.8671434294415329,,0.6270470503930924,below_range,ok
fw22,973m-g097-control,973m-g097-control,held_out,control,26,972949562,4591714304.0,0.0,0.0,0.0,0.8736098577338636,0.8585004048849908,,0.9314312043201529,above_range,ok
fw22,973m-g098-control,973m-g098-control,held_out,control,26,972949562,18367905792.0,0.0,0.0,0.0,0.8271000381895283,0.8364991067021457,4.514297106912895,1.355129754698114,ok,ok
fw22,973m-g098-ai-r0.05,973m-g098-control,held_out,ai,26,972949562,18368055588.0,918402779.0,0.04999999997822306,0.04761904759929529,0.826841626026722,0.8364509890854022,4.516725479247784,1.2965320293082299,ok,ok
fw22,973m-g098-ai-r0.1,973m-g098-control,held_out,ai,26,972949562,18368191767.0,1836819176.0,0.09999999996189064,0.09090909087759558,0.8264915440528233,0.8365188256891812,4.623211653999231,1.229603089598782,ok,ok
fw22,973m-g098-ai-r0.25,973m-g098-control,held_out,ai,26,972949562,18367696076.0,4591924019.0,0.25,0.2,0.8268637881230156,0.8369132327437575,3.7778398244244613,1.0424795844105899,ok,ok
fw22,973m-g098-ai-r0.5,973m-g098-control,held_out,ai,26,972949562,18368255317.0,9184127658.0,0.4999999999727791,0.33333333332123516,0.8287674339108057,0.8379430266895364,2.2662979822450717,0.7902491937657564,ok,ok
fw22,973m-g098-ai-r1,973m-g098-control,held_out,ai,26,972949562,18368430080.0,18368430080.0,1.0,0.5,0.8314402609291156,0.8404876589576866,1.1726659603919878,0.47554762801310996,ok,ok
fw22,973m-g099-control,973m-g099-control,held_out,control,26,972949562,36736860160.0,0.0,0.0,0.0,0.8126428740051374,0.8296809018686072,,1.4834361584984987,below_range,ok
fw22,973m-g099-ai-r0.05,973m-g099-control,held_out,ai,26,972949562,36736111177.0,1836805558.0,0.049999999976862004,0.04761904759806077,0.8127836357058476,0.8297163000085143,,1.4056992361436504,below_range,ok
fw22,973m-g099-ai-r0.1,973m-g099-control,held_out,ai,26,972949562,36736383534.0,3673638353.0,0.09999999998911162,0.09090909090009223,0.8125808733716581,0.8298306157354833,,1.320195568992656,below_range,ok
fw22,973m-g099-ai-r0.25,973m-g099-control,held_out,ai,26,972949562,36736231014.0,9184057753.0,0.24999999998638947,0.19999999999128926,0.8133282989222189,0.8304943428033297,,1.0603929648583243,below_range,ok
fw22,973m-g099-ai-r0.5,973m-g099-control,held_out,ai,26,972949562,36736510634.0,18368255317.0,0.5,0.3333333333333333,0.8160410018529415,0.83222902480893,,0.710069192744301,below_range,ok
fw26_human,19.9m-g001-control,19.9m-g001-control,fit,control,4,19923026,57671680.0,0.0,0.0,0.0,1.3992230202813354,1.376866511118062,,,above_range,above_range
fw26_human,19.9m-g001-ai-r0.05,19.9m-g001-control,fit,ai,4,19923026,58029803.0,2525461.0,0.043520068472402015,0.04170506134693757,1.3845087198538089,1.3658851452845506,,,above_range,above_range
fw26_human,19.9m-g001-ai-r0.1,19.9m-g001-control,fit,ai,4,19923026,58333666.0,5105182.0,0.08751690661786969,0.08047406535503293,1.3620399277940825,1.3562337826977484,,,above_range,above_range
fw26_human,19.9m-g001-ai-r0.25,19.9m-g001-control,fit,ai,4,19923026,58887076.0,13202524.0,0.22420070577116105,0.18314048073508524,1.3256989359932112,1.3332516941038044,1.0488902330056635,,ok,above_range
fw26_human,19.9m-g001-ai-r0.5,19.9m-g001-control,fit,ai,4,19923026,59404458.0,27103062.0,0.45624626353799913,0.313302959095348,1.3034172320876407,1.308069193693995,1.0807337075820482,1.030918312780279,ok,ok
fw26_human,19.9m-g001-ai-r1,19.9m-g001-control,fit,ai,4,19923026,59051985.0,56291375.0,0.9532511904553251,0.48803307793357154,1.2845636186879883,1.280825718983942,1.0031436444345783,1.0519861515570164,ok,ok
fw26_human,19.9m-g002-control,19.9m-g002-control,fit,control,4,19923026,57671680.0,0.0,0.0,0.0,1.3990229815773085,1.376866511118062,,,above_range,above_range
fw26_human,19.9m-g002-ai-r0.0227,19.9m-g002-control,fit,ai,4,19923026,57674513.0,1307887.0,0.022677035868512666,0.022174190945095484,1.3978269277202706,1.3714295877976173,,,above_range,above_range
fw26_human,19.9m-g002-ai-r0.0459,19.9m-g002-control,fit,ai,4,19923026,57646901.0,2646219.0,0.04590392465329576,0.04388923645019531,1.3824318380465572,1.3663147904308355,,,above_range,above_range
fw26_human,19.9m-g002-ai-r2.01,19.9m-g002-control,fit,ai,4,19923026,57664325.0,116137147.0,2.0140207485303954,0.6682172806913856,1.2694593947124015,1.2583488555537583,0.8175755901553251,0.9706453868077037,ok,ok
fw26_human,19.9m-g002-ai-r4.24,19.9m-g002-control,fit,ai,4,19923026,57677892.0,244574140.0,4.240344636728402,0.8091728561149921,1.2542346946506506,1.2474034463574286,0.5958237726871441,0.6631011472060414,ok,ok
fw26_human,19.9m-g002-ai-r8.73,19.9m-g002-control,fit,ai,4,19923026,57659633.0,503590671.0,8.733851479769218,0.8972657429509383,1.251701486195457,1.2467770279903443,0.3339714743129993,0.3605602619658669,ok,ok
fw26_human,19.9m-g002-ai-r17.7,19.9m-g002-control,fit,ai,4,19923026,57674520.0,1020261608.0,17.68998871598758,0.9464954198102543,1.2522959691243323,1.2487670334330518,0.17226889529318193,0.18205207470540022,ok,ok
fw26_human,19.9m-g002-ai-r35.5,19.9m-g002-control,fit,ai,4,19923026,57668393.0,2048134359.0,35.51571757860497,0.9726145324175167,1.2541369878790591,1.2509375357429908,0.08565286238390132,0.09008653722572653,ok,ok
fw26_human,19.9m-g002-ai-r70.6,19.9m-g002-control,fit,ai,4,19923026,57670394.0,4069524742.0,70.5652321709472,0.9860267343559885,1.25260969966531,1.253176068089412,0.04477088509586326,0.04437213802465881,ok,ok
fw26_human,19.9m-g002-human-r0.025,19.9m-g002-control,fit,human,4,19923026,58982400.0,0.0,0.0,0.0,1.3916130281073056,1.3735604417392322,,,above_range,above_range
fw26_human,19.9m-g002-human-r0.05,19.9m-g002-control,fit,human,4,19923026,60555264.0,0.0,0.0,0.0,1.3854121626314557,1.3697296665741143,,,above_range,above_range
fw26_human,19.9m-g002-human-r4,19.9m-g002-control,fit,human,4,19923026,288358400.0,0.0,0.0,0.0,1.1884506503572625,1.2057692724292837,1.651122504812669,1.2697736382768516,ok,ok
fw26_human,19.9m-g003-control,19.9m-g003-control,fit,control,4,19923026,57671680.0,0.0,0.0,0.0,1.398186846930479,1.376866511118062,,,above_range,above_range
fw26_human,19.9m-g003-ai-r0.025,19.9m-g003-control,fit,ai,4,19923026,57674513.0,1307887.0,0.022677035868512666,0.022174190945095484,1.3847546375064739,1.3714295877976173,,,above_range,above_range
fw26_human,19.9m-g003-ai-r0.05,19.9m-g003-control,fit,ai,4,19923026,57646901.0,2646219.0,0.04590392465329576,0.04388923645019531,1.375629566329317,1.3663147904308355,,,above_range,above_range
fw26_human,19.9m-g003-ai-r0.1,19.9m-g003-control,fit,ai,4,19923026,57730555.0,5184005.0,0.0897965557407165,0.0823975404103597,1.3619607517672239,1.3572276236261989,,,above_range,above_range
fw26_human,19.9m-g003-ai-r2,19.9m-g003-control,fit,ai,4,19923026,57664325.0,116137147.0,2.0140207485303954,0.6682172806913856,1.2633354416909857,1.2583488555537583,0.8973493977027117,0.9706453868077037,ok,ok
fw26_human,19.9m-g003-ai-r8,19.9m-g003-control,fit,ai,4,19923026,57659633.0,503590671.0,8.733851479769218,0.8972657429509383,1.2498573819270713,1.2467770279903443,0.34376433713522936,0.3605602619658669,ok,ok
fw26_human,19.9m-g003-human-r0.025,19.9m-g003-control,fit,human,4,19923026,58982400.0,0.0,0.0,0.0,1.3865673791442903,1.3735604417392322,,,above_range,above_range
fw26_human,19.9m-g003-human-r0.05,19.9m-g003-control,fit,human,4,19923026,60555264.0,0.0,0.0,0.0,1.3751894993905365,1.3697296665741143,,,above_range,above_range
fw26_human,19.9m-g004-control,19.9m-g004-control,fit,control,4,19923026,57671680.0,0.0,0.0,0.0,1.402703988674961,1.376866511118062,,,above_range,above_range
fw26_human,19.9m-g004-ai-r0.025,19.9m-g004-control,fit,ai,4,19923026,57674513.0,1307887.0,0.022677035868512666,0.022174190945095484,1.3938488689708808,1.3714295877976173,,,above_range,above_range
fw26_human,19.9m-g004-ai-r0.05,19.9m-g004-control,fit,ai,4,19923026,57646901.0,2646219.0,0.04590392465329576,0.04388923645019531,1.3853635586391488,1.3663147904308355,,,above_range,above_range
fw26_human,19.9m-g004-ai-r0.1,19.9m-g004-control,fit,ai,4,19923026,57730555.0,5184005.0,0.0897965557407165,0.0823975404103597,1.3689264071917537,1.3572276236261989,,,above_range,above_range
fw26_human,19.9m-g004-human-r0.025,19.9m-g004-control,fit,human,4,19923026,58982400.0,0.0,0.0,0.0,1.3968299194711915,1.3735604417392322,,,above_range,above_range
fw26_human,19.9m-g004-human-r0.05,19.9m-g004-control,fit,human,4,19923026,60555264.0,0.0,0.0,0.0,1.3867792454433656,1.3697296665741143,,,above_range,above_range
fw26_human,19.9m-g005-control,19.9m-g005-control,fit,control,4,19923026,94109696.0,0.0,0.0,0.0,1.283081774072648,1.3116645585068314,1.2525655859389107,0.9147572622712062,ok,ok
fw26_human,19.9m-g005-ai-r0.025,19.9m-g005-control,fit,ai,4,19923026,94056774.0,2150074.0,0.022859321115988946,0.022348450704881215,1.276909677783854,1.3074258883740901,1.3286635923733652,0.9329558748472633,ok,ok
fw26_human,19.9m-g005-ai-r0.05,19.9m-g005-control,fit,ai,4,19923026,94012996.0,4291004.0,0.04564266838172033,0.04365034993489583,1.273515669230428,1.303683909636094,1.363045156612968,0.9484302353578481,ok,ok
fw26_human,19.9m-g005-ai-r0.1,19.9m-g005-control,fit,ai,4,19923026,94146721.0,8613727.0,0.09149258634296993,0.08382336947382713,1.2675083666861262,1.2971084403475908,1.4236607250856792,0.9728873529107643,ok,ok
fw26_human,19.9m-g005-ai-r0.25,19.9m-g005-control,fit,ai,4,19923026,94136107.0,22255829.0,0.2364218120895949,0.1912145270957603,1.2609279795474542,1.283922323372455,1.391460346444097,1.002103271559861,ok,ok
fw26_human,19.9m-g005-ai-r0.5,19.9m-g005-control,fit,ai,4,19923026,94190370.0,45532382.0,0.48340803842261154,0.3258766474911688,1.2530771959075246,1.273657872893136,1.3127347190705512,0.9570637477648692,ok,ok
fw26_human,19.9m-g005-ai-r1,19.9m-g005-control,fit,ai,4,19923026,94077158.0,93880090.0,0.9979052513469848,0.49947576376517283,1.2448190961046885,1.2681878542574925,1.1093330367130296,0.7704430311736428,ok,ok
fw26_human,19.9m-g005-ai-r2,19.9m-g005-control,fit,ai,4,19923026,94113990.0,196865850.0,2.091780935012956,0.6765618195404878,1.2353417942511566,1.2685046598239371,0.8245011803528541,0.49531284071314025,ok,ok
fw26_human,19.9m-g005-ai-r4,19.9m-g005-control,fit,ai,4,19923026,94100233.0,405808375.0,4.3125119041947535,0.8117651276770973,1.235446137750426,1.271174389123144,0.47918968284392893,0.27718707158328615,ok,ok
fw26_human,19.9m-g005-ai-r8,19.9m-g005-control,fit,ai,4,19923026,94104303.0,827069713.0,8.788861790942759,0.897843077024005,1.2376643071262363,1.2746854445996643,0.2517923444724767,0.14308590542896654,ok,ok
fw26_human,19.9m-g005-ai-r16,19.9m-g005-control,fit,ai,4,19923026,94113097.0,1663300279.0,17.67341987481296,0.9464479454377386,1.2428860530183439,1.2786801014643707,0.12215906706529911,0.07102190044461155,ok,ok
fw26_human,19.9m-g005-ai-r32,19.9m-g005-control,fit,ai,4,19923026,94109283.0,3318219165.0,35.2592120481887,0.9724208016801084,1.2455209065476958,1.282942771367459,0.06045496771986307,0.034605801929650196,ok,ok
fw26_human,19.9m-g005-ai-r64,19.9m-g005-control,fit,ai,4,19923026,94109378.0,6598164798.0,70.11166090163724,0.9859376087223836,1.2480141005950063,1.2873560352760185,0.029667521243424,0.016707781313557532,ok,ok
fw26_human,19.9m-g005-human-r0.025,19.9m-g005-control,fit,human,4,19923026,96206848.0,0.0,0.0,0.0,1.2768740828027345,1.3090441209273123,1.3293074583855171,0.9180615738966633,ok,ok
fw26_human,19.9m-g005-human-r0.05,19.9m-g005-control,fit,human,4,19923026,98304000.0,0.0,0.0,0.0,1.2734183970627517,1.306504396866556,1.3649241489257982,0.9215428085838977,ok,ok
fw26_human,19.9m-g005-human-r4,19.9m-g005-control,fit,human,4,19923026,499908608.0,0.0,0.0,0.0,1.169360820151927,1.1698533691516917,1.3117206296136827,1.300248117625409,ok,ok
fw26_human,19.9m-g006-control,19.9m-g006-control,fit,control,4,19923026,230686720.0,0.0,0.0,0.0,1.2002003430895085,1.2229692072068565,1.7233355190123514,1.240651294727541,ok,ok
fw26_human,19.9m-g006-ai-r0.05,19.9m-g006-control,fit,ai,4,19923026,230768830.0,11452226.0,0.04962639885117934,0.04728005974839776,1.1977680085166367,1.2202565425267837,1.7023144293565342,1.2278537212611675,ok,ok
fw26_human,19.9m-g006-ai-r0.1,19.9m-g006-control,fit,ai,4,19923026,230710072.0,23045320.0,0.09988866025753744,0.09081706527836067,1.1956709097910183,1.2200166808206143,1.6774428335247717,1.176033888243728,ok,ok
fw26_human,19.9m-g006-ai-r0.25,19.9m-g006-control,fit,ai,4,19923026,229917889.0,58440511.0,0.2541799215980102,0.20266623410311613,1.1959474027122656,1.2205164185308666,1.4699474332478584,1.0276054680105307,ok,ok
fw26_human,19.9m-g006-ai-r0.5,19.9m-g006-control,fit,ai,4,19923026,227962853.0,118067227.0,0.5179230977601426,0.34120509696729256,1.1978255563440687,1.2219097946862427,1.1905856942368882,0.8396013758692557,ok,ok
fw26_human,19.9m-g006-ai-r1,19.9m-g006-control,fit,ai,4,19923026,224956081.0,236417359.0,1.0509489583435623,0.5124208255247636,1.1991471893382812,1.224779053664935,0.8753591534690548,0.6046307315561795,ok,ok
fw26_human,19.9m-g007-control,19.9m-g007-control,fit,control,4,19923026,230686720.0,0.0,0.0,0.0,1.2011398261493675,1.2229692072068565,1.6993685011728998,1.240651294727541,ok,ok
fw26_human,19.9m-g007-ai-r0.0244,19.9m-g007-control,fit,ai,4,19923026,230568834.0,5622910.0,0.024387120767588217,0.02380654761582183,1.1999402651108761,1.2210048286230322,1.6897234962724321,1.2459164324450027,ok,ok
fw26_human,19.9m-g007-ai-r0.0495,19.9m-g007-control,fit,ai,4,19923026,230792406.0,11428650.0,0.04951917698713189,0.0471827271696809,1.1987493695321345,1.220250508885629,1.677340138242334,1.2279587291729324,ok,ok
fw26_human,19.9m-g007-ai-r2.13,19.9m-g007-control,fit,ai,4,19923026,230719713.0,491224863.0,2.129097928446192,0.6804190783199402,1.2011507106514323,1.2269243552929812,0.542920161154716,0.3748300263830398,ok,ok
fw26_human,19.9m-g007-ai-r4.32,19.9m-g007-control,fit,ai,4,19923026,230686064.0,996672144.0,4.320469675185927,0.8120466686120048,1.2103281882941908,1.23301819774302,0.2792151327312153,0.20212991355330176,ok,ok
fw26_human,19.9m-g007-ai-r8.71,19.9m-g007-control,fit,ai,4,19923026,230668279.0,2009614345.0,8.712140020778497,0.897036080836915,1.2215343388011315,1.2408996738905014,0.130374731423717,0.09871460825354321,ok,ok
fw26_human,19.9m-g007-ai-r17.5,19.9m-g007-control,fit,ai,4,19923026,230681632.0,4026012640.0,17.452679717473128,0.9458073290540514,1.2308255480842907,1.24993561157515,0.06013999541999478,0.0452704256993211,ok,ok
fw26_human,19.9m-g007-ai-r34.7,19.9m-g007-control,fit,ai,4,19923026,230687968.0,8008497952.0,34.71571587123261,0.9720011211981486,1.2365962325543831,1.259600423309203,0.02859328468611078,0.02007311088837296,ok,ok
fw26_human,19.9m-g007-ai-r69,19.9m-g007-control,fit,ai,4,19923026,230689109.0,15919740587.0,69.00950225179464,0.9857162246861373,1.241919653373236,1.2696495225275708,0.013486579606560967,0.008773590092104763,ok,ok
fw26_human,19.9m-g007-human-r0.025,19.9m-g007-control,fit,human,4,19923026,236453888.0,0.0,0.0,0.0,1.2009815196208455,1.220982707626132,1.6618313836349539,1.2449252286054526,ok,ok
fw26_human,19.9m-g007-human-r0.05,19.9m-g007-control,fit,human,4,19923026,242221056.0,0.0,0.0,0.0,1.1968845326419386,1.2190645463928464,1.725210833731803,1.2487844995914046,ok,ok
fw26_human,19.9m-g007-human-r2,19.9m-g007-control,fit,human,4,19923026,692060160.0,0.0,0.0,0.0,1.1543983750687299,1.1523313127402106,1.2581356015222689,1.3121410887782454,ok,ok
fw26_human,19.9m-g007-human-r4,19.9m-g007-control,fit,human,4,19923026,1153433600.0,0.0,0.0,0.0,1.1429685677346277,1.1293596744253236,0.9623494018833509,1.3368733963052328,ok,ok
fw26_human,19.9m-g008-control,19.9m-g008-control,fit,control,4,19923026,230686720.0,0.0,0.0,0.0,1.1976804411762876,1.2229692072068565,1.7897944988894194,1.240651294727541,ok,ok
fw26_human,19.9m-g008-ai-r2.13,19.9m-g008-control,fit,ai,4,19923026,230719713.0,491224863.0,2.129097928446192,0.6804190783199402,1.2006085366697068,1.2269243552929812,0.5473221616898719,0.3748300263830398,ok,ok
fw26_human,19.9m-g008-ai-r4.32,19.9m-g008-control,fit,ai,4,19923026,230686064.0,996672144.0,4.320469675185927,0.8120466686120048,1.2108576050215478,1.23301819774302,0.27709263730247985,0.20212991355330176,ok,ok
fw26_human,19.9m-g008-ai-r17.5,19.9m-g008-control,fit,ai,4,19923026,230681632.0,4026012640.0,17.452679717473128,0.9458073290540514,1.2307569682332589,1.24993561157515,0.06019890672257677,0.0452704256993211,ok,ok
fw26_human,19.9m-g009-control,19.9m-g009-control,fit,control,4,19923026,230686720.0,0.0,0.0,0.0,1.2028963518826838,1.2229692072068565,1.6556809964499912,1.240651294727541,ok,ok
fw26_human,19.9m-g009-ai-r2.13,19.9m-g009-control,fit,ai,4,19923026,230719713.0,491224863.0,2.129097928446192,0.6804190783199402,1.2023590192442877,1.2269243552929812,0.5332701416050163,0.3748300263830398,ok,ok
fw26_human,19.9m-g009-ai-r4.32,19.9m-g009-control,fit,ai,4,19923026,230686064.0,996672144.0,4.320469675185927,0.8120466686120048,1.2106894006189683,1.23301819774302,0.27776491417832605,0.20212991355330176,ok,ok
fw26_human,19.9m-g009-ai-r17.5,19.9m-g009-control,fit,ai,4,19923026,230681632.0,4026012640.0,17.452679717473128,0.9458073290540514,1.2302812719828833,1.24993561157515,0.0606088807586794,0.0452704256993211,ok,ok
fw26_human,19.9m-g010-control,19.9m-g010-control,fit,control,4,19923026,376176640.0,0.0,0.0,0.0,1.1778775729698994,1.1873419077835003,1.5038276829691748,1.28811829897353,ok,ok
fw26_human,19.9m-g010-ai-r0.025,19.9m-g010-control,fit,ai,4,19923026,376274783.0,9601185.0,0.02551641894110135,0.02488153136294821,1.173739196622697,1.186732021051247,1.5733959139865714,1.268002670748449,ok,ok
fw26_human,19.9m-g010-ai-r0.05,19.9m-g010-control,fit,ai,4,19923026,376169306.0,19405990.0,0.051588446187579164,0.04905763882686951,1.1725569301830572,1.1867642434240397,1.5667004965955114,1.236275894894776,ok,ok
fw26_human,19.9m-g010-ai-r0.1,19.9m-g010-control,fit,ai,4,19923026,376221949.0,38752003.0,0.10300303611472705,0.09338418185823866,1.1738729812410063,1.1868305617665913,1.459684754061601,1.1772377876266642,ok,ok
fw26_human,19.9m-g010-ai-r0.25,19.9m-g010-control,fit,ai,4,19923026,376271496.0,97160568.0,0.25821931512983914,0.20522599838104755,1.1723745286363199,1.1872598059531716,1.3132326999331798,1.0248426620840263,ok,ok
fw26_human,19.9m-g010-ai-r0.5,19.9m-g010-control,fit,ai,4,19923026,376263620.0,195472444.0,0.5195092844745394,0.3418928003814012,1.1748989134130519,1.1884097003565057,1.0408822728200708,0.8332925518036469,ok,ok
fw26_human,19.9m-g010-ai-r1,19.9m-g010-control,fit,ai,4,19923026,376231704.0,393685224.0,1.0463903488580006,0.5113346773952215,1.1797631698467776,1.1912462745196464,0.7119261472514443,0.5918582473229026,ok,ok
fw26_human,19.9m-g010-ai-r2,19.9m-g010-control,fit,ai,4,19923026,376182318.0,796912082.0,2.118419829610386,0.6793247687483633,1.1902725281306197,1.196844747200459,0.39439547482020887,0.3564371414442462,ok,ok
fw26_human,19.9m-g010-ai-r4,19.9m-g010-control,fit,ai,4,19923026,376160196.0,1613774908.0,4.290126720372083,0.8109686113663332,1.2022657719516807,1.2056084496530988,0.19373673064894198,0.1844343284100501,ok,ok
fw26_human,19.9m-g010-ai-r8,19.9m-g010-control,fit,ai,4,19923026,376185943.0,3252411305.0,8.645754487960758,0.8963274463134907,1.2148016061980584,1.2169805827652702,0.08857299530846731,0.08586517207613287,ok,ok
fw26_human,19.9m-g010-ai-r16,19.9m-g010-control,fit,ai,4,19923026,376174059.0,6506416661.0,17.296292780784228,0.9453441190528906,1.2248533524313077,1.2300313854506042,0.04048870156172748,0.03761871922516415,ok,ok
fw26_human,19.9m-g010-ai-r32,19.9m-g010-control,fit,ai,4,19923026,376174161.0,12956731823.0,34.44343914679456,0.9717860336335212,1.233843587681543,1.2440440770686674,0.01838749325328825,0.01582327698040792,ok,ok
fw26_human,19.9m-g010-human-r0.025,19.9m-g010-control,fit,human,4,19923026,385875968.0,0.0,0.0,0.0,1.173581169464637,1.1856866356509115,1.5777105179493505,1.2894013359453902,ok,ok
fw26_human,19.9m-g010-human-r0.05,19.9m-g010-control,fit,human,4,19923026,395575296.0,0.0,0.0,0.0,1.1722773497579788,1.184090017387747,1.5743757538526248,1.2906013455570249,ok,ok
fw26_human,19.9m-g010-human-r2,19.9m-g010-control,fit,human,4,19923026,1173094400.0,0.0,0.0,0.0,1.1428482140440717,1.12868342571246,0.9487805640916723,1.3379507487385711,ok,ok
fw26_human,19.9m-g010-human-r4,19.9m-g010-control,fit,human,4,19923026,1989935104.0,0.0,0.0,0.0,1.1346983532543629,1.1098634719573364,0.6771007514803049,1.386913567872611,ok,ok
fw26_human,19.9m-g011-control,19.9m-g011-control,fit,control,4,19923026,461373440.0,0.0,0.0,0.0,1.1665099463359911,1.1745696946948976,1.4963596038113356,1.2971915165676777,ok,ok
fw26_human,19.9m-g011-ai-r0.05,19.9m-g011-control,fit,ai,4,19923026,460827327.0,23614785.0,0.051244324319334476,0.048746350523713344,1.1653894448992685,1.1743637143066494,1.4546744338837598,1.2398136892920906,ok,ok
fw26_human,19.9m-g011-ai-r0.1,19.9m-g011-control,fit,ai,4,19923026,460318967.0,47191817.0,0.10251981861090681,0.09298682606909886,1.164710931912856,1.174515363839462,1.4060498913478938,1.1803691066441764,ok,ok
fw26_human,19.9m-g011-ai-r0.25,19.9m-g011-control,fit,ai,4,19923026,457730110.0,118986690.0,0.2599494492507823,0.20631736408580434,1.1684812380496863,1.1753613656624446,1.1550921354388042,1.0237384972123118,ok,ok
fw26_human,19.9m-g011-ai-r0.5,19.9m-g011-control,fit,ai,4,19923026,454846067.0,237214093.0,0.5215260946732557,0.34276513330864183,1.1702160412991547,1.1770578917888375,0.9331953919960702,0.8288173008806086,ok,ok
fw26_human,19.9m-g011-ai-r1,19.9m-g011-control,fit,ai,4,19923026,450154555.0,472592325.0,1.049844591709174,0.5121581391854719,1.175973600830513,1.1809013174158982,0.6331753806639744,0.5829072339359562,ok,ok
fw26_human,19.9m-g012-control,19.9m-g012-control,fit,control,4,19923026,692060160.0,0.0,0.0,0.0,1.1547645817313459,1.1523313127402106,1.248901803497876,1.3121410887782454,ok,ok
fw26_human,19.9m-g012-ai-r0.05,19.9m-g012-control,fit,ai,4,19923026,691745159.0,34918009.0,0.05047814002844363,0.048052537320840236,1.154391663212041,1.1523160153741663,1.1983864307842116,1.2500505550570475,ok,ok
fw26_human,19.9m-g012-ai-r0.1,19.9m-g012-control,fit,ai,4,19923026,691129556.0,70136620.0,0.10148114690091477,0.09213153324179742,1.15393314563297,1.1524755790535968,1.1545529078058157,1.1893316264912388,ok,ok
fw26_human,19.9m-g012-ai-r0.25,19.9m-g012-control,fit,ai,4,19923026,688751938.0,176323262.0,0.2560040157738184,0.20382420164166073,1.156695524936953,1.1533226928796045,0.9614281726130754,1.028665935606359,ok,ok
fw26_human,19.9m-g012-ai-r0.5,19.9m-g012-control,fit,ai,4,19923026,685155833.0,352934407.0,0.5151155255508129,0.3399843225575457,1.160475110999286,1.1553468656328238,0.7444321032561515,0.8229458208709908,ok,ok
fw26_human,19.9m-g012-ai-r1,19.9m-g012-control,fit,ai,4,19923026,678876332.0,705243988.0,1.038840146219739,0.5095250592087255,1.1676999980816012,1.1601363527741,0.4881176671218135,0.5619605222719045,ok,ok
fw26_human,19.9m-g013-control,19.9m-g013-control,fit,control,4,19923026,692060160.0,0.0,0.0,0.0,1.1548009493969311,1.1523313127402106,1.2479901167118692,1.3121410887782454,ok,ok
fw26_human,19.9m-g013-ai-r2.1,19.9m-g013-control,fit,ai,4,19923026,692043914.0,1454391158.0,2.1015879607894363,0.6775845106951365,1.180305014206186,1.1679738571740608,0.2530762884383653,0.31320705765769796,ok,ok
fw26_human,19.9m-g013-ai-r4.25,19.9m-g013-control,fit,ai,4,19923026,692040592.0,2942848112.0,4.252421239475502,0.8096116144523362,1.1946785199859509,1.181632997590822,0.11889259001431253,0.1462015974737097,ok,ok
fw26_human,19.9m-g013-ai-r8.57,19.9m-g013-control,fit,ai,4,19923026,692049449.0,5930232279.0,8.56908749449781,0.8954968276154862,1.2093164562515617,1.1994168256750062,0.0525108392327749,0.060740091068061025,ok,ok
fw26_human,19.9m-g013-ai-r17.2,19.9m-g013-control,fit,ai,4,19923026,692064211.0,11879313453.0,17.165045185380926,0.9449492148357114,1.220936132259546,1.2198842420617373,0.023431139921200352,0.023783055776080003,ok,ok
fw26_human,19.9m-g013-human-r2,19.9m-g013-control,fit,human,4,19923026,2076180480.0,0.0,0.0,0.0,1.1338472724122084,1.1085318543619467,0.6627145294063576,1.3926121240782607,ok,ok
fw26_human,19.9m-g014-control,19.9m-g014-control,fit,control,4,19923026,692060160.0,0.0,0.0,0.0,1.1540578431237356,1.1523313127402106,1.266810206624396,1.3121410887782454,ok,ok
fw26_human,19.9m-g014-ai-r0.25,19.9m-g014-control,fit,ai,4,19923026,688540181.0,176535019.0,0.2563902933647383,0.20406898614132044,1.1559469835027145,1.153340038995563,0.9757942423132429,1.0283030972390488,ok,ok
fw26_human,19.9m-g014-ai-r1,19.9m-g014-control,fit,ai,4,19923026,678875134.0,705245186.0,1.0388437441280622,0.5095259247404156,1.1677481990639809,1.160136463232765,0.4876923658007235,0.5619593310385269,ok,ok
fw26_human,19.9m-g015-control,19.9m-g015-control,fit,control,4,19923026,752353280.0,0.0,0.0,0.0,1.1523265821325097,1.1482172177372678,1.207104102712453,1.315425196305809,ok,ok
fw26_human,19.9m-g015-ai-r0.05,19.9m-g015-control,fit,ai,4,19923026,752359544.0,38266760.0,0.050862330790077674,0.048400565230878025,1.1516257767266054,1.1482013961708164,1.165362337354626,1.252169673114059,ok,ok
fw26_human,19.9m-g015-ai-r0.1,19.9m-g015-control,fit,ai,4,19923026,752343517.0,76555811.0,0.101756457349788,0.09235839433567498,1.1522144515858694,1.1483251774192718,1.0981574759441362,1.1912073210231642,ok,ok
fw26_human,19.9m-g015-ai-r0.25,19.9m-g015-control,fit,ai,4,19923026,752401923.0,192365053.0,0.25566794437871204,0.20361111034431414,1.1539372016044842,1.1490392142849486,0.930229342843872,1.0293989809483335,ok,ok
fw26_human,19.9m-g015-ai-r0.5,19.9m-g015-control,fit,ai,4,19923026,752332399.0,385896849.0,0.5129339764084785,0.33903262429608555,1.1584043034472151,1.1509184092865161,0.7066252908026813,0.8214239754362882,ok,ok
fw26_human,19.9m-g015-ai-r1,19.9m-g015-control,fit,ai,4,19923026,752306068.0,779401324.0,1.036016266719784,0.5088447885482295,1.1689046910286036,1.155596911468612,0.4316198871570388,0.5549617238269193,ok,ok
fw26_human,19.9m-g016-control,19.9m-g016-control,fit,control,4,19923026,922746880.0,0.0,0.0,0.0,1.148197536211437,1.1387699832692326,1.072970029084168,1.3244814755665753,ok,ok
fw26_human,19.9m-g016-ai-r0.05,19.9m-g016-control,fit,ai,4,19923026,922465080.0,46419144.0,0.05032076010942333,0.04790989764325031,1.148185363072691,1.1388038323160383,1.0221414536904825,1.2604109928202096,ok,ok
fw26_human,19.9m-g016-ai-r0.1,19.9m-g016-control,fit,ai,4,19923026,922011358.0,93010210.0,0.10087751001436145,0.09163372772784273,1.1475323601171274,1.1389659552132132,0.9894020323254176,1.198563220214444,ok,ok
fw26_human,19.9m-g016-ai-r0.25,19.9m-g016-control,fit,ai,4,19923026,919210741.0,234222859.0,0.2548086619888616,0.203065749948675,1.1503435488987257,1.1399284233949813,0.820365718027622,1.031380460881973,ok,ok
fw26_human,19.9m-g016-ai-r0.5,19.9m-g016-control,fit,ai,4,19923026,915090678.0,469029642.0,0.5125499071033046,0.33886479030955924,1.1551022284237875,1.142290423867941,0.6202370293015936,0.8142947791251857,ok,ok
fw26_human,19.9m-g016-ai-r1,19.9m-g016-control,fit,ai,4,19923026,907168781.0,938324979.0,1.034344433640734,0.5084411550651897,1.1627085790797218,1.1480069399189499,0.4013756384562023,0.5386712479707745,ok,ok
fw26_human,19.9m-g017-control,19.9m-g017-control,fit,control,4,19923026,1090256896.0,0.0,0.0,0.0,1.144392477433989,1.131649698437425,0.9863281715380481,1.3334373884568156,ok,ok
fw26_human,19.9m-g017-ai-r0.05,19.9m-g017-control,fit,ai,4,19923026,1090205130.0,55102006.0,0.050542787300955,0.04811111733088861,1.1443169630757222,1.1316920514535387,0.9404894960198117,1.2679814657198805,ok,ok
fw26_human,19.9m-g017-ai-r0.1,19.9m-g017-control,fit,ai,4,19923026,1090295462.0,110324058.0,0.10118730366686604,0.0918892756299681,1.1440832752817178,1.1318481693718212,0.9018193057276118,1.2047905124943408,ok,ok
fw26_human,19.9m-g017-ai-r0.25,19.9m-g017-control,fit,ai,4,19923026,1090360149.0,276720811.0,0.2537884489393605,0.20241728112430152,1.1466145923267408,1.1327753638258322,0.7492768590944255,1.0336749750749998,ok,ok
fw26_human,19.9m-g017-ai-r0.5,19.9m-g017-control,fit,ai,4,19923026,1090179859.0,556608749.0,0.5105659808378463,0.33799647768756,1.1523018505078721,1.135231496379084,0.5517586307821667,0.8076040704938149,ok,ok
fw26_human,19.9m-g017-ai-r1,19.9m-g017-control,fit,ai,4,19923026,1090315167.0,1124539489.0,1.0313893844971158,0.5077260875577743,1.1605952131817951,1.1413349037425757,0.34811059551573525,0.5200322960136909,ok,ok
fw26_human,19.9m-g017-ai-r2,19.9m-g017-control,fit,ai,4,19923026,1090250034.0,2276465358.0,2.088021359327928,0.6761680430158559,1.1739983053873313,1.153425136734177,0.17952796698276338,0.26376507683664163,ok,ok
fw26_human,19.9m-g017-ai-r4,19.9m-g017-control,fit,ai,4,19923026,1090242292.0,4609030412.0,4.227528546471026,0.8087050140213821,1.190388244470526,1.1724419516077813,0.08103244916427157,0.1089602398340297,ok,ok
fw26_human,19.9m-g017-ai-r8,19.9m-g017-control,fit,ai,4,19923026,1090247040.0,9294587520.0,8.525212340865425,0.8950154637802915,1.2049269562092577,1.1972437915151461,0.03569579921987203,0.04002139312421823,ok,ok
fw26_human,19.9m-g017-ai-r16,19.9m-g017-control,fit,ai,4,19923026,1090259118.0,18679592786.0,17.133168141043697,0.944852438789417,1.2187035112462719,1.225921568063459,0.015378749321670972,0.013883843594988881,ok,ok
fw26_human,19.9m-g017-human-r2,19.9m-g017-control,fit,human,4,19923026,3366715392.0,0.0,0.0,0.0,1.1278921969692133,1.0949749444315087,0.47604262119237833,,ok,below_range
fw26_human,19.9m-g018-control,19.9m-g018-control,fit,control,4,19923026,1153433600.0,0.0,0.0,0.0,1.1434549693715448,1.1293596744253236,0.9519303568539453,1.3368733963052328,ok,ok
fw26_human,19.9m-g018-ai-r0.05,19.9m-g018-control,fit,ai,4,19923026,1153087802.0,58017478.0,0.0503148831332447,0.04790457027815121,1.143496553776743,1.1294169776975498,0.9057592262772789,1.2713122836720616,ok,ok
fw26_human,19.9m-g018-ai-r0.1,19.9m-g018-control,fit,ai,4,19923026,1152613939.0,116163021.0,0.1007822455286132,0.09155511540814865,1.143689493286762,1.1295984235512238,0.8608773027322686,1.2078073080799536,ok,ok
fw26_human,19.9m-g018-ai-r0.25,19.9m-g018-control,fit,ai,4,19923026,1149500156.0,292291844.0,0.2542773417422659,0.20272816328568893,1.1463124020496602,1.1306785234363044,0.7151192516772801,1.0336235221610697,ok,ok
fw26_human,19.9m-g018-ai-r0.5,19.9m-g018-control,fit,ai,4,19923026,1144636093.0,585514307.0,0.5115287824494628,0.33841815543897225,1.151263125009582,1.1333906317478655,0.5365452939134505,0.8043152978696286,ok,ok
fw26_human,19.9m-g018-ai-r1,19.9m-g018-control,fit,ai,4,19923026,1135305759.0,1171561441.0,1.0319347292239007,0.5078582074425437,1.159812216637725,1.139986081650743,0.3392830346919393,0.5150026350178476,ok,ok
fw26_human,19.9m-g019-control,19.9m-g019-control,fit,control,4,19923026,1453850624.0,0.0,0.0,0.0,1.13926272726477,1.1205169775336756,0.8310120387088531,1.353811922848328,ok,ok
fw26_human,19.9m-g019-ai-r0.05,19.9m-g019-control,fit,ai,4,19923026,1453726534.0,73262266.0,0.05039618132195419,0.047978260220376205,1.1385214897635332,1.1205843362025665,0.8050536087058441,1.2864315581496077,ok,ok
fw26_human,19.9m-g019-ai-r0.1,19.9m-g019-control,fit,ai,4,19923026,1453747663.0,146641457.0,0.10087132776357213,0.09162862654302474,1.1394411651342418,1.12077956447564,0.7517904242481426,1.2204548573836407,ok,ok
fw26_human,19.9m-g019-ai-r0.25,19.9m-g019-control,fit,ai,4,19923026,1453951388.0,367949412.0,0.25306857920892195,0.20195908141650742,1.1427137351043384,1.121916831427245,0.6127548767130911,1.0373757424463026,ok,ok
fw26_human,19.9m-g019-ai-r0.5,19.9m-g019-control,fit,ai,4,19923026,1453848430.0,740296850.0,0.5091980943295443,0.3373964599098926,1.1484733606835025,1.124932251702469,0.4485950105096714,0.79133933424604,ok,ok
fw26_human,19.9m-g019-ai-r1,19.9m-g019-control,fit,ai,4,19923026,1453836774.0,1494758938.0,1.0281477018134637,0.5069392632963308,1.1575724633438258,1.132443174312542,0.2772434641382646,0.48326226442359144,ok,ok
fw26_human,19.9m-g020-control,19.9m-g020-control,fit,control,4,19923026,1743257600.0,0.0,0.0,0.0,1.1361226811387164,1.114178714544461,0.7466126969397753,1.3711972397193455,ok,ok
fw26_human,19.9m-g020-ai-r0.05,19.9m-g020-control,fit,ai,4,19923026,1743170529.0,87643167.0,0.05027802245502511,0.04787115542749359,1.1366374521867928,1.1142573727503766,0.7021613663009851,1.3023258744835107,ok,ok
fw26_human,19.9m-g020-ai-r0.1,19.9m-g020-control,fit,ai,4,19923026,1743299093.0,175594987.0,0.10072568023759076,0.09150843125223462,1.1374049487700457,1.114478038539204,0.6577653296130401,1.2337883986409877,ok,ok
fw26_human,19.9m-g020-ai-r0.25,19.9m-g020-control,fit,ai,4,19923026,1743301562.0,440357958.0,0.2525999905000946,0.20166054000946082,1.1399252176213177,1.1157783173460951,0.5448272264483577,1.0404405283392444,ok,ok
fw26_human,19.9m-g020-ai-r0.5,19.9m-g020-control,fit,ai,4,19923026,1743303402.0,886263062.0,0.5083814217211056,0.33703771101942376,1.1458924184389188,1.1192122128139212,0.3956982144166272,0.7779084460054476,ok,ok
fw26_human,19.9m-g020-ai-r1,19.9m-g020-control,fit,ai,4,19923026,1743307428.0,1789869404.0,1.02670898732613,0.5065892507244879,1.1550754004012138,1.1277784671149091,0.243108136120894,0.45498723390676127,ok,ok
fw26_human,35.8m-g021-control,35.8m-g021-control,fit,control,6,35782802,115867648.0,0.0,0.0,0.0,1.194609687383014,1.2192571917032713,,,above_range,above_range
fw26_human,35.8m-g021-ai-r0.05,35.8m-g021-control,fit,ai,6,35782802,116278833.0,5355983.0,0.0460615475905232,0.044033305398349105,1.1895395816879346,1.2110770483103126,1.1507839008715655,,ok,above_range
fw26_human,35.8m-g021-ai-r0.1,35.8m-g021-control,fit,ai,6,35782802,116600429.0,10801555.0,0.09263735213186909,0.08478325580863795,1.1861074817307844,1.204017032998909,1.1441277070288396,,ok,above_range
fw26_human,35.8m-g021-ai-r0.25,35.8m-g021-control,fit,ai,6,35782802,116996419.0,27969213.0,0.2390604194475388,0.19293685416416492,1.1746997673013826,1.1875156315936664,1.1613936806984917,0.9887902973900092,ok,ok
fw26_human,35.8m-g021-ai-r0.5,35.8m-g021-control,fit,ai,6,35782802,117031726.0,56769746.0,0.48507996882828164,0.32663558798857584,1.1666282685579883,1.1705633703444152,1.084726158412455,1.0251273552542353,ok,ok
fw26_human,35.8m-g021-ai-r1,35.8m-g021-control,fit,ai,6,35782802,115655617.0,116341823.0,1.0059331835132572,0.5014789085603704,1.1567913256208517,1.1533328125118978,0.9490031652900455,1.007812902876665,ok,ok
fw26_human,35.8m-g022-control,35.8m-g022-control,fit,control,6,35782802,115867648.0,0.0,0.0,0.0,1.1944318746764726,1.2192571917032713,,,above_range,above_range
fw26_human,35.8m-g022-ai-r0.0234,35.8m-g022-control,fit,ai,6,35782802,115778715.0,2710373.0,0.02340994197422212,0.022874452371512893,1.1923868473211643,1.2152205943165262,1.143242906836839,,ok,above_range
fw26_human,35.8m-g022-ai-r0.0465,35.8m-g022-control,fit,ai,6,35782802,115980733.0,5391939.0,0.046489954499597794,0.04442465434064103,1.190726823310003,1.2112797056008997,1.137513436486714,,ok,above_range
fw26_human,35.8m-g022-ai-r2.1,35.8m-g022-control,fit,ai,6,35782802,115823295.0,243313985.0,2.1007344420653893,0.6774957615093593,1.1505208503797113,1.1412578282148453,0.685262411807334,0.8220569449426355,ok,ok
fw26_human,35.8m-g022-ai-r4.31,35.8m-g022-control,fit,ai,6,35782802,115863530.0,499650582.0,4.3124060004040965,0.811761375180298,1.1453501451973407,1.1382704130554289,0.44166365179665934,0.5099314533201221,ok,ok
fw26_human,35.8m-g022-ai-r8.76,35.8m-g022-control,fit,ai,6,35782802,115875432.0,1014489496.0,8.755000766685383,0.8974884755093888,1.1443751096962989,1.1398925793177972,0.24521487960882798,0.2685818261409663,ok,ok
fw26_human,35.8m-g022-ai-r17.6,35.8m-g022-control,fit,ai,6,35782802,115863512.0,2037125160.0,17.58211126899036,0.94618480184925,1.1453700006506309,1.142257952685852,0.126216739192851,0.13436101269755368,ok,ok
fw26_human,35.8m-g022-ai-r35,35.8m-g022-control,fit,ai,6,35782802,115869119.0,4061133377.0,35.049316090855925,0.972260222704928,1.1460584963422034,1.1448009046449723,0.06417809173630383,0.06579720764429488,ok,ok
fw26_human,35.8m-g022-ai-r69.6,35.8m-g022-control,fit,ai,6,35782802,115866878.0,8060666626.0,69.56834226602705,0.9858293397876597,1.1472609630325152,1.1474248776109035,0.032023679337912815,0.03192201674545029,ok,ok
fw26_human,35.8m-g022-human-r0.025,35.8m-g022-control,fit,human,6,35782802,118751232.0,0.0,0.0,0.0,1.1918134532549736,1.216588748531831,1.1482066924311105,,ok,above_range
fw26_human,35.8m-g022-human-r0.05,35.8m-g022-control,fit,human,6,35782802,121634816.0,0.0,0.0,0.0,1.1890585027673155,1.214011705112614,1.157259567403421,,ok,above_range
fw26_human,35.8m-g022-human-r4,35.8m-g022-control,fit,human,6,35782802,579862528.0,0.0,0.0,0.0,1.0808862755992805,1.0929019852925157,1.636576477440656,1.2820072430922318,ok,ok
fw26_human,35.8m-g023-control,35.8m-g023-control,fit,control,6,35782802,168820736.0,0.0,0.0,0.0,1.1556463843685314,1.1813674643955803,1.3298966711004607,0.9149683155053911,ok,ok
fw26_human,35.8m-g023-ai-r0.025,35.8m-g023-control,fit,ai,6,35782802,168737808.0,4015088.0,0.02379483322433583,0.023241798505073977,1.1535793524224267,1.1779458857057925,1.3475057769243164,0.933876757843417,ok,ok
fw26_human,35.8m-g023-ai-r0.05,35.8m-g023-control,fit,ai,6,35782802,168877181.0,8070019.0,0.047786319929156086,0.04560693246346933,1.1513572253398678,1.1747985875252664,1.3694882717683023,0.9502267611402001,ok,ok
fw26_human,35.8m-g023-ai-r0.1,35.8m-g023-control,fit,ai,6,35782802,168730212.0,16343452.0,0.0968614441141104,0.0883078210414638,1.148522272903772,1.1696450366578457,1.38083460860411,0.9752316027814809,ok,ok
fw26_human,35.8m-g023-ai-r0.25,35.8m-g023-control,fit,ai,6,35782802,168835815.0,41665817.0,0.24678304777928783,0.19793583833117265,1.1435407216745919,1.1593641302109334,1.3390175796355193,1.002163533796798,ok,ok
fw26_human,35.8m-g023-ai-r0.5,35.8m-g023-control,fit,ai,6,35782802,168813643.0,85466037.0,0.5062744662171647,0.3361103687089743,1.1380136664075844,1.151566089286954,1.2408696354767903,0.9493492350423857,ok,ok
fw26_human,35.8m-g023-ai-r1,35.8m-g023-control,fit,ai,6,35782802,168802558.0,175654658.0,1.0405923943403748,0.5099462279808938,1.1343212414416426,1.147767254254797,0.9877483529118726,0.7527465065851502,ok,ok
fw26_human,35.8m-g023-ai-r2,35.8m-g023-control,fit,ai,6,35782802,168806537.0,358627191.0,2.1244863935571403,0.6799473980549079,1.1309272480632817,1.1484865178356851,0.690515058274064,0.48485877067208805,ok,ok
fw26_human,35.8m-g023-ai-r4,35.8m-g023-control,fit,ai,6,35782802,168849481.0,730828727.0,4.328285302813575,0.8123223620416957,1.1294931088773734,1.1511053483874614,0.4164234532582489,0.2706005384597647,ok,ok
fw26_human,35.8m-g023-ai-r8,35.8m-g023-control,fit,ai,6,35782802,168824702.0,1476128898.0,8.743559920514475,0.897368106918031,1.13439913032445,1.1545271969468176,0.20651057448129664,0.1391669448659435,ok,ok
fw26_human,35.8m-g023-ai-r16,35.8m-g023-control,fit,ai,6,35782802,168819352.0,2959345000.0,17.529655012536715,0.9460324544993728,1.1376020049518394,1.1584484930688856,0.10172214386270846,0.06845840701082577,ok,ok
fw26_human,35.8m-g023-ai-r32,35.8m-g023-control,fit,ai,6,35782802,168819572.0,5890901132.0,34.894657427516755,0.9721407008265971,1.1414042344503357,1.1626408549778051,0.04857491492154399,0.033044866100671436,ok,ok
fw26_human,35.8m-g023-ai-r64,35.8m-g023-control,fit,ai,6,35782802,168821449.0,11668290871.0,69.11616349768447,0.9857379532747392,1.1440749449172596,1.1669711790047905,0.023557629680005084,0.015846757186079915,ok,ok
fw26_human,35.8m-g023-human-r0.025,35.8m-g023-control,fit,human,6,35782802,172752896.0,0.0,0.0,0.0,1.1548404488476849,1.1792448779101279,1.3179104604402023,0.9184299628540205,ok,ok
fw26_human,35.8m-g023-human-r0.05,35.8m-g023-control,fit,human,6,35782802,176947200.0,0.0,0.0,0.0,1.1532727394845521,1.1770558910675815,1.3227725948016145,0.9223360791593334,ok,ok
fw26_human,35.8m-g023-human-r4,35.8m-g023-control,fit,human,6,35782802,899678208.0,0.0,0.0,0.0,1.065028811143458,1.0712460923864708,1.5138502914084215,1.305504304708919,ok,ok
fw26_human,35.8m-g024-control,35.8m-g024-control,fit,control,6,35782802,463994880.0,0.0,0.0,0.0,1.0892586229947323,1.1055807157801802,1.7216556346854843,1.2601842006244892,ok,ok
fw26_human,35.8m-g024-ai-r0.05,35.8m-g024-control,fit,ai,6,35782802,463398784.0,23664768.0,0.051067824985919684,0.048586612368810546,1.087063463246821,1.1041142123070689,1.7141746642773876,1.2335439675269941,ok,ok
fw26_human,35.8m-g024-ai-r0.1,35.8m-g024-control,fit,ai,6,35782802,463176827.0,47217541.0,0.10194279646032464,0.09251187701193443,1.0867788665920066,1.1041234694003952,1.6452908396914903,1.1769548113444765,ok,ok
fw26_human,35.8m-g024-ai-r0.25,35.8m-g024-control,fit,ai,6,35782802,461521742.0,118340786.0,0.25641432511320345,0.2040842101112628,1.0856054220894278,1.1046354526167421,1.4832588550118064,1.0261664714338339,ok,ok
fw26_human,35.8m-g024-ai-r0.5,35.8m-g024-control,fit,ai,6,35782802,458319646.0,237672674.0,0.5185740477727634,0.34148749514937177,1.0873329296153562,1.1058608652319888,1.1930709821463135,0.8357866269824205,ok,ok
fw26_human,35.8m-g024-ai-r1,35.8m-g024-control,fit,ai,6,35782802,453694044.0,474295716.0,1.045408733644297,0.5111001612776417,1.0896742777315582,1.1084761202421067,0.8537203894338443,0.5973762208390371,ok,ok
fw26_human,35.8m-g025-control,35.8m-g025-control,fit,control,6,35782802,463994880.0,0.0,0.0,0.0,1.090188073843891,1.1055807157801802,1.69008346185462,1.2601842006244892,ok,ok
fw26_human,35.8m-g025-ai-r0.0256,35.8m-g025-control,fit,ai,6,35782802,463918960.0,11872400.0,0.02559153866011426,0.02495295416881887,1.0895715572179463,1.1043079762361585,1.6685192002190683,1.2582374552191764,ok,ok
fw26_human,35.8m-g025-ai-r0.0514,35.8m-g025-control,fit,ai,6,35782802,464017391.0,23832593.0,0.051361421925670885,0.04885229841475203,1.0884881943898734,1.1040394856210474,1.6629264161582464,1.2332646260510705,ok,ok
fw26_human,35.8m-g025-ai-r2.11,35.8m-g025-control,fit,ai,6,35782802,463986388.0,980951340.0,2.114181289301099,0.6788883153862808,1.09588868558482,1.1114669247645528,0.4855640856655591,0.36319636044852105,ok,ok
fw26_human,35.8m-g025-ai-r4.28,35.8m-g025-control,fit,ai,6,35782802,464002600.0,1985208792.0,4.278443250102478,0.8105502034182928,1.1041107147553135,1.1179778477534048,0.24532521156930773,0.19017683010403913,ok,ok
fw26_human,35.8m-g025-ai-r8.61,35.8m-g025-control,fit,ai,6,35782802,463988479.0,3995867393.0,8.611997008227439,0.8959633467276317,1.1152494093611303,1.1264316278407418,0.1098028690341111,0.08914296893866072,ok,ok
fw26_human,35.8m-g025-ai-r17.2,35.8m-g025-control,fit,ai,6,35782802,464001213.0,7995123523.0,17.2308246164003,0.9451478459674058,1.1247521978609847,1.1361487444763443,0.04852818396314577,0.038752660033722526,ok,ok
fw26_human,35.8m-g025-ai-r34.4,35.8m-g025-control,fit,ai,6,35782802,463994705.0,15953297583.0,34.38249922054606,0.9717374402026605,1.1318297091883531,1.1466170565798122,0.021789390028301162,0.016150630730767498,ok,ok
fw26_human,35.8m-g025-human-r0.025,35.8m-g025-control,fit,human,6,35782802,475529216.0,0.0,0.0,0.0,1.0889507612236264,1.1041231136636036,1.690267495668326,1.2632558680008477,ok,ok
fw26_human,35.8m-g025-human-r0.05,35.8m-g025-control,fit,human,6,35782802,487063552.0,0.0,0.0,0.0,1.0877517004647426,1.102715383353292,1.6904824740321194,1.2660583178716092,ok,ok
fw26_human,35.8m-g025-human-r2,35.8m-g025-control,fit,human,6,35782802,1391984640.0,0.0,0.0,0.0,1.0525230461643094,1.0534605469207967,1.361119504958775,1.3255244593266866,ok,ok
fw26_human,35.8m-g025-human-r4,35.8m-g025-control,fit,human,6,35782802,2319974400.0,0.0,0.0,0.0,1.0424161253843103,1.0365109241016466,1.1114742337587058,1.361781663442121,ok,ok
fw26_human,35.8m-g026-control,35.8m-g026-control,fit,control,6,35782802,675545088.0,0.0,0.0,0.0,1.0753886699095456,1.084898567555731,1.5829027679907093,1.291786167382402,ok,ok
fw26_human,35.8m-g026-ai-r0.025,35.8m-g026-control,fit,ai,6,35782802,675594024.0,17252568.0,0.025536886631785837,0.02490099280159265,1.0740280850107828,1.0844363932045167,1.591063998018156,1.2715886696443184,ok,ok
fw26_human,35.8m-g026-ai-r0.05,35.8m-g026-control,fit,ai,6,35782802,675441566.0,34444386.0,0.05099536027073584,0.04852101369657756,1.073659554573025,1.0844624482869765,1.565827495566546,1.240399137438895,ok,ok
fw26_human,35.8m-g026-ai-r0.1,35.8m-g026-control,fit,ai,6,35782802,675657678.0,68831282.0,0.10187301090656739,0.09245440254748707,1.0722133086703776,1.0845195949516553,1.542947189515124,1.1813521184729823,ok,ok
fw26_human,35.8m-g026-ai-r0.25,35.8m-g026-control,fit,ai,6,35782802,675636568.0,172923560.0,0.2559416825407828,0.20378468689964183,1.0724894003230985,1.0849476501469462,1.3451986312293178,1.027362329531009,ok,ok
fw26_human,35.8m-g026-ai-r0.5,35.8m-g026-control,fit,ai,6,35782802,675549388.0,347336500.0,0.5141541183662504,0.33956524777082464,1.074246024321181,1.0860710102499378,1.0724318051673138,0.832876592334284,ok,ok
fw26_human,35.8m-g026-ai-r1,35.8m-g026-control,fit,ai,6,35782802,675546991.0,700971153.0,1.0376349274568821,0.5092349534624079,1.0784288561461557,1.0888482794352325,0.7267068146562967,0.5851157045850355,ok,ok
fw26_human,35.8m-g026-ai-r2,35.8m-g026-control,fit,ai,6,35782802,675524321.0,1419792671.0,2.1017639585473935,0.6776028049315795,1.0879901962666867,1.0943446778292887,0.3910737002320576,0.34496915788849875,ok,ok
fw26_human,35.8m-g026-ai-r4,35.8m-g026-control,fit,ai,6,35782802,675538256.0,2873629360.0,4.253836602852585,0.8096629043512608,1.0986626566484128,1.1029617278003068,0.18749324922019509,0.1729494239895615,ok,ok
fw26_human,35.8m-g026-ai-r8,35.8m-g026-control,fit,ai,6,35782802,675537864.0,5790506040.0,8.571697233539526,0.8955253205778418,1.1095434159450437,1.1141777662032173,0.08407156881348109,0.07723527291640203,ok,ok
fw26_human,35.8m-g026-ai-r16,35.8m-g026-control,fit,ai,6,35782802,675547285.0,11596461931.0,17.166025515149542,0.944952185651944,1.1201852983217007,1.1270809140476983,0.03643870021169211,0.03199420039409684,ok,ok
fw26_human,35.8m-g026-ai-r32,35.8m-g026-control,fit,ai,6,35782802,675541977.0,23245098023.0,34.40955383147123,0.9717590341646377,1.1289203837579074,1.1410604346223632,0.01583863152055263,0.012391974144075857,ok,ok
fw26_human,35.8m-g026-human-r0.025,35.8m-g026-control,fit,human,6,35782802,692846592.0,0.0,0.0,0.0,1.074102715483697,1.0836239315112766,1.5883950220857488,1.2931730005849016,ok,ok
fw26_human,35.8m-g026-human-r0.05,35.8m-g026-control,fit,human,6,35782802,709885952.0,0.0,0.0,0.0,1.0729566599835596,1.082412482776175,1.5909582864617875,1.2944593808508535,ok,ok
fw26_human,35.8m-g026-human-r2,35.8m-g026-control,fit,human,6,35782802,2095316992.0,0.0,0.0,0.0,1.0441055420040577,1.039596675017734,1.1651568140036097,1.3526450868421922,ok,ok
fw26_human,35.8m-g026-human-r4,35.8m-g026-control,fit,human,6,35782802,3549167616.0,0.0,0.0,0.0,1.0339745184939244,1.0250097775082292,0.977620213722106,1.4174177780116928,ok,ok
fw26_human,35.8m-g027-control,35.8m-g027-control,fit,control,6,35782802,927989760.0,0.0,0.0,0.0,1.0636436672675205,1.0698691365509003,1.5188724158689162,1.306844086033044,ok,ok
fw26_human,35.8m-g027-ai-r0.05,35.8m-g027-control,fit,ai,6,35782802,927778141.0,46611107.0,0.0502394968583335,0.047836228792212616,1.0629397231108435,1.0697485413217351,1.4722675037527622,1.248132874602504,ok,ok
fw26_human,35.8m-g027-ai-r0.1,35.8m-g027-control,fit,ai,6,35782802,927339503.0,93449233.0,0.10077132775826546,0.09154610518743028,1.0626611166264224,1.0698597059147505,1.4152368665875903,1.1883023084288238,ok,ok
fw26_human,35.8m-g027-ai-r0.25,35.8m-g027-control,fit,ai,6,35782802,924374519.0,235612681.0,0.2548887665736273,0.20311662145927128,1.0648701909139993,1.0705348026138528,1.1787222334201977,1.029367193133805,ok,ok
fw26_human,35.8m-g027-ai-r0.5,35.8m-g027-control,fit,ai,6,35782802,920411699.0,471572941.0,0.5123500076241425,0.33877740274490387,1.0666151385701415,1.0721182707437902,0.9413315506925981,0.8270272068375738,ok,ok
fw26_human,35.8m-g027-ai-r1,35.8m-g027-control,fit,ai,6,35782802,912810015.0,943169505.0,1.0332593743507514,0.508178832167286,1.0730343971157152,1.0759199804771975,0.6074453855780145,0.5694004103199564,ok,ok
fw26_human,35.8m-g028-control,35.8m-g028-control,fit,control,6,35782802,1351090176.0,0.0,0.0,0.0,1.0540274344584173,1.0545711531690396,1.3441418972624288,1.3239758406078586,ok,ok
fw26_human,35.8m-g028-ai-r0.05,35.8m-g028-control,fit,ai,6,35782802,1351082174.0,68165442.0,0.05045247677140917,0.048029280607225625,1.0532903016879203,1.0545682229161173,1.306302278960314,1.2604960373608647,ok,ok
fw26_human,35.8m-g028-ai-r0.1,35.8m-g028-control,fit,ai,6,35782802,1351201851.0,136465349.0,0.10099553142190004,0.09173110020843371,1.053239290581999,1.0546846496018714,1.248015802061083,1.1986539555609546,ok,ok
fw26_human,35.8m-g028-ai-r0.25,35.8m-g028-control,fit,ai,6,35782802,1351079271.0,342108825.0,0.25321151196908565,0.20205010052232258,1.0549705053017144,1.0553854054054141,1.0448778484387706,1.0330235927659546,ok,ok
fw26_human,35.8m-g028-ai-r0.5,35.8m-g028-control,fit,ai,6,35782802,1351098028.0,688120148.0,0.5093043833530042,0.33744312212328964,1.058260202696174,1.0572231833447387,0.7937679702318808,0.8160214393002722,ok,ok
fw26_human,35.8m-g028-ai-r1,35.8m-g028-control,fit,ai,6,35782802,1351152951.0,1389824713.0,1.0286213059530964,0.5070543737929563,1.0647780145829582,1.061807793847405,0.4999714455584814,0.5385752314653064,ok,ok
fw26_human,35.8m-g029-control,35.8m-g029-control,fit,control,6,35782802,1391984640.0,0.0,0.0,0.0,1.0532784765805874,1.0534605469207967,1.3323306972815783,1.3255244593266866,ok,ok
fw26_human,35.8m-g029-ai-r0.05,35.8m-g029-control,fit,ai,6,35782802,1391411536.0,70041264.0,0.050338280363373386,0.04792577906039798,1.0522907781095983,1.0534777410543725,1.305024391197448,1.261907746236179,ok,ok
fw26_human,35.8m-g029-ai-r0.1,35.8m-g029-control,fit,ai,6,35782802,1391220454.0,139962650.0,0.10060422098998266,0.09140817295747798,1.0522433304075023,1.0536041056358445,1.2472806780880967,1.2001758222527927,ok,ok
fw26_human,35.8m-g029-ai-r0.25,35.8m-g029-control,fit,ai,6,35782802,1387769736.0,352079992.0,0.25370202481487175,0.2023622996479843,1.0546536362587358,1.0544107833556484,1.0257950826911633,1.0327242697714072,ok,ok
fw26_human,35.8m-g029-ai-r0.5,35.8m-g029-control,fit,ai,6,35782802,1382716361.0,705260599.0,0.5100544253992522,0.33777221325277457,1.0573923556459617,1.0564162035874747,0.7933604915594749,0.8144924003918318,ok,ok
fw26_human,35.8m-g029-ai-r1,35.8m-g029-control,fit,ai,6,35782802,1372343466.0,1411625814.0,1.0286242831865533,0.5070550972459007,1.0650576634202156,1.0613124147127921,0.4888749294963398,0.5370040963239979,ok,ok
fw26_human,35.8m-g030-control,35.8m-g030-control,fit,control,6,35782802,1391984640.0,0.0,0.0,0.0,1.0524999790701797,1.0534605469207967,1.3620127390552659,1.3255244593266866,ok,ok
fw26_human,35.8m-g030-ai-r2.08,35.8m-g030-control,fit,ai,6,35782802,1391967663.0,2898805329.0,2.082523470949339,0.6755904668936632,1.0743540120750328,1.0701521478220768,0.25504014315140067,0.2807754287584252,ok,ok
fw26_human,35.8m-g030-ai-r4.21,35.8m-g030-control,fit,ai,6,35782802,1391960067.0,5866545149.0,4.214592995935422,0.8082304791995344,1.0877307282759199,1.0847634724901796,0.11348354081506977,0.12056079429358305,ok,ok
fw26_human,35.8m-g030-ai-r8.51,35.8m-g030-control,fit,ai,6,35782802,1391973198.0,11840007346.0,8.505916179285515,0.8948023545401005,1.1016939119860187,1.1038653454079999,0.0475007295841939,0.04561648881933582,ok,ok
fw26_human,35.8m-g030-human-r2,35.8m-g030-control,fit,human,6,35782802,4175953920.0,0.0,0.0,0.0,1.0329937204484667,1.0211431175316386,0.8625729043462924,1.4499570070670673,ok,ok
fw26_human,35.8m-g031-control,35.8m-g031-control,fit,control,6,35782802,1391984640.0,0.0,0.0,0.0,1.053224125716473,1.0534605469207967,1.3343722990578262,1.3255244593266866,ok,ok
fw26_human,35.8m-g031-ai-r0.25,35.8m-g031-control,fit,ai,6,35782802,1388012484.0,351837244.0,0.25348276622560983,0.2022227772535537,1.0539739316565506,1.0544031281890778,1.0453606488228897,1.032943792219621,ok,ok
fw26_human,35.8m-g031-ai-r1,35.8m-g031-control,fit,ai,6,35782802,1371859102.0,1412110178.0,1.029340532086217,0.5072290804875548,1.0640358964303986,1.0613301841766045,0.501371989031705,0.5367599940594601,ok,ok
fw26_human,35.8m-g032-control,35.8m-g032-control,fit,control,6,35782802,1855979520.0,0.0,0.0,0.0,1.0471223469480577,1.0434543202725939,1.1970301422560483,1.3432079897173403,ok,ok
fw26_human,35.8m-g032-ai-r0.05,35.8m-g032-control,fit,ai,6,35782802,1855678736.0,93099760.0,0.05017019282156607,0.047773392507713716,1.0463784620198793,1.0434976274796999,1.1664047378113114,1.2774597015437597,ok,ok
fw26_human,35.8m-g032-ai-r0.1,35.8m-g032-control,fit,ai,6,35782802,1855428109.0,186149363.0,0.100326906818463,0.09117918156573389,1.0459316523767364,1.043651123705459,1.1289205687712622,1.2133789281710698,ok,ok
fw26_human,35.8m-g032-ai-r0.25,35.8m-g032-control,fit,ai,6,35782802,1851626714.0,468347686.0,0.2529385012966496,0.20187623018598827,1.0487205168960836,1.0445968202266225,0.9124356278014496,1.0359948207406298,ok,ok
fw26_human,35.8m-g032-ai-r0.5,35.8m-g032-control,fit,ai,6,35782802,1845117682.0,938851598.0,0.5088301993737004,0.33723489865520356,1.052270741799384,1.0470161348783409,0.6854680225121831,0.8006186723107074,ok,ok
fw26_human,35.8m-g032-ai-r1,35.8m-g032-control,fit,ai,6,35782802,1832078351.0,1879880689.0,1.0260918633604879,0.5064389635614083,1.0606274190742715,1.0529394534365475,0.4099027150339352,0.5044275400252372,ok,ok
fw26_human,35.8m-g033-control,35.8m-g033-control,fit,control,6,35782802,1958215680.0,0.0,0.0,0.0,1.0449233242753626,1.0417237981617606,1.214766157409677,1.3472043737285282,ok,ok
fw26_human,35.8m-g033-ai-r0.05,35.8m-g033-control,fit,ai,6,35782802,1958102719.0,98416961.0,0.05026138825355464,0.04785607546434956,1.0451843306694568,1.0417686688734218,1.1472246602890943,1.280900869776279,ok,ok
fw26_human,35.8m-g033-ai-r0.1,35.8m-g033-control,fit,ai,6,35782802,1958161157.0,197186811.0,0.10069999105798828,0.09148722801496152,1.0450764864567952,1.0419241003140856,1.0983433751411247,1.215900632700252,ok,ok
fw26_human,35.8m-g033-ai-r0.25,35.8m-g033-control,fit,ai,6,35782802,1958237840.0,494381424.0,0.25246239956225136,0.2015728373566261,1.0475125207603073,1.0428336257045,0.8951166707492862,1.037114227032726,ok,ok
fw26_human,35.8m-g033-ai-r0.5,35.8m-g033-control,fit,ai,6,35782802,1958211281.0,995365167.0,0.5083032544331462,0.33700335323096403,1.0514359957954025,1.0452419397564268,0.6617624817994452,0.7973455765803013,ok,ok
fw26_human,35.8m-g033-ai-r1,35.8m-g033-control,fit,ai,6,35782802,1958151589.0,2009397851.0,1.0261707327910046,0.5064581756037299,1.0592511774886084,1.051243301792869,0.397462188545994,0.4953870247367897,ok,ok
fw26_human,35.8m-g033-ai-r2,35.8m-g033-control,fit,ai,6,35782802,1958256567.0,4068171849.0,2.0774457839466547,0.6750552015517378,1.0707086171237379,1.0631450564653373,0.19733759909597737,0.2368210835127664,ok,ok
fw26_human,35.8m-g033-ai-r4,35.8m-g033-control,fit,ai,6,35782802,1958231028.0,8238384140.0,4.207054235277902,0.8079528357463652,1.0853964644274317,1.0819059204070502,0.08471218320666297,0.09108439753120813,ok,ok
fw26_human,35.8m-g033-ai-r8,35.8m-g033-control,fit,ai,6,35782802,1958200362.0,16649042902.0,8.502216231333737,0.8947613929577312,1.0996971204411088,1.106474988316268,0.035069973807179015,0.03090985488645484,ok,ok
fw26_human,35.8m-g033-human-r2,35.8m-g033-control,fit,human,6,35782802,6026428416.0,0.0,0.0,0.0,1.0267614236810967,1.0133639385147444,0.7718796846056574,,ok,below_range
fw26_human,35.8m-g034-control,35.8m-g034-control,fit,control,6,35782802,2319974400.0,0.0,0.0,0.0,1.0428349596704447,1.0365109241016466,1.0963637339369408,1.361781663442121,ok,ok
fw26_human,35.8m-g034-ai-r0.05,35.8m-g034-control,fit,ai,6,35782802,2319483849.0,116358199.0,0.05016555689756821,0.04776918893223737,1.042142907789422,1.0365732544241515,1.0681497507410793,1.2940891752165533,ok,ok
fw26_human,35.8m-g034-ai-r0.1,35.8m-g034-control,fit,ai,6,35782802,2319309982.0,232661858.0,0.1003151194991925,0.0911694456628487,1.0417144751501881,1.0367509968603348,1.0340756939516664,1.2273155959659139,ok,ok
fw26_human,35.8m-g034-ai-r0.25,35.8m-g034-control,fit,ai,6,35782802,2315039033.0,584797895.0,0.25260822243769054,0.20166578656660242,1.0441966289644373,1.0378377890162964,0.8394546559613529,1.0390526448002224,ok,ok
fw26_human,35.8m-g034-ai-r0.5,35.8m-g034-control,fit,ai,6,35782802,2307680041.0,1172281559.0,0.507991375828691,0.3368662340986751,1.0476106723354484,1.0406397912515293,0.6289840187084234,0.7860610038988637,ok,ok
fw26_human,35.8m-g034-ai-r1,35.8m-g034-control,fit,ai,6,35782802,2291849548.0,2348099252.0,1.0245433667533224,0.5060614574022886,1.0574920523412616,1.0475396158648669,0.35606113453283783,0.472757825379567,ok,ok
fw26_human,35.8m-g035-control,35.8m-g035-control,fit,control,6,35782802,2610954240.0,0.0,0.0,0.0,1.0390051157824736,1.0330982761871983,1.1078640862260682,1.3740581380662584,ok,ok
fw26_human,35.8m-g035-ai-r0.05,35.8m-g035-control,fit,ai,6,35782802,2611016413.0,131009827.0,0.05017579604161607,0.04777847311920691,1.0397483004187105,1.03316195839878,1.0282692319975608,1.3051797290271863,ok,ok
fw26_human,35.8m-g035-ai-r0.1,35.8m-g035-control,fit,ai,6,35782802,2611035893.0,262062347.0,0.100367194377745,0.09121245606972353,1.0412286499169756,1.033353407484579,0.9334653538221608,1.2365312591579052,ok,ok
fw26_human,35.8m-g035-ai-r0.25,35.8m-g035-control,fit,ai,6,35782802,2611009993.0,657663543.0,0.2518808984887711,0.20120196641136817,1.042314970638897,1.0344741290644632,0.7915029711522696,1.0417379653466772,ok,ok
fw26_human,35.8m-g035-ai-r0.5,35.8m-g035-control,fit,ai,6,35782802,2610934243.0,1324633629.0,0.5073408618203947,0.3365800494572185,1.0462223344814519,1.0374402341496016,0.5803668947961294,0.776462689214824,ok,ok
fw26_human,35.8m-g035-ai-r1,35.8m-g035-control,fit,ai,6,35782802,2610972050.0,2672540270.0,1.0235805741390454,0.5058264480397767,1.0544220794419148,1.044822038231302,0.339967346527294,0.4516689918591726,ok,ok
fw26_human,35.8m-g036-control,35.8m-g036-control,fit,control,6,35782802,3131047936.0,0.0,0.0,0.0,1.036379224248571,1.0281823545405915,1.0138402635370598,1.397348108585512,ok,ok
fw26_human,35.8m-g036-ai-r0.05,35.8m-g036-control,fit,ai,6,35782802,3131010370.0,156799678.0,0.05007957798619492,0.04769122172839104,1.0367542665306835,1.0282589409700484,0.9525205001146569,1.326406166942203,ok,ok
fw26_human,35.8m-g036-ai-r0.1,35.8m-g036-control,fit,ai,6,35782802,3131034459.0,314061989.0,0.10030614262236709,0.09116203094468489,1.0381109335261478,1.0284776063069412,0.8662254823263295,1.2541972688145506,ok,ok
fw26_human,35.8m-g036-ai-r0.25,35.8m-g036-control,fit,ai,6,35782802,3131020379.0,788556709.0,0.2518529468185234,0.20118413065894522,1.0388248168529617,1.0297575293200465,0.7426116761911513,1.045181476943852,ok,ok
fw26_human,35.8m-g036-ai-r0.5,35.8m-g036-control,fit,ai,6,35782802,3131109608.0,1586958104.0,0.5068356917130319,0.3363576364035023,1.0435113334702129,1.0331366543166645,0.5274163297969634,0.7592761609065374,ok,ok
fw26_human,35.8m-g036-ai-r1,35.8m-g036-control,fit,ai,6,35782802,3131012430.0,3202910898.0,1.0229633288297102,0.5056756661137783,1.0521863955531938,1.041566519854198,0.30201217316660844,0.4186853591732352,ok,ok
fw26_human,86.2m-g037-control,86.2m-g037-control,fit,control,9,86180184,325582848.0,0.0,0.0,0.0,1.060092023620013,1.045097966604402,,,above_range,above_range
fw26_human,86.2m-g037-ai-r0.05,86.2m-g037-control,fit,ai,9,86180184,325232169.0,16603607.0,0.051051552037584574,0.04857188207240192,1.055861260978573,1.0397744248497762,,,above_range,above_range
fw26_human,86.2m-g037-ai-r0.1,86.2m-g037-control,fit,ai,9,86180184,325477939.0,33135053.0,0.10180429771002084,0.09239780414871306,1.053005424667558,1.0352977861432522,,0.9509813489143553,above_range,ok
fw26_human,86.2m-g037-ai-r0.25,86.2m-g037-control,fit,ai,9,86180184,323814606.0,83557170.0,0.25804015153041,0.20511281076085153,1.0473692900370932,1.0258329725608926,,0.9957832752946256,above_range,ok
fw26_human,86.2m-g037-ai-r0.5,86.2m-g037-control,fit,ai,9,86180184,321752956.0,166883460.0,0.518669547203787,0.3415289047961583,1.0407366277842034,1.0169089584803048,,1.0035612203517181,above_range,ok
fw26_human,86.2m-g037-ai-r1,86.2m-g037-control,fit,ai,9,86180184,318248424.0,333441560.0,1.047739862491825,0.5116567205059269,1.0329494868749258,1.0092321128159054,0.5452123272435765,0.9131307525713931,ok,ok
fw26_human,86.2m-g038-control,86.2m-g038-control,fit,control,9,86180184,325582848.0,0.0,0.0,0.0,1.0601805835588864,1.045097966604402,,,above_range,above_range
fw26_human,86.2m-g038-ai-r2.12,86.2m-g038-control,fit,ai,9,86180184,325556008.0,691562712.0,2.1242511119622773,0.6799232954831468,1.0241990166591342,1.0061795674709206,0.4119979509747625,0.6376874587173712,ok,ok
fw26_human,86.2m-g038-ai-r4.3,86.2m-g038-control,fit,ai,9,86180184,325563169.0,1399868639.0,4.299837242952995,0.8113149604113477,1.0217493282797794,1.007361560508254,0.25543121373164657,0.36336942600746,ok,ok
fw26_human,86.2m-g038-ai-r8.66,86.2m-g038-control,fit,ai,9,86180184,325568463.0,2820683825.0,8.663873026915386,0.8965218192318085,1.0228652674948633,1.0098644090828466,0.136861858922422,0.1859126400178208,ok,ok
fw26_human,86.2m-g038-ai-r17.3,86.2m-g038-control,fit,ai,9,86180184,325578296.0,5645537736.0,17.340030970614823,0.9454744650321342,1.025594267874783,1.0127623448832206,0.06825560551113397,0.09080108739394908,ok,ok
fw26_human,86.2m-g038-ai-r34.5,86.2m-g038-control,fit,ai,9,86180184,325574334.0,11225014594.0,34.47757830320863,0.9718131832039517,1.0281391223217866,1.0158631272085503,0.03359298575472643,0.043506761141970024,ok,ok
fw26_human,86.2m-g038-human-r4,86.2m-g038-control,fit,human,9,86180184,1630011392.0,0.0,0.0,0.0,0.964219278063401,0.9644747350565847,1.309641885267245,1.2995000163082546,ok,ok
fw26_human,86.2m-g039-control,86.2m-g039-control,fit,control,9,86180184,406847488.0,0.0,0.0,0.0,1.0415326679187076,1.0303126792032784,,0.9158500642514047,above_range,ok
fw26_human,86.2m-g039-ai-r0.025,86.2m-g039-control,fit,ai,9,86180184,406948626.0,10384622.0,0.025518262838415382,0.02488328464067162,1.0391529253950211,1.0277745510999625,,0.9362163448772616,above_range,ok
fw26_human,86.2m-g039-ai-r0.05,86.2m-g039-control,fit,ai,9,86180184,406840144.0,20978864.0,0.05156537354878136,0.04903677398083257,1.0379233334001212,1.0255503464690907,0.7624506856849552,0.9534756655971288,ok,ok
fw26_human,86.2m-g039-ai-r0.1,86.2m-g039-control,fit,ai,9,86180184,406878913.0,41911615.0,0.10300758692795663,0.09338792239394143,1.03535392271243,1.0219063975662575,0.7591627080903262,0.9788018584130842,ok,ok
fw26_human,86.2m-g039-ai-r0.25,86.2m-g039-control,fit,ai,9,86180184,406764310.0,104940778.0,0.25798914855632243,0.20508058344731567,1.0301464540689222,1.0150173073217645,0.730403579873074,1.0021117273075426,ok,ok
fw26_human,86.2m-g039-ai-r0.5,86.2m-g039-control,fit,ai,9,86180184,406902129.0,211233423.0,0.5191258731408603,0.3417267010715475,1.0241704855464604,1.0100087130609596,0.6783171356870881,0.9426003309465159,ok,ok
fw26_human,86.2m-g039-ai-r1,86.2m-g039-control,fit,ai,9,86180184,406742232.0,425302824.0,1.0456323207667306,0.5111535979128515,1.0204624576282753,1.0078296767942707,0.5444100317425584,0.7436152804468926,ok,ok
fw26_human,86.2m-g039-ai-r2,86.2m-g039-control,fit,ai,9,86180184,406936840.0,861840120.0,2.117871952807222,0.6792684192499838,1.0141380056754468,1.008826409014862,0.41290218719202065,0.47428012441505424,ok,ok
fw26_human,86.2m-g039-ai-r4,86.2m-g039-control,fit,ai,9,86180184,406833178.0,1743271910.0,4.284979702417486,0.8107845145474117,1.0141991960160606,1.011375900594149,0.243287593409289,0.2613303514285851,ok,ok
fw26_human,86.2m-g039-ai-r8,86.2m-g039-control,fit,ai,9,86180184,406842277.0,3512210523.0,8.632855338679564,0.8961886206279231,1.0175008327039994,1.0147196051580862,0.12343417236392842,0.13178989151060258,ok,ok
fw26_human,86.2m-g039-ai-r16,86.2m-g039-control,fit,ai,9,86180184,406861055.0,7029115649.0,17.276452397244068,0.9452847862230204,1.0211695052101635,1.0185601914046905,0.06000130823351257,0.06351464275581037,ok,ok
fw26_human,86.2m-g039-ai-r32,86.2m-g039-control,fit,ai,9,86180184,406846664.0,14013170488.0,34.44337075355742,0.9717859791904914,1.0247891878793314,1.0226884456039596,0.028718405549522756,0.029970673108402294,ok,ok
fw26_human,86.2m-g039-human-r0.025,86.2m-g039-control,fit,human,9,86180184,417333248.0,0.0,0.0,0.0,1.0394091608481373,1.028713554619728,,0.9197408302602091,above_range,ok
fw26_human,86.2m-g039-human-r0.05,86.2m-g039-control,fit,human,9,86180184,427819008.0,0.0,0.0,0.0,1.0374627345981793,1.0271710716590445,0.768351634186818,0.9238728301066985,ok,ok
fw26_human,86.2m-g039-human-r4,86.2m-g039-control,fit,human,9,86180184,2150105088.0,0.0,0.0,0.0,0.9547681763330249,0.955461160179815,1.3474112803256149,1.315829201246599,ok,ok
fw26_human,86.2m-g040-control,86.2m-g040-control,fit,control,9,86180184,1303904256.0,0.0,0.0,0.0,0.9729251330900791,0.9725736201280297,1.2697423001317265,1.282363864966964,ok,ok
fw26_human,86.2m-g040-ai-r0.05,86.2m-g040-control,fit,ai,9,86180184,1303257877.0,65658091.0,0.05037996866064597,0.0479635657226843,0.9708925283913913,0.971949784071932,1.2811114124236134,1.2431745105325125,ok,ok
fw26_human,86.2m-g040-ai-r0.1,86.2m-g040-control,fit,ai,9,86180184,1302983105.0,131468863.0,0.10089836352866602,0.09165093424724556,0.970588346449201,0.9720113510572138,1.2332602689750602,1.184311800930991,ok,ok
fw26_human,86.2m-g040-ai-r0.25,86.2m-g040-control,fit,ai,9,86180184,1300606171.0,329405221.0,0.25327053518954895,0.2020876802559181,0.9694574558145895,0.9724248864440419,1.1211907038463111,1.0301189187541078,ok,ok
fw26_human,86.2m-g040-ai-r0.5,86.2m-g040-control,fit,ai,9,86180184,1295254150.0,660864378.0,0.5102198499035884,0.337844751501684,0.9705711374277665,0.9734892651071448,0.9048145183915506,0.8330963797677167,ok,ok
fw26_human,86.2m-g040-ai-r1,86.2m-g040-control,fit,ai,9,86180184,1285225852.0,1323106948.0,1.029474271732903,0.5072615534336723,0.9722301949614174,0.9760281566311982,0.6472943855592285,0.5822730054419404,ok,ok
fw26_human,86.2m-g040-ai-r2.08,86.2m-g040-control,fit,ai,9,86180184,1268565265.0,2643671791.0,2.0839856363243556,0.6757442744798745,0.9792278849485004,0.9809133073459291,0.35572195299310727,0.3398713077307839,ok,ok
fw26_human,86.2m-g040-ai-r4.22,86.2m-g040-control,fit,ai,9,86180184,1249424338.0,5271145518.0,4.218859323996937,0.808387247496425,0.9866509767909016,0.9882955151961045,0.1747343194736444,0.16712296139560734,ok,ok
fw26_human,86.2m-g041-control,86.2m-g041-control,fit,control,9,86180184,1303904256.0,0.0,0.0,0.0,0.9725227739492776,0.9725736201280297,1.28420269951648,1.282363864966964,ok,ok
fw26_human,86.2m-g041-ai-r2.08,86.2m-g041-control,fit,ai,9,86180184,1303915408.0,2717373552.0,2.0840106155107265,0.6757469008146084,0.9777577636929248,0.9800925541370691,0.3601946727028023,0.3380661611746084,ok,ok
fw26_human,86.2m-g041-ai-r4.22,86.2m-g041-control,fit,ai,9,86180184,1303899561.0,5500834391.0,4.218756225963634,0.808383462131276,0.9862802315399452,0.9872433211514879,0.16912096919600964,0.16477838892173438,ok,ok
fw26_human,86.2m-g041-ai-r8,86.2m-g041-control,fit,ai,9,86180184,1303911820.0,11093402228.0,8.507785616975234,0.8948230386879363,0.9962884019516582,0.9965750975730022,0.07023896234372179,0.06965246075282744,ok,ok
fw26_human,86.2m-g041-human-r2,86.2m-g041-control,fit,human,9,86180184,3912237056.0,0.0,0.0,0.0,0.9386582388451598,0.9393207989825354,1.3987983084709323,1.3571998568662853,ok,ok
fw26_human,86.2m-g042-control,86.2m-g042-control,fit,control,9,86180184,1303904256.0,0.0,0.0,0.0,0.9727064696056698,0.9725736201280297,1.2775751361957735,1.282363864966964,ok,ok
fw26_human,86.2m-g042-ai-r1,86.2m-g042-control,fit,ai,9,86180184,1285432391.0,1322900409.0,1.0291481825589068,0.5071823691363311,0.9721368297510908,0.9760213453280993,0.6490045330586689,0.5823822222598148,ok,ok
fw26_human,86.2m-g043-control,86.2m-g043-control,fit,control,9,86180184,1303904256.0,0.0,0.0,0.0,0.972998036590824,0.9725736201280297,1.2671442846726584,1.282363864966964,ok,ok
fw26_human,86.2m-g043-ai-r1,86.2m-g043-control,fit,ai,9,86180184,1285225852.0,1323106948.0,1.029474271732903,0.5072615534336723,0.9717844035402696,0.9760281566311982,0.6555120169768389,0.5822730054419404,ok,ok
fw26_human,86.2m-g044-control,86.2m-g044-control,fit,control,9,86180184,1626865664.0,0.0,0.0,0.0,0.9640132867534864,0.9645415015435359,1.3204469797924725,1.2993746064082887,ok,ok
fw26_human,86.2m-g044-ai-r0.025,86.2m-g044-control,fit,ai,9,86180184,1626798155.0,40961973.0,0.025179505443931365,0.024561069851886996,0.9633373204415335,0.9642320331539347,1.3150441203027827,1.2795015152989626,ok,ok
fw26_human,86.2m-g044-ai-r0.05,86.2m-g044-control,fit,ai,9,86180184,1626868982.0,81785610.0,0.05027178642219635,0.04786550212250271,0.9627349860334531,0.9642459562319563,1.307672688072018,1.2483485990076313,ok,ok
fw26_human,86.2m-g044-ai-r0.1,86.2m-g044-control,fit,ai,9,86180184,1626995880.0,163971928.0,0.10078201796061094,0.09155492760258481,0.9624207514812949,0.9643137172244425,1.259804051116275,1.1885190434723532,ok,ok
fw26_human,86.2m-g044-ai-r0.25,86.2m-g044-control,fit,ai,9,86180184,1626862155.0,411045301.0,0.2526614192460578,0.2016996894485085,0.962387403902448,0.9647262547198674,1.1082989708766375,1.031495848975171,ok,ok
fw26_human,86.2m-g044-ai-r0.5,86.2m-g044-control,fit,ai,9,86180184,1626742133.0,827449995.0,0.5086546774773921,0.3371577903618799,0.9636300521751315,0.9658116218481931,0.8856433490343976,0.8289743169318946,ok,ok
fw26_human,86.2m-g044-ai-r1,86.2m-g044-control,fit,ai,9,86180184,1626772908.0,1670998612.0,1.0271861571965644,0.5067053923735747,0.9667623814073937,0.9685110261697163,0.5996809618443794,0.5696192880374003,ok,ok
fw26_human,86.2m-g044-ai-r2,86.2m-g044-control,fit,ai,9,86180184,1626867106.0,3384801886.0,2.0805644625283857,0.6753841667123414,0.9736360908633472,0.9738670602763027,0.3238353928040308,0.32175260763695634,ok,ok
fw26_human,86.2m-g044-ai-r4,86.2m-g044-control,fit,ai,9,86180184,1626854154.0,6853504246.0,4.212734269478959,0.8081620991395836,0.9829402671152999,0.9823014874346294,0.1484640488190557,0.1510370811483652,ok,ok
fw26_human,86.2m-g044-ai-r8,86.2m-g044-control,fit,ai,9,86180184,1626845231.0,13839650769.0,8.507048184597714,0.8948148804357496,0.9940693427199778,0.9933324910032602,0.060023775990362606,0.06129299116844805,ok,ok
fw26_human,86.2m-g044-human-r0.025,86.2m-g044-control,fit,human,9,86180184,1667760128.0,0.0,0.0,0.0,0.963287461645478,0.963687696719116,1.3170643193052607,1.3009664613886123,ok,ok
fw26_human,86.2m-g044-human-r0.05,86.2m-g044-control,fit,human,9,86180184,1708654592.0,0.0,0.0,0.0,0.9627266128802866,0.9628634182458925,1.3080121062011678,1.3024816404293267,ok,ok
fw26_human,86.2m-g044-human-r2,86.2m-g044-control,fit,human,9,86180184,5011668992.0,0.0,0.0,0.0,0.9337233263129624,0.9337786738593211,1.388047196979705,1.3840907889713765,ok,ok
fw26_human,86.2m-g045-control,86.2m-g045-control,fit,control,9,86180184,2608332800.0,0.0,0.0,0.0,0.9486394605800927,0.9497860344343545,1.3854199451016904,1.3271021994812833,ok,ok
fw26_human,86.2m-g045-ai-r0.05,86.2m-g045-control,fit,ai,9,86180184,2607699478.0,130656746.0,0.05010421910281181,0.04771356803577065,0.948028515939549,0.9497621105351395,1.35068664149557,1.265212626438474,ok,ok
fw26_human,86.2m-g045-ai-r0.1,86.2m-g045-control,fit,ai,9,86180184,2607447056.0,261456880.0,0.10027313091491588,0.09113476290340312,0.9473540226040029,0.9498634984522523,1.3231313711060937,1.2031015164051808,ok,ok
fw26_human,86.2m-g045-ai-r0.25,86.2m-g045-control,fit,ai,9,86180184,2602877869.0,657144915.0,0.2524685936388051,0.20157678597377557,0.9490688017330638,0.9504924398251948,1.0906569937834212,1.0344615838054179,ok,ok
fw26_human,86.2m-g045-ai-r0.5,86.2m-g045-control,fit,ai,9,86180184,2595252470.0,1316984586.0,0.5074591398038434,0.33663210259209814,0.9505337418233591,0.9520946956828726,0.8606989527588492,0.8133486316488688,ok,ok
fw26_human,86.2m-g045-ai-r1,86.2m-g045-control,fit,ai,9,86180184,2577902399.0,2638763201.0,1.0236086525322328,0.5058333048988227,0.9567123653803441,0.9560459047304628,0.5199036670452838,0.531683774905154,ok,ok
fw26_human,86.2m-g046-control,86.2m-g046-control,fit,control,9,86180184,3254255616.0,0.0,0.0,0.0,0.9437339421491107,0.9438464500286146,1.3482143366927615,1.3419617926263339,ok,ok
fw26_human,86.2m-g046-ai-r0.05,86.2m-g046-control,fit,ai,9,86180184,3254379963.0,162929221.0,0.05006459689783924,0.047677635305240204,0.9428318909995703,0.9438557432971183,1.3331267114165535,1.2774413795365112,ok,ok
fw26_human,86.2m-g046-ai-r0.1,86.2m-g046-control,fit,ai,9,86180184,3254119469.0,326243283.0,0.10025547190504824,0.0911201756910692,0.9424201867551172,0.9439739056138116,1.2947467350566377,1.213341368591227,ok,ok
fw26_human,86.2m-g046-ai-r0.25,86.2m-g046-control,fit,ai,9,86180184,3254283893.0,819433867.0,0.25180159259080354,0.2011513598330386,0.9439486613604361,0.9446522869998396,1.067506666221897,1.0372095003466775,ok,ok
fw26_human,86.2m-g046-ai-r0.5,86.2m-g046-control,fit,ai,9,86180184,3254383451.0,1649282213.0,0.5067879178445343,0.33633659511253333,0.9463683705278664,0.946446741408825,0.8044791398742827,0.8020009877766262,ok,ok
fw26_human,86.2m-g046-ai-r1,86.2m-g046-control,fit,ai,9,86180184,3254252614.0,3328707514.0,1.0228792625623746,0.5056551231172822,0.9517812406439194,0.9509246977209942,0.488840384163478,0.5042466210441052,ok,ok
fw26_human,86.2m-g047-control,86.2m-g047-control,fit,control,9,86180184,3912237056.0,0.0,0.0,0.0,0.9387866492514585,0.9393207989825354,1.3905902209051664,1.3571998568662853,ok,ok
fw26_human,86.2m-g047-ai-r0.05,86.2m-g047-control,fit,ai,9,86180184,3912037492.0,195758988.0,0.050040161527163604,0.04765547391481284,0.9380065829875934,0.93935286653172,1.372949572161967,1.290714655863902,ok,ok
fw26_human,86.2m-g047-ai-r0.1,86.2m-g047-control,fit,ai,9,86180184,3911510493.0,391845411.0,0.10017751753478422,0.09105577594355534,0.9383529881803478,0.9394887113109601,1.2896679977812766,1.224527991684067,ok,ok
fw26_human,86.2m-g047-ai-r0.25,86.2m-g047-control,fit,ai,9,86180184,3907130198.0,983428266.0,0.25170092015449136,0.20108710962953125,0.9397403117926943,0.9402917024380708,1.065382253493289,1.0395178173858362,ok,ok
fw26_human,86.2m-g047-ai-r0.5,86.2m-g047-control,fit,ai,9,86180184,3895919307.0,1972436277.0,0.5062826310226759,0.33611396732294535,0.9426546208638013,0.9424018234352405,0.782141403746512,0.7905582841692138,ok,ok
fw26_human,86.2m-g047-ai-r1,86.2m-g047-control,fit,ai,9,86180184,3869836064.0,3955162336.0,1.0220490663141435,0.50545215907009,0.9487669159523725,0.947625254994387,0.4595854414002593,0.48004851069717935,ok,ok
fw26_human,86.2m-g047-ai-r2.07,86.2m-g047-control,fit,ai,9,86180184,3823103376.0,7914132080.0,2.0700805868033636,0.674275651167443,0.9590244855747332,0.9578509754662669,0.2141257875419205,0.2225005418370118,ok,ok
fw26_human,86.2m-g047-ai-r4.2,86.2m-g047-control,fit,ai,9,86180184,3762827625.0,15799406231.0,4.198812118320196,0.8076483671190808,0.9711272224663555,0.9736647615462819,0.08905074768982148,0.08289725549041294,ok,ok
fw26_human,86.2m-g048-control,86.2m-g048-control,fit,control,9,86180184,3912237056.0,0.0,0.0,0.0,0.9383917443016805,0.9393207989825354,1.4160631724467685,1.3571998568662853,ok,ok
fw26_human,86.2m-g048-ai-r0.25,86.2m-g048-control,fit,ai,9,86180184,3906974806.0,983583658.0,0.2517507040202808,0.2011188835058981,0.9389187133656585,0.940292938585515,1.1057188591084808,1.0394608770251264,ok,ok
fw26_human,86.2m-g048-ai-r1,86.2m-g048-control,fit,ai,9,86180184,3869780602.0,3955217798.0,1.0220780464804242,0.5054592468670664,0.9492259450057711,0.9476258034312046,0.45171248049097074,0.4800383662601508,ok,ok
fw26_human,86.2m-g049-control,86.2m-g049-control,fit,control,9,86180184,4715970560.0,0.0,0.0,0.0,0.9354321700013734,0.9350847786595452,1.3530978154926079,1.376642901920485,ok,ok
fw26_human,86.2m-g049-ai-r0.05,86.2m-g049-control,fit,ai,9,86180184,4715924924.0,235975236.0,0.05003795433618739,0.04765347207646448,0.9346914225801096,0.9351308532725985,1.337154501258887,1.3080464176419542,ok,ok
fw26_human,86.2m-g049-ai-r0.1,86.2m-g049-control,fit,ai,9,86180184,4716098026.0,472256022.0,0.10013702416625722,0.09102231991705435,0.9343130776067669,0.9352820672135249,1.3008816371911973,1.2390821515760004,ok,ok
fw26_human,86.2m-g049-ai-r0.25,86.2m-g049-control,fit,ai,9,86180184,4715867425.0,1186566879.0,0.25161158532780425,0.201030086551896,0.9363723909176792,0.9361741296753961,1.0325334720325803,1.0425019674068228,ok,ok
fw26_human,86.2m-g049-ai-r0.5,86.2m-g049-control,fit,ai,9,86180184,4716015950.0,2386513586.0,0.5060444263340543,0.3360089632719832,0.9393638204162446,0.9385231341522599,0.7461241146348314,0.7752900153119336,ok,ok
fw26_human,86.2m-g049-ai-r1,86.2m-g049-control,fit,ai,9,86180184,4715916792.0,4817736200.0,1.0215905861979424,0.5053399996877084,0.9457468891678987,0.9443918608882029,0.4241003596571364,0.4479265483290836,ok,ok
fw26_human,86.2m-g049-ai-r2,86.2m-g049-control,fit,ai,9,86180184,4715903433.0,9760212535.0,2.069637912155272,0.6742286782293896,0.9556878773272042,0.9560652933806577,0.193936397424137,0.19147407945747527,ok,ok
fw26_human,86.2m-g049-ai-r4,86.2m-g049-control,fit,ai,9,86180184,4715968696.0,19806553928.0,4.199890882396986,0.8076882721933135,0.9688848359254935,0.9745345020302276,0.07577286335492386,0.06454555743597289,ok,ok
fw26_human,86.2m-g050-control,86.2m-g050-control,fit,control,9,86180184,5216665600.0,0.0,0.0,0.0,0.9327244002839272,0.9329363809239782,1.4050029804094837,1.389356235031883,ok,ok
fw26_human,86.2m-g050-ai-r0.05,86.2m-g050-control,fit,ai,9,86180184,5216204633.0,261032103.0,0.05004253501647469,0.04765762657004132,0.9324906062644673,0.9329909380724284,1.3548926188088768,1.3194647044325059,ok,ok
fw26_human,86.2m-g050-ai-r0.1,86.2m-g050-control,fit,ai,9,86180184,5216159127.0,522173033.0,0.10010680661506591,0.090997352268991,0.9324200745517757,0.9331546357156397,1.2981213769927136,1.248653119523663,ok,ok
fw26_human,86.2m-g050-ai-r0.25,86.2m-g050-control,fit,ai,9,86180184,5210440397.0,1310129459.0,0.2514431332434643,0.20092254019707567,0.9346207398630811,0.9341345646516099,1.0190961325067929,1.0445570078925215,ok,ok
fw26_human,86.2m-g050-ai-r0.5,86.2m-g050-control,fit,ai,9,86180184,5196734044.0,2628264356.0,0.5057531006487659,0.33588049756022953,0.9376191309849817,0.9367080079403147,0.733920423501352,0.7663579533072871,ok,ok
fw26_human,86.2m-g050-ai-r1,86.2m-g050-control,fit,ai,9,86180184,5161724880.0,5271606320.0,1.0212877366683673,0.5052658847828008,0.9440354517872033,0.9430999213644076,0.4153241521192778,0.4317637129078259,ok,ok
fw26_human,86.2m-g051-control,86.2m-g051-control,fit,control,9,86180184,6288310272.0,0.0,0.0,0.0,0.9296954172257504,0.9291990119195229,1.377983525933661,1.4183490064128998,ok,ok
fw26_human,86.2m-g051-ai-r0.05,86.2m-g051-control,fit,ai,9,86180184,6288142059.0,314216725.0,0.04996972429245177,0.047591585867987875,0.9288961734110964,0.9292637826278135,1.3751874508210724,1.3457706788801704,ok,ok
fw26_human,86.2m-g051-ai-r0.1,86.2m-g051-control,fit,ai,9,86180184,6288216839.0,629239033.0,0.10006637002359899,0.09096393885893661,0.9301350184641706,0.9294510504611317,1.2214702737263723,1.270517252360408,ok,ok
fw26_human,86.2m-g051-ai-r0.25,86.2m-g051-control,fit,ai,9,86180184,6288381385.0,1581181495.0,0.25144491057296137,0.20092367506440206,0.9315738654030805,0.93054933981248,0.9908517748733706,1.0487913059323093,ok,ok
fw26_human,86.2m-g051-ai-r0.5,86.2m-g051-control,fit,ai,9,86180184,6288366448.0,3179750544.0,0.5056560507874525,0.33583769050242,0.934943040584301,0.9334466345721115,0.6905640899291935,0.7453270562650608,ok,ok
fw26_human,86.2m-g051-ai-r1,86.2m-g051-control,fit,ai,9,86180184,6288366599.0,6421423097.0,1.0211591509345461,0.5052344098990825,0.9420456442550689,0.940690112026678,0.37059648433478143,0.39302162843098987,ok,ok
fw26_human,86.2m-g052-control,86.2m-g052-control,fit,control,9,86180184,6520569856.0,0.0,0.0,0.0,0.9285336144858648,0.9285080424095216,1.42279828509247,1.4249778763891627,ok,ok
fw26_human,86.2m-g052-ai-r0.05,86.2m-g052-control,fit,ai,9,86180184,6520688995.0,325987997.0,0.04999287609790382,0.0476125859860047,0.9285014236947722,0.9285742425928522,1.3576442561299475,1.3517424656775736,ok,ok
fw26_human,86.2m-g052-ai-r0.1,86.2m-g052-control,fit,ai,9,86180184,6519990305.0,652793823.0,0.10012190087144615,0.09100982426777977,0.9283126232459685,0.9287690022494651,1.3107022960886403,1.275401699443832,ok,ok
fw26_human,86.2m-g052-ai-r0.25,86.2m-g052-control,fit,ai,9,86180184,6512978789.0,1637602459.0,0.2514367867688752,0.20091848779519092,0.9308626173134019,0.9299161577599744,0.9950104819626543,1.0497205700426648,ok,ok
fw26_human,86.2m-g052-ai-r0.5,86.2m-g052-control,fit,ai,9,86180184,6495718377.0,3285398551.0,0.5057790932921167,0.33589196154020257,0.9341767216856133,0.9329322361552581,0.6948558912151634,0.7411617469521864,ok,ok
fw26_human,86.2m-g052-ai-r1,86.2m-g052-control,fit,ai,9,86180184,6451827283.0,6589836717.0,1.0213907514796068,0.5052910975930679,0.9412484192216244,0.9404217937343068,0.3737896742153308,0.3875762693469587,ok,ok
fw26_human,86.2m-g053-control,86.2m-g053-control,fit,control,9,86180184,7540834304.0,0.0,0.0,0.0,0.925529533958387,0.925845446466125,1.4863169382029544,1.455686451588038,ok,ok
fw26_human,86.2m-g053-ai-r0.05,86.2m-g053-control,fit,ai,9,86180184,7540691136.0,376581952.0,0.04993997833993767,0.04756460309178614,0.9256253348910576,0.9259211820832705,1.4067005580248269,1.3796183288089787,ok,ok
fw26_human,86.2m-g053-ai-r0.1,86.2m-g053-control,fit,ai,9,86180184,7540693279.0,754591457.0,0.10006924152470889,0.09096631170780826,0.9265349544177677,0.9261354411134662,1.2655265369817819,1.2985092192576502,ok,ok
fw26_human,86.2m-g053-ai-r0.25,86.2m-g053-control,fit,ai,9,86180184,7540636584.0,1894974552.0,0.25130166808739024,0.20083220097636714,0.9285080571884196,0.9273890497598756,0.9847437997442502,1.054284412933259,ok,ok
fw26_human,86.2m-g053-ai-r0.5,86.2m-g053-control,fit,ai,9,86180184,7540871733.0,3813109195.0,0.5056589383841732,0.33583896425230986,0.932496855654826,0.9306993649432067,0.6533915999934503,0.7208288122305615,ok,ok
fw26_human,86.2m-g053-ai-r1,86.2m-g053-control,fit,ai,9,86180184,7540772160.0,7696609984.0,1.0206660300422072,0.5051136679032942,0.9399520514670456,0.9389648448148497,0.3387194016478601,0.35414326977110094,ok,ok
fw26_human,135m-g054-control,135m-g054-control,fit,control,12,135266786,550502400.0,0.0,0.0,0.0,0.994959281431033,0.9772753169155829,,,above_range,above_range
fw26_human,135m-g054-ai-r0.0025,135m-g054-control,fit,ai,12,135266786,550144948.0,1406028.0,0.0025557410008243864,0.0025492258398251842,0.994981127554346,0.977074988616463,,,above_range,above_range
fw26_human,135m-g054-ai-r0.005,135m-g054-control,fit,ai,12,135266786,550334542.0,2789298.0,0.005068368032766513,0.005042809219721934,0.9938085836048144,0.9768262809267476,,,above_range,above_range
fw26_human,135m-g054-ai-r0.01,135m-g054-control,fit,ai,12,135266786,550153635.0,5591645.0,0.010163788157102697,0.010061524948983823,0.9945139074485632,0.9763865254159456,,,above_range,above_range
fw26_human,135m-g054-ai-r0.025,135m-g054-control,fit,ai,12,135266786,550015276.0,14118612.0,0.02566949067792801,0.02502705882473063,0.9939099687126919,0.9750686039107976,,0.91728544574659,above_range,ok
fw26_human,135m-g054-ai-r0.05,135m-g054-control,fit,ai,12,135266786,549643924.0,28121452.0,0.051163036235073525,0.0486727885888406,0.9924305580782947,0.9730991327015268,,0.9330130407916645,above_range,ok
fw26_human,135m-g054-ai-r0.1,135m-g054-control,fit,ai,12,135266786,549253436.0,56299204.0,0.10250132326891806,0.09297161019725717,0.9901635120565474,0.9696777536828997,,0.9585354906787906,above_range,ok
fw26_human,135m-g054-ai-r0.25,135m-g054-control,fit,ai,12,135266786,547236621.0,140629235.0,0.2569806727170768,0.20444281944414464,0.9844107451092925,0.962628258406163,,0.9973781333606903,above_range,ok
fw26_human,135m-g054-ai-r0.5,135m-g054-control,fit,ai,12,135266786,544441802.0,281311798.0,0.5166976469598857,0.34067280845036585,0.9788899203260052,0.956377568129543,,0.9861999877248674,above_range,ok
fw26_human,135m-g054-ai-r1,135m-g054-control,fit,ai,12,135266786,539345999.0,561658801.0,1.0413701075772697,0.5101329267592657,0.9727678497589837,0.9517461295894014,0.493044843031557,0.8562892520403864,ok,ok
fw26_human,135m-g054-ai-r2,135m-g054-control,fit,ai,12,135266786,550450444.0,1160301300.0,2.1079123700370745,0.6782406062536214,0.9675894769395907,0.950902095864923,0.35570187742231535,0.5671074695918611,ok,ok
fw26_human,135m-g054-ai-r4,135m-g054-control,fit,ai,12,135266786,550497751.0,2347242025.0,4.263853977125512,0.8100251252512745,0.9677173554722939,0.9527676736879819,0.20938032606749324,0.3145121954165871,ok,ok
fw26_human,135m-g054-ai-r8,135m-g054-control,fit,ai,12,135266786,550493279.0,4730659745.0,8.593492283127402,0.8957626721857321,0.9693690137934358,0.9555217763788171,0.11066692617443497,0.15821367786748144,ok,ok
fw26_human,135m-g054-ai-r16,135m-g054-control,fit,ai,12,135266786,550515579.0,9460763781.0,17.18527893104366,0.9450104667741487,0.9730342686759085,0.9586863966713325,0.05391914370813534,0.07611403649113906,ok,ok
fw26_human,135m-g054-human-r0.0025,135m-g054-control,fit,human,12,135266786,551550976.0,0.0,0.0,0.0,0.9945863298251107,0.9771699346774013,,,above_range,above_range
fw26_human,135m-g054-human-r0.005,135m-g054-control,fit,human,12,135266786,553123840.0,0.0,0.0,0.0,0.9943232282769382,0.977012399245583,,,above_range,above_range
fw26_human,135m-g054-human-r0.01,135m-g054-control,fit,human,12,135266786,555745280.0,0.0,0.0,0.0,0.9949035478945881,0.9767512636649247,,,above_range,above_range
fw26_human,135m-g054-human-r0.025,135m-g054-control,fit,human,12,135266786,564133888.0,0.0,0.0,0.0,0.9936201354165397,0.9759273699157167,,0.9013972201766745,above_range,ok
fw26_human,135m-g054-human-r0.05,135m-g054-control,fit,human,12,135266786,577765376.0,0.0,0.0,0.0,0.9924804803110978,0.9746253704952134,,0.9038307151644405,above_range,ok
fw26_human,135m-g054-human-r8,135m-g054-control,fit,human,12,135266786,4954521600.0,0.0,0.0,0.0,0.8951073200885057,0.898889851543056,1.648027134027013,1.3517489317522549,ok,ok
fw26_human,135m-g055-control,135m-g055-control,fit,control,12,135266786,550502400.0,0.0,0.0,0.0,0.9922293926878727,0.9772753169155829,,,above_range,above_range
fw26_human,135m-g055-ai-r0.025,135m-g055-control,fit,ai,12,135266786,550148949.0,13984939.0,0.025420277591041984,0.024790106209680494,0.9915493218939512,0.9750761120645328,,0.9171445072977372,above_range,ok
fw26_human,135m-g055-ai-r0.05,135m-g055-control,fit,ai,12,135266786,549704771.0,28060605.0,0.05104668265649817,0.048567474212923414,0.9898711992542564,0.9731019452882372,,0.9329577975627363,above_range,ok
fw26_human,135m-g055-human-r0.025,135m-g055-control,fit,human,12,135266786,564133888.0,0.0,0.0,0.0,0.9912323884191385,0.9759273699157167,,0.9013972201766745,above_range,ok
fw26_human,135m-g055-human-r0.05,135m-g055-control,fit,human,12,135266786,577765376.0,0.0,0.0,0.0,0.9895992486529231,0.9746253704952134,,0.9038307151644405,above_range,ok
fw26_human,135m-g056-control,135m-g056-control,fit,control,12,135266786,550502400.0,0.0,0.0,0.0,0.9963408273238984,0.9772753169155829,,,above_range,above_range
fw26_human,135m-g056-ai-r0.025,135m-g056-control,fit,ai,12,135266786,550093654.0,14040234.0,0.02552335206542848,0.02488812372143827,0.994556147366822,0.9750730049171782,,0.9172028283506765,above_range,ok
fw26_human,135m-g056-ai-r0.05,135m-g056-control,fit,ai,12,135266786,549661239.0,28104137.0,0.05112992331627735,0.048642819676338656,0.9928388407187113,0.9730999328847086,,0.9329973234815306,above_range,ok
fw26_human,135m-g056-human-r0.025,135m-g056-control,fit,human,12,135266786,564133888.0,0.0,0.0,0.0,0.994270180478255,0.9759273699157167,,0.9013972201766745,above_range,ok
fw26_human,135m-g056-human-r0.05,135m-g056-control,fit,human,12,135266786,577765376.0,0.0,0.0,0.0,0.9921431077649157,0.9746253704952134,,0.9038307151644405,above_range,ok
fw26_human,135m-g057-control,135m-g057-control,fit,control,12,135266786,638582784.0,0.0,0.0,0.0,0.984752720426878,0.9693125024016098,,0.9163844717984263,above_range,ok
fw26_human,135m-g057-ai-r0.0025,135m-g057-control,fit,ai,12,135266786,638534146.0,1621502.0,0.002539413138917711,0.0025329808540562933,0.9845409720455222,0.9690966938087142,,0.9185613599722737,above_range,ok
fw26_human,135m-g057-ai-r0.005,135m-g057-control,fit,ai,12,135266786,638508364.0,3220148.0,0.005043235424242618,0.0050179288278218185,0.983561645981385,0.9688851603554565,,0.9206767621508598,above_range,ok
fw26_human,135m-g057-ai-r0.01,135m-g057-control,fit,ai,12,135266786,638416779.0,6457461.0,0.010114804642376105,0.010013519845357755,0.9828665695357356,0.9684689259319672,,0.9248437769552615,above_range,ok
fw26_human,135m-g057-ai-r0.025,135m-g057-control,fit,ai,12,135266786,638477216.0,16358496.0,0.025621111591866107,0.024981068839446556,0.9806396023537058,0.9672400405485245,,0.9368021141202317,above_range,ok
fw26_human,135m-g057-ai-r0.05,135m-g057-control,fit,ai,12,135266786,638502962.0,32585678.0,0.05103449778514888,0.04855644404888153,0.9807931961537948,0.9654402180430971,,0.9537419411018128,above_range,ok
fw26_human,135m-g057-ai-r0.1,135m-g057-control,fit,ai,12,135266786,638386668.0,65207828.0,0.10214472085435218,0.09267813828947292,0.9784208316970349,0.9624709122462496,,0.978998889839322,above_range,ok
fw26_human,135m-g057-ai-r0.25,135m-g057-control,fit,ai,12,135266786,638580891.0,163579749.0,0.2561613592035907,0.20392392850389668,0.9742171090315375,0.9568094910936961,0.6565068168701417,1.0023517823693353,ok,ok
fw26_human,135m-g057-ai-r0.5,135m-g057-control,fit,ai,12,135266786,638660815.0,328650545.0,0.5145932508791854,0.339756730449232,0.9684252934075952,0.9527508304556589,0.6171731732143831,0.9426924341278913,ok,ok
fw26_human,135m-g057-ai-r1,135m-g057-control,fit,ai,12,135266786,638508246.0,662774570.0,1.0380047151340939,0.5093240007866207,0.9643485380245768,0.9510604263110417,0.5050531821249519,0.7415277452193115,ok,ok
fw26_human,135m-g057-ai-r2,135m-g057-control,fit,ai,12,135266786,638513077.0,1342771275.0,2.1029659741800404,0.6777276939801925,0.9618420764924283,0.9521354902932913,0.35332725072684595,0.4696881079136137,ok,ok
fw26_human,135m-g057-ai-r4,135m-g057-control,fit,ai,12,135266786,638586406.0,2717381082.0,4.2553068096473075,0.8097161524110689,0.9631178307867735,0.9546584163362614,0.2019142344366089,0.25566885654378546,ok,ok
fw26_human,135m-g057-ai-r8,135m-g057-control,fit,ai,12,135266786,638587681.0,5476183263.0,8.5754602319051,0.8955663774083636,0.9665784844948093,0.9579677216143552,0.10188298913154002,0.1271661684022212,ok,ok
fw26_human,135m-g057-ai-r16,135m-g057-control,fit,ai,12,135266786,638570429.0,10961301571.0,17.165376085712857,0.9449502176403326,0.9711262174292532,0.9617710804063462,0.04847263557997308,0.06046018840848083,ok,ok
fw26_human,135m-g057-ai-r32,135m-g057-control,fit,ai,12,135266786,638574888.0,21962956504.0,34.39370529083505,0.9717463884670209,0.9749797508377968,0.9658921317259813,0.02293713075924177,0.02801467047852147,ok,ok
fw26_human,135m-g057-human-r0.0025,135m-g057-control,fit,human,12,135266786,640155648.0,0.0,0.0,0.0,0.9831975640766627,0.969184804147031,,0.9167487644808702,above_range,ok
fw26_human,135m-g057-human-r0.005,135m-g057-control,fit,human,12,135266786,641728512.0,0.0,0.0,0.0,0.9832368194825163,0.9690575553526837,,0.917115182147665,above_range,ok
fw26_human,135m-g057-human-r0.01,135m-g057-control,fit,human,12,135266786,644874240.0,0.0,0.0,0.0,0.9823041020140031,0.9688043954560025,,0.9178544313213126,above_range,ok
fw26_human,135m-g057-human-r0.025,135m-g057-control,fit,human,12,135266786,654835712.0,0.0,0.0,0.0,0.9825428898737588,0.9680142744902083,,0.9202526095247469,above_range,ok
fw26_human,135m-g057-human-r0.05,135m-g057-control,fit,human,12,135266786,671088640.0,0.0,0.0,0.0,0.9809058339456461,0.9667614804270762,,0.9243574754156201,above_range,ok
fw26_human,135m-g057-human-r0.5,135m-g057-control,fit,human,12,135266786,957874176.0,0.0,0.0,0.0,0.9575933562759293,0.950006591964713,0.8205239366211302,1.0447504588985366,ok,ok
fw26_human,135m-g057-human-r8,135m-g057-control,fit,human,12,135266786,6114770944.0,0.0,0.0,0.0,0.8903488704283653,0.8946071671714646,1.7668992945817719,1.3727940506944865,ok,ok
fw26_human,135m-g058-control,135m-g058-control,fit,control,12,135266786,2202009600.0,0.0,0.0,0.0,0.9183413459053751,0.9196018808540126,1.3521128945840735,1.2930488496505435,ok,ok
fw26_human,135m-g058-ai-r0.0025,135m-g058-control,fit,ai,12,135266786,2201786294.0,5466186.0,0.00248261423685654,0.002476466126793071,0.9179695334244259,0.9194956508902773,1.3669602113993102,1.2948108423769145,ok,ok
fw26_human,135m-g058-ai-r0.005,135m-g058-control,fit,ai,12,135266786,2201948906.0,11070742.0,0.005027701582826827,0.00500255025300164,0.9180432936944234,0.9194103618657559,1.359799269940962,1.2953241592948068,ok,ok
fw26_human,135m-g058-ai-r0.01,135m-g058-control,fit,ai,12,135266786,2201876395.0,22153301.0,0.010061101091008336,0.009960883633812775,0.9181551204909889,0.9193056138386958,1.3476627588842758,1.2936835624578253,ok,ok
fw26_human,135m-g058-ai-r0.025,135m-g058-control,fit,ai,12,135266786,2201704625.0,55355215.0,0.025141980614225217,0.024525364378465038,0.9172968277613102,0.9192030464689005,1.3695576481206786,1.2793779806076777,ok,ok
fw26_human,135m-g058-ai-r0.05,135m-g058-control,fit,ai,12,135266786,2201638542.0,110471538.0,0.05017696406225069,0.04777953219251568,0.9172272406342317,0.9191990097658809,1.3403171982909583,1.249094783824288,ok,ok
fw26_human,135m-g058-ai-r0.1,135m-g058-control,fit,ai,12,135266786,2200865978.0,221344582.0,0.1005715860086779,0.0913812307052282,0.9165238868124665,0.9192701292005079,1.3125092119810562,1.1893258331779972,ok,ok
fw26_human,135m-g058-ai-r0.25,135m-g058-control,fit,ai,12,135266786,2198073564.0,554438436.0,0.2522383441030275,0.2014299795968192,0.9161968382860243,0.919668964599679,1.1689056577131625,1.0320012256799185,ok,ok
fw26_human,135m-g058-ai-r0.5,135m-g058-control,fit,ai,12,135266786,2190490412.0,1112523988.0,0.5078880883957961,0.33682081071157305,0.9173707111732294,0.9207231413459112,0.9333698784639497,0.8288807585388622,ok,ok
fw26_human,135m-g058-ai-r1,135m-g058-control,fit,ai,12,135266786,2174864563.0,2229154637.0,1.0249625079757207,0.5061636963344756,0.9209051801297774,0.9232898582777516,0.6177415713326864,0.5691980713964968,ok,ok
fw26_human,135m-g058-ai-r2,135m-g058-control,fit,ai,12,135266786,2202032535.0,4570719849.0,2.0756822509890847,0.6748688848861362,0.9263902183778441,0.927711173388193,0.3335380590364577,0.3192602865791267,ok,ok
fw26_human,135m-g058-ai-r2.07,135m-g058-control,fit,ai,12,135266786,2149048272.0,4456980528.0,2.073932254603167,0.6746837870279948,0.9271984848882077,0.9282551772066344,0.3329121115703734,0.3214974403539612,ok,ok
fw26_human,135m-g058-ai-r4,135m-g058-control,fit,ai,12,135266786,2202021303.0,9257865801.0,4.204258055263692,0.8078496513083974,0.9355496926715768,0.9351921372952418,0.14579229554527243,0.14753542182381582,ok,ok
fw26_human,135m-g058-ai-r4.2,135m-g058-control,fit,ai,12,135266786,2116022196.0,8894025804.0,4.2031817155853695,0.8078099027361189,0.9358290723380064,0.9358740033236244,0.15034296064064068,0.15011777999094494,ok,ok
fw26_human,135m-g058-human-r0.0025,135m-g058-control,fit,human,12,135266786,2207252480.0,0.0,0.0,0.0,0.9181176627084281,0.919529835429097,1.359727222247238,1.2932528903176812,ok,ok
fw26_human,135m-g058-human-r0.005,135m-g058-control,fit,human,12,135266786,2213019648.0,0.0,0.0,0.0,0.9183294130799564,0.9194508685675505,1.3459591030268925,1.2934758841623157,ok,ok
fw26_human,135m-g058-human-r0.01,135m-g058-control,fit,human,12,135266786,2224029696.0,0.0,0.0,0.0,0.9179194683967472,0.9193009306050748,1.3590860767094703,1.2938974534053993,ok,ok
fw26_human,135m-g058-human-r0.025,135m-g058-control,fit,human,12,135266786,2257059840.0,0.0,0.0,0.0,0.917314791306886,0.9188574346964545,1.3686688835605199,1.295130784701094,ok,ok
fw26_human,135m-g058-human-r0.05,135m-g058-control,fit,human,12,135266786,2312110080.0,0.0,0.0,0.0,0.9166208925458019,0.9181385985217319,1.370153498744786,1.297089604605051,ok,ok
fw26_human,135m-g058-human-r4,135m-g058-control,fit,human,12,135266786,11010048000.0,0.0,0.0,0.0,0.8797691483526344,0.8845214521108025,2.25914168701765,1.478155197592503,ok,ok
fw26_human,135m-g059-control,135m-g059-control,fit,control,12,135266786,2202009600.0,0.0,0.0,0.0,0.9189147036509181,0.9196018808540126,1.3248154539851935,1.2930488496505435,ok,ok
fw26_human,135m-g059-ai-r0.25,135m-g059-control,fit,ai,12,135266786,2197250444.0,555261556.0,0.2527074496747718,0.20172902279808408,0.9164970572972635,0.9196810970530206,1.1561397555953847,1.0315611301266054,ok,ok
fw26_human,135m-g059-ai-r1,135m-g059-control,fit,ai,12,135266786,2174290112.0,2229729088.0,1.0254975063787624,0.5062941342308408,0.9212144606450898,0.9232992914405282,0.6111559267468968,0.5690157751242692,ok,ok
fw26_human,135m-g060-control,135m-g060-control,fit,control,12,135266786,2202009600.0,0.0,0.0,0.0,0.9187733511529822,0.9196018808540126,1.3314769812903866,1.2930488496505435,ok,ok
fw26_human,135m-g060-ai-r0.025,135m-g060-control,fit,ai,12,135266786,2202732537.0,54327303.0,0.02466359491560913,0.024069943577570366,0.9179364084961256,0.9191905288807143,1.3383836201599653,1.279944106392111,ok,ok
fw26_human,135m-g060-ai-r0.05,135m-g060-control,fit,ai,12,135266786,2203268720.0,108841360.0,0.049399947910121464,0.04707447147153132,0.9173613548748579,0.919177075742696,1.3338361146466027,1.2500635563264055,ok,ok
fw26_human,135m-g060-ai-r0.25,135m-g060-control,fit,ai,12,135266786,2197680121.0,554831879.0,0.25246252796223023,0.20157291920979817,0.9162055181745241,0.9196747629051873,1.1685339000965616,1.0317908658917923,ok,ok
fw26_human,135m-g060-ai-r1,135m-g060-control,fit,ai,12,135266786,2174297180.0,2229722020.0,1.0254909220826933,0.5062925293332055,0.920243250006783,0.9232991753582638,0.6321471237457456,0.5690180179778166,ok,ok
fw26_human,135m-g060-human-r0.025,135m-g060-control,fit,human,12,135266786,2257059840.0,0.0,0.0,0.0,0.9177634194701324,0.9188574346964545,1.3467209384962937,1.295130784701094,ok,ok
fw26_human,135m-g060-human-r0.05,135m-g060-control,fit,human,12,135266786,2312110080.0,0.0,0.0,0.0,0.9170035666418322,0.9181385985217319,1.351220676268827,1.297089604605051,ok,ok
fw26_human,135m-g061-control,135m-g061-control,fit,control,12,135266786,2202009600.0,0.0,0.0,0.0,0.9190100834133375,0.9196018808540126,1.3203453305877266,1.2930488496505435,ok,ok
fw26_human,135m-g061-ai-r0.025,135m-g061-control,fit,ai,12,135266786,2202723312.0,54336528.0,0.02466788620431144,0.024074030753212107,0.9174022029162386,0.9191906408897689,1.3643551279561517,1.2799390391612737,ok,ok
fw26_human,135m-g061-ai-r0.05,135m-g061-control,fit,ai,12,135266786,2203329924.0,108780156.0,0.049370797725343286,0.04704800041354432,0.9170596760721046,0.9191762529815392,1.3484743291259156,1.2500999149260656,ok,ok
fw26_human,135m-g061-ai-r0.25,135m-g061-control,fit,ai,12,135266786,2197730660.0,554781340.0,0.2524337263420623,0.20155455816359746,0.9161367753781207,0.9196740180038638,1.1714825346909195,1.031817887418581,ok,ok
fw26_human,135m-g061-ai-r1,135m-g061-control,fit,ai,12,135266786,2175391295.0,2228627905.0,1.024472199609496,0.5060440937678019,0.920571978985113,0.9232812112289943,0.624939284586815,0.5693652397774042,ok,ok
fw26_human,135m-g061-human-r0.025,135m-g061-control,fit,human,12,135266786,2257059840.0,0.0,0.0,0.0,0.9170202087128819,0.9188574346964545,1.3833420401169956,1.295130784701094,ok,ok
fw26_human,135m-g061-human-r0.05,135m-g061-control,fit,human,12,135266786,2312110080.0,0.0,0.0,0.0,0.9165772500534878,0.9181385985217319,1.3723353912814413,1.297089604605051,ok,ok
fw26_human,135m-g062-control,135m-g062-control,fit,control,12,135266786,2202009600.0,0.0,0.0,0.0,0.9182195990940827,0.9196018808540126,1.358005016261518,1.2930488496505435,ok,ok
fw26_human,135m-g062-ai-r0.25,135m-g062-control,fit,ai,12,135266786,2198426776.0,554085224.0,0.252037152225806,0.20130165608723957,0.9162247952339373,0.919663760571014,1.16770884076713,1.0321900731835625,ok,ok
fw26_human,135m-g062-ai-r1,135m-g062-control,fit,ai,12,135266786,2175029112.0,2228990088.0,1.0248093120695665,0.5061263329642159,0.9205456701487854,0.9232871567157759,0.6255122078158115,0.5692502925720554,ok,ok
fw26_human,135m-g063-control,135m-g063-control,fit,control,12,135266786,2553806848.0,0.0,0.0,0.0,0.9136491789396816,0.9152511543485284,1.3854003490589244,1.304568062198913,ok,ok
fw26_human,135m-g063-ai-r0.0025,135m-g063-control,fit,ai,12,135266786,2553717761.0,6380543.0,0.002498531003481555,0.0024923039049050515,0.9132770826103823,0.9151564387953203,1.4017051368984794,1.3059474658906687,ok,ok
fw26_human,135m-g063-ai-r0.005,135m-g063-control,fit,ai,12,135266786,2553591780.0,12797980.0,0.005011756420989106,0.0049867639746193505,0.9131804714287413,0.9150968530498379,1.4034370861487073,1.3056348529641293,ok,ok
fw26_human,135m-g063-ai-r0.01,135m-g063-control,fit,ai,12,135266786,2553831567.0,25665393.0,0.010049759479693988,0.009949766717305998,0.9130328645650151,0.9150313842191695,1.4042128621413759,1.302168576386147,ok,ok
fw26_human,135m-g063-ai-r0.025,135m-g063-control,fit,ai,12,135266786,2553609026.0,64160958.0,0.025125599630458073,0.024509776791756505,0.9125989241234429,0.9149990058643728,1.4069458385238214,1.2846779958998524,ok,ok
fw26_human,135m-g063-ai-r0.05,135m-g063-control,fit,ai,12,135266786,2554051985.0,128205423.0,0.050196872950493215,0.04779758371348675,0.9120410043945987,0.9150099914134978,1.4030976569234694,1.253278704420622,ok,ok
fw26_human,135m-g063-ai-r0.1,135m-g063-control,fit,ai,12,135266786,2553653594.0,256530086.0,0.10045610203464425,0.09128587850883825,0.9119730494577255,0.915083544233199,1.3427697167063102,1.1929565226007737,ok,ok
fw26_human,135m-g063-ai-r0.25,135m-g063-control,fit,ai,12,135266786,2554022343.0,643610169.0,0.25199864471193467,0.20127709065525037,0.9119070595674048,0.9154841515015965,1.1831056895778398,1.0329440761832684,ok,ok
fw26_human,135m-g063-ai-r0.5,135m-g063-control,fit,ai,12,135266786,2553919922.0,1295926862.0,0.5074265840665618,0.3366177759036761,0.9134597951215696,0.9165553129930875,0.9256479514758438,0.8248459073578395,ok,ok
fw26_human,135m-g063-ai-r1,135m-g063-control,fit,ai,12,135266786,2553803612.0,2614627492.0,1.023816976260115,0.5058841724670496,0.9167835662590597,0.9192211797828199,0.609321619843941,0.5583479579502709,ok,ok
fw26_human,135m-g063-ai-r2,135m-g063-control,fit,ai,12,135266786,2553870961.0,5296817551.0,2.074034918712559,0.6746946516733742,0.9234757879062157,0.9245194636126077,0.31729623132828116,0.3063085235243161,ok,ok
fw26_human,135m-g063-ai-r4,135m-g063-control,fit,ai,12,135266786,2553779147.0,10736397365.0,4.204121322555384,0.8078446027639937,0.9330048765353932,0.9328833809999995,0.1367401519649576,0.1372869620306675,ok,ok
fw26_human,135m-g063-ai-r8,135m-g063-control,fit,ai,12,135266786,2553826118.0,21716513978.0,8.50352098168964,0.8947758412985364,0.9435516241896174,0.9438399785957154,0.05211451173489626,0.05156926644308405,ok,ok
fw26_human,135m-g063-human-r0.0025,135m-g063-control,fit,human,12,135266786,2560098304.0,0.0,0.0,0.0,0.913172269927951,0.9151812684078328,1.4073270776928535,1.3047432787060511,ok,ok
fw26_human,135m-g063-human-r0.005,135m-g063-control,fit,human,12,135266786,2566389760.0,0.0,0.0,0.0,0.9131694399026843,0.915111628495343,1.4040288982697706,1.3049176801991043,ok,ok
fw26_human,135m-g063-human-r0.01,135m-g063-control,fit,human,12,135266786,2579496960.0,0.0,0.0,0.0,0.9132164418061448,0.9149673291444859,1.3943882764678763,1.3052784458450672,ok,ok
fw26_human,135m-g063-human-r0.025,135m-g063-control,fit,human,12,135266786,2617769984.0,0.0,0.0,0.0,0.9125992544920745,0.9145519283037833,1.4069279217691424,1.3063127818820213,ok,ok
fw26_human,135m-g063-human-r0.05,135m-g063-control,fit,human,12,135266786,2682257408.0,0.0,0.0,0.0,0.9115250312823443,0.9138713610633566,1.4316404356221697,1.307996135987907,ok,ok
fw26_human,135m-g063-human-r0.5,135m-g063-control,fit,human,12,135266786,3830448128.0,0.0,0.0,0.0,0.9014863520240555,0.9046893257143063,1.5413124653561532,1.331709074214708,ok,ok
fw26_human,135m-g063-human-r4,135m-g063-control,fit,human,12,135266786,13290176512.0,0.0,0.0,0.0,0.8764580787446835,0.8818018025551013,,1.5397444523260218,below_range,ok
fw26_human,135m-g064-control,135m-g064-control,fit,control,12,135266786,4404019200.0,0.0,0.0,0.0,0.8980039725981416,0.9014640310065574,1.5903450415173348,1.341987608109089,ok,ok
fw26_human,135m-g064-ai-r0.025,135m-g064-control,fit,ai,12,135266786,4404445325.0,109674355.0,0.024900832433423385,0.02429584565201426,0.8974563418122478,0.9014286278013733,1.5958614152521262,1.311446634494356,ok,ok
fw26_human,135m-g064-ai-r0.05,135m-g064-control,fit,ai,12,135266786,4403870947.0,220349213.0,0.0500353474595131,0.04765110772753519,0.8969488958427553,0.901459271478305,1.599586889819662,1.2783705988484588,ok,ok
fw26_human,135m-g064-ai-r0.1,135m-g064-control,fit,ai,12,135266786,4402774976.0,441646144.0,0.1003108599479784,0.09116592737503382,0.897001782935011,0.9015682233991046,1.5226546618354213,1.2140105109117691,ok,ok
fw26_human,135m-g064-ai-r0.25,135m-g064-control,fit,ai,12,135266786,4398144621.0,1106879379.0,0.2516696185284445,0.20106713049752373,0.8983263646185239,0.9021944142422825,1.2515787851450586,1.0374883364910146,ok,ok
fw26_human,135m-g064-ai-r0.5,135m-g064-control,fit,ai,12,135266786,4386036541.0,2219992259.0,0.5061499689407171,0.33605549206809393,0.9007052439048973,0.9038417863893723,0.9275557381855799,0.8018921904916692,ok,ok
fw26_human,135m-g064-ai-r1,135m-g064-control,fit,ai,12,135266786,4356511015.0,4451527385.0,1.0218101984989472,0.5053937304587591,0.9058699947399792,0.9079260527430195,0.5500253751593481,0.504123605969332,ok,ok
fw26_human,135m-g064-human-r0.025,135m-g064-control,fit,human,12,135266786,4514119680.0,0.0,0.0,0.0,0.897241899234897,0.9009133858403289,1.6137198271506776,1.3439390513667662,ok,ok
fw26_human,135m-g064-human-r0.05,135m-g064-control,fit,human,12,135266786,4624220160.0,0.0,0.0,0.0,0.896710356008245,0.9003816836333894,1.6197716540358755,1.3458892790322656,ok,ok
fw26_human,135m-g065-control,135m-g065-control,fit,control,12,135266786,5107613696.0,0.0,0.0,0.0,0.8945565124897904,0.8982459251764658,1.6481393999082847,1.3544765928778697,ok,ok
fw26_human,135m-g065-ai-r0.025,135m-g065-control,fit,ai,12,135266786,5107829429.0,127710539.0,0.025002898153747257,0.024393002399098484,0.8940895608085206,0.8982296932343373,1.6505791795731584,1.3224707708917467,ok,ok
fw26_human,135m-g065-ai-r0.05,135m-g065-control,fit,ai,12,135266786,5107463868.0,255478084.0,0.05002053672873873,0.04763767467308212,0.8938801578454323,0.8982620077591154,1.6306043811961872,1.2889375260646043,ok,ok
fw26_human,135m-g065-ai-r0.1,135m-g065-control,fit,ai,12,135266786,5107467202.0,511327294.0,0.10011367156695057,0.09100302464594712,0.8939972095910728,0.8983767566801352,1.546051494458532,1.2231108541500655,ok,ok
fw26_human,135m-g065-ai-r0.25,135m-g065-control,fit,ai,12,135266786,5107523042.0,1284596254.0,0.2515106135472232,0.20096562572038706,0.8949616994169147,0.8990489702277773,1.2876684260597282,1.0394497341335533,ok,ok
fw26_human,135m-g065-ai-r0.5,135m-g065-control,fit,ai,12,135266786,5107550699.0,2583754261.0,0.5058695279335885,0.3359318443927622,0.897789907656019,0.9008226388387756,0.9206633821491818,0.7922040375501581,ok,ok
fw26_human,135m-g065-ai-r1,135m-g065-control,fit,ai,12,135266786,5107655620.0,5217147964.0,1.0214369080740804,0.5053023935568942,0.9028889872771483,0.9052544637014521,0.535727925290375,0.4819404748232517,ok,ok
fw26_human,135m-g065-human-r0.025,135m-g065-control,fit,human,12,135266786,5235539968.0,0.0,0.0,0.0,0.8939557811656427,0.8977287280121968,1.6631273327577314,1.3567644926648146,ok,ok
fw26_human,135m-g065-human-r0.05,135m-g065-control,fit,human,12,135266786,5362941952.0,0.0,0.0,0.0,0.8929012126505534,0.8972313663201492,1.7252452829446203,1.3590522416552508,ok,ok
fw26_human,135m-g065-human-r0.5,135m-g065-control,fit,human,12,135266786,7661420544.0,0.0,0.0,0.0,0.8860588650788548,0.89043244190095,1.8892580629511824,1.40278755083246,ok,ok
fw26_human,135m-g066-control,135m-g066-control,fit,control,12,135266786,6606028800.0,0.0,0.0,0.0,0.8888243547736523,0.8931301364731196,1.8054012284401866,1.3820448011781254,ok,ok
fw26_human,135m-g066-ai-r0.05,135m-g066-control,fit,ai,12,135266786,6606211571.0,330118669.0,0.04997095013565075,0.04759269780672957,0.8883091784767044,0.8931686515587236,1.779934757816594,1.3132947678902867,ok,ok
fw26_human,135m-g066-ai-r0.1,135m-g066-control,fit,ai,12,135266786,6605086973.0,661544707.0,0.10015685027377155,0.09103870075330418,0.888250502967791,0.8933106525686104,1.7058028921626325,1.2433389890859132,ok,ok
fw26_human,135m-g066-ai-r0.25,135m-g066-control,fit,ai,12,135266786,6598630264.0,1658905736.0,0.251401528746118,0.2008959738110739,0.8900100201791163,0.8941392852788501,1.3368844283071668,1.0435852640450995,ok,ok
fw26_human,135m-g066-ai-r0.5,135m-g066-control,fit,ai,12,135266786,6580659240.0,3328383960.0,0.5057827549812471,0.33589357648577006,0.8928698913160631,0.8963242565112903,0.9354435558353346,0.7715164055736767,ok,ok
fw26_human,135m-g066-ai-r1,135m-g066-control,fit,ai,12,135266786,6538825474.0,6673232126.0,1.0205551673667441,0.5050865147605775,0.8989012754449162,0.901733042996913,0.5066163787579643,0.4417014984102812,ok,ok
fw26_human,135m-g066-human-r0.25,135m-g066-control,fit,human,12,135266786,8257536000.0,0.0,0.0,0.0,0.8847493912921806,0.8891334267274407,1.9359575033000656,1.4150833229553508,ok,ok
fw26_human,135m-g067-control,135m-g067-control,fit,control,12,135266786,7402422272.0,0.0,0.0,0.0,0.8864100471831045,0.8910429778657734,1.9056745544085445,1.3975798643552175,ok,ok
fw26_human,135m-g067-ai-r0.05,135m-g067-control,fit,ai,12,135266786,7402382458.0,369662854.0,0.04993836188516484,0.047563136749761654,0.8862075374311723,0.8910898821836,1.8421025041693488,1.327262584466172,ok,ok
fw26_human,135m-g067-ai-r0.1,135m-g067-control,fit,ai,12,135266786,7402481320.0,740759896.0,0.10006913411569406,0.090966222951193,0.886562868298728,0.8912402755953485,1.7132068619845002,1.2550836318343905,ok,ok
fw26_human,135m-g067-ai-r0.25,135m-g067-control,fit,ai,12,135266786,7402417251.0,1860178845.0,0.2512934332023376,0.20082694157454492,0.8879834011729337,0.8921215660190744,1.362832458938038,1.046016444468856,ok,ok
fw26_human,135m-g067-ai-r0.5,135m-g067-control,fit,ai,12,135266786,7402443635.0,3743394957.0,0.5056971915734148,0.33585583768338856,0.8913220782047558,0.8944494424851877,0.9123833323888101,0.7597961529062519,ok,ok
fw26_human,135m-g067-ai-r1,135m-g067-control,fit,ai,12,135266786,7402521910.0,7555939018.0,1.0207249785769292,0.5051281047140628,0.8969019486690382,0.9002600789332693,0.4957111380592182,0.4185207065173678,ok,ok
fw26_human,135m-g067-human-r0.25,135m-g067-control,fit,human,12,135266786,9262596096.0,0.0,0.0,0.0,0.8820284538472922,0.8872225878295078,2.1647860468511184,1.4368546883672195,ok,ok
fw26_human,135m-g068-control,135m-g068-control,fit,control,12,135266786,8808038400.0,0.0,0.0,0.0,0.8833940089530522,0.888047991118542,2.024163978214292,1.426840482974487,ok,ok
fw26_human,135m-g068-ai-r0.05,135m-g068-control,fit,ai,12,135266786,8807935507.0,440504813.0,0.05001226594471703,0.04763017306252131,0.8826989534042141,0.8881058703957081,2.0444519219540958,1.3535331991479658,ok,ok
fw26_human,135m-g068-ai-r0.1,135m-g068-control,fit,ai,12,135266786,8806314189.0,882528051.0,0.10021537184107843,0.09108704932324298,0.8827302685194155,0.8882804319307536,1.9462753866752232,1.2767567676321072,ok,ok
fw26_human,135m-g068-ai-r0.25,135m-g068-control,fit,ai,12,135266786,8798426570.0,2211621430.0,0.2513655609221047,0.20087300527663457,0.884846277117624,0.889295073745764,1.441056913114934,1.0501118765464241,ok,ok
fw26_human,135m-g068-ai-r0.5,135m-g068-control,fit,ai,12,135266786,8775729541.0,4436328059.0,0.5055224227539808,0.33577874039846756,0.8880989351632866,0.8919698166890632,0.9479218259880129,0.7400331191368178,ok,ok
fw26_human,135m-g068-ai-r1,135m-g068-control,fit,ai,12,135266786,8718297837.0,8897778963.0,1.0205867165076985,0.5050942422662462,0.8945475442750525,0.8986110047516455,0.47810148824419896,0.3855356656466127,ok,ok
fw26_human,135m-g068-human-r0.25,135m-g068-control,fit,human,12,135266786,11010048000.0,0.0,0.0,0.0,0.8794222548213078,0.8845214521108025,2.341867024317263,1.478155197592503,ok,ok
fw26_human,135m-g069-control,135m-g069-control,fit,control,12,135266786,9869721600.0,0.0,0.0,0.0,0.8813832125644004,0.886206644156332,2.1541901635446656,1.4506835209892623,ok,ok
fw26_human,135m-g069-ai-r0.05,135m-g069-control,fit,ai,12,135266786,9869897079.0,492655241.0,0.049914931944752855,0.04754188213353214,0.8810592510442461,0.8862705093919777,2.1147374052359336,1.3752397441330317,ok,ok
fw26_human,135m-g069-ai-r0.1,135m-g069-control,fit,ai,12,135266786,9869756475.0,987723717.0,0.10007579411932754,0.09097172636131298,0.8812558134144932,0.8864567737923638,1.9815044892621128,1.2948458368376887,ok,ok
fw26_human,135m-g069-ai-r0.25,135m-g069-control,fit,ai,12,135266786,9869643433.0,2479436119.0,0.251218408834284,0.2007790223198005,0.8831343240334848,0.8875439521218476,1.4754395776195288,1.053729166185993,ok,ok
fw26_human,135m-g069-ai-r0.5,135m-g069-control,fit,ai,12,135266786,9869761180.0,4989085028.0,0.5054919705767389,0.33576530493423357,0.8864815874157004,0.8904155864790076,0.9444513633881082,0.7240651494873429,ok,ok
fw26_human,135m-g069-ai-r1,135m-g069-control,fit,ai,12,135266786,9869780976.0,10074134544.0,1.0207049749631647,0.5051232058167081,0.8931999360471741,0.8975910614577663,0.45592556841208787,0.3587026636602697,ok,ok
fw26_human,135m-g069-human-r0.25,135m-g069-control,fit,human,12,135266786,12349079552.0,0.0,0.0,0.0,0.8773411710136361,0.8828366187861608,,1.5131596795921398,below_range,ok
fw26_human,135m-g070-control,135m-g070-control,fit,control,12,135266786,11010048000.0,0.0,0.0,0.0,0.879509323872222,0.8845214521108025,2.3206292588094026,1.478155197592503,ok,ok
fw26_human,135m-g070-ai-r0.05,135m-g070-control,fit,ai,12,135266786,11010158232.0,550392168.0,0.04998948756252534,0.047609512432902845,0.8789241499751218,0.8845921235700028,2.352344196059339,1.399959326819567,ok,ok
fw26_human,135m-g070-ai-r0.1,135m-g070-control,fit,ai,12,135266786,11008301532.0,1102751268.0,0.10017451509612228,0.09105329538320567,0.8792333720291177,0.8847964688438523,2.1718954863938102,1.315136530962263,ok,ok
fw26_human,135m-g070-ai-r0.25,135m-g070-control,fit,ai,12,135266786,10998502750.0,2764057250.0,0.25131213882725995,0.20083888825916107,0.8814183624931992,0.885986799841788,1.539854207318262,1.0573404642350448,ok,ok
fw26_human,135m-g070-ai-r0.5,135m-g070-control,fit,ai,12,135266786,10969425148.0,5545646852.0,0.5055549198957896,0.33579307749914744,0.8847675506209745,0.8891264959650357,0.9666088017476582,0.7078645242885728,ok,ok
fw26_human,135m-g070-ai-r1,135m-g070-control,fit,ai,12,135266786,10897156053.0,11122939947.0,1.0207195247000103,0.505126769065857,0.8915911656942049,0.8969185993371253,0.45429615249875593,0.33644726941404984,ok,ok
fw26_human,135m-g070-human-r0.25,135m-g070-control,fit,human,12,135266786,13762560000.0,0.0,0.0,0.0,0.8758679921068165,0.8813211681256877,,1.5537666803751917,below_range,ok
fw26_human,135m-g071-control,135m-g071-control,fit,control,12,135266786,11835801600.0,0.0,0.0,0.0,0.878617279558683,0.8834500265402648,2.376707098586523,1.4993689288037242,ok,ok
fw26_human,135m-g071-ai-r0.05,135m-g071-control,fit,ai,12,135266786,11835671561.0,591002615.0,0.04993401616072438,0.04755919457045238,0.8780116907210546,0.8835252304552242,,1.419220157251569,below_range,ok
fw26_human,135m-g071-ai-r0.1,135m-g071-control,fit,ai,12,135266786,11835922487.0,1184769993.0,0.10009950591525871,0.09099131976427724,0.8781338940281592,0.8837374959677635,,1.3310614345688117,below_range,ok
fw26_human,135m-g071-ai-r0.25,135m-g071-control,fit,ai,12,135266786,11835633334.0,2972881226.0,0.25118057835231006,0.20075485721101252,0.8804836737588445,0.8849789152499116,1.563840222075533,1.0604655460394936,ok,ok
fw26_human,135m-g071-ai-r0.5,135m-g071-control,fit,ai,12,135266786,11835727159.0,5982724809.0,0.505480122059985,0.33576007723590817,0.8839071182071079,0.888259269127325,0.9593250143248236,0.6952381670785729,ok,ok
fw26_human,135m-g071-ai-r1,135m-g071-control,fit,ai,12,135266786,11835746085.0,12079651035.0,1.0206074841626682,0.5050993288711904,0.8907870549127513,0.8964538141137712,0.4395127327553643,0.3174741058968444,ok,ok
fw26_human,135m-g071-human-r0.25,135m-g071-control,fit,human,12,135266786,14808514560.0,0.0,0.0,0.0,0.8748236289474334,0.8803365622208084,,1.5865800301980877,below_range,ok
fw26_human,268m-g072-control,268m-g072-control,fit,control,16,268436282,1174405120.0,0.0,0.0,0.0,0.9141947827349046,0.8962221974783817,,0.9073682443654971,above_range,ok
fw26_human,268m-g072-ai-r0.0025,268m-g072-control,fit,ai,16,268436282,1174092320.0,2934240.0,0.0024991561140609454,0.002492925903048441,0.9141373446157305,0.8960667303922352,,0.9093471216911838,above_range,ok
fw26_human,268m-g072-ai-r0.005,268m-g072-control,fit,ai,16,268436282,1174287181.0,5885107.0,0.005011642037161947,0.004986650728745124,0.9139473269276839,0.8958952683083831,,0.9113577267324146,above_range,ok
fw26_human,268m-g072-ai-r0.01,268m-g072-control,fit,ai,16,268436282,1174087391.0,11852065.0,0.01009470427061251,0.009993819617044599,0.9135678585019757,0.8955747325178707,,0.9152749812340754,above_range,ok
fw26_human,268m-g072-ai-r0.025,268m-g072-control,fit,ai,16,268436282,1174108496.0,29656752.0,0.025258953581407353,0.024636657395844676,0.9127736376338897,0.8946450065691134,,0.9263309638547228,above_range,ok
fw26_human,268m-g072-ai-r0.05,268m-g072-control,fit,ai,16,268436282,1173730122.0,59395254.0,0.050603842303026454,0.04816643559202856,0.9117778620478905,0.8932479898083094,,0.9425811965329923,above_range,ok
fw26_human,268m-g072-ai-r0.1,268m-g072-control,fit,ai,16,268436282,1173210850.0,118634782.0,0.10111974501429133,0.09183355894955722,0.9099637852531116,0.8908984227051095,,0.9677747901101633,above_range,ok
fw26_human,268m-g072-ai-r0.25,268m-g072-control,fit,ai,16,268436282,1170835170.0,297171230.0,0.2538113285408056,0.2024318354470389,0.9065259677791977,0.8862067913482667,,0.9996421322415995,above_range,ok
fw26_human,268m-g072-ai-r0.5,268m-g072-control,fit,ai,16,268436282,1166105596.0,595502084.0,0.5106759508252973,0.3380446683792841,0.9036255623018077,0.8824420040388917,,0.9654801745647237,above_range,ok
fw26_human,268m-g072-ai-r1,268m-g072-control,fit,ai,16,268436282,1156520664.0,1192289576.0,1.0309280353679873,0.5076142617634365,0.9008151051573673,0.8802686922019811,,0.7961560275407722,above_range,ok
fw26_human,268m-g072-human-r0.0025,268m-g072-control,fit,human,16,268436282,1177026560.0,0.0,0.0,0.0,0.9141097105733025,0.8961334018313714,,0.9076281691954937,above_range,ok
fw26_human,268m-g072-human-r0.005,268m-g072-control,fit,human,16,268436282,1180172288.0,0.0,0.0,0.0,0.9139237471153691,0.8960272209371185,,0.9079418218269923,above_range,ok
fw26_human,268m-g072-human-r0.01,268m-g072-control,fit,human,16,268436282,1185939456.0,0.0,0.0,0.0,0.9136248207211556,0.8958336069256492,,0.9085218184937671,above_range,ok
fw26_human,268m-g072-human-r0.025,268m-g072-control,fit,human,16,268436282,1203765248.0,0.0,0.0,0.0,0.9126537100890159,0.8952436069444013,,0.91035572517877,above_range,ok
fw26_human,268m-g072-human-r0.05,268m-g072-control,fit,human,16,268436282,1233125376.0,0.0,0.0,0.0,0.9112026041851721,0.8942986812853401,,0.9135156297736673,above_range,ok
fw26_human,268m-g072-human-r0.25,268m-g072-control,fit,human,16,268436282,1468006400.0,0.0,0.0,0.0,0.9014864609859987,0.8877491559928796,,0.9459848285664907,above_range,ok
fw26_human,268m-g072-human-r1,268m-g072-control,fit,human,16,268436282,2348810240.0,0.0,0.0,0.0,0.8781318289754395,0.8723796025676949,0.8800349091488453,1.1671294034255755,ok,ok
fw26_human,268m-g073-control,268m-g073-control,fit,control,16,268436282,1174405120.0,0.0,0.0,0.0,0.9128582212081481,0.8962221974783817,,0.9073682443654971,above_range,ok
fw26_human,268m-g073-ai-r0.025,268m-g073-control,fit,ai,16,268436282,1174117444.0,29647804.0,0.025251140038423617,0.02462922405282795,0.9115047554051179,0.8946451704712314,,0.926326523517724,above_range,ok
fw26_human,268m-g073-ai-r0.05,268m-g073-control,fit,ai,16,268436282,1173762734.0,59362642.0,0.05057465216816127,0.04813998897059434,0.9104007015000848,0.8932484623088096,,0.9425677623833423,above_range,ok
fw26_human,268m-g073-human-r0.025,268m-g073-control,fit,human,16,268436282,1203765248.0,0.0,0.0,0.0,0.9115131770687387,0.8952436069444013,,0.91035572517877,above_range,ok
fw26_human,268m-g073-human-r0.05,268m-g073-control,fit,human,16,268436282,1233125376.0,0.0,0.0,0.0,0.9102059524257384,0.8942986812853401,,0.9135156297736673,above_range,ok
fw26_human,268m-g074-control,268m-g074-control,fit,control,16,268436282,1174405120.0,0.0,0.0,0.0,0.9139571362390663,0.8962221974783817,,0.9073682443654971,above_range,ok
fw26_human,268m-g074-ai-r0.025,268m-g074-control,fit,ai,16,268436282,1174081007.0,29684241.0,0.025282958180073856,0.02465949324365277,0.9121938454119471,0.8946445031062589,,0.9263446035961705,above_range,ok
fw26_human,268m-g074-ai-r0.05,268m-g074-control,fit,ai,16,268436282,1173763980.0,59361396.0,0.050573536938831605,0.048138978529949576,0.911067674471372,0.8932484803634607,,0.9425672490595962,above_range,ok
fw26_human,268m-g074-human-r0.025,268m-g074-control,fit,human,16,268436282,1203765248.0,0.0,0.0,0.0,0.9121330103171211,0.8952436069444013,,0.91035572517877,above_range,ok
fw26_human,268m-g074-human-r0.05,268m-g074-control,fit,human,16,268436282,1233125376.0,0.0,0.0,0.0,0.9111379693535387,0.8942986812853401,,0.9135156297736673,above_range,ok
fw26_human,268m-g075-control,268m-g075-control,fit,control,16,268436282,1266679808.0,0.0,0.0,0.0,0.909683397564321,0.8932575336417582,,0.9173480592944633,above_range,ok
fw26_human,268m-g075-ai-r0.0025,268m-g075-control,fit,ai,16,268436282,1266659413.0,3166123.0,0.0024995851035451155,0.00249335275613799,0.9095226371531315,0.8930975668026548,,0.9195088927206376,above_range,ok
fw26_human,268m-g075-ai-r0.005,268m-g075-control,fit,ai,16,268436282,1266638913.0,6332351.0,0.004999334013039279,0.004974465000963289,0.9090847581602212,0.8929398503809777,,0.9216339369753912,above_range,ok
fw26_human,268m-g075-ai-r0.01,268m-g075-control,fit,ai,16,268436282,1266497059.0,12765661.0,0.010079503074471806,0.009978920514466333,0.9089508225375752,0.8926291357415452,,0.9258310423476557,above_range,ok
fw26_human,268m-g075-ai-r0.025,268m-g075-control,fit,ai,16,268436282,1266723423.0,31937953.0,0.02521304368428024,0.02459297981000399,0.9082893245307802,0.8917349825012792,,0.9375782606094025,above_range,ok
fw26_human,268m-g075-ai-r0.05,268m-g075-control,fit,ai,16,268436282,1266615160.0,64027784.0,0.05055030606139279,0.04811792997415842,0.9075056528206962,0.8904060110431276,,0.9545485295625461,above_range,ok
fw26_human,268m-g075-ai-r0.1,268m-g075-control,fit,ai,16,268436282,1266621123.0,127984957.0,0.10104438863049026,0.09177140329117166,0.9059215844885492,0.8882188845777488,,0.9796928085858555,above_range,ok
fw26_human,268m-g075-ai-r0.25,268m-g075-control,fit,ai,16,268436282,1266715851.0,320828213.0,0.25327559669102145,0.20209090271903155,0.9022758235942895,0.8840669036556783,,1.0027802332760944,above_range,ok
fw26_human,268m-g075-ai-r0.5,268m-g075-control,fit,ai,16,268436282,1266709899.0,645368437.0,0.5094840085401433,0.3375219648950617,0.89939339833017,0.8811108588976079,,0.9418756257649302,above_range,ok
fw26_human,268m-g075-ai-r1,268m-g075-control,fit,ai,16,268436282,1266784579.0,1304323773.0,1.0296334472508606,0.5073001968141092,0.8967007643719777,0.8800131333410851,0.4089072344969012,0.7358354344138834,ok,ok
fw26_human,268m-g075-ai-r2,268m-g075-control,fit,ai,16,268436282,1266710194.0,2640808270.0,2.084776993592269,0.6758274578430757,0.8963649327168379,0.8811815234269493,0.2716114094096278,0.4594609472000366,ok,ok
fw26_human,268m-g075-ai-r4,268m-g075-control,fit,ai,16,268436282,1266630658.0,5346738174.0,4.221229085392942,0.8084742148553434,0.8982866402782796,0.8836643120111372,0.1521580117895448,0.24460535835668157,ok,ok
fw26_human,268m-g075-human-r0.0025,268m-g075-control,fit,human,16,268436282,1269825536.0,0.0,0.0,0.0,0.9095437220354708,0.8931619562603349,,0.9177198437336863,above_range,ok
fw26_human,268m-g075-human-r0.005,268m-g075-control,fit,human,16,268436282,1272971264.0,0.0,0.0,0.0,0.9092485938854356,0.8930667180561128,,0.9180938124498963,above_range,ok
fw26_human,268m-g075-human-r0.01,268m-g075-control,fit,human,16,268436282,1279262720.0,0.0,0.0,0.0,0.9091544885797183,0.8928772510470646,,0.9188483433996788,above_range,ok
fw26_human,268m-g075-human-r0.025,268m-g075-control,fit,human,16,268436282,1298661376.0,0.0,0.0,0.0,0.9081574591850566,0.8923013804065898,,0.9212309455670679,above_range,ok
fw26_human,268m-g075-human-r0.05,268m-g075-control,fit,human,16,268436282,1330642944.0,0.0,0.0,0.0,0.9068171531487789,0.8913784333861694,,0.9253493790508487,above_range,ok
fw26_human,268m-g075-human-r0.25,268m-g075-control,fit,human,16,268436282,1587544064.0,0.0,0.0,0.0,0.8975518603891974,0.8849662592424494,0.6467513738804115,0.9683293215730397,ok,ok
fw26_human,268m-g075-human-r1,268m-g075-control,fit,human,16,268436282,2571108352.0,0.0,0.0,0.0,0.8742651310734837,0.8697662853638031,0.9727655484807033,1.205040239151336,ok,ok
fw26_human,268m-g076-control,268m-g076-control,fit,control,16,268436282,4697620480.0,0.0,0.0,0.0,0.8528010947555298,0.8547439287118743,1.441218098000806,1.3082044787492169,ok,ok
fw26_human,268m-g076-ai-r0.0025,268m-g076-control,fit,ai,16,268436282,4697437191.0,11717625.0,0.002494471884041419,0.002488264977016207,0.8526594479608383,0.8546683708144501,1.4480726033089866,1.3098424850975805,ok,ok
fw26_human,268m-g076-ai-r0.005,268m-g076-control,fit,ai,16,268436282,4697152793.0,23536359.0,0.005010771426272401,0.0049857887783245425,0.8527059005766943,0.8546163209711287,1.4411258468635393,1.309983690846818,ok,ok
fw26_human,268m-g076-ai-r0.01,268m-g076-control,fit,ai,16,268436282,4697107968.0,47174144.0,0.010043231776102108,0.009943368224389435,0.8526345441862812,0.8545542958299552,1.4391737397900757,1.3074464849569847,ok,ok
fw26_human,268m-g076-ai-r0.025,268m-g076-control,fit,ai,16,268436282,4697755862.0,117305130.0,0.024970461098005863,0.024362127540003546,0.852130044915917,0.854504308575983,1.4550914615409178,1.2913976906322902,ok,ok
fw26_human,268m-g076-ai-r0.05,268m-g076-control,fit,ai,16,268436282,4697584015.0,234917489.0,0.05000815062591275,0.04762644041963175,0.8518061995720814,0.8545156658932309,1.444371792188788,1.2599461379809347,ok,ok
fw26_human,268m-g076-ai-r0.1,268m-g076-control,fit,ai,16,268436282,4697078222.0,470304306.0,0.10012699039100652,0.09101402953073576,0.8514162780141934,0.8545819753936149,1.4069325474616474,1.1987625685984233,ok,ok
fw26_human,268m-g076-ai-r0.25,268m-g076-control,fit,ai,16,268436282,4691245026.0,1180780574.0,0.2516987638581724,0.2010857333455767,0.8520734640635387,0.8549843883462455,1.1966528112966244,1.0343330569904114,ok,ok
fw26_human,268m-g076-ai-r0.5,268m-g076-control,fit,ai,16,268436282,4678827711.0,2367603009.0,0.506024832552335,0.33600032457283563,0.8533428719466168,0.8560286593387698,0.9348904209187238,0.8194850292753886,ok,ok
fw26_human,268m-g076-ai-r1,268m-g076-control,fit,ai,16,268436282,4647615246.0,4747625714.0,1.021518663380338,0.505322400374072,0.8570445979836439,0.8586219009566443,0.5855965434855307,0.5439726632508397,ok,ok
fw26_human,268m-g076-human-r0.0025,268m-g076-control,fit,human,16,268436282,4709154816.0,0.0,0.0,0.0,0.8527948060592643,0.8546904978686033,1.4381469214972948,1.3084219323264217,ok,ok
fw26_human,268m-g076-human-r0.005,268m-g076-control,fit,human,16,268436282,4720689152.0,0.0,0.0,0.0,0.8528427323978419,0.8546372545009351,1.431149634281199,1.3086383650214908,ok,ok
fw26_human,268m-g076-human-r0.01,268m-g076-control,fit,human,16,268436282,4744282112.0,0.0,0.0,0.0,0.8529147258922202,0.854528926870596,1.4188477783693125,1.3090779455661044,ok,ok
fw26_human,268m-g076-human-r0.025,268m-g076-control,fit,human,16,268436282,4815060992.0,0.0,0.0,0.0,0.8520701466947862,0.8542085290562611,1.4595818949087416,1.3103725224247507,ok,ok
fw26_human,268m-g076-human-r0.05,268m-g076-control,fit,human,16,268436282,4932501504.0,0.0,0.0,0.0,0.851693847867524,0.8536915478931758,1.4528031391269,1.312446766955888,ok,ok
fw26_human,268m-g076-human-r0.25,268m-g076-control,fit,human,16,268436282,5872025600.0,0.0,0.0,0.0,0.8464977070370011,0.850108217108491,1.6238727082711388,1.3267852644619116,ok,ok
fw26_human,268m-g077-control,268m-g077-control,fit,control,16,268436282,4697620480.0,0.0,0.0,0.0,0.8533330628840059,0.8547439287118743,1.4030267335171491,1.3082044787492169,ok,ok
fw26_human,268m-g077-ai-r0.25,268m-g077-control,fit,ai,16,268436282,4692018287.0,1180007313.0,0.25149247953048315,0.2009540477820805,0.8518167559444584,0.8549803326759634,1.2126098040451307,1.0345377428315554,ok,ok
fw26_human,268m-g077-ai-r1,268m-g077-control,fit,ai,16,268436282,4645447812.0,4749793148.0,1.022461846569551,0.5055530952555792,0.8574978376252981,0.8586349890233389,0.573228307388665,0.5436433597722384,ok,ok
fw26_human,268m-g078-control,268m-g078-control,fit,control,16,268436282,4697620480.0,0.0,0.0,0.0,0.8531709414436116,0.8547439287118743,1.4145170327382295,1.3082044787492169,ok,ok
fw26_human,268m-g078-ai-r0.025,268m-g078-control,fit,ai,16,268436282,4698546837.0,116514155.0,0.02479791285307134,0.024197856515957503,0.8529251185729109,0.8545008552573555,1.3972561115080373,1.2916170750524163,ok,ok
fw26_human,268m-g078-ai-r0.05,268m-g078-control,fit,ai,16,268436282,4699085033.0,233416471.0,0.04967274892043862,0.047322128702994105,0.8523493154029328,0.8545086815829982,1.4045581462525818,1.260379000759198,ok,ok
fw26_human,268m-g078-ai-r0.25,268m-g078-control,fit,ai,16,268436282,4691419121.0,1180606479.0,0.25165231426783025,0.2010560851437705,0.8516817978707006,0.8549834751386071,1.2211176492556115,1.0343791409686431,ok,ok
fw26_human,268m-g078-ai-r0.5,268m-g078-control,fit,ai,16,268436282,4677857410.0,2368573310.0,0.5063372186028219,0.3361380256357647,0.8529668034818192,0.8560341655516321,0.9527798605016844,0.8192686092146738,ok,ok
fw26_human,268m-g078-ai-r1,268m-g078-control,fit,ai,16,268436282,4646431153.0,4748809807.0,1.0220338256672326,0.5054484315216541,0.8569047560266201,0.8586290502588146,0.5894825580056633,0.5437927513669716,ok,ok
fw26_human,268m-g078-human-r0.025,268m-g078-control,fit,human,16,268436282,4815060992.0,0.0,0.0,0.0,0.8526364204213865,0.8542085290562611,1.4178832141933921,1.3103725224247507,ok,ok
fw26_human,268m-g078-human-r0.05,268m-g078-control,fit,human,16,268436282,4932501504.0,0.0,0.0,0.0,0.8519457974842048,0.8536915478931758,1.433990313464413,1.312446766955888,ok,ok
fw26_human,268m-g079-control,268m-g079-control,fit,control,16,268436282,4697620480.0,0.0,0.0,0.0,0.853011333342288,0.8547439287118743,1.425955765476051,1.3082044787492169,ok,ok
fw26_human,268m-g079-ai-r0.025,268m-g079-control,fit,ai,16,268436282,4698474164.0,116586828.0,0.024813763773204395,0.0242129493673504,0.8527717601107175,0.854501172333264,1.4081614793397172,1.2915969295703207,ok,ok
fw26_human,268m-g079-ai-r0.05,268m-g079-control,fit,ai,16,268436282,4699013288.0,233488216.0,0.04968877542786808,0.04733667406095129,0.8520032764019145,0.8545090153015212,1.4297459104099322,1.2603583134958614,ok,ok
fw26_human,268m-g079-ai-r0.25,268m-g079-control,fit,ai,16,268436282,4691198153.0,1180827447.0,0.25171127044481506,0.201093715769904,0.8522206980186963,0.8549846342262494,1.1876320521360009,1.0343206494088206,ok,ok
fw26_human,268m-g079-ai-r0.5,268m-g079-control,fit,ai,16,268436282,4678162788.0,2368267932.0,0.5062388889234181,0.3360946876662118,0.8534006297372457,0.8560324324361192,0.9321838146646586,0.8193367206439504,ok,ok
fw26_human,268m-g079-ai-r1,268m-g079-control,fit,ai,16,268436282,4645906694.0,4749334266.0,1.0222620854899158,0.5055042532937867,0.8568583121177689,0.8586322174868893,0.5907806110948177,0.5437130722390281,ok,ok
fw26_human,268m-g079-human-r0.025,268m-g079-control,fit,human,16,268436282,4815060992.0,0.0,0.0,0.0,0.8528210693703969,0.8542085290562611,1.4046423335196274,1.3103725224247507,ok,ok
fw26_human,268m-g079-human-r0.05,268m-g079-control,fit,human,16,268436282,4932501504.0,0.0,0.0,0.0,0.8517125353383398,0.8536915478931758,1.451396010329095,1.312446766955888,ok,ok
fw26_human,268m-g080-control,268m-g080-control,fit,control,16,268436282,4697620480.0,0.0,0.0,0.0,0.8535980737539014,0.8547439287118743,1.384517866797758,1.3082044787492169,ok,ok
fw26_human,268m-g080-ai-r0.25,268m-g080-control,fit,ai,16,268436282,4692742401.0,1179283199.0,0.2512993678810711,0.2008307319028037,0.8520514385759309,0.8549765357970007,1.1980104394616127,1.034729417050818,ok,ok
fw26_human,268m-g080-ai-r1,268m-g080-control,fit,ai,16,268436282,4648225243.0,4747015717.0,1.021253374962578,0.5052574742053236,0.8573334476370479,0.8586182187252167,0.5776747552870958,0.54406535579372,ok,ok
fw26_human,268m-g081-control,268m-g081-control,fit,control,16,268436282,5067767808.0,0.0,0.0,0.0,0.8507948680516636,0.8531175576751494,1.4821621577851352,1.314734786663651,ok,ok
fw26_human,268m-g081-ai-r0.0025,268m-g081-control,fit,ai,16,268436282,5067691263.0,12659457.0,0.002498071871984124,0.0024918470589369076,0.8506095101037073,0.8530468688870835,1.4930736080951201,1.3161657905709772,ok,ok
fw26_human,268m-g081-ai-r0.005,268m-g081-control,fit,ai,16,268436282,5067585524.0,25348108.0,0.005002008921201583,0.00497711335579407,0.8504615606815431,0.8530022238114523,1.5011405176433938,1.3158788946160445,ok,ok
fw26_human,268m-g081-ai-r0.01,268m-g081-control,fit,ai,16,268436282,5067941270.0,50682474.0,0.010000604051988157,0.009901582248433379,0.8504148356608289,0.8529544548740448,1.4973274040281939,1.312441159266404,ok,ok
fw26_human,268m-g081-ai-r0.025,268m-g081-control,fit,ai,16,268436282,5067952437.0,126693067.0,0.024998866618210925,0.02438916513214296,0.850119964989358,0.8529296296013734,1.4988529850223566,1.2948597368741266,ok,ok
fw26_human,268m-g081-ai-r0.05,268m-g081-control,fit,ai,16,268436282,5068012779.0,253510421.0,0.05002166175477199,0.047638695063849386,0.8497951904837456,0.8529454819991956,1.4889146436936016,1.262973560827494,ok,ok
fw26_human,268m-g081-ai-r0.1,268m-g081-control,fit,ai,16,268436282,5067952469.0,507326123.0,0.10010475159410971,0.09099565423115631,0.8496869828158349,0.853013630887538,1.429487988526616,1.201342885343033,ok,ok
fw26_human,268m-g081-ai-r0.25,268m-g081-control,fit,ai,16,268436282,5067945831.0,1274366105.0,0.25145614169844904,0.20093084633168065,0.8496823608890216,0.8534116136147861,1.2569215495374693,1.0351036599104437,ok,ok
fw26_human,268m-g081-ai-r0.5,268m-g081-control,fit,ai,16,268436282,5067652554.0,2563883574.0,0.5059312071377654,0.33595904297604606,0.8516270213584469,0.8544633778666805,0.9422546439194106,0.8164404413546548,ok,ok
fw26_human,268m-g081-ai-r1,268m-g081-control,fit,ai,16,268436282,5067636186.0,5176427046.0,1.021467772351249,0.5053099467240774,0.8551019799287259,0.857087272362787,0.5895043360974077,0.5359925587698972,ok,ok
fw26_human,268m-g081-ai-r2,268m-g081-control,fit,ai,16,268436282,5067781790.0,10486794594.0,2.069306656946648,0.6741935193289543,0.861821386834416,0.8623056226775274,0.28406132786284627,0.27796884656630666,ok,ok
fw26_human,268m-g081-ai-r4,268m-g081-control,fit,ai,16,268436282,5067759676.0,21284003780.0,4.19988419750787,0.8076880249603892,0.870865146778415,0.8705655815679161,0.11175104880410063,0.11331951760805924,ok,ok
fw26_human,268m-g081-human-r0.0025,268m-g081-control,fit,human,16,268436282,5080350720.0,0.0,0.0,0.0,0.8506277602341206,0.8530652815489389,1.4916288936743902,1.3149426484106097,ok,ok
fw26_human,268m-g081-human-r0.005,268m-g081-control,fit,human,16,268436282,5092933632.0,0.0,0.0,0.0,0.8505324304747848,0.8530131908977517,1.4954931143898695,1.3151497122634002,ok,ok
fw26_human,268m-g081-human-r0.01,268m-g081-control,fit,human,16,268436282,5118623744.0,0.0,0.0,0.0,0.8505854479233377,0.8529074104086858,1.4838031330236374,1.3155700359345899,ok,ok
fw26_human,268m-g081-human-r0.025,268m-g081-control,fit,human,16,268436282,5194645504.0,0.0,0.0,0.0,0.8501298713216489,0.8525987985097445,1.4980570671359554,1.3167955065620192,ok,ok
fw26_human,268m-g081-human-r0.05,268m-g081-control,fit,human,16,268436282,5321523200.0,0.0,0.0,0.0,0.8492934687478493,0.8520979101663574,1.5300499043711087,1.3187845271124015,ok,ok
fw26_human,268m-g081-human-r0.25,268m-g081-control,fit,human,16,268436282,6342311936.0,0.0,0.0,0.0,0.84495267121139,0.8486093581908019,1.6487587992514046,1.3330725976453008,ok,ok
fw26_human,268m-g082-control,268m-g082-control,fit,control,16,268436282,9395240960.0,0.0,0.0,0.0,0.8352090375109786,0.8416993337961812,2.2412342571963833,1.3704902322933348,ok,ok
fw26_human,268m-g082-ai-r0.025,268m-g082-control,fit,ai,16,268436282,9396332712.0,233789272.0,0.024880906111533187,0.024276875452712853,0.8348998236664444,0.8416824436496667,2.2461406396172,1.338582877239911,ok,ok
fw26_human,268m-g082-ai-r0.05,268m-g082-control,fit,ai,16,268436282,9395769204.0,469233804.0,0.0499409674516309,0.04756550034698175,0.8344976132910357,0.8417121445840356,2.2720385943537993,1.3041055837522895,ok,ok
fw26_human,268m-g082-ai-r0.1,268m-g082-control,fit,ai,16,268436282,9393779762.0,940985294.0,0.10017110447984974,0.09105047757749433,0.8347821790981763,0.8418229086622858,2.11472822543053,1.2356147126484032,ok,ok
fw26_human,268m-g082-ai-r0.25,268m-g082-control,fit,ai,16,268436282,9385285244.0,2358765956.0,0.2513259740835214,0.20084772416523525,0.8360264426445989,0.842463293053396,1.6730393330545679,1.0421593090674184,ok,ok
fw26_human,268m-g082-ai-r0.5,268m-g082-control,fit,ai,16,268436282,9360479324.0,4732382116.0,0.5055704897361728,0.33579994638760885,0.8383674233252069,0.8441540359089107,1.1582269389069866,0.7794585955820151,ok,ok
fw26_human,268m-g082-ai-r1,268m-g082-control,fit,ai,16,268436282,9299697574.0,9490784346.0,1.0205476329181111,0.5050846692706857,0.8437997025983714,0.8483477961886714,0.5977247075621835,0.45654994658984366,ok,ok
fw26_human,268m-g082-human-r0.025,268m-g082-control,fit,human,16,268436282,9630121984.0,0.0,0.0,0.0,0.8348564354186646,0.8413033142461163,2.25469938491794,1.3733689015555965,ok,ok
fw26_human,268m-g082-human-r0.05,268m-g082-control,fit,human,16,268436282,9865003008.0,0.0,0.0,0.0,0.8343402473677822,0.8409209183191659,2.304310954312214,1.3762627057052665,ok,ok
fw26_human,268m-g082-human-r0.25,268m-g082-control,fit,human,16,268436282,11744051200.0,0.0,0.0,0.0,0.8308323484577002,0.8382704327796118,2.7413916814201817,1.4001139910403597,ok,ok
fw26_human,268m-g082-human-r1,268m-g082-control,fit,human,16,268436282,18790481920.0,0.0,0.0,0.0,0.8222523912445646,0.8320506264144465,,1.5059112482582415,below_range,ok
fw26_human,268m-g083-control,268m-g083-control,fit,control,16,268436282,10135535616.0,0.0,0.0,0.0,0.8337824027679492,0.8404963544527132,2.3599261291896716,1.3796165166442493,ok,ok
fw26_human,268m-g083-ai-r0.025,268m-g083-control,fit,ai,16,268436282,10135357509.0,252884923.0,0.024950764960727147,0.024343379032146176,0.8333853837574547,0.8404878103629361,2.3896169191586116,1.3468605656557058,ok,ok
fw26_human,268m-g083-ai-r0.05,268m-g083-control,fit,ai,16,268436282,10135505136.0,505968400.0,0.04992039303525839,0.04754683628055024,0.8333407583687068,0.8405178761235088,2.3426228258426853,1.3120478942547875,ok,ok
fw26_human,268m-g083-ai-r0.1,268m-g083-control,fit,ai,16,268436282,10135597602.0,1014435294.0,0.10008638205998108,0.09098047543554082,0.8335196278568352,0.8406310524464993,2.1983862157835463,1.2423556442903676,ok,ok
fw26_human,268m-g083-ai-r0.25,268m-g083-control,fit,ai,16,268436282,10135498541.0,2545979603.0,0.2511943139946233,0.20076363134407813,0.8346283887685549,0.8412930047530769,1.7469823184273652,1.0436479649750277,ok,ok
fw26_human,268m-g083-ai-r0.5,268m-g083-control,fit,ai,16,268436282,10135468827.0,5123933413.0,0.5055447853926885,0.3357886064218463,0.8374881763182574,0.8430424684198162,1.1444720398260917,0.7724288741505007,ok,ok
fw26_human,268m-g083-ai-r1,268m-g083-control,fit,ai,16,268436282,10135612449.0,10344649695.0,1.0206240369836381,0.5051033830653686,0.8426354340347829,0.847410924445901,0.5909146486041014,0.4416478823252281,ok,ok
fw26_human,268m-g083-human-r0.025,268m-g083-control,fit,human,16,268436282,10388242432.0,0.0,0.0,0.0,0.8333285397047657,0.840114201232425,2.402508470269603,1.382771184347218,ok,ok
fw26_human,268m-g083-human-r0.05,268m-g083-control,fit,human,16,268436282,10641473536.0,0.0,0.0,0.0,0.8327166693852474,0.8397444081580339,2.4878330873458534,1.3859551126086116,ok,ok
fw26_human,268m-g083-human-r0.25,268m-g083-control,fit,human,16,268436282,12681478144.0,0.0,0.0,0.0,0.829311903203252,0.8371652802577454,3.0310440777085033,1.4125759551930217,ok,ok
fw26_human,268m-g083-human-r1,268m-g083-control,fit,human,16,268436282,20480262144.0,0.0,0.0,0.0,0.8208659644536919,0.8310426076090056,,1.53624259403432,below_range,ok
fw26_human,268m-g084-control,268m-g084-control,fit,control,16,268436282,14092861440.0,0.0,0.0,0.0,0.8271968762576191,0.8357056642502809,3.642034152698268,1.432167106862883,ok,ok
fw26_human,268m-g084-ai-r0.05,268m-g084-control,fit,ai,16,268436282,14092839732.0,704664780.0,0.05000161737452731,0.047620514623161886,0.8268152154081528,0.8357514036947938,3.6820064326744175,1.3587211343963976,ok,ok
fw26_human,268m-g084-ai-r0.1,268m-g084-control,fit,ai,16,268436282,14090697257.0,1411450327.0,0.10016894843857477,0.09104869627591336,0.8271091783122011,0.8358978543782023,3.3558224184513032,1.281120057418098,ok,ok
fw26_human,268m-g084-ai-r0.25,268m-g084-control,fit,ai,16,268436282,14077793043.0,3538283757.0,0.25133795803024434,0.2008553775719234,0.8285437799644396,0.8367527897623983,2.407061498983145,1.0509672086261743,ok,ok
fw26_human,268m-g084-ai-r0.5,268m-g084-control,fit,ai,16,268436282,14041122882.0,7098169278.0,0.5055271816686036,0.3357808399768103,0.8315220872607579,0.8390063013194431,1.4139336459706755,0.7361901076524335,ok,ok
fw26_human,268m-g084-ai-r1,268m-g084-control,fit,ai,16,268436282,13949505755.0,14236217125.0,1.0205535145857934,0.5050861099291415,0.8374395041625431,0.8445995521278836,0.621968335056456,0.3791163400839308,ok,ok
fw26_human,268m-g084-human-r0.25,268m-g084-control,fit,human,16,268436282,17616076800.0,0.0,0.0,0.0,0.8232901477776288,0.8328312629256225,,1.4861066313541726,below_range,ok
fw26_human,268m-g085-control,268m-g085-control,fit,control,16,268436282,14690025472.0,0.0,0.0,0.0,0.8266865572253803,0.8351497476323954,3.786938404960987,1.4407805993697715,ok,ok
fw26_human,268m-g085-ai-r0.05,268m-g085-control,fit,ai,16,268436282,14690040880.0,733463504.0,0.049929303123899815,0.047554919150597105,0.8263173294809397,0.835197744141381,,1.3665813657956036,below_range,ok
fw26_human,268m-g085-ai-r0.1,268m-g085-control,fit,ai,16,268436282,14689954422.0,1470174602.0,0.10008026980657163,0.09097542475165822,0.826657278056626,0.8353465132076234,3.458956588380443,1.287698608405184,ok,ok
fw26_human,268m-g085-ai-r0.25,268m-g085-control,fit,ai,16,268436282,14690155775.0,3690857217.0,0.25124697610635105,0.2007972693673835,0.8282595223852615,0.8362153939632347,2.3965148718202625,1.0523451989161665,ok,ok
fw26_human,268m-g085-ai-r0.5,268m-g085-control,fit,ai,16,268436282,14690161898.0,7425354518.0,0.5054644441332488,0.33575315983252146,0.8311168602814124,0.8385103898292351,1.4112455355743532,0.7301588415339239,ok,ok
fw26_human,268m-g085-ai-r1,268m-g085-control,fit,ai,16,268436282,14689978907.0,14992061925.0,1.0205638837136828,0.5050886497277897,0.8368353161575689,0.8442446410531614,0.6196130879742952,0.36799977190523253,ok,ok
fw26_human,268m-g085-human-r0.25,268m-g085-control,fit,human,16,268436282,18381012992.0,0.0,0.0,0.0,0.822598248642344,0.8323146606361838,,1.4988928080356938,below_range,ok
fw26_human,268m-g086-control,268m-g086-control,fit,control,16,268436282,18790481920.0,0.0,0.0,0.0,0.8222758407005819,0.8320506264144465,,1.5059112482582415,below_range,ok
fw26_human,268m-g086-ai-r0.05,268m-g086-control,fit,ai,16,268436282,18791031735.0,938974281.0,0.049969277591664925,0.04759118067366736,0.8221091749501009,0.8321121149290254,,1.4252562686907797,below_range,ok
fw26_human,268m-g086-ai-r0.1,268m-g086-control,fit,ai,16,268436282,18789382436.0,1880147676.0,0.10006436786329298,0.09096228437764305,0.8224528503725276,0.8322910409074226,,1.3361016283858405,below_range,ok
fw26_human,268m-g086-ai-r0.25,268m-g086-control,fit,ai,16,268436282,18771926731.0,4716175669.0,0.25123556769544053,0.2007899824636323,0.8239445953496417,0.8333418976503751,,1.061229557647758,below_range,ok
fw26_human,268m-g086-ai-r0.5,268m-g086-control,fit,ai,16,268436282,18723672523.0,9462050357.0,0.5053522670500084,0.3357036609380018,0.8271770805095037,0.836110084312902,1.826536994987793,0.6922762835835579,ok,ok
fw26_human,268m-g086-ai-r1,268m-g086-control,fit,ai,16,268436282,18600458178.0,18980505662.0,1.0204321571201675,0.5050563828753574,0.8336341585514864,0.8429850983965005,0.6452959720623833,0.314800445713083,ok,ok
fw26_human,268m-g086-human-r0.25,268m-g086-control,fit,human,16,268436282,23488102400.0,0.0,0.0,0.0,0.8184179756816354,0.8295143680818852,,1.596379622431977,below_range,ok
fw26_human,268m-g087-control,268m-g087-control,fit,control,16,268436282,19586875392.0,0.0,0.0,0.0,0.8218255582064616,0.8315600030108823,,1.5199245864523934,below_range,ok
fw26_human,268m-g087-ai-r0.05,268m-g087-control,fit,ai,16,268436282,19586924402.0,978272398.0,0.04994517658423747,0.047569318568349415,0.8216218040991862,0.8316240496749585,,1.4379296072478853,below_range,ok
fw26_human,268m-g087-ai-r0.1,268m-g087-control,fit,ai,16,268436282,19587068098.0,1960120126.0,0.10007215557698215,0.09096871970593132,0.8219750726505096,0.8318074443709533,,1.3464569011744627,below_range,ok
fw26_human,268m-g087-ai-r0.25,268m-g087-control,fit,ai,16,268436282,19586752951.0,4921089609.0,0.25124580992628254,0.2007965244983196,0.8232080347537328,0.8328804865116419,,1.0631007346599508,below_range,ok
fw26_human,268m-g087-ai-r0.5,268m-g087-control,fit,ai,16,268436282,19586923960.0,9899557448.0,0.5054166477705568,0.33573207026709345,0.8267380049253897,0.8357129274247548,1.8709181917941597,0.6840752265862786,ok,ok
fw26_human,268m-g087-ai-r1,268m-g087-control,fit,ai,16,268436282,19586800243.0,19990128013.0,1.0205918151508255,0.5050954910824699,0.8328129126337512,0.8427926537458471,0.6626647065197773,0.3026725938378683,ok,ok
fw26_human,268m-g087-human-r0.25,268m-g087-control,fit,human,16,268436282,24507842560.0,0.0,0.0,0.0,0.8183443218858658,0.8290586143671349,,1.6188240705218164,below_range,ok
fw26_human,268m-g088-control,268m-g088-control,fit,control,16,268436282,23488102400.0,0.0,0.0,0.0,0.8186909333102435,0.8295143680818852,,1.596379622431977,below_range,ok
fw26_human,268m-g088-ai-r0.05,268m-g088-control,fit,ai,16,268436282,23488797122.0,1173710398.0,0.049968944425029034,0.04759087846392677,0.8183090841407064,0.8295885834780581,,1.5067470601842496,below_range,ok
fw26_human,268m-g088-ai-r0.1,268m-g088-control,fit,ai,16,268436282,23486821631.0,2350091009.0,0.10005998452758463,0.09095866219563918,0.8188541165076559,0.8297989166762625,,1.4024584745882802,below_range,ok
fw26_human,268m-g088-ai-r0.25,268m-g088-control,fit,ai,16,268436282,23465157832.0,5894970168.0,0.25122226793466895,0.2007814873286656,0.8205198426117443,0.8310330860974068,,1.072721226105506,below_range,ok
fw26_human,268m-g088-ai-r0.5,268m-g088-control,fit,ai,16,268436282,23403617983.0,11828535617.0,0.5054148305442369,0.33573126841159096,0.8240887811068744,0.8342856610616918,,0.6483880660234301,below_range,ok
fw26_human,268m-g088-ai-r1,268m-g088-control,fit,ai,16,268436282,23248135764.0,23728069036.0,1.0206439465457346,0.505108259320259,0.8308172942955184,0.842361743021754,0.6864866963252941,0.2622842446008249,ok,ok
fw26_human,268m-g088-human-r0.1,268m-g088-control,fit,human,16,268436282,25836912640.0,0.0,0.0,0.0,0.8172141658736711,0.8285038941641191,,1.6498763391052191,below_range,ok
fw26_human,477m-g089-control,477m-g089-control,held_out,control,20,477103346,2175795200.0,0.0,0.0,0.0,0.8651652052280686,0.8430671438882743,,0.9135908765893491,above_range,ok
fw26_human,477m-g089-ai-r0.0025,477m-g089-control,held_out,ai,20,477103346,2175599082.0,5438997.0,0.002499999675951325,0.002493765263600425,0.8650395895214752,0.8429429115022934,,0.9156780345963287,above_range,ok
fw26_human,477m-g089-ai-r0.025,477m-g089-control,held_out,ai,20,477103346,2174900074.0,54372501.0,0.024999999609177447,0.024390243530448493,0.8641578259414247,0.8418827512846788,,0.9330734211132259,above_range,ok
fw26_human,477m-g089-ai-r0.05,477m-g089-control,held_out,ai,20,477103346,2175046217.0,108752310.0,0.049999999609203705,0.04761904726458386,0.8627593889571784,0.840829466263817,,0.9496042590516045,above_range,ok
fw26_human,477m-g089-ai-r0.1,477m-g089-control,held_out,ai,20,477103346,2175318574.0,217531857.0,0.09999999981611889,0.09090909075712304,0.8614003220624747,0.8390751106735911,,0.974728297759108,above_range,ok
fw26_human,477m-g089-ai-r0.25,477m-g089-control,held_out,ai,20,477103346,2175166054.0,543791513.0,0.24999999977013249,0.1999999998528848,0.857940237046225,0.8356839343671092,,1.0016831326431883,above_range,ok
fw26_human,477m-g089-ai-r0.5,477m-g089-control,held_out,ai,20,477103346,2175445674.0,1087722837.0,0.5,0.3333333333333333,0.8550124711751228,0.8331504480323985,,0.952358446126802,above_range,ok
fw26_human,477m-g089-ai-r1,477m-g089-control,held_out,ai,20,477103346,2175795200.0,2175795200.0,1.0,0.5,0.8529086275061982,0.8320620007573802,,0.7596310600065623,above_range,ok
fw26_human,477m-g089-human-r0.0025,477m-g089-control,held_out,human,20,477103346,2181038080.0,0.0,0.0,0.0,0.8652079038810843,0.8429938510682312,,0.9139175181997935,above_range,ok
fw26_human,477m-g089-human-r0.025,477m-g089-control,held_out,human,20,477103346,2229272576.0,0.0,0.0,0.0,0.8638304276421689,0.8423312136777898,,0.9170093799420006,above_range,ok
fw26_human,477m-g089-human-r0.05,477m-g089-control,held_out,human,20,477103346,2283798528.0,0.0,0.0,0.0,0.8622251142187978,0.8416064884577381,,0.920698836499316,above_range,ok
fw26_human,477m-g090-control,477m-g090-control,held_out,control,20,477103346,2251292672.0,0.0,0.0,0.0,0.8629017069375388,0.8420355052871679,,0.9184740382458283,above_range,ok
fw26_human,477m-g090-ai-r0.0025,477m-g090-control,held_out,ai,20,477103346,2250903126.0,5632426.0,0.0025022960495013325,0.0024960501929641213,0.8628292611764643,0.8419155207655403,,0.9206240553165999,above_range,ok
fw26_human,477m-g090-ai-r0.025,477m-g090-control,held_out,ai,20,477103346,2251437784.0,56477992.0,0.025085299892079985,0.02447142681172088,0.8614937225983627,0.8408551657970078,,0.9387094590323577,above_range,ok
fw26_human,477m-g090-ai-r0.05,477m-g090-control,held_out,ai,20,477103346,2251480810.0,113058070.0,0.05021498273396343,0.04781400337980486,0.8605565998830651,0.8398259943052079,,0.9556440649154607,above_range,ok
fw26_human,477m-g090-ai-r0.1,477m-g090-control,held_out,ai,20,477103346,2251260174.0,226524914.0,0.10062138379924096,0.09142234130678568,0.8595621616929723,0.8381305935390925,,0.9808014189209631,above_range,ok
fw26_human,477m-g090-ai-r0.25,477m-g090-control,held_out,ai,20,477103346,2250972069.0,567600219.0,0.2521578240871544,0.201378627547196,0.855850670874672,0.8349329874248962,,1.0031907247545508,above_range,ok
fw26_human,477m-g090-ai-r0.5,477m-g090-control,held_out,ai,20,477103346,2251038617.0,1143201895.0,0.5078553012669174,0.33680639040112903,0.8533214455009255,0.8326887251374946,,0.9395182361105607,above_range,ok
fw26_human,477m-g090-ai-r1,477m-g090-control,held_out,ai,20,477103346,2251256739.0,2306903133.0,1.0247179244534845,0.5061040414951027,0.8512312116265056,0.8319895130728238,,0.7282734197928489,above_range,ok
fw26_human,477m-g090-human-r0.0025,477m-g090-control,held_out,human,20,477103346,2256535552.0,0.0,0.0,0.0,0.862456738701483,0.8419657097120381,,0.9188277829494855,above_range,ok
fw26_human,477m-g090-human-r0.025,477m-g090-control,held_out,human,20,477103346,2307915776.0,0.0,0.0,0.0,0.862139874385164,0.841293807640645,,0.9223988609327358,above_range,ok
fw26_human,477m-g090-human-r0.05,477m-g090-control,held_out,human,20,477103346,2364538880.0,0.0,0.0,0.0,0.8609346386186176,0.8405777735419698,,0.9265607605418625,above_range,ok
fw26_human,477m-g091-control,477m-g091-control,held_out,control,20,477103346,8703180800.0,0.0,0.0,0.0,0.8075310207293027,0.8113484237855402,1.7137679745771177,1.3226833360388186,ok,ok
fw26_human,477m-g091-ai-r0.0025,477m-g091-control,held_out,ai,20,477103346,8702396329.0,21755990.0,0.0024999999054858032,0.0024937654919915207,0.8075144144813579,0.8112926542860955,1.711684148911781,1.3242618059479447,ok,ok
fw26_human,477m-g091-ai-r0.025,477m-g091-control,held_out,ai,20,477103346,8702669299.0,217566732.0,0.024999999945419044,0.024390243850488085,0.8071298541993596,0.8111875820246262,1.7211348388669592,1.303982048836101,ok,ok
fw26_human,477m-g091-ai-r0.05,477m-g091-control,held_out,ai,20,477103346,8703180800.0,435159040.0,0.05,0.047619047619047616,0.8067923522919661,0.8112013394756865,1.721934649497045,1.2717269083514904,ok,ok
fw26_human,477m-g091-ai-r0.1,477m-g091-control,held_out,ai,20,477103346,8703180800.0,870318080.0,0.1,0.09090909090909091,0.8067587330545759,0.8112666106055062,1.647725291624385,1.2088074245187628,ok,ok
fw26_human,477m-g091-ai-r0.25,477m-g091-control,held_out,ai,20,477103346,8703180800.0,2175795200.0,0.25,0.2,0.8067236537768998,0.8116456476982702,1.453740188932511,1.0381251012070325,ok,ok
fw26_human,477m-g091-ai-r0.5,477m-g091-control,held_out,ai,20,477103346,8703180800.0,4351590400.0,0.5,0.3333333333333333,0.8081645428815459,0.8126363582094844,1.0922927822825248,0.8124953638566086,ok,ok
fw26_human,477m-g091-ai-r1,477m-g091-control,held_out,ai,20,477103346,8703180800.0,8703180800.0,1.0,0.5,0.8118965237693856,0.8150837062874677,0.6385163749167921,0.5246810660157064,ok,ok
fw26_human,477m-g091-human-r0.0025,477m-g091-control,held_out,human,20,477103346,8724152320.0,0.0,0.0,0.0,0.8076891272454902,0.8113083243269338,1.690438256665904,1.3229225348274973,ok,ok
fw26_human,477m-g091-human-r0.025,477m-g091-control,held_out,human,20,477103346,8920236032.0,0.0,0.0,0.0,0.807058210229023,0.8109399692504904,1.730115237001874,1.3251210778112514,ok,ok
fw26_human,477m-g091-human-r0.05,477m-g091-control,held_out,human,20,477103346,9138339840.0,0.0,0.0,0.0,0.8062295685815808,0.8105436608669697,1.795193215070821,1.3274931764517832,ok,ok
fw26_human,477m-g092-control,477m-g092-control,held_out,control,20,477103346,9007267840.0,0.0,0.0,0.0,0.8070004111423156,0.81078017649247,1.7206219334861803,1.3260763336540038,ok,ok
fw26_human,477m-g092-ai-r0.0025,477m-g092-control,held_out,ai,20,477103346,9007784045.0,22552467.0,0.0025036642627459882,0.0024974115826172216,0.8067761433322025,0.8107238669750807,1.74460257412742,1.3275723624598197,ok,ok
fw26_human,477m-g092-ai-r0.025,477m-g092-control,held_out,ai,20,477103346,9006830431.0,224832673.0,0.02496246317974008,0.02435451450807189,0.80622953176339,0.8106365347340417,1.7770504219089795,1.3060776664693377,ok,ok
fw26_human,477m-g092-ai-r0.05,477m-g092-control,held_out,ai,20,477103346,9007470387.0,449636557.0,0.04991818320590167,0.04754483159199854,0.8060332311008238,0.810651680660894,1.760407855382406,1.2736760192552203,ok,ok
fw26_human,477m-g092-ai-r0.1,477m-g092-control,held_out,ai,20,477103346,9007611810.0,901431390.0,0.10007440473836317,0.090970578269353,0.8057951768683986,0.8107186303664202,1.7106018890880261,1.210261937857906,ok,ok
fw26_human,477m-g092-ai-r0.25,477m-g092-control,held_out,ai,20,477103346,9007186651.0,2262908197.0,0.25123362984253983,0.20078874468404118,0.8058409747175087,0.8111121984795048,1.498807273394601,1.037151284796195,ok,ok
fw26_human,477m-g092-ai-r0.5,477m-g092-control,held_out,ai,20,477103346,9007021193.0,4553163639.0,0.5055127040822984,0.3357744525911784,0.8072082590343823,0.8121501813361706,1.1257919021254386,0.8065293660561312,ok,ok
fw26_human,477m-g092-ai-r1,477m-g092-control,held_out,ai,20,477103346,9007405771.0,9193776437.0,1.0206908260533831,0.5051197406814071,0.810469245703102,0.8147421339735733,0.6697741294480222,0.5121533025784977,ok,ok
fw26_human,477m-g092-human-r0.0025,477m-g092-control,held_out,human,20,477103346,9030336512.0,0.0,0.0,0.0,0.8068330341539446,0.8107381928316372,1.7373406014118495,1.3263275521720692,ok,ok
fw26_human,477m-g092-human-r0.025,477m-g092-control,held_out,human,20,477103346,9231663104.0,0.0,0.0,0.0,0.8061319949027739,0.8103782083754184,1.790071653386767,1.3284870450817683,ok,ok
fw26_human,477m-g092-human-r0.05,477m-g092-control,held_out,human,20,477103346,9457106944.0,0.0,0.0,0.0,0.8055120827938067,0.8099882393454393,1.8314411941501856,1.3308414717331472,ok,ok
fw26_human,477m-g093-control,477m-g093-control,held_out,control,20,477103346,17406361600.0,0.0,0.0,0.0,0.7906368020410313,0.8013731314869736,5.938272476562589,1.4029833425636584,ok,ok
fw26_human,477m-g093-ai-r0.05,477m-g093-control,held_out,ai,20,477103346,17406361600.0,870318080.0,0.05,0.047619047619047616,0.7899927148094066,0.8013957192565669,,1.333450333099576,below_range,ok
fw26_human,477m-g093-ai-r0.25,477m-g093-control,held_out,ai,20,477103346,17406361600.0,4351590400.0,0.25,0.2,0.7914421944935625,0.8021365619850338,3.9739838017722624,1.0487617709362005,ok,ok
fw26_human,477m-g093-ai-r1,477m-g093-control,held_out,ai,20,477103346,17406361600.0,17406361600.0,1.0,0.5,0.7990051591406608,0.8078685600040711,0.8801012627274523,0.41825774730341525,ok,ok
fw26_human,477m-g094-control,477m-g094-control,held_out,control,20,477103346,18014535680.0,0.0,0.0,0.0,0.7897990804804206,0.8009528154950449,,1.4086420455281499,below_range,ok
fw26_human,477m-g094-ai-r0.05,477m-g094-control,held_out,ai,20,477103346,18014228305.0,899985583.0,0.049959707835511416,0.04758250003564726,0.7891678159300842,0.8009783867512871,,1.3384813508334021,below_range,ok
fw26_human,477m-g094-ai-r0.1,477m-g094-control,held_out,ai,20,477103346,18014384010.0,1802653814.0,0.1000674690291561,0.09096484701749137,0.789694232721199,0.8010902207501286,,1.2644504303520059,below_range,ok
fw26_human,477m-g094-ai-r0.25,477m-g094-control,held_out,ai,20,477103346,18014802090.0,4526436182.0,0.2512620543587665,0.20080690010817165,0.7903728700933917,0.8017448089493112,,1.04788172561832,below_range,ok
fw26_human,477m-g094-ai-r0.5,477m-g094-control,held_out,ai,20,477103346,18014313383.0,9105007705.0,0.5054318480765602,0.3357387773630095,0.7940537490736905,0.8034737942349872,2.0468646162334734,0.7510541394821603,ok,ok
fw26_human,477m-g094-ai-r1,477m-g094-control,held_out,ai,20,477103346,18014673411.0,18387691005.0,1.0207063200919442,0.505123535242618,0.7984569852864515,0.8077951445337983,0.8907058917177211,0.4020829495717865,ok,ok
fw26_human,477m-g095-control,477m-g095-control,held_out,control,20,477103346,26109542400.0,0.0,0.0,0.0,0.7826898166974482,0.7967897307721347,,1.4927382751076796,below_range,ok
fw26_human,477m-g095-ai-r0.25,477m-g095-control,held_out,ai,20,477103346,26109542400.0,6527385600.0,0.25,0.2,0.7837007939671646,0.7978357204986315,,1.0616463237527092,below_range,ok
fw26_human,477m-g095-ai-r0.5,477m-g095-control,held_out,ai,20,477103346,26109542400.0,13054771200.0,0.5,0.3333333333333333,0.7877423586228484,0.8000589938797262,,0.7048492901710647,below_range,ok
fw26_human,477m-g095-ai-r1,477m-g095-control,held_out,ai,20,477103346,26109542400.0,26109542400.0,1.0,0.5,0.7930667812447733,0.8055511369169338,1.2358301501518325,0.33069207750470064,ok,ok
fw26_human,477m-g096-control,477m-g096-control,held_out,control,20,477103346,34812723200.0,0.0,0.0,0.0,0.7772524577578002,0.7939946979627288,,1.6082675496364838,below_range,ok
fw26_human,477m-g096-ai-r0.05,477m-g096-control,held_out,ai,20,477103346,34812723200.0,1740636160.0,0.05,0.047619047619047616,0.7773886579479569,0.7940586475437168,,1.5175126554611056,below_range,ok
fw26_human,477m-g096-ai-r0.25,477m-g096-control,held_out,ai,20,477103346,34812723200.0,8703180800.0,0.25,0.2,0.7795059661287951,0.7952896587127426,,1.0768204217893618,below_range,ok
fw26_human,477m-g096-ai-r0.5,477m-g096-control,held_out,ai,20,477103346,34812723200.0,17406361600.0,0.5,0.3333333333333333,0.7824531043388179,0.7980342362199216,,0.6494322008426802,below_range,ok
fw26_human,973m-g097-control,973m-g097-control,held_out,control,26,972949562,4591714304.0,0.0,0.0,0.0,0.8053055742878189,0.7911666888501959,,0.9203360314281532,above_range,ok
fw26_human,973m-g098-control,973m-g098-control,held_out,control,26,972949562,18367905792.0,0.0,0.0,0.0,0.7568790255104877,0.7682464570941951,5.659249769659018,1.3450700374766196,ok,ok
fw26_human,973m-g098-ai-r0.05,973m-g098-control,held_out,ai,26,972949562,18368055588.0,918402779.0,0.04999999997822306,0.04761904759929529,0.7562500717991721,0.7681585680594476,6.1485261936823745,1.291268365015126,ok,ok
fw26_human,973m-g098-ai-r0.1,973m-g098-control,held_out,ai,26,972949562,18368191767.0,1836819176.0,0.09999999996189064,0.09090909087759558,0.755983235692341,0.7682245546816647,6.233872037340254,1.2252022323360956,ok,ok
fw26_human,973m-g098-ai-r0.25,973m-g098-control,held_out,ai,26,972949562,18367696076.0,4591924019.0,0.25,0.2,0.756649512849575,0.7686083411150967,4.743148465519698,1.0415716362345748,ok,ok
fw26_human,973m-g098-ai-r0.5,973m-g098-control,held_out,ai,26,972949562,18368255317.0,9184127658.0,0.4999999999727791,0.33333333332123516,0.7589588251593666,0.7696103245311127,2.6199336668303284,0.7947115360107252,ok,ok
fw26_human,973m-g098-ai-r1,973m-g098-control,held_out,ai,26,972949562,18368430080.0,18368430080.0,1.0,0.5,0.7625443445277423,0.7720862884071852,1.2094464930797557,0.4844958464979821,ok,ok
fw26_human,973m-g099-control,973m-g099-control,held_out,control,26,972949562,36736860160.0,0.0,0.0,0.0,0.7347335944363697,0.7610383623480764,,1.4598271225398316,below_range,ok
fw26_human,973m-g099-ai-r0.05,973m-g099-control,held_out,ai,26,972949562,36736111177.0,1836805558.0,0.049999999976862004,0.04761904759806077,0.7349968972407341,0.7610674284192569,,1.3850423889192212,below_range,ok
fw26_human,973m-g099-ai-r0.1,973m-g099-control,held_out,ai,26,972949562,36736383534.0,3673638353.0,0.09999999998911162,0.09090909090009223,0.7349365131687465,0.7611775039936206,,1.3031938237402294,below_range,ok
fw26_human,973m-g099-ai-r0.25,973m-g099-control,held_out,ai,26,972949562,36736231014.0,9184057753.0,0.24999999998638947,0.19999999999128926,0.7364657741409666,0.7618166510562112,,1.057181177585772,below_range,ok
fw26_human,973m-g099-ai-r0.5,973m-g099-control,held_out,ai,26,972949562,36736510634.0,18368255317.0,0.5,0.3333333333333333,0.7404095947093247,0.7634870766318037,,0.7230065037930038,below_range,ok
fw26,19.9m-g001-control,19.9m-g001-control,fit,control,4,19923026,57671680.0,0.0,0.0,0.0,1.3625786153515218,1.3339466623789635,,,above_range,above_range
fw26,19.9m-g001-ai-r0.05,19.9m-g001-control,fit,ai,4,19923026,58029803.0,2525461.0,0.043520068472402015,0.04170506134693757,1.3419724164608964,1.3146262482474675,,,above_range,above_range
fw26,19.9m-g001-ai-r0.1,19.9m-g001-control,fit,ai,4,19923026,58333666.0,5105182.0,0.08751690661786969,0.08047406535503293,1.3153073087548688,1.2988812286462064,,,above_range,above_range
fw26,19.9m-g001-ai-r0.25,19.9m-g001-control,fit,ai,4,19923026,58887076.0,13202524.0,0.22420070577116105,0.18314048073508524,1.2713507056181372,1.2654921774268073,,,above_range,above_range
fw26,19.9m-g001-ai-r0.5,19.9m-g001-control,fit,ai,4,19923026,59404458.0,27103062.0,0.45624626353799913,0.313302959095348,1.2419467259866626,1.2354136656700536,0.9944114584317126,1.0604138176641924,ok,ok
fw26,19.9m-g001-ai-r1,19.9m-g001-control,fit,ai,4,19923026,59051985.0,56291375.0,0.9532511904553251,0.48803307793357154,1.2158293525513675,1.2110180406947832,0.9748720098330315,1.0276794254410482,ok,ok
fw26,19.9m-g002-control,19.9m-g002-control,fit,control,4,19923026,57671680.0,0.0,0.0,0.0,1.362059351829695,1.3339466623789635,,,above_range,above_range
fw26,19.9m-g002-ai-r0.0227,19.9m-g002-control,fit,ai,4,19923026,57674513.0,1307887.0,0.022677035868512666,0.022174190945095484,1.3576726863772053,1.3238028122803103,,,above_range,above_range
fw26,19.9m-g002-ai-r0.0459,19.9m-g002-control,fit,ai,4,19923026,57646901.0,2646219.0,0.04590392465329576,0.04388923645019531,1.339187466988013,1.3146263792648316,,,above_range,above_range
fw26,19.9m-g002-ai-r2.01,19.9m-g002-control,fit,ai,4,19923026,57664325.0,116137147.0,2.0140207485303954,0.6682172806913856,1.1938693542704368,1.1988899253029448,0.8313452603466349,0.7831955829207908,ok,ok
fw26,19.9m-g002-ai-r4.24,19.9m-g002-control,fit,ai,4,19923026,57677892.0,244574140.0,4.240344636728402,0.8091728561149921,1.1726841992193278,1.1932079893188399,0.6258194909882773,0.4818669673481854,ok,ok
fw26,19.9m-g002-ai-r8.73,19.9m-g002-control,fit,ai,4,19923026,57659633.0,503590671.0,8.733851479769218,0.8972657429509383,1.1658103140559941,1.1888206000367116,0.3703428122886606,0.27377682151124577,ok,ok
fw26,19.9m-g002-ai-r17.7,19.9m-g002-control,fit,ai,4,19923026,57674520.0,1020261608.0,17.68998871598758,0.9464954198102543,1.1630945962765602,1.1830146479470305,0.2003518986883349,0.15330317362684365,ok,ok
fw26,19.9m-g002-ai-r35.5,19.9m-g002-control,fit,ai,4,19923026,57668393.0,2048134359.0,35.51571757860497,0.9726145324175167,1.162365490956709,1.177996648207126,0.10362813736374155,0.08371781498119829,ok,ok
fw26,19.9m-g002-ai-r70.6,19.9m-g002-control,fit,ai,4,19923026,57670394.0,4069524742.0,70.5652321709472,0.9860267343559885,1.158907685814852,1.1784552813032356,0.055576566501348484,0.04246016044998136,ok,ok
fw26,19.9m-g002-human-r0.025,19.9m-g002-control,fit,human,4,19923026,58982400.0,0.0,0.0,0.0,1.3544894547238053,1.330724453731822,,,above_range,above_range
fw26,19.9m-g002-human-r0.05,19.9m-g002-control,fit,human,4,19923026,60555264.0,0.0,0.0,0.0,1.3481314746170536,1.326989010544048,,,above_range,above_range
fw26,19.9m-g002-human-r4,19.9m-g002-control,fit,human,4,19923026,288358400.0,0.0,0.0,0.0,1.1459323454738883,1.1648082421142114,0.9684821116186272,0.7310247824606159,ok,ok
fw26,19.9m-g003-control,19.9m-g003-control,fit,control,4,19923026,57671680.0,0.0,0.0,0.0,1.3614463394699863,1.3339466623789635,,,above_range,above_range
fw26,19.9m-g003-ai-r0.025,19.9m-g003-control,fit,ai,4,19923026,57674513.0,1307887.0,0.022677035868512666,0.022174190945095484,1.3441509165458905,1.3238028122803103,,,above_range,above_range
fw26,19.9m-g003-ai-r0.05,19.9m-g003-control,fit,ai,4,19923026,57646901.0,2646219.0,0.04590392465329576,0.04388923645019531,1.3322233256823388,1.3146263792648316,,,above_range,above_range
fw26,19.9m-g003-ai-r0.1,19.9m-g003-control,fit,ai,4,19923026,57730555.0,5184005.0,0.0897965557407165,0.0823975404103597,1.3148845982075936,1.2995224674569104,,,above_range,above_range
fw26,19.9m-g003-ai-r2,19.9m-g003-control,fit,ai,4,19923026,57664325.0,116137147.0,2.0140207485303954,0.6682172806913856,1.1875268694461436,1.1988899253029448,0.8983741951262231,0.7831955829207908,ok,ok
fw26,19.9m-g003-ai-r8,19.9m-g003-control,fit,ai,4,19923026,57659633.0,503590671.0,8.733851479769218,0.8972657429509383,1.164123779034743,1.1888206000367116,0.37922597599539787,0.27377682151124577,ok,ok
fw26,19.9m-g003-human-r0.025,19.9m-g003-control,fit,human,4,19923026,58982400.0,0.0,0.0,0.0,1.3494009319281248,1.330724453731822,,,above_range,above_range
fw26,19.9m-g003-human-r0.05,19.9m-g003-control,fit,human,4,19923026,60555264.0,0.0,0.0,0.0,1.3377844292555796,1.326989010544048,,,above_range,above_range
fw26,19.9m-g004-control,19.9m-g004-control,fit,control,4,19923026,57671680.0,0.0,0.0,0.0,1.3659833575548583,1.3339466623789635,,,above_range,above_range
fw26,19.9m-g004-ai-r0.025,19.9m-g004-control,fit,ai,4,19923026,57674513.0,1307887.0,0.022677035868512666,0.022174190945095484,1.353513217887817,1.3238028122803103,,,above_range,above_range
fw26,19.9m-g004-ai-r0.05,19.9m-g004-control,fit,ai,4,19923026,57646901.0,2646219.0,0.04590392465329576,0.04388923645019531,1.3421876243761606,1.3146263792648316,,,above_range,above_range
fw26,19.9m-g004-ai-r0.1,19.9m-g004-control,fit,ai,4,19923026,57730555.0,5184005.0,0.0897965557407165,0.0823975404103597,1.3219836131100866,1.2995224674569104,,,above_range,above_range
fw26,19.9m-g004-human-r0.025,19.9m-g004-control,fit,human,4,19923026,58982400.0,0.0,0.0,0.0,1.3599190478074423,1.330724453731822,,,above_range,above_range
fw26,19.9m-g004-human-r0.05,19.9m-g004-control,fit,human,4,19923026,60555264.0,0.0,0.0,0.0,1.349619777600491,1.326989010544048,,,above_range,above_range
fw26,19.9m-g005-control,19.9m-g005-control,fit,control,4,19923026,94109696.0,0.0,0.0,0.0,1.2425976038621707,1.2701091746930335,0.9083334589621689,,ok,above_range
fw26,19.9m-g005-ai-r0.025,19.9m-g005-control,fit,ai,4,19923026,94056774.0,2150074.0,0.022859321115988946,0.022348450704881215,1.232921152563237,1.2618514303213793,0.9776200801432874,,ok,above_range
fw26,19.9m-g005-ai-r0.05,19.9m-g005-control,fit,ai,4,19923026,94012996.0,4291004.0,0.04564266838172033,0.04365034993489583,1.2268657447602394,1.254540291459273,1.0177324930184226,0.7767095279273974,ok,ok
fw26,19.9m-g005-ai-r0.1,19.9m-g005-control,fit,ai,4,19923026,94146721.0,8613727.0,0.09149258634296993,0.08382336947382713,1.2171649809503804,1.241846626973878,1.0785544474595261,0.8379460566764082,ok,ok
fw26,19.9m-g005-ai-r0.25,19.9m-g005-control,fit,ai,4,19923026,94136107.0,22255829.0,0.2364218120895949,0.1912145270957603,1.2037861534267005,1.2153283135253867,1.1049257572620468,0.9713593020132951,ok,ok
fw26,19.9m-g005-ai-r0.5,19.9m-g005-control,fit,ai,4,19923026,94190370.0,45532382.0,0.48340803842261154,0.3258766474911688,1.189778088504497,1.1927298231710948,1.0868421614064547,1.0484290698171954,ok,ok
fw26,19.9m-g005-ai-r1,19.9m-g005-control,fit,ai,4,19923026,94077158.0,93880090.0,0.9979052513469848,0.49947576376517283,1.175153430716445,1.176366070394359,0.9737185015151315,0.9582282652023195,ok,ok
fw26,19.9m-g005-ai-r2,19.9m-g005-control,fit,ai,4,19923026,94113990.0,196865850.0,2.091780935012956,0.6765618195404878,1.159399144323626,1.1705597411691968,0.7826708242248632,0.669020484219827,ok,ok
fw26,19.9m-g005-ai-r4,19.9m-g005-control,fit,ai,4,19923026,94100233.0,405808375.0,4.3125119041947535,0.8117651276770973,1.1539562017081313,1.1714484266626843,0.49369549195456525,0.3847436129496037,ok,ok
fw26,19.9m-g005-ai-r8,19.9m-g005-control,fit,ai,4,19923026,94104303.0,827069713.0,8.788861790942759,0.897843077024005,1.151755993257343,1.1722189563363994,0.2769842699699661,0.2066321436502801,ok,ok
fw26,19.9m-g005-ai-r16,19.9m-g005-control,fit,ai,4,19923026,94113097.0,1663300279.0,17.67341987481296,0.9464479454377386,1.1536260164528316,1.1708617666914722,0.1411338770634152,0.11031752451461034,ok,ok
fw26,19.9m-g005-ai-r32,19.9m-g005-control,fit,ai,4,19923026,94109283.0,3318219165.0,35.2592120481887,0.9724208016801084,1.1536656225139388,1.1700117966896382,0.07264330486865705,0.057477202757640025,ok,ok
fw26,19.9m-g005-ai-r64,19.9m-g005-control,fit,ai,4,19923026,94109378.0,6598164798.0,70.11166090163724,0.9859376087223836,1.1543489375082432,1.1747559164536212,0.036662160362450694,0.027492350894040802,ok,ok
fw26,19.9m-g005-human-r0.025,19.9m-g005-control,fit,human,4,19923026,96206848.0,0.0,0.0,0.0,1.2363609379646554,1.2675298498651155,0.9445613621918675,,ok,above_range
fw26,19.9m-g005-human-r0.05,19.9m-g005-control,fit,human,4,19923026,98304000.0,0.0,0.0,0.0,1.2328875094993361,1.2650288719131009,0.9570884757193341,,ok,above_range
fw26,19.9m-g005-human-r4,19.9m-g005-control,fit,human,4,19923026,499908608.0,0.0,0.0,0.0,1.1265694177682954,1.128462355867189,0.7748575573738042,0.7489484686559151,ok,ok
fw26,19.9m-g006-control,19.9m-g006-control,fit,control,4,19923026,230686720.0,0.0,0.0,0.0,1.157830601795296,1.1820818971756466,1.010091291916032,0.7249142792400273,ok,ok
fw26,19.9m-g006-ai-r0.05,19.9m-g006-control,fit,ai,4,19923026,230768830.0,11452226.0,0.04962639885117934,0.04728005974839776,1.1483448468762405,1.1705167149422304,1.1101554138524996,0.804164319103146,ok,ok
fw26,19.9m-g006-ai-r0.1,19.9m-g006-control,fit,ai,4,19923026,230710072.0,23045320.0,0.09988866025753744,0.09081706527836067,1.142561723490278,1.1615957210901422,1.161451912713482,0.8694839740400188,ok,ok
fw26,19.9m-g006-ai-r0.25,19.9m-g006-control,fit,ai,4,19923026,229917889.0,58440511.0,0.2541799215980102,0.20266623410311613,1.136504028936843,1.1446827668605792,1.1294866038259033,0.9878774490982497,ok,ok
fw26,19.9m-g006-ai-r0.5,19.9m-g006-control,fit,ai,4,19923026,227962853.0,118067227.0,0.5179230977601426,0.34120509696729256,1.133135673588467,1.132819183635135,0.9968501225088308,1.0023121450179853,ok,ok
fw26,19.9m-g006-ai-r1,19.9m-g006-control,fit,ai,4,19923026,224956081.0,236417359.0,1.0509489583435623,0.5124208255247636,1.1286928996783516,1.128512575662741,0.8081746365534653,0.8107760836304592,ok,ok
fw26,19.9m-g007-control,19.9m-g007-control,fit,control,4,19923026,230686720.0,0.0,0.0,0.0,1.1588035403182333,1.1820818971756466,0.9958254391293898,0.7249142792400273,ok,ok
fw26,19.9m-g007-ai-r0.0244,19.9m-g007-control,fit,ai,4,19923026,230568834.0,5622910.0,0.024387120767588217,0.02380654761582183,1.1533200744657393,1.1760522673102398,1.0549736433525256,0.7657044147848553,ok,ok
fw26,19.9m-g007-ai-r0.0495,19.9m-g007-control,fit,ai,4,19923026,230792406.0,11428650.0,0.04951917698713189,0.0471827271696809,1.1493294408054264,1.1705306186028732,1.0933321493447723,0.8040121143937051,ok,ok
fw26,19.9m-g007-ai-r2.13,19.9m-g007-control,fit,ai,4,19923026,230719713.0,491224863.0,2.129097928446192,0.6804190783199402,1.1252102814664782,1.131997376700107,0.5499751746282581,0.4873043356508432,ok,ok
fw26,19.9m-g007-ai-r4.32,19.9m-g007-control,fit,ai,4,19923026,230686064.0,996672144.0,4.320469675185927,0.8120466686120048,1.129256554745453,1.1412619185700634,0.3007708144209399,0.24524886064474793,ok,ok
fw26,19.9m-g007-ai-r8.71,19.9m-g007-control,fit,ai,4,19923026,230668279.0,2009614345.0,8.712140020778497,0.897036080836915,1.1357177010865833,1.1491974260803497,0.14732551036378905,0.11845351405855409,ok,ok
fw26,19.9m-g007-ai-r17.5,19.9m-g007-control,fit,ai,4,19923026,230681632.0,4026012640.0,17.452679717473128,0.9458073290540514,1.1414315848490648,1.1544540547087134,0.07051888112537315,0.05754872646351097,ok,ok
fw26,19.9m-g007-ai-r34.7,19.9m-g007-control,fit,ai,4,19923026,230687968.0,8008497952.0,34.71571587123261,0.9720011211981486,1.1448807853259946,1.1603326848990465,0.03446529605841159,0.027270022481657358,ok,ok
fw26,19.9m-g007-ai-r69,19.9m-g007-control,fit,ai,4,19923026,230689109.0,15919740587.0,69.00950225179464,0.9857162246861373,1.1483690245766227,1.1725723409339257,0.016643637292919605,0.011729725733047465,ok,ok
fw26,19.9m-g007-human-r0.025,19.9m-g007-control,fit,human,4,19923026,236453888.0,0.0,0.0,0.0,1.1587019587363396,1.1800908047284377,0.972977100038311,0.7255614435795816,ok,ok
fw26,19.9m-g007-human-r0.05,19.9m-g007-control,fit,human,4,19923026,242221056.0,0.0,0.0,0.0,1.1544184862095552,1.1781672617219034,1.0118765783968366,0.7261997776710936,ok,ok
fw26,19.9m-g007-human-r2,19.9m-g007-control,fit,human,4,19923026,692060160.0,0.0,0.0,0.0,1.1112526530948914,1.110570657639173,0.7512700742501482,0.7618439133508478,ok,ok
fw26,19.9m-g007-human-r4,19.9m-g007-control,fit,human,4,19923026,1153433600.0,0.0,0.0,0.0,1.0996425190116752,1.086918288494365,0.578615794987607,0.7864903637639749,ok,ok
fw26,19.9m-g008-control,19.9m-g008-control,fit,control,4,19923026,230686720.0,0.0,0.0,0.0,1.1552642908468709,1.1820818971756466,1.0491348520327408,0.7249142792400273,ok,ok
fw26,19.9m-g008-ai-r2.13,19.9m-g008-control,fit,ai,4,19923026,230719713.0,491224863.0,2.129097928446192,0.6804190783199402,1.1245958471166473,1.131997376700107,0.5562014701837705,0.4873043356508432,ok,ok
fw26,19.9m-g008-ai-r4.32,19.9m-g008-control,fit,ai,4,19923026,230686064.0,996672144.0,4.320469675185927,0.8120466686120048,1.1294876273666157,1.1412619185700634,0.2995416840552432,0.24524886064474793,ok,ok
fw26,19.9m-g008-ai-r17.5,19.9m-g008-control,fit,ai,4,19923026,230681632.0,4026012640.0,17.452679717473128,0.9458073290540514,1.1415289704769727,1.1544540547087134,0.07040718644204687,0.05754872646351097,ok,ok
fw26,19.9m-g009-control,19.9m-g009-control,fit,control,4,19923026,230686720.0,0.0,0.0,0.0,1.1605644905660224,1.1820818971756466,0.9707203986838416,0.7249142792400273,ok,ok
fw26,19.9m-g009-ai-r2.13,19.9m-g009-control,fit,ai,4,19923026,230719713.0,491224863.0,2.129097928446192,0.6804190783199402,1.126322667087108,1.131997376700107,0.5389510636987143,0.4873043356508432,ok,ok
fw26,19.9m-g009-ai-r4.32,19.9m-g009-control,fit,ai,4,19923026,230686064.0,996672144.0,4.320469675185927,0.8120466686120048,1.1295440071860665,1.1412619185700634,0.29924286408849654,0.24524886064474793,ok,ok
fw26,19.9m-g009-ai-r17.5,19.9m-g009-control,fit,ai,4,19923026,230681632.0,4026012640.0,17.452679717473128,0.9458073290540514,1.1411201535391142,1.1544540547087134,0.0708777576541377,0.05754872646351097,ok,ok
fw26,19.9m-g010-control,19.9m-g010-control,fit,control,4,19923026,376176640.0,0.0,0.0,0.0,1.1349794029255313,1.146210623062066,0.8884494838892808,0.7391357643725375,ok,ok
fw26,19.9m-g010-ai-r0.025,19.9m-g010-control,fit,ai,4,19923026,376274783.0,9601185.0,0.02551641894110135,0.02488153136294821,1.1262774813781444,1.1410420778338088,1.0091628053352637,0.7828672119542052,ok,ok
fw26,19.9m-g010-ai-r0.05,19.9m-g010-control,fit,ai,4,19923026,376169306.0,19405990.0,0.051588446187579164,0.04905763882686951,1.1223832380300203,1.136533991986466,1.057556291790319,0.8229347477858887,ok,ok
fw26,19.9m-g010-ai-r0.1,19.9m-g010-control,fit,ai,4,19923026,376221949.0,38752003.0,0.10300303611472705,0.09338418185823866,1.1203918435677476,1.1293164354194982,1.0466251241557325,0.8886383100931501,ok,ok
fw26,19.9m-g010-ai-r0.25,19.9m-g010-control,fit,ai,4,19923026,376271496.0,97160568.0,0.25821931512983914,0.20522599838104755,1.112815144622002,1.116277584558337,1.0639140503016278,0.9931357980695713,ok,ok
fw26,19.9m-g010-ai-r0.5,19.9m-g010-control,fit,ai,4,19923026,376263620.0,195472444.0,0.5195092844745394,0.3418928003814012,1.110126325897822,1.1081906726381754,0.9306531788182263,0.9688926513570282,ok,ok
fw26,19.9m-g010-ai-r1,19.9m-g010-control,fit,ai,4,19923026,376231704.0,393685224.0,1.0463903488580006,0.5113346773952215,1.10941718278941,1.1076133935726933,0.7013142372126898,0.7282822033624875,ok,ok
fw26,19.9m-g010-ai-r2,19.9m-g010-control,fit,ai,4,19923026,376182318.0,796912082.0,2.118419829610386,0.6793247687483633,1.114278323136607,1.116061175237702,0.41695852634261343,0.40251057843173477,ok,ok
fw26,19.9m-g010-ai-r4,19.9m-g010-control,fit,ai,4,19923026,376160196.0,1613774908.0,4.290126720372083,0.8109686113663332,1.1211580612437764,1.1286874877266835,0.21511934759851076,0.18739618902950939,ok,ok
fw26,19.9m-g010-ai-r8,19.9m-g010-control,fit,ai,4,19923026,376185943.0,3252411305.0,8.645754487960758,0.8963274463134907,1.1292955751446874,1.1397048299696393,0.10166412536151996,0.0850983560108875,ok,ok
fw26,19.9m-g010-ai-r16,19.9m-g010-control,fit,ai,4,19923026,376174059.0,6506416661.0,17.296292780784228,0.9453441190528906,1.1358248342710986,1.1480277161849939,0.047867552185495994,0.03926347115492071,ok,ok
fw26,19.9m-g010-ai-r32,19.9m-g010-control,fit,ai,4,19923026,376174161.0,12956731823.0,34.44343914679456,0.9717860336335212,1.1420025479241598,1.1573604676763924,0.022306082886904884,0.01759772279719715,ok,ok
fw26,19.9m-g010-human-r0.025,19.9m-g010-control,fit,human,4,19923026,385875968.0,0.0,0.0,0.0,1.1305591112362814,1.1445350552809372,0.9349178322748084,0.7399639889438057,ok,ok
fw26,19.9m-g010-human-r0.05,19.9m-g010-control,fit,human,4,19923026,395575296.0,0.0,0.0,0.0,1.1293025804575585,1.1429180401838535,0.9324453539181314,0.7407807924394767,ok,ok
fw26,19.9m-g010-human-r2,19.9m-g010-control,fit,human,4,19923026,1173094400.0,0.0,0.0,0.0,1.0995921801358426,1.0862181517460912,0.5695676796918172,0.7874126642146081,ok,ok
fw26,19.9m-g010-human-r4,19.9m-g010-control,fit,human,4,19923026,1989935104.0,0.0,0.0,0.0,1.0913430800473456,1.0666297673639278,0.407897446460583,0.820461222634703,ok,ok
fw26,19.9m-g011-control,19.9m-g011-control,fit,control,4,19923026,461373440.0,0.0,0.0,0.0,1.1234357758928306,1.1332588513848492,0.8891531693545013,0.7460517575585455,ok,ok
fw26,19.9m-g011-ai-r0.05,19.9m-g011-control,fit,ai,4,19923026,460827327.0,23614785.0,0.051244324319334476,0.048746350523713344,1.1151809097040184,1.124513020500548,0.9917503767470919,0.8301467957479245,ok,ok
fw26,19.9m-g011-ai-r0.1,19.9m-g011-control,fit,ai,4,19923026,460318967.0,47191817.0,0.10251981861090681,0.09298682606909886,1.1110365562423854,1.118018570123623,1.0289971726690892,0.8955776200953601,ok,ok
fw26,19.9m-g011-ai-r0.25,19.9m-g011-control,fit,ai,4,19923026,457730110.0,118986690.0,0.2599494492507823,0.20631736408580434,1.1089525107681184,1.1065139058181395,0.9453464368418614,0.9951679984444017,ok,ok
fw26,19.9m-g011-ai-r0.5,19.9m-g011-control,fit,ai,4,19923026,454846067.0,237214093.0,0.5215260946732557,0.34276513330864183,1.1054779034358526,1.100108533658197,0.8478840307889396,0.9542534836148637,ok,ok
fw26,19.9m-g011-ai-r1,19.9m-g011-control,fit,ai,4,19923026,450154555.0,472592325.0,1.049844591709174,0.5121581391854719,1.1056571836643483,1.1013179921907525,0.6334705617539753,0.6965347416132194,ok,ok
fw26,19.9m-g012-control,19.9m-g012-control,fit,control,4,19923026,692060160.0,0.0,0.0,0.0,1.1116472855265502,1.110570657639173,0.7452461181533131,0.7618439133508478,ok,ok
fw26,19.9m-g012-ai-r0.05,19.9m-g012-control,fit,ai,4,19923026,691745159.0,34918009.0,0.05047814002844363,0.048052537320840236,1.104166096272614,1.1032900979334614,0.8307256256780076,0.8467580231926237,ok,ok
fw26,19.9m-g012-ai-r0.1,19.9m-g012-control,fit,ai,4,19923026,691129556.0,70136620.0,0.10148114690091477,0.09213153324179742,1.1002478713473374,1.097926118656216,0.8647825660776607,0.9117413581845542,ok,ok
fw26,19.9m-g012-ai-r0.25,19.9m-g012-control,fit,ai,4,19923026,688751938.0,176323262.0,0.2560040157738184,0.20382420164166073,1.097142941022969,1.0888505163900781,0.8169874715782076,0.9983176331966475,ok,ok
fw26,19.9m-g012-ai-r0.5,19.9m-g012-control,fit,ai,4,19923026,685155833.0,352934407.0,0.5151155255508129,0.3399843225575457,1.0958666956045364,1.0847322076885124,0.7014095112793434,0.9250306394243332,ok,ok
fw26,19.9m-g012-ai-r1,19.9m-g012-control,fit,ai,4,19923026,678876332.0,705243988.0,1.038840146219739,0.5095250592087255,1.0975355673499563,1.0883493572543985,0.5059960388369156,0.6318997760954131,ok,ok
fw26,19.9m-g013-control,19.9m-g013-control,fit,control,4,19923026,692060160.0,0.0,0.0,0.0,1.1116522410228664,1.110570657639173,0.7451709085255568,0.7618439133508478,ok,ok
fw26,19.9m-g013-ai-r2.1,19.9m-g013-control,fit,ai,4,19923026,692043914.0,1454391158.0,2.1015879607894363,0.6775845106951365,1.1044961045528106,1.0999671450000714,0.27923026315656674,0.3086568230229052,ok,ok
fw26,19.9m-g013-ai-r4.25,19.9m-g013-control,fit,ai,4,19923026,692040592.0,2942848112.0,4.252421239475502,0.8096116144523362,1.1137225095172105,1.11597165267773,0.13606781999902365,0.13013163409244746,ok,ok
fw26,19.9m-g013-ai-r8.57,19.9m-g013-control,fit,ai,4,19923026,692049449.0,5930232279.0,8.56908749449781,0.8954968276154862,1.123770364250025,1.1302564277084248,0.06156483583463999,0.054767831397887365,ok,ok
fw26,19.9m-g013-ai-r17.2,19.9m-g013-control,fit,ai,4,19923026,692064211.0,11879313453.0,17.165045185380926,0.9449492148357114,1.1319275506260855,1.142111133279773,0.028018743550192227,0.023615689409035207,ok,ok
fw26,19.9m-g013-human-r2,19.9m-g013-control,fit,human,4,19923026,2076180480.0,0.0,0.0,0.0,1.0907524313448533,1.0652354947715743,0.39668410292572287,0.8235114860052329,ok,ok
fw26,19.9m-g014-control,19.9m-g014-control,fit,control,4,19923026,692060160.0,0.0,0.0,0.0,1.1108139202081555,1.110570657639173,0.7580483125424811,0.7618439133508478,ok,ok
fw26,19.9m-g014-ai-r0.25,19.9m-g014-control,fit,ai,4,19923026,688540181.0,176535019.0,0.2563902933647383,0.20406898614132044,1.096443547018488,1.0888487717695172,0.8303965487086392,0.9983615273496468,ok,ok
fw26,19.9m-g014-ai-r1,19.9m-g014-control,fit,ai,4,19923026,678875134.0,705245186.0,1.0388437441280622,0.5095259247404156,1.0974725999949282,1.0883494478609579,0.5067331619089419,0.6318983256479667,ok,ok
fw26,19.9m-g015-control,19.9m-g015-control,fit,control,4,19923026,752353280.0,0.0,0.0,0.0,1.109370915308037,1.1063521091081996,0.7183760710606111,0.7654802522553658,ok,ok
fw26,19.9m-g015-ai-r0.05,19.9m-g015-control,fit,ai,4,19923026,752359544.0,38266760.0,0.050862330790077674,0.048400565230878025,1.1013818788770722,1.0992635667857553,0.8117744893990952,0.8514259332683592,ok,ok
fw26,19.9m-g015-ai-r0.1,19.9m-g015-control,fit,ai,4,19923026,752343517.0,76555811.0,0.101756457349788,0.09235839433567498,1.0984020556382046,1.094095370354339,0.8282430355570831,0.9160711113304714,ok,ok
fw26,19.9m-g015-ai-r0.25,19.9m-g015-control,fit,ai,4,19923026,752401923.0,192365053.0,0.25566794437871204,0.20361111034431414,1.094560570212493,1.085380384983186,0.7948577333350837,0.9992649433528813,ok,ok
fw26,19.9m-g015-ai-r0.5,19.9m-g015-control,fit,ai,4,19923026,752332399.0,385896849.0,0.5129339764084785,0.33903262429608555,1.0939427628912615,1.0815601872262148,0.6695549318530672,0.9184881809101952,ok,ok
fw26,19.9m-g015-ai-r1,19.9m-g015-control,fit,ai,4,19923026,752306068.0,779401324.0,1.036016266719784,0.5088447885482295,1.0988354864282028,1.0854155874420353,0.44379034465472533,0.6157861302288689,ok,ok
fw26,19.9m-g016-control,19.9m-g016-control,fit,control,4,19923026,922746880.0,0.0,0.0,0.0,1.1047248662466098,1.0966370936492715,0.6463188744375851,0.7749889227112574,ok,ok
fw26,19.9m-g016-ai-r0.05,19.9m-g016-control,fit,ai,4,19923026,922465080.0,46419144.0,0.05032076010942333,0.04790989764325031,1.0978412412632854,1.0902227200737795,0.7177701919396416,0.8612683218389687,ok,ok
fw26,19.9m-g016-ai-r0.1,19.9m-g016-control,fit,ai,4,19923026,922011358.0,93010210.0,0.10087751001436145,0.09163372772784273,1.093871482154919,1.0855710922003923,0.7521107985875272,0.9254795961780864,ok,ok
fw26,19.9m-g016-ai-r0.25,19.9m-g016-control,fit,ai,4,19923026,919210741.0,234222859.0,0.2548086619888616,0.203065749948675,1.0909022928955,1.0779709180802424,0.7113939506538935,1.0016190998744439,ok,ok
fw26,19.9m-g016-ai-r0.5,19.9m-g016-control,fit,ai,4,19923026,915090678.0,469029642.0,0.5125499071033046,0.33886479030955924,1.0905456896090802,1.0752849329740537,0.5980771626863609,0.9019981987290114,ok,ok
fw26,19.9m-g016-ai-r1,19.9m-g016-control,fit,ai,4,19923026,907168781.0,938324979.0,1.034344433640734,0.5084411550651897,1.0925625369595582,1.0804031182656035,0.4269214488082107,0.584769063699803,ok,ok
fw26,19.9m-g017-control,19.9m-g017-control,fit,control,4,19923026,1090256896.0,0.0,0.0,0.0,1.101075430335011,1.089287449661963,0.5927191193279728,0.7834701539875855,ok,ok
fw26,19.9m-g017-ai-r0.05,19.9m-g017-control,fit,ai,4,19923026,1090205130.0,55102006.0,0.050542787300955,0.04811111733088861,1.0940525259451572,1.0832909364048544,0.6636723874015107,0.8711252529330844,ok,ok
fw26,19.9m-g017-ai-r0.1,19.9m-g017-control,fit,ai,4,19923026,1090295462.0,110324058.0,0.10118730366686604,0.0918892756299681,1.0904367603690328,1.0789841493549883,0.6913498187421786,0.9351000981067462,ok,ok
fw26,19.9m-g017-ai-r0.25,19.9m-g017-control,fit,ai,4,19923026,1090360149.0,276720811.0,0.2537884489393605,0.20241728112430152,1.0871427239263185,1.0721216693615006,0.6597629697479701,1.0038975066230988,ok,ok
fw26,19.9m-g017-ai-r0.5,19.9m-g017-control,fit,ai,4,19923026,1090179859.0,556608749.0,0.5105659808378463,0.33799647768756,1.0876978547893041,1.0700787495628714,0.5399787748266522,0.8877106315822557,ok,ok
fw26,19.9m-g017-ai-r1,19.9m-g017-control,fit,ai,4,19923026,1090315167.0,1124539489.0,1.0313893844971158,0.5077260875577743,1.0906254013233085,1.0758090792965394,0.37301721907103536,0.555105900136003,ok,ok
fw26,19.9m-g017-ai-r2,19.9m-g017-control,fit,ai,4,19923026,1090250034.0,2276465358.0,2.088021359327928,0.6761680430158559,1.0982861951633895,1.0901797111530396,0.20445944943159558,0.24812364434914627,ok,ok
fw26,19.9m-g017-ai-r4,19.9m-g017-control,fit,ai,4,19923026,1090242292.0,4609030412.0,4.227528546471026,0.8087050140213821,1.1094234094118254,1.1082600340653326,0.09472856507209873,0.09705549008600337,ok,ok
fw26,19.9m-g017-ai-r8,19.9m-g017-control,fit,ai,4,19923026,1090247040.0,9294587520.0,8.525212340865425,0.8950154637802915,1.1194879671129416,1.1246787169677155,0.042548625387804816,0.038607855987990505,ok,ok
fw26,19.9m-g017-ai-r16,19.9m-g017-control,fit,ai,4,19923026,1090259118.0,18679592786.0,17.133168141043697,0.944852438789417,1.1295446860741687,1.1390872376339092,0.018577467048883644,0.015779180675044684,ok,ok
fw26,19.9m-g017-human-r2,19.9m-g017-control,fit,human,4,19923026,3366715392.0,0.0,0.0,0.0,1.0848498994717255,1.050967545631142,0.2843412599944141,0.8634178687778328,ok,ok
fw26,19.9m-g018-control,19.9m-g018-control,fit,control,4,19923026,1153433600.0,0.0,0.0,0.0,1.10020853181267,1.086918288494365,0.5712626414077971,0.7864903637639749,ok,ok
fw26,19.9m-g018-ai-r0.05,19.9m-g018-control,fit,ai,4,19923026,1153087802.0,58017478.0,0.0503148831332447,0.04790457027815121,1.0930931487439561,1.081099759987923,0.6422470111103193,0.8741553395134862,ok,ok
fw26,19.9m-g018-ai-r0.1,19.9m-g018-control,fit,ai,4,19923026,1152613939.0,116163021.0,0.1007822455286132,0.09155511540814865,1.0899574027022052,1.0769352735684121,0.6620517405167777,0.937929641443878,ok,ok
fw26,19.9m-g018-ai-r0.25,19.9m-g018-control,fit,ai,4,19923026,1149500156.0,292291844.0,0.2542773417422659,0.20272816328568893,1.0867499194637351,1.07037391320456,0.6319251832834621,1.004615156124685,ok,ok
fw26,19.9m-g018-ai-r0.5,19.9m-g018-control,fit,ai,4,19923026,1144636093.0,585514307.0,0.5115287824494628,0.33841815543897225,1.086672273619541,1.0686988409077254,0.5276592914055189,0.8825984514356134,ok,ok
fw26,19.9m-g018-ai-r1,19.9m-g018-control,fit,ai,4,19923026,1135305759.0,1171561441.0,1.0319347292239007,0.5078582074425437,1.0897896803985898,1.0748599052756476,0.3656545370385925,0.5480085397401246,ok,ok
fw26,19.9m-g019-control,19.9m-g019-control,fit,control,4,19923026,1453850624.0,0.0,0.0,0.0,1.096291513799575,1.0777437330683592,0.4958642732054129,0.7998031314132193,ok,ok
fw26,19.9m-g019-ai-r0.05,19.9m-g019-control,fit,ai,4,19923026,1453726534.0,73262266.0,0.05039618132195419,0.047978260220376205,1.0885072307939296,1.0724724175751315,0.5704934631623824,0.8892218255581125,ok,ok
fw26,19.9m-g019-ai-r0.1,19.9m-g019-control,fit,ai,4,19923026,1453747663.0,146641457.0,0.10087132776357213,0.09162862654302474,1.0856908994767478,1.0687516817959533,0.5851400156415727,0.9525547256443119,ok,ok
fw26,19.9m-g019-ai-r0.25,19.9m-g019-control,fit,ai,4,19923026,1453951388.0,367949412.0,0.25306857920892195,0.20195908141650742,1.0832859343125776,1.063118623007817,0.5476914416051591,1.0082794290118047,ok,ok
fw26,19.9m-g019-ai-r0.5,19.9m-g019-control,fit,ai,4,19923026,1453848430.0,740296850.0,0.5091980943295443,0.3373964599098926,1.0838500889716924,1.0622829984595796,0.44798296763032674,0.8617938312131554,ok,ok
fw26,19.9m-g019-ai-r1,19.9m-g019-control,fit,ai,4,19923026,1453836774.0,1494758938.0,1.0281477018134637,0.5069392632963308,1.0873962311881549,1.069272173312143,0.30391065778103743,0.508536359892772,ok,ok
fw26,19.9m-g020-control,19.9m-g020-control,fit,control,4,19923026,1743257600.0,0.0,0.0,0.0,1.0929922158773602,1.0711400370496251,0.4472814835069415,0.8113552158986851,ok,ok
fw26,19.9m-g020-ai-r0.05,19.9m-g020-control,fit,ai,4,19923026,1743170529.0,87643167.0,0.05027802245502511,0.04787115542749359,1.0863697055709263,1.0662824961030748,0.5025590903211457,0.902003199664655,ok,ok
fw26,19.9m-g020-ai-r0.1,19.9m-g020-control,fit,ai,4,19923026,1743299093.0,175594987.0,0.10072568023759076,0.09150843125223462,1.0836324117218405,1.062887454354025,0.5152192930056441,0.9649729651101665,ok,ok
fw26,19.9m-g020-ai-r0.25,19.9m-g020-control,fit,ai,4,19923026,1743301562.0,440357958.0,0.2525999905000946,0.20166054000946082,1.0804819183350363,1.057963425560481,0.49313621015922743,1.0114145998927089,ok,ok
fw26,19.9m-g020-ai-r0.5,19.9m-g020-control,fit,ai,4,19923026,1743303402.0,886263062.0,0.5083814217211056,0.33703771101942376,1.0813025468616035,1.0578130318011163,0.400382353622682,0.8446131306821498,ok,ok
fw26,19.9m-g020-ai-r1,19.9m-g020-control,fit,ai,4,19923026,1743307428.0,1789869404.0,1.02670898732613,0.5065892507244879,1.085078924403903,1.0655212726849497,0.26932001041669396,0.47932617198091393,ok,ok
fw26,35.8m-g021-control,35.8m-g021-control,fit,control,6,35782802,115867648.0,0.0,0.0,0.0,1.152402251018862,1.1775131201363478,,,above_range,above_range
fw26,35.8m-g021-ai-r0.05,35.8m-g021-control,fit,ai,6,35782802,116278833.0,5355983.0,0.0460615475905232,0.044033305398349105,1.1407547964644829,1.1625935298850447,,,above_range,above_range
fw26,35.8m-g021-ai-r0.1,35.8m-g021-control,fit,ai,6,35782802,116600429.0,10801555.0,0.09263735213186909,0.08478325580863795,1.1337615041678921,1.1505573431438552,,,above_range,above_range
fw26,35.8m-g021-ai-r0.25,35.8m-g021-control,fit,ai,6,35782802,116996419.0,27969213.0,0.2390604194475388,0.19293685416416492,1.1156779285191079,1.1251382488946775,1.0878226356749139,0.9693593672845968,ok,ok
fw26,35.8m-g021-ai-r0.5,35.8m-g021-control,fit,ai,6,35782802,117031726.0,56769746.0,0.48507996882828164,0.32663558798857584,1.101938036389074,1.1030252781775882,1.0840187432640476,1.0683434014849658,ok,ok
fw26,35.8m-g021-ai-r1,35.8m-g021-control,fit,ai,6,35782802,115655617.0,116341823.0,1.0059331835132572,0.5014789085603704,1.0859378845774166,1.0851824452101622,1.0171926753171512,1.0286175375618816,ok,ok
fw26,35.8m-g022-control,35.8m-g022-control,fit,control,6,35782802,115867648.0,0.0,0.0,0.0,1.152293580375223,1.1775131201363478,,,above_range,above_range
fw26,35.8m-g022-ai-r0.0234,35.8m-g022-control,fit,ai,6,35782802,115778715.0,2710373.0,0.02340994197422212,0.022874452371512893,1.1460447246646708,1.1697714558472685,,,above_range,above_range
fw26,35.8m-g022-ai-r0.0465,35.8m-g022-control,fit,ai,6,35782802,115980733.0,5391939.0,0.046489954499597794,0.04442465434064103,1.1419229733414593,1.162734035842794,,,above_range,above_range
fw26,35.8m-g022-ai-r2.1,35.8m-g022-control,fit,ai,6,35782802,115823295.0,243313985.0,2.1007344420653893,0.6774957615093593,1.0739003894667167,1.0746697437704515,0.7901728219159201,0.7805771540687924,ok,ok
fw26,35.8m-g022-ai-r4.31,35.8m-g022-control,fit,ai,6,35782802,115863530.0,499650582.0,4.3124060004040965,0.811761375180298,1.0633578407720865,1.0700887271789783,0.5486521903238357,0.4902718560846872,ok,ok
fw26,35.8m-g022-ai-r8.76,35.8m-g022-control,fit,ai,6,35782802,115875432.0,1014489496.0,8.755000766685383,0.8974884755093888,1.0581290463488042,1.0664456918191514,0.3272713849515478,0.2835428062340934,ok,ok
fw26,35.8m-g022-ai-r17.6,35.8m-g022-control,fit,ai,6,35782802,115863512.0,2037125160.0,17.58211126899036,0.94618480184925,1.0553167463890913,1.0620265898872632,0.18072306802705387,0.16048429160565697,ok,ok
fw26,35.8m-g022-ai-r35,35.8m-g022-control,fit,ai,6,35782802,115869119.0,4061133377.0,35.049316090855925,0.972260222704928,1.053564381271273,1.0583827851193306,0.09618113478164872,0.08816695144212962,ok,ok
fw26,35.8m-g022-ai-r69.6,35.8m-g022-control,fit,ai,6,35782802,115866878.0,8060666626.0,69.56834226602705,0.9858293397876597,1.0527324785602372,1.0588971481947573,0.04989405980012952,0.044632078337556835,ok,ok
fw26,35.8m-g022-human-r0.025,35.8m-g022-control,fit,human,6,35782802,118751232.0,0.0,0.0,0.0,1.149562911197474,1.1748754262141445,,,above_range,above_range
fw26,35.8m-g022-human-r0.05,35.8m-g022-control,fit,human,6,35782802,121634816.0,0.0,0.0,0.0,1.146657173025033,1.1723268297540101,,,above_range,above_range
fw26,35.8m-g022-human-r4,35.8m-g022-control,fit,human,6,35782802,579862528.0,0.0,0.0,0.0,1.0369258833555965,1.0508322563903303,0.9608863358116825,0.728910388594217,ok,ok
fw26,35.8m-g023-control,35.8m-g023-control,fit,control,6,35782802,168820736.0,0.0,0.0,0.0,1.112733415198177,1.139930588615591,0.9693563271654951,,ok,above_range
fw26,35.8m-g023-ai-r0.025,35.8m-g023-control,fit,ai,6,35782802,168737808.0,4015088.0,0.02379483322433583,0.023241798505073977,1.1061974209602279,1.1331886290775601,1.0306176108195135,,ok,above_range
fw26,35.8m-g023-ai-r0.05,35.8m-g023-control,fit,ai,6,35782802,168877181.0,8070019.0,0.047786319929156086,0.04560693246346933,1.1014362525918513,1.1270664644791226,1.0719610452980306,0.7762240127270654,ok,ok
fw26,35.8m-g023-ai-r0.1,35.8m-g023-control,fit,ai,6,35782802,168730212.0,16343452.0,0.0968614441141104,0.0883078210414638,1.09483451490744,1.1167417881832729,1.1221285231866363,0.84086587858334,ok,ok
fw26,35.8m-g023-ai-r0.25,35.8m-g023-control,fit,ai,6,35782802,168835815.0,41665817.0,0.24678304777928783,0.19793583833117265,1.0836918997269904,1.0955541128378354,1.1590943453125995,0.9767165009957728,ok,ok
fw26,35.8m-g023-ai-r0.5,35.8m-g023-control,fit,ai,6,35782802,168813643.0,85466037.0,0.5062744662171647,0.3361103687089743,1.072722136033514,1.0773337439202735,1.1372337543423805,1.0572936878032957,ok,ok
fw26,35.8m-g023-ai-r1,35.8m-g023-control,fit,ai,6,35782802,168802558.0,175654658.0,1.0405923943403748,0.5099462279808938,1.063292956090062,1.0638658128795802,0.98148145609679,0.9719233021418728,ok,ok
fw26,35.8m-g023-ai-r2,35.8m-g023-control,fit,ai,6,35782802,168806537.0,358627191.0,2.1244863935571403,0.6799473980549079,1.0541715774360747,1.0582397832422805,0.7532683900882882,0.7000106658652998,ok,ok
fw26,35.8m-g023-ai-r4,35.8m-g023-control,fit,ai,6,35782802,168849481.0,730828727.0,4.328285302813575,0.8123223620416957,1.0478136569012702,1.0573498111329167,0.49752948296993454,0.41693635434529297,ok,ok
fw26,35.8m-g023-ai-r8,35.8m-g023-control,fit,ai,6,35782802,168824702.0,1476128898.0,8.743559920514475,0.897368106918031,1.0480145839894592,1.0567200473740388,0.27106659934971244,0.23062283457602697,ok,ok
fw26,35.8m-g023-ai-r16,35.8m-g023-control,fit,ai,6,35782802,168819352.0,2959345000.0,17.529655012536715,0.9460324544993728,1.0477930498428416,1.0548737944174802,0.14314907275594446,0.12538968260066444,ok,ok
fw26,35.8m-g023-ai-r32,35.8m-g023-control,fit,ai,6,35782802,168819572.0,5890901132.0,34.894657427516755,0.9721407008265971,1.0487182758778495,1.0536288826786482,0.07259840351558997,0.0662196893397044,ok,ok
fw26,35.8m-g023-ai-r64,35.8m-g023-control,fit,ai,6,35782802,168821449.0,11668290871.0,69.11616349768447,0.9857379532747392,1.0493937018442572,1.0565893540297442,0.0366901438046799,0.032124008871697064,ok,ok
fw26,35.8m-g023-human-r0.025,35.8m-g023-control,fit,human,6,35782802,172752896.0,0.0,0.0,0.0,1.1119754940763216,1.1378164947474085,0.9564554010450014,,ok,above_range
fw26,35.8m-g023-human-r0.05,35.8m-g023-control,fit,human,6,35782802,176947200.0,0.0,0.0,0.0,1.1101688705193105,1.1356352316139247,0.9556079276690722,,ok,above_range
fw26,35.8m-g023-human-r4,35.8m-g023-control,fit,human,6,35782802,899678208.0,0.0,0.0,0.0,1.02110577615015,1.0286290506651696,0.8861586181274302,0.7423950689552541,ok,ok
fw26,35.8m-g024-control,35.8m-g024-control,fit,control,6,35782802,463994880.0,0.0,0.0,0.0,1.0454500718043822,1.0637461645767035,1.0099880247527842,0.7230034332823961,ok,ok
fw26,35.8m-g024-ai-r0.05,35.8m-g024-control,fit,ai,6,35782802,463398784.0,23664768.0,0.051067824985919684,0.048586612368810546,1.035770539591323,1.0549599711890127,1.1722670454679003,0.8040529775408275,ok,ok
fw26,35.8m-g024-ai-r0.1,35.8m-g024-control,fit,ai,6,35782802,463176827.0,47217541.0,0.10194279646032464,0.09251187701193443,1.0320893123749946,1.0482498233528663,1.2113314817482823,0.869690141361218,ok,ok
fw26,35.8m-g024-ai-r0.25,35.8m-g024-control,fit,ai,6,35782802,461521742.0,118340786.0,0.25641432511320345,0.2040842101112628,1.0252143920523666,1.0355973723335024,1.246218051130862,0.9882969805501186,ok,ok
fw26,35.8m-g024-ai-r0.5,35.8m-g024-control,fit,ai,6,35782802,458319646.0,237672674.0,0.5185740477727634,0.34148749514937177,1.021661062325713,1.0265400474470545,1.1301175671518058,1.0067137851049026,ok,ok
fw26,35.8m-g024-ai-r1,35.8m-g024-control,fit,ai,6,35782802,453694044.0,474295716.0,1.045408733644297,0.5111001612776417,1.0187504417679825,1.0228111761180694,0.910600556979735,0.8243830414326825,ok,ok
fw26,35.8m-g025-control,35.8m-g025-control,fit,control,6,35782802,463994880.0,0.0,0.0,0.0,1.0463622040027094,1.0637461645767035,0.9921622595846331,0.7230034332823961,ok,ok
fw26,35.8m-g025-ai-r0.0256,35.8m-g025-control,fit,ai,6,35782802,463918960.0,11872400.0,0.02559153866011426,0.02495295416881887,1.0409169282170785,1.0590030482227994,1.078241019170796,0.7655745843816625,ok,ok
fw26,35.8m-g025-ai-r0.0514,35.8m-g025-control,fit,ai,6,35782802,464017391.0,23832593.0,0.051361421925670885,0.04885229841475203,1.0372278222238704,1.0548399540324598,1.134891122415497,0.8045122062313421,ok,ok
fw26,35.8m-g025-ai-r2.11,35.8m-g025-control,fit,ai,6,35782802,463986388.0,980951340.0,2.114181289301099,0.6788883153862808,1.019612905855132,1.0248864330388927,0.5723966937831715,0.5039805187218527,ok,ok
fw26,35.8m-g025-ai-r4.28,35.8m-g025-control,fit,ai,6,35782802,464002600.0,1985208792.0,4.278443250102478,0.8105502034182928,1.0226031715921888,1.031218317748543,0.31391791555240794,0.2573285676850081,ok,ok
fw26,35.8m-g025-ai-r8.61,35.8m-g025-control,fit,ai,6,35782802,463988479.0,3995867393.0,8.611997008227439,0.8959633467276317,1.0292955211098864,1.0367971442714743,0.14752136332269367,0.12527193153336547,ok,ok
fw26,35.8m-g025-ai-r17.2,35.8m-g025-control,fit,ai,6,35782802,464001213.0,7995123523.0,17.2308246164003,0.9451478459674058,1.0349326957390226,1.0406228520451066,0.06871514151938009,0.06101100931936682,ok,ok
fw26,35.8m-g025-ai-r34.4,35.8m-g025-control,fit,ai,6,35782802,463994705.0,15953297583.0,34.38249922054606,0.9717374402026605,1.0392926514899488,1.045118150100063,0.03230572830660926,0.028731366658391932,ok,ok
fw26,35.8m-g025-human-r0.025,35.8m-g025-control,fit,human,6,35782802,475529216.0,0.0,0.0,0.0,1.0451449910961272,1.0622644424157321,0.991406145426731,0.7236262898301938,ok,ok
fw26,35.8m-g025-human-r0.05,35.8m-g025-control,fit,human,6,35782802,487063552.0,0.0,0.0,0.0,1.04394971555919,1.0608327164140912,0.991036925536294,0.7242406715952853,ok,ok
fw26,35.8m-g025-human-r2,35.8m-g025-control,fit,human,6,35782802,1391984640.0,0.0,0.0,0.0,1.0085601578586258,1.010232115185491,0.7946533650390719,0.7587097233911109,ok,ok
fw26,35.8m-g025-human-r4,35.8m-g025-control,fit,human,6,35782802,2319974400.0,0.0,0.0,0.0,0.998456459067057,0.9925323233927776,0.6437903294901768,0.7824991821049865,ok,ok
fw26,35.8m-g026-control,35.8m-g026-control,fit,control,6,35782802,675545088.0,0.0,0.0,0.0,1.0315774497005605,1.0426492676174568,0.9255734445114723,0.7333042387289851,ok,ok
fw26,35.8m-g026-ai-r0.025,35.8m-g026-control,fit,ai,6,35782802,675594024.0,17252568.0,0.025536886631785837,0.02490099280159265,1.025229979980808,1.0385964002340726,1.0426134683281534,0.7766026455833854,ok,ok
fw26,35.8m-g026-ai-r0.05,35.8m-g026-control,fit,ai,6,35782802,675441566.0,34444386.0,0.05099536027073584,0.04852101369657756,1.0223444040113443,1.0351209443788545,1.0898326709505965,0.8155291149940272,ok,ok
fw26,35.8m-g026-ai-r0.1,35.8m-g026-control,fit,ai,6,35782802,675657678.0,68831282.0,0.10187301090656739,0.09245440254748707,1.0175436525982944,1.0294336708449845,1.1700408556870678,0.8809790245658072,ok,ok
fw26,35.8m-g026-ai-r0.25,35.8m-g026-control,fit,ai,6,35782802,675636568.0,172923560.0,0.2559416825407828,0.20378468689964183,1.0119791642553126,1.018949340287604,1.1869312608593867,0.99090188149934,ok,ok
fw26,35.8m-g026-ai-r0.5,35.8m-g026-control,fit,ai,6,35782802,675549388.0,347336500.0,0.5141541183662504,0.33956524777082464,1.0087422847751817,1.0120235278535883,1.0759113684258401,0.9834744308773244,ok,ok
fw26,35.8m-g026-ai-r1,35.8m-g026-control,fit,ai,6,35782802,675546991.0,700971153.0,1.0376349274568821,0.5092349534624079,1.0073391528494418,1.0104216656042166,0.8316820876084998,0.7632613281533818,ok,ok
fw26,35.8m-g026-ai-r2,35.8m-g026-control,fit,ai,6,35782802,675524321.0,1419792671.0,2.1017639585473935,0.6776028049315795,1.011786159655887,1.015496735407526,0.4831863886955803,0.43809136490767,ok,ok
fw26,35.8m-g026-ai-r4,35.8m-g026-control,fit,ai,6,35782802,675538256.0,2873629360.0,4.253836602852585,0.8096629043512608,1.0174677438179314,1.0238276566713262,0.24590530436460414,0.21038010832709794,ok,ok
fw26,35.8m-g026-ai-r8,35.8m-g026-control,fit,ai,6,35782802,675537864.0,5790506040.0,8.571697233539526,0.8955253205778418,1.0235509001566805,1.0312263032661217,0.11623905583496906,0.09745380701322007,ok,ok
fw26,35.8m-g026-ai-r16,35.8m-g026-control,fit,ai,6,35782802,675547285.0,11596461931.0,17.166025515149542,0.944952185651944,1.0304001567683023,1.0368436673711925,0.05229963503967634,0.04548133883072297,ok,ok
fw26,35.8m-g026-ai-r32,35.8m-g026-control,fit,ai,6,35782802,675541977.0,23245098023.0,34.40955383147123,0.9717590341646377,1.036388004373857,1.0433903409750482,0.023558783905467316,0.02040481038335821,ok,ok
fw26,35.8m-g026-human-r0.025,35.8m-g026-control,fit,human,6,35782802,692846592.0,0.0,0.0,0.0,1.0303896943483255,1.041343668304464,0.9265708979863692,0.7340607993723353,ok,ok
fw26,35.8m-g026-human-r0.05,35.8m-g026-control,fit,human,6,35782802,709885952.0,0.0,0.0,0.0,1.0291128112392738,1.0401021701177504,0.9306316234208724,0.734795682562532,ok,ok
fw26,35.8m-g026-human-r2,35.8m-g026-control,fit,human,6,35782802,2095316992.0,0.0,0.0,0.0,0.9998928443246392,0.9957685515544633,0.681429752979733,0.7772877539258828,ok,ok
fw26,35.8m-g026-human-r4,35.8m-g026-control,fit,human,6,35782802,3549167616.0,0.0,0.0,0.0,0.9896753733644778,0.9804074757418227,0.5653065473883551,0.8072485357252156,ok,ok
fw26,35.8m-g027-control,35.8m-g027-control,fit,control,6,35782802,927989760.0,0.0,0.0,0.0,1.0194421246867478,1.0272103850151486,0.8950410720415625,0.7434497784862603,ok,ok
fw26,35.8m-g027-ai-r0.05,35.8m-g027-control,fit,ai,6,35782802,927778141.0,46611107.0,0.0502394968583335,0.047836228792212616,1.0113982629160125,1.0207284312009062,1.0499803998981059,0.8257990094579849,ok,ok
fw26,35.8m-g027-ai-r0.1,35.8m-g027-control,fit,ai,6,35782802,927339503.0,93449233.0,0.10077132775826546,0.09154610518743028,1.0080657961844912,1.0158601462977281,1.0987388483233984,0.890845598538504,ok,ok
fw26,35.8m-g027-ai-r0.25,35.8m-g027-control,fit,ai,6,35782802,924374519.0,235612681.0,0.2548887665736273,0.20311662145927128,1.004416389672035,1.0071136338861024,1.0737505051703973,0.9932680707963386,ok,ok
fw26,35.8m-g027-ai-r0.5,35.8m-g027-control,fit,ai,6,35782802,920411699.0,471572941.0,0.5123500076241425,0.33877740274490387,1.0011739272559854,1.0019544876911688,0.9860430100751019,0.9629142251988715,ok,ok
fw26,35.8m-g027-ai-r1,35.8m-g027-control,fit,ai,6,35782802,912810015.0,943169505.0,1.0332593743507514,0.508178832167286,1.0022610011816624,1.0022732466667177,0.7155310215126713,0.7152669655484399,ok,ok
fw26,35.8m-g028-control,35.8m-g028-control,fit,control,6,35782802,1351090176.0,0.0,0.0,0.0,1.0101061380921097,1.011385779300779,0.7843809964999959,0.7574885532509363,ok,ok
fw26,35.8m-g028-ai-r0.05,35.8m-g028-control,fit,ai,6,35782802,1351082174.0,68165442.0,0.05045247677140917,0.048029280607225625,1.0019668051192323,1.0058452349499358,0.9440652524784352,0.8418562195342821,ok,ok
fw26,35.8m-g028-ai-r0.1,35.8m-g028-control,fit,ai,6,35782802,1351201851.0,136465349.0,0.10099553142190004,0.09173110020843371,0.9983793058519216,1.0017525134200296,1.0064279432089154,0.9065127031408224,ok,ok
fw26,35.8m-g028-ai-r0.25,35.8m-g028-control,fit,ai,6,35782802,1351079271.0,342108825.0,0.25321151196908565,0.20205010052232258,0.994554411213572,0.994689613815146,1.0012983537271252,0.9967985281337254,ok,ok
fw26,35.8m-g028-ai-r0.5,35.8m-g028-control,fit,ai,6,35782802,1351098028.0,688120148.0,0.5093043833530042,0.33744312212328964,0.9930335069016519,0.9910984266658408,0.8751126298106282,0.9355849042383183,ok,ok
fw26,35.8m-g028-ai-r1,35.8m-g028-control,fit,ai,6,35782802,1351152951.0,1389824713.0,1.0286213059530964,0.5070543737929563,0.9940701179722159,0.9930233397568383,0.6286370832923192,0.6512872034782838,ok,ok
fw26,35.8m-g029-control,35.8m-g029-control,fit,control,6,35782802,1391984640.0,0.0,0.0,0.0,1.0091515701651719,1.010232115185491,0.7816693526470669,0.7587097233911109,ok,ok
fw26,35.8m-g029-ai-r0.05,35.8m-g029-control,fit,ai,6,35782802,1391411536.0,70041264.0,0.050338280363373386,0.04792577906039798,1.0008325511782605,1.0047878059638884,0.9490427418378405,0.8430380478967705,ok,ok
fw26,35.8m-g029-ai-r0.1,35.8m-g029-control,fit,ai,6,35782802,1391220454.0,139962650.0,0.10060422098998266,0.09140817295747798,0.9975058151520336,1.000776065912397,1.0054184402331858,0.9073954143486056,ok,ok
fw26,35.8m-g029-ai-r0.25,35.8m-g029-control,fit,ai,6,35782802,1387769736.0,352079992.0,0.25370202481487175,0.2023622996479843,0.9945250414698227,0.9938659454618087,0.9753991498120945,0.9971822820847489,ok,ok
fw26,35.8m-g029-ai-r0.5,35.8m-g029-control,fit,ai,6,35782802,1382716361.0,705260599.0,0.5100544253992522,0.33777221325277457,0.9920122489532173,0.9904931393748811,0.8851508544625721,0.9333945570464618,ok,ok
fw26,35.8m-g029-ai-r1,35.8m-g029-control,fit,ai,6,35782802,1372343466.0,1411625814.0,1.0286242831865533,0.5070550972459007,0.9943908045965459,0.9926866014732122,0.6123168505748212,0.648644842033812,ok,ok
fw26,35.8m-g030-control,35.8m-g030-control,fit,control,6,35782802,1391984640.0,0.0,0.0,0.0,1.0083889028224782,1.010232115185491,0.7984700362939788,0.7587097233911109,ok,ok
fw26,35.8m-g030-ai-r2.08,35.8m-g030-control,fit,ai,6,35782802,1391967663.0,2898805329.0,2.082523470949339,0.6755904668936632,0.998127368156168,1.0008759175050106,0.3517422003073516,0.32281757545546796,ok,ok
fw26,35.8m-g030-ai-r4.21,35.8m-g030-control,fit,ai,6,35782802,1391960067.0,5866545149.0,4.214592995935422,0.8082304791995344,1.0064124529889806,1.0123052500662,0.16194387115616146,0.13754981354398252,ok,ok
fw26,35.8m-g030-ai-r8.51,35.8m-g030-control,fit,ai,6,35782802,1391973198.0,11840007346.0,8.505916179285515,0.8948023545401005,1.015704528095401,1.0226771955483305,0.06900125283081801,0.058002231588030036,ok,ok
fw26,35.8m-g030-human-r2,35.8m-g030-control,fit,human,6,35782802,4175953920.0,0.0,0.0,0.0,0.9889300822691411,0.976306425173952,0.4935025272810979,0.818174314029446,ok,ok
fw26,35.8m-g031-control,35.8m-g031-control,fit,control,6,35782802,1391984640.0,0.0,0.0,0.0,1.0092379649621923,1.010232115185491,0.7797977640686704,0.7587097233911109,ok,ok
fw26,35.8m-g031-ai-r0.25,35.8m-g031-control,fit,ai,6,35782802,1388012484.0,351837244.0,0.25348276622560983,0.2022227772535537,0.9935940988488454,0.9938669208438189,1.0063673042883778,0.9971495400040318,ok,ok
fw26,35.8m-g031-ai-r1,35.8m-g031-control,fit,ai,6,35782802,1371859102.0,1412110178.0,1.029340532086217,0.5072290804875548,0.9932553040932324,0.9926996337100007,0.6361911649361133,0.6483556160210683,ok,ok
fw26,35.8m-g032-control,35.8m-g032-control,fit,control,6,35782802,1855979520.0,0.0,0.0,0.0,1.0030960134323053,0.9998052027674664,0.6978360089218527,0.7714016187465259,ok,ok
fw26,35.8m-g032-ai-r0.05,35.8m-g032-control,fit,ai,6,35782802,1855678736.0,93099760.0,0.05017019282156607,0.047773392507713716,0.9948646686853765,0.9950054457813344,0.8610389808747695,0.857027552361979,ok,ok
fw26,35.8m-g032-ai-r0.1,35.8m-g032-control,fit,ai,6,35782802,1855428109.0,186149363.0,0.100326906818463,0.09117918156573389,0.9911181011003083,0.9915155013715464,0.9338603189758067,0.9209972860458159,ok,ok
fw26,35.8m-g032-ai-r0.25,35.8m-g032-control,fit,ai,6,35782802,1851626714.0,468347686.0,0.2529385012966496,0.20187623018598827,0.9885218867750074,0.985716405487956,0.9015485164093953,1.0005949272901011,ok,ok
fw26,35.8m-g032-ai-r0.5,35.8m-g032-control,fit,ai,6,35782802,1845117682.0,938851598.0,0.5088301993737004,0.33723489865520356,0.9868723552170561,0.9834413607710589,0.7983403446213175,0.910486963316052,ok,ok
fw26,35.8m-g032-ai-r1,35.8m-g032-control,fit,ai,6,35782802,1832078351.0,1879880689.0,1.0260918633604879,0.5064389635614083,0.9898755254371038,0.9867805277373801,0.5366666754795684,0.6008105093967824,ok,ok
fw26,35.8m-g033-control,35.8m-g033-control,fit,control,6,35782802,1958215680.0,0.0,0.0,0.0,1.0010981157635754,0.9979956003032108,0.7025485950197223,0.7739621884509357,ok,ok
fw26,35.8m-g033-ai-r0.05,35.8m-g033-control,fit,ai,6,35782802,1958102719.0,98416961.0,0.05026138825355464,0.04785607546434956,0.99388356416367,0.993296056863863,0.8431325710302782,0.8600396236329739,ok,ok
fw26,35.8m-g033-ai-r0.1,35.8m-g033-control,fit,ai,6,35782802,1958161157.0,197186811.0,0.10069999105798828,0.09148722801496152,0.990344435383526,0.9898769121589247,0.9089857974458205,0.9242063423649021,ok,ok
fw26,35.8m-g033-ai-r0.25,35.8m-g033-control,fit,ai,6,35782802,1958237840.0,494381424.0,0.25246239956225136,0.2015728373566261,0.9870184223441157,0.9842502156392167,0.9012795324883005,1.0013096269093071,ok,ok
fw26,35.8m-g033-ai-r0.5,35.8m-g033-control,fit,ai,6,35782802,1958211281.0,995365167.0,0.5083032544331462,0.33700335323096403,0.9861929435392172,0.9820871211473007,0.7719073788060203,0.905739421943381,ok,ok
fw26,35.8m-g033-ai-r1,35.8m-g033-control,fit,ai,6,35782802,1958151589.0,2009397851.0,1.0261707327910046,0.5064581756037299,0.9886623262871881,0.9855199080608629,0.5244864004310955,0.5894731689616491,ok,ok
fw26,35.8m-g033-ai-r2,35.8m-g033-control,fit,ai,6,35782802,1958256567.0,4068171849.0,2.0774457839466547,0.6750552015517378,0.9943719916594952,0.9952999034280576,0.28304385965399387,0.2744529628249617,ok,ok
fw26,35.8m-g033-ai-r4,35.8m-g033-control,fit,ai,6,35782802,1958231028.0,8238384140.0,4.207054235277902,0.8079528357463652,1.0040828660666934,1.0079304814629781,0.12335629636467878,0.11041488378773073,ok,ok
fw26,35.8m-g033-ai-r8,35.8m-g033-control,fit,ai,6,35782802,1958200362.0,16649042902.0,8.502216231333737,0.8947613929577312,1.0135960275630485,1.0195269255447512,0.051845714484367166,0.0445440922654882,ok,ok
fw26,35.8m-g033-human-r2,35.8m-g033-control,fit,human,6,35782802,6026428416.0,0.0,0.0,0.0,0.9825726067832039,0.9680121244935135,0.43534938322105904,0.8463966584131987,ok,ok
fw26,35.8m-g034-control,35.8m-g034-control,fit,control,6,35782802,2319974400.0,0.0,0.0,0.0,0.9986458994072379,0.9925323233927776,0.6399473363787617,0.7824991821049865,ok,ok
fw26,35.8m-g034-ai-r0.05,35.8m-g034-control,fit,ai,6,35782802,2319483849.0,116358199.0,0.05016555689756821,0.04776918893223737,0.9907392533005667,0.9881792232711988,0.7931828832973312,0.8694588900465348,ok,ok
fw26,35.8m-g034-ai-r0.1,35.8m-g034-control,fit,ai,6,35782802,2319309982.0,232661858.0,0.1003151194991925,0.0911694456628487,0.986961830347956,0.985048688373938,0.8680177442276578,0.933110599132935,ok,ok
fw26,35.8m-g034-ai-r0.25,35.8m-g034-control,fit,ai,6,35782802,2315039033.0,584797895.0,0.25260822243769054,0.20166578656660242,0.9838403837011601,0.980029689305646,0.8605263013103889,1.003636784944126,ok,ok
fw26,35.8m-g034-ai-r0.5,35.8m-g034-control,fit,ai,6,35782802,2307680041.0,1172281559.0,0.507991375828691,0.3368662340986751,0.9820700986452563,0.9785148669466357,0.7692627032374024,0.8915789171231331,ok,ok
fw26,35.8m-g034-ai-r1,35.8m-g034-control,fit,ai,6,35782802,2291849548.0,2348099252.0,1.0245433667533224,0.5060614574022886,0.9868248670910069,0.9826518984673943,0.47985350311473307,0.5636512901149903,ok,ok
fw26,35.8m-g035-control,35.8m-g035-control,fit,control,6,35782802,2610954240.0,0.0,0.0,0.0,0.9949281576817754,0.9889453109032976,0.6413143050683079,0.7888724608621909,ok,ok
fw26,35.8m-g035-ai-r0.05,35.8m-g035-control,fit,ai,6,35782802,2611016413.0,131009827.0,0.05017579604161607,0.04777847311920691,0.9883137046746481,0.9848042329335643,0.768588345467368,0.8766345367954238,ok,ok
fw26,35.8m-g035-ai-r0.1,35.8m-g035-control,fit,ai,6,35782802,2611035893.0,262062347.0,0.100367194377745,0.09121245606972353,0.9864494307523334,0.9818479097030122,0.7859114489295579,0.9401375683572878,ok,ok
fw26,35.8m-g035-ai-r0.25,35.8m-g035-control,fit,ai,6,35782802,2611009993.0,657663543.0,0.2518808984887711,0.20120196641136817,0.9819586596468001,0.9771855976858557,0.8226748014316949,1.0054552095977185,ok,ok
fw26,35.8m-g035-ai-r0.5,35.8m-g035-control,fit,ai,6,35782802,2610934243.0,1324633629.0,0.5073408618203947,0.3365800494572185,0.9805964004597122,0.9759808773265619,0.7223274280158821,0.8808644960990175,ok,ok
fw26,35.8m-g035-ai-r1,35.8m-g035-control,fit,ai,6,35782802,2610972050.0,2672540270.0,1.0235805741390454,0.5058264480397767,0.9835143305727597,0.9804113711504564,0.4783750840617325,0.5421768831738293,ok,ok
fw26,35.8m-g036-control,35.8m-g036-control,fit,control,6,35782802,3131047936.0,0.0,0.0,0.0,0.992373221493834,0.9837626302734099,0.58297520812127,0.7994102199058908,ok,ok
fw26,35.8m-g036-ai-r0.05,35.8m-g036-control,fit,ai,6,35782802,3131010370.0,156799678.0,0.05007957798619492,0.04769122172839104,0.9854286424165233,0.9799458822234894,0.7138224715381001,0.8883038722087279,ok,ok
fw26,35.8m-g036-ai-r0.1,35.8m-g036-control,fit,ai,6,35782802,3131034459.0,314061989.0,0.10030614262236709,0.09116203094468489,0.9834615092100913,0.9772433154487061,0.7351777337651819,0.9515573123940927,ok,ok
fw26,35.8m-g036-ai-r0.25,35.8m-g036-control,fit,ai,6,35782802,3131020379.0,788556709.0,0.2518529468185234,0.20118413065894522,0.9784608623866697,0.9731322351568134,0.793412841833958,1.0083551280277394,ok,ok
fw26,35.8m-g036-ai-r0.5,35.8m-g036-control,fit,ai,6,35782802,3131109608.0,1586958104.0,0.5068356917130319,0.3363576364035023,0.9779356743573044,0.9724768614368253,0.6742022948601827,0.8642412746264999,ok,ok
fw26,35.8m-g036-ai-r1,35.8m-g036-control,fit,ai,6,35782802,3131012430.0,3202910898.0,1.0229633288297102,0.5056756661137783,0.9813755100467303,0.977484932761709,0.43470407194269944,0.5121294434858666,ok,ok
fw26,86.2m-g037-control,86.2m-g037-control,fit,control,9,86180184,325582848.0,0.0,0.0,0.0,1.0167364664429834,1.0033696944682249,,,above_range,above_range
fw26,86.2m-g037-ai-r0.05,86.2m-g037-control,fit,ai,9,86180184,325232169.0,16603607.0,0.051051552037584574,0.04857188207240192,1.0045321830317013,0.9930441750684273,,,above_range,above_range
fw26,86.2m-g037-ai-r0.1,86.2m-g037-control,fit,ai,9,86180184,325477939.0,33135053.0,0.10180429771002084,0.09239780414871306,0.9983462606350645,0.984863818126564,,,above_range,above_range
fw26,86.2m-g037-ai-r0.25,86.2m-g037-control,fit,ai,9,86180184,323814606.0,83557170.0,0.25804015153041,0.20511281076085153,0.9868072007205291,0.968389436438864,,0.9817018760160582,above_range,ok
fw26,86.2m-g037-ai-r0.5,86.2m-g037-control,fit,ai,9,86180184,321752956.0,166883460.0,0.518669547203787,0.3415289047961583,0.9750824687783191,0.9541917570898972,0.7259540913978799,1.078538552802214,ok,ok
fw26,86.2m-g037-ai-r1,86.2m-g037-control,fit,ai,9,86180184,318248424.0,333441560.0,1.047739862491825,0.5116567205059269,0.9617542402742032,0.9426679092641937,0.6954105061572357,1.0381469414115032,ok,ok
fw26,86.2m-g038-control,86.2m-g038-control,fit,control,9,86180184,325582848.0,0.0,0.0,0.0,1.016942301447297,1.0033696944682249,,,above_range,above_range
fw26,86.2m-g038-ai-r2.12,86.2m-g038-control,fit,ai,9,86180184,325556008.0,691562712.0,2.1242511119622773,0.6799232954831468,0.9477556544480129,0.9348287472344948,0.5938093762360763,0.801132431503844,ok,ok
fw26,86.2m-g038-ai-r4.3,86.2m-g038-control,fit,ai,9,86180184,325563169.0,1399868639.0,4.299837242952995,0.8113149604113477,0.9404377018074166,0.9313007736277383,0.41281597457641267,0.5160178420396259,ok,ok
fw26,86.2m-g038-ai-r8.66,86.2m-g038-control,fit,ai,9,86180184,325568463.0,2820683825.0,8.663873026915386,0.8965218192318085,0.9373441011777403,0.9285234160288585,0.2436014776936111,0.30415341160496734,ok,ok
fw26,86.2m-g038-ai-r17.3,86.2m-g038-control,fit,ai,9,86180184,325578296.0,5645537736.0,17.340030970614823,0.9454744650321342,0.9366026549874138,0.9254873360469623,0.1306741380278789,0.1738510987361684,ok,ok
fw26,86.2m-g038-ai-r34.5,86.2m-g038-control,fit,ai,9,86180184,325574334.0,11225014594.0,34.47757830320863,0.9718131832039517,0.9362361602433186,0.9231485519415582,0.06815597280347825,0.09587233318758824,ok,ok
fw26,86.2m-g038-human-r4,86.2m-g038-control,fit,human,9,86180184,1630011392.0,0.0,0.0,0.0,0.9200617510080453,0.9208351785203482,0.7418821412309646,0.7254791677837532,ok,ok
fw26,86.2m-g039-control,86.2m-g039-control,fit,control,9,86180184,406847488.0,0.0,0.0,0.0,0.9979879576139885,0.9884174615593551,,,above_range,above_range
fw26,86.2m-g039-ai-r0.025,86.2m-g039-control,fit,ai,9,86180184,406948626.0,10384622.0,0.025518262838415382,0.02488328464067162,0.9904348638590005,0.9833667420286477,,,above_range,above_range
fw26,86.2m-g039-ai-r0.05,86.2m-g039-control,fit,ai,9,86180184,406840144.0,20978864.0,0.05156537354878136,0.04903677398083257,0.9864606064883561,0.9788705486862106,,0.7767275494865492,above_range,ok
fw26,86.2m-g039-ai-r0.1,86.2m-g039-control,fit,ai,9,86180184,406878913.0,41911615.0,0.10300758692795663,0.09338792239394143,0.9804184851637913,0.9714173814592908,0.7212918902407468,0.8434258381728668,ok,ok
fw26,86.2m-g039-ai-r0.25,86.2m-g039-control,fit,ai,9,86180184,406764310.0,104940778.0,0.25798914855632243,0.20508058344731567,0.9695581901459511,0.9565025984897829,0.7650130666309793,0.9825103078893354,ok,ok
fw26,86.2m-g039-ai-r0.5,86.2m-g039-control,fit,ai,9,86180184,406902129.0,211233423.0,0.5191258731408603,0.3417267010715475,0.9586154483265164,0.9436791720219269,0.7796596766711124,1.0696327334717326,ok,ok
fw26,86.2m-g039-ai-r1,86.2m-g039-control,fit,ai,9,86180184,406742232.0,425302824.0,1.0456323207667306,0.5111535979128515,0.9491967338976874,0.9336743283006868,0.7035969344992279,1.0077849854247363,ok,ok
fw26,86.2m-g039-ai-r2,86.2m-g039-control,fit,ai,9,86180184,406936840.0,861840120.0,2.117871952807222,0.6792684192499838,0.9377449664211075,0.9283557220555589,0.5982879377141239,0.7575695702258591,ok,ok
fw26,86.2m-g039-ai-r4,86.2m-g039-control,fit,ai,9,86180184,406833178.0,1743271910.0,4.284979702417486,0.8107845145474117,0.9329818731825332,0.9262538043892181,0.3968145375754273,0.4728646880638785,ok,ok
fw26,86.2m-g039-ai-r8,86.2m-g039-control,fit,ai,9,86180184,406842277.0,3512210523.0,8.632855338679564,0.8961886206279231,0.9320875762063402,0.9246616184903592,0.22267683531787513,0.27094093076193,ok,ok
fw26,86.2m-g039-ai-r16,86.2m-g039-control,fit,ai,9,86180184,406861055.0,7029115649.0,17.276452397244068,0.9452847862230204,0.9322779693108493,0.9226380782634848,0.11679443577999163,0.1510726940841147,ok,ok
fw26,86.2m-g039-ai-r32,86.2m-g039-control,fit,ai,9,86180184,406846664.0,14013170488.0,34.44337075355742,0.9717859791904914,0.9329636281131374,0.9212267258393422,0.05919440882031708,0.08109016527013121,ok,ok
fw26,86.2m-g039-human-r0.025,86.2m-g039-control,fit,human,9,86180184,417333248.0,0.0,0.0,0.0,0.995865646060601,0.9867961671431712,,,above_range,above_range
fw26,86.2m-g039-human-r0.05,86.2m-g039-control,fit,human,9,86180184,427819008.0,0.0,0.0,0.0,0.9938906207316257,0.9852315061450232,,,above_range,above_range
fw26,86.2m-g039-human-r4,86.2m-g039-control,fit,human,9,86180184,2150105088.0,0.0,0.0,0.0,0.9104126548379117,0.911413659928074,0.757567936074154,0.7332235701830695,ok,ok
fw26,86.2m-g040-control,86.2m-g040-control,fit,control,9,86180184,1303904256.0,0.0,0.0,0.0,0.9287955808764874,0.9292581506253222,0.728667379217356,0.7198841541454927,ok,ok
fw26,86.2m-g040-ai-r0.05,86.2m-g040-control,fit,ai,9,86180184,1303257877.0,65658091.0,0.05037996866064597,0.0479635657226843,0.9189433907852842,0.9235651158826514,0.9127461334841808,0.7995889392426669,ok,ok
fw26,86.2m-g040-ai-r0.1,86.2m-g040-control,fit,ai,9,86180184,1302983105.0,131468863.0,0.10089836352866602,0.09165093424724556,0.9152836874164456,0.9191772681740327,0.9725312597658076,0.8650774856972874,ok,ok
fw26,86.2m-g040-ai-r0.25,86.2m-g040-control,fit,ai,9,86180184,1300606171.0,329405221.0,0.25327053518954895,0.2020876802559181,0.9085641970742266,0.910820875685041,1.0626731584859537,0.9860129045748445,ok,ok
fw26,86.2m-g040-ai-r0.5,86.2m-g040-control,fit,ai,9,86180184,1295254150.0,660864378.0,0.5102198499035884,0.337844751501684,0.9049622541240621,0.9046225730270121,1.002947739069709,1.0151386334910355,ok,ok
fw26,86.2m-g040-ai-r1,86.2m-g040-control,fit,ai,9,86180184,1285225852.0,1323106948.0,1.029474271732903,0.5072615534336723,0.9012705772531742,0.9016296344167106,0.8605823086476879,0.8491007668732267,ok,ok
fw26,86.2m-g040-ai-r2.08,86.2m-g040-control,fit,ai,9,86180184,1268565265.0,2643671791.0,2.0839856363243556,0.6757442744798745,0.903249338400866,0.9029516472228006,0.533309245979346,0.5391317780771278,ok,ok
fw26,86.2m-g040-ai-r4.22,86.2m-g040-control,fit,ai,9,86180184,1249424338.0,5271145518.0,4.218859323996937,0.808387247496425,0.90574473629565,0.9065608629656735,0.292684535919876,0.28447252823780567,ok,ok
fw26,86.2m-g041-control,86.2m-g041-control,fit,control,9,86180184,1303904256.0,0.0,0.0,0.0,0.9281985543007261,0.9292581506253222,0.7402292704627569,0.7198841541454927,ok,ok
fw26,86.2m-g041-ai-r2.08,86.2m-g041-control,fit,ai,9,86180184,1303915408.0,2717373552.0,2.0840106155107265,0.6757469008146084,0.9017327658205527,0.9024689391919277,0.5486400056284222,0.5338839236885942,ok,ok
fw26,86.2m-g041-ai-r4.22,86.2m-g041-control,fit,ai,9,86180184,1303899561.0,5500834391.0,4.218756225963634,0.808383462131276,0.9053578339044177,0.9059714141930311,0.28430511284110255,0.27824459903246573,ok,ok
fw26,86.2m-g041-ai-r8,86.2m-g041-control,fit,ai,9,86180184,1303911820.0,11093402228.0,8.507785616975234,0.8948230386879363,0.9109936219384526,0.9092072513172511,0.1289132336514932,0.13673941782403687,ok,ok
fw26,86.2m-g041-human-r2,86.2m-g041-control,fit,human,9,86180184,3912237056.0,0.0,0.0,0.0,0.8944111980524574,0.8943965040597306,0.7531483674730323,0.7536131308979095,ok,ok
fw26,86.2m-g042-control,86.2m-g042-control,fit,control,9,86180184,1303904256.0,0.0,0.0,0.0,0.928623116413757,0.9292581506253222,0.7319809096216996,0.7198841541454927,ok,ok
fw26,86.2m-g042-ai-r1,86.2m-g042-control,fit,ai,9,86180184,1285432391.0,1322900409.0,1.0291481825589068,0.5071823691363311,0.901227217192301,0.90162654527764,0.861983657091946,0.8491986220636173,ok,ok
fw26,86.2m-g043-control,86.2m-g043-control,fit,control,9,86180184,1303904256.0,0.0,0.0,0.0,0.92891043056235,0.9292581506253222,0.7264725449766719,0.7198841541454927,ok,ok
fw26,86.2m-g043-ai-r1,86.2m-g043-control,fit,ai,9,86180184,1285225852.0,1323106948.0,1.029474271732903,0.5072615534336723,0.9009155766068728,0.9016296344167106,0.8721510874450772,0.8491007668732267,ok,ok
fw26,86.2m-g044-control,86.2m-g044-control,fit,control,9,86180184,1626865664.0,0.0,0.0,0.0,0.9197341393382409,0.9209047744729554,0.750436756323242,0.725428381195192,ok,ok
fw26,86.2m-g044-ai-r0.025,86.2m-g044-control,fit,ai,9,86180184,1626798155.0,40961973.0,0.025179505443931365,0.024561069851886996,0.9137380021414677,0.9181258057317786,0.8776988460834609,0.7675348150741412,ok,ok
fw26,86.2m-g044-ai-r0.05,86.2m-g044-control,fit,ai,9,86180184,1626868982.0,81785610.0,0.05027178642219635,0.04786550212250271,0.9105784130080002,0.9157171704510508,0.9481231787808209,0.8056581009436015,ok,ok
fw26,86.2m-g044-ai-r0.1,86.2m-g044-control,fit,ai,9,86180184,1626995880.0,163971928.0,0.10078201796061094,0.09155492760258481,0.9071223472509592,0.9117380088265321,1.0158244913590417,0.8710695219994997,ok,ok
fw26,86.2m-g044-ai-r0.25,86.2m-g044-control,fit,ai,9,86180184,1626862155.0,411045301.0,0.2526614192460578,0.2016996894485085,0.9014669768733579,0.9042518872380142,1.0933929515279823,0.9873977384206545,ok,ok
fw26,86.2m-g044-ai-r0.5,86.2m-g044-control,fit,ai,9,86180184,1626742133.0,827449995.0,0.5086546774773921,0.3371577903618799,0.8979393578576561,0.8988736258306885,1.0398445675941759,1.0023980812050473,ok,ok
fw26,86.2m-g044-ai-r1,86.2m-g044-control,fit,ai,9,86180184,1626772908.0,1670998612.0,1.0271861571965644,0.5067053923735747,0.8958810337321887,0.8967018420343105,0.8406687526186827,0.8130805506176265,ok,ok
fw26,86.2m-g044-ai-r2,86.2m-g044-control,fit,ai,9,86180184,1626867106.0,3384801886.0,2.0805644625283857,0.6753841667123414,0.8976132567622331,0.8987618512817778,0.515835974745095,0.4930141236113896,ok,ok
fw26,86.2m-g044-ai-r4,86.2m-g044-control,fit,ai,9,86180184,1626854154.0,6853504246.0,4.212734269478959,0.8081620991395836,0.9021948994579538,0.9030627734593776,0.25573489628210194,0.2477097055130073,ok,ok
fw26,86.2m-g044-ai-r8,86.2m-g044-control,fit,ai,9,86180184,1626845231.0,13839650769.0,8.507048184597714,0.8948148804357496,0.9088300094246866,0.9070179762670103,0.11099808926404722,0.11805230248231001,ok,ok
fw26,86.2m-g044-human-r0.025,86.2m-g044-control,fit,human,9,86180184,1667760128.0,0.0,0.0,0.0,0.9190074259868118,0.9200145813945904,0.7477817486224118,0.72608434991441,ok,ok
fw26,86.2m-g044-human-r0.05,86.2m-g044-control,fit,human,9,86180184,1708654592.0,0.0,0.0,0.0,0.9184688922938966,0.9191547475137487,0.7415772115329016,0.7267313247000796,ok,ok
fw26,86.2m-g044-human-r2,86.2m-g044-control,fit,human,9,86180184,5011668992.0,0.0,0.0,0.0,0.8894062049912731,0.8885019489504782,0.7324479236274091,0.7638129123848768,ok,ok
fw26,86.2m-g045-control,86.2m-g045-control,fit,control,9,86180184,2608332800.0,0.0,0.0,0.0,0.904353144307157,0.9054533069682729,0.7686667825328494,0.7392157873563647,ok,ok
fw26,86.2m-g045-ai-r0.05,86.2m-g045-control,fit,ai,9,86180184,2607699478.0,130656746.0,0.05010421910281181,0.04771356803577065,0.895848971259049,0.9012337408382861,1.0137378544334714,0.8208536770638637,ok,ok
fw26,86.2m-g045-ai-r0.1,86.2m-g045-control,fit,ai,9,86180184,2607447056.0,261456880.0,0.10027313091491588,0.09113476290340312,0.8917950507214448,0.8980502064240721,1.1492140516861908,0.885642519140382,ok,ok
fw26,86.2m-g045-ai-r0.25,86.2m-g045-control,fit,ai,9,86180184,2602877869.0,657144915.0,0.2524685936388051,0.20157678597377557,0.888131720233352,0.8922503558408151,1.194803725799023,0.9913721230389538,ok,ok
fw26,86.2m-g045-ai-r0.5,86.2m-g045-control,fit,ai,9,86180184,2595252470.0,1316984586.0,0.5074591398038434,0.33663210259209814,0.884781489649984,0.8886159153794666,1.1721324060450629,0.9732662376384599,ok,ok
fw26,86.2m-g045-ai-r1,86.2m-g045-control,fit,ai,9,86180184,2577902399.0,2638763201.0,1.0236086525322328,0.5058333048988227,0.8860387822920218,0.8883243394584724,0.8257400661544771,0.7399298103259885,ok,ok
fw26,86.2m-g046-control,86.2m-g046-control,fit,control,9,86180184,3254255616.0,0.0,0.0,0.0,0.8993107539888902,0.8991891107186528,0.7432360099787045,0.7467454249299111,ok,ok
fw26,86.2m-g046-ai-r0.05,86.2m-g046-control,fit,ai,9,86180184,3254379963.0,162929221.0,0.05006459689783924,0.047677635305240204,0.8907169812503559,0.8953479053202528,1.0121059421842649,0.8292429776972412,ok,ok
fw26,86.2m-g046-ai-r0.1,86.2m-g046-control,fit,ai,9,86180184,3254119469.0,326243283.0,0.10025547190504824,0.0911201756910692,0.8868856189939854,0.8924745861319018,1.1545166546333698,0.893905665738807,ok,ok
fw26,86.2m-g046-ai-r0.25,86.2m-g046-control,fit,ai,9,86180184,3254283893.0,819433867.0,0.25180159259080354,0.2011513598330386,0.88297093569835,0.8873266436096203,1.235397324285168,0.9934107821226091,ok,ok
fw26,86.2m-g046-ai-r0.5,86.2m-g046-control,fit,ai,9,86180184,3254383451.0,1649282213.0,0.5067879178445343,0.33633659511253333,0.8807017914796952,0.8843089344166368,1.159310221685088,0.9578014524504376,ok,ok
fw26,86.2m-g046-ai-r1,86.2m-g046-control,fit,ai,9,86180184,3254252614.0,3328707514.0,1.0228792625623746,0.5056551231172822,0.8811113673796367,0.8846434597659573,0.8443989031152105,0.7014652419099505,ok,ok
fw26,86.2m-g047-control,86.2m-g047-control,fit,control,9,86180184,3912237056.0,0.0,0.0,0.0,0.8944894612786525,0.8943965040597306,0.7506797545169079,0.7536131308979095,ok,ok
fw26,86.2m-g047-ai-r0.05,86.2m-g047-control,fit,ai,9,86180184,3912037492.0,195758988.0,0.050040161527163604,0.04765547391481284,0.8857319565899039,0.890852070318877,1.0646143923359188,0.8368991531663786,ok,ok
fw26,86.2m-g047-ai-r0.1,86.2m-g047-control,fit,ai,9,86180184,3911510493.0,391845411.0,0.10017751753478422,0.09105577594355534,0.8827531071976445,0.8882205701844108,1.182923512596598,0.9013503041193777,ok,ok
fw26,86.2m-g047-ai-r0.25,86.2m-g047-control,fit,ai,9,86180184,3907130198.0,983428266.0,0.25170092015449136,0.20108710962953125,0.8788286430779506,0.8836104481404821,1.2916657496808504,0.99538894859739,ok,ok
fw26,86.2m-g047-ai-r0.5,86.2m-g047-control,fit,ai,9,86180184,3895919307.0,1972436277.0,0.5062826310226759,0.33611396732294535,0.8771047713386417,0.881157803109908,1.191156981379214,0.9448275710344862,ok,ok
fw26,86.2m-g047-ai-r1,86.2m-g047-control,fit,ai,9,86180184,3869836064.0,3955162336.0,1.0220490663141435,0.50545215907009,0.8780342180848091,0.8821209837696034,0.8454001622009572,0.6727069539486303,ok,ok
fw26,86.2m-g047-ai-r2.07,86.2m-g047-control,fit,ai,9,86180184,3823103376.0,7914132080.0,2.0700805868033636,0.674275651167443,0.8832109104573469,0.8871450064675732,0.4234357736823172,0.34780540447795655,ok,ok
fw26,86.2m-g047-ai-r4.2,86.2m-g047-control,fit,ai,9,86180184,3762827625.0,15799406231.0,4.198812118320196,0.8076483671190808,0.8904550559694663,0.8940994600599993,0.17889839799801194,0.15261103191608485,ok,ok
fw26,86.2m-g048-control,86.2m-g048-control,fit,control,9,86180184,3912237056.0,0.0,0.0,0.0,0.8941390173060838,0.8943965040597306,0.7618235232343407,0.7536131308979095,ok,ok
fw26,86.2m-g048-ai-r0.25,86.2m-g048-control,fit,ai,9,86180184,3906974806.0,983583658.0,0.2517507040202808,0.2011188835058981,0.8781762215540256,0.8836102568565244,1.3414614621526333,0.9953987845752579,ok,ok
fw26,86.2m-g048-ai-r1,86.2m-g048-control,fit,ai,9,86180184,3869780602.0,3955217798.0,1.0220780464804242,0.5054592468670664,0.8785591028388057,0.8821213062907843,0.8199366823246163,0.6726953781301983,ok,ok
fw26,86.2m-g049-control,86.2m-g049-control,fit,control,9,86180184,4715970560.0,0.0,0.0,0.0,0.8910551323194718,0.8898937895966538,0.7223915421732465,0.7611991636858768,ok,ok
fw26,86.2m-g049-ai-r0.05,86.2m-g049-control,fit,ai,9,86180184,4715924924.0,235975236.0,0.05003795433618739,0.04765347207646448,0.8824713788862014,0.8866237040433715,1.0433986042498096,0.8453992729340378,ok,ok
fw26,86.2m-g049-ai-r0.1,86.2m-g049-control,fit,ai,9,86180184,4716098026.0,472256022.0,0.10013702416625722,0.09102231991705435,0.8787589115990724,0.8842140713431716,1.2224261825745097,0.9096322102812188,ok,ok
fw26,86.2m-g049-ai-r0.25,86.2m-g049-control,fit,ai,9,86180184,4715867425.0,1186566879.0,0.25161158532780425,0.201030086551896,0.8753613099059806,0.8800681849653359,1.3179035115973183,0.9975976603576552,ok,ok
fw26,86.2m-g049-ai-r0.5,86.2m-g049-control,fit,ai,9,86180184,4716015950.0,2386513586.0,0.5060444263340543,0.3360089632719832,0.8736975659900105,0.8780555244533075,1.2184414892257434,0.9302316400133046,ok,ok
fw26,86.2m-g049-ai-r1,86.2m-g049-control,fit,ai,9,86180184,4715916792.0,4817736200.0,1.0215905861979424,0.5053399996877084,0.8751363728085733,0.8794510549932024,0.8275565867523806,0.6394586821875876,ok,ok
fw26,86.2m-g049-ai-r2,86.2m-g049-control,fit,ai,9,86180184,4715903433.0,9760212535.0,2.069637912155272,0.6742286782293896,0.8799544894443015,0.8848509434637487,0.40935256092219957,0.3156680857089855,ok,ok
fw26,86.2m-g049-ai-r4,86.2m-g049-control,fit,ai,9,86180184,4715968696.0,19806553928.0,4.199890882396986,0.8076882721933135,0.8882122040619123,0.8921658581045427,0.15823648349818967,0.13227991247278406,ok,ok
fw26,86.2m-g050-control,86.2m-g050-control,fit,control,9,86180184,5216665600.0,0.0,0.0,0.0,0.8884381366684545,0.8876034500870053,0.735992608202452,0.765576789855382,ok,ok
fw26,86.2m-g050-ai-r0.05,86.2m-g050-control,fit,ai,9,86180184,5216204633.0,261032103.0,0.05004253501647469,0.04765762657004132,0.8802066540163356,0.8844747148375962,1.066767633562282,0.850308545219967,ok,ok
fw26,86.2m-g050-ai-r0.1,86.2m-g050-control,fit,ai,9,86180184,5216159127.0,522173033.0,0.10010680661506591,0.090997352268991,0.8768666877955608,0.882181166116064,1.2357212050296338,0.9143887839373658,ok,ok
fw26,86.2m-g050-ai-r0.25,86.2m-g050-control,fit,ai,9,86180184,5210440397.0,1310129459.0,0.2514431332434643,0.20092254019707567,0.8736475166570523,0.8783009202868176,1.3315489807831018,0.9988292970292382,ok,ok
fw26,86.2m-g050-ai-r0.5,86.2m-g050-control,fit,ai,9,86180184,5196734044.0,2628264356.0,0.5057531006487659,0.33588049756022953,0.8720365952642429,0.8765699717956832,1.2361910695525145,0.9226277634996354,ok,ok
fw26,86.2m-g050-ai-r1,86.2m-g050-control,fit,ai,9,86180184,5161724880.0,5271606320.0,1.0212877366683673,0.5052658847828008,0.8733445915635837,0.8782998932396922,0.848957244444878,0.6242805676318695,ok,ok
fw26,86.2m-g051-control,86.2m-g051-control,fit,control,9,86180184,6288310272.0,0.0,0.0,0.0,0.8854147409985894,0.8836076425111246,0.7064767593758015,0.7742482883623996,ok,ok
fw26,86.2m-g051-ai-r0.05,86.2m-g051-control,fit,ai,9,86180184,6288142059.0,314216725.0,0.04996972429245177,0.047591585867987875,0.876597732444627,0.8807252924160643,1.091638891853688,0.8599226878574543,ok,ok
fw26,86.2m-g051-ai-r0.1,86.2m-g051-control,fit,ai,9,86180184,6288216839.0,629239033.0,0.10006637002359899,0.09096393885893661,0.8746437528402391,0.8786276314170804,1.1767630085429137,0.923839232792053,ok,ok
fw26,86.2m-g051-ai-r0.25,86.2m-g051-control,fit,ai,9,86180184,6288381385.0,1581181495.0,0.25144491057296137,0.20092367506440206,0.8705963026284718,0.8751555361972695,1.3596418809145285,1.0013404121347853,ok,ok
fw26,86.2m-g051-ai-r0.5,86.2m-g051-control,fit,ai,9,86180184,6288366448.0,3179750544.0,0.5056560507874525,0.33583769050242,0.8692765298448331,0.8738175845644895,1.244278310357682,0.9068696438484437,ok,ok
fw26,86.2m-g051-ai-r1,86.2m-g051-control,fit,ai,9,86180184,6288366599.0,6421423097.0,1.0211591509345461,0.5052344098990825,0.8714321156189276,0.8759276877930945,0.7935873296269879,0.5908368413285193,ok,ok
fw26,86.2m-g052-control,86.2m-g052-control,fit,control,9,86180184,6520569856.0,0.0,0.0,0.0,0.8843216406354504,0.8828672096209028,0.719830014564218,0.7760219338982819,ok,ok
fw26,86.2m-g052-ai-r0.05,86.2m-g052-control,fit,ai,9,86180184,6520688995.0,325987997.0,0.04999287609790382,0.0476125859860047,0.8763001245342982,0.880028060283223,1.0719620994470016,0.8619478862212985,ok,ok
fw26,86.2m-g052-ai-r0.1,86.2m-g052-control,fit,ai,9,86180184,6519990305.0,652793823.0,0.10012190087144615,0.09100982426777977,0.8727213908535394,0.877968529624606,1.2872926895050831,0.9258335576042545,ok,ok
fw26,86.2m-g052-ai-r0.25,86.2m-g052-control,fit,ai,9,86180184,6512978789.0,1637602459.0,0.2514367867688752,0.20091848779519092,0.8699347257859361,0.8745952186879519,1.377005245359676,1.0018302282426301,ok,ok
fw26,86.2m-g052-ai-r0.5,86.2m-g052-control,fit,ai,9,86180184,6495718377.0,3285398551.0,0.5057790932921167,0.33589196154020257,0.8685750018880918,0.873370365125334,1.2697244770734721,0.9040245922144248,ok,ok
fw26,86.2m-g052-ai-r1,86.2m-g052-control,fit,ai,9,86180184,6451827283.0,6589836717.0,1.0213907514796068,0.5052910975930679,0.8705509111255076,0.875634471943611,0.8231002925207299,0.5863683902965121,ok,ok
fw26,86.2m-g053-control,86.2m-g053-control,fit,control,9,86180184,7540834304.0,0.0,0.0,0.0,0.8812447329164745,0.8800088161114064,0.7318020060887771,0.7834459453964602,ok,ok
fw26,86.2m-g053-ai-r0.05,86.2m-g053-control,fit,ai,9,86180184,7540691136.0,376581952.0,0.04993997833993767,0.04756460309178614,0.8734021908672183,0.8773471854182388,1.1144994936654997,0.8701887483351957,ok,ok
fw26,86.2m-g053-ai-r0.1,86.2m-g053-control,fit,ai,9,86180184,7540693279.0,754591457.0,0.10006924152470889,0.09096631170780826,0.8710246870169095,0.8754269569528869,1.2511902384456102,0.9338940807989874,ok,ok
fw26,86.2m-g053-ai-r0.25,86.2m-g053-control,fit,ai,9,86180184,7540636584.0,1894974552.0,0.25130166808739024,0.20083220097636714,0.8676103989892415,0.8723428776806054,1.4179985586399126,1.0039567959592663,ok,ok
fw26,86.2m-g053-ai-r0.5,86.2m-g053-control,fit,ai,9,86180184,7540871733.0,3813109195.0,0.5056589383841732,0.33583896425230986,0.8670003658071508,0.8713882525665964,1.2367449934364554,0.8910769148158824,ok,ok
fw26,86.2m-g053-ai-r1,86.2m-g053-control,fit,ai,9,86180184,7540772160.0,7696609984.0,1.0206660300422072,0.5051136679032942,0.869461322799452,0.8739035387969017,0.7626341574805545,0.5603550321086658,ok,ok
fw26,135m-g054-control,135m-g054-control,fit,control,12,135266786,550502400.0,0.0,0.0,0.0,0.951022766884885,0.9351825177809934,,,above_range,above_range
fw26,135m-g054-ai-r0.0025,135m-g054-control,fit,ai,12,135266786,550144948.0,1406028.0,0.0025557410008243864,0.0025492258398251842,0.9501590299308976,0.9347469216595429,,,above_range,above_range
fw26,135m-g054-ai-r0.005,135m-g054-control,fit,ai,12,135266786,550334542.0,2789298.0,0.005068368032766513,0.005042809219721934,0.9481272389187213,0.9342694021994495,,,above_range,above_range
fw26,135m-g054-ai-r0.01,135m-g054-control,fit,ai,12,135266786,550153635.0,5591645.0,0.010163788157102697,0.010061524948983823,0.9477907200822823,0.9333769312858968,,,above_range,above_range
fw26,135m-g054-ai-r0.025,135m-g054-control,fit,ai,12,135266786,550015276.0,14118612.0,0.02566949067792801,0.02502705882473063,0.9445813249324472,0.9307602591050139,,,above_range,above_range
fw26,135m-g054-ai-r0.05,135m-g054-control,fit,ai,12,135266786,549643924.0,28121452.0,0.051163036235073525,0.0486727885888406,0.9404380617535015,0.9268844557784062,,,above_range,above_range
fw26,135m-g054-ai-r0.1,135m-g054-control,fit,ai,12,135266786,549253436.0,56299204.0,0.10250132326891806,0.09297161019725717,0.9348972865270782,0.9203043838611503,,0.8383604828729466,above_range,ok
fw26,135m-g054-ai-r0.25,135m-g054-control,fit,ai,12,135266786,547236621.0,140629235.0,0.2569806727170768,0.20444281944414464,0.9234819165433068,0.9070811673897573,,0.9807415578119228,above_range,ok
fw26,135m-g054-ai-r0.5,135m-g054-control,fit,ai,12,135266786,544441802.0,281311798.0,0.5166976469598857,0.34067280845036585,0.9129915613849116,0.8955032534327767,0.7164963719792368,1.080738147293063,ok,ok
fw26,135m-g054-ai-r1,135m-g054-control,fit,ai,12,135266786,539345999.0,561658801.0,1.0413701075772697,0.5101329267592657,0.9018009049103295,0.8860065183763475,0.6933409524432635,1.0475334520122421,ok,ok
fw26,135m-g054-ai-r2,135m-g054-control,fit,ai,12,135266786,550450444.0,1160301300.0,2.1079123700370745,0.6782406062536214,0.89149476381422,0.8794808210565617,0.5793817337514914,0.8180866746567035,ok,ok
fw26,135m-g054-ai-r4,135m-g054-control,fit,ai,12,135266786,550497751.0,2347242025.0,4.263853977125512,0.8100251252512745,0.8868151391908711,0.8763591352976033,0.3889904898722972,0.5328874044906471,ok,ok
fw26,135m-g054-ai-r8,135m-g054-control,fit,ai,12,135266786,550493279.0,4730659745.0,8.593492283127402,0.8957626721857321,0.8844494930593343,0.8739372897557499,0.2283887670217493,0.3164759431433768,ok,ok
fw26,135m-g054-ai-r16,135m-g054-control,fit,ai,12,135266786,550515579.0,9460763781.0,17.18527893104366,0.9450104667741487,0.8847536531102197,0.8714172527092439,0.1194226430038754,0.1817965454769439,ok,ok
fw26,135m-g054-human-r0.0025,135m-g054-control,fit,human,12,135266786,551550976.0,0.0,0.0,0.0,0.9507382342433576,0.9350750459513473,,,above_range,above_range
fw26,135m-g054-human-r0.005,135m-g054-control,fit,human,12,135266786,553123840.0,0.0,0.0,0.0,0.9505586706612806,0.9349143790967922,,,above_range,above_range
fw26,135m-g054-human-r0.01,135m-g054-control,fit,human,12,135266786,555745280.0,0.0,0.0,0.0,0.9511328227697174,0.934648032414109,,,above_range,above_range
fw26,135m-g054-human-r0.025,135m-g054-control,fit,human,12,135266786,564133888.0,0.0,0.0,0.0,0.9497466181741594,0.9338075303780271,,,above_range,above_range
fw26,135m-g054-human-r0.05,135m-g054-control,fit,human,12,135266786,577765376.0,0.0,0.0,0.0,0.9485718787121938,0.9324787642480662,,,above_range,above_range
fw26,135m-g054-human-r8,135m-g054-control,fit,human,12,135266786,4954521600.0,0.0,0.0,0.0,0.8506616631367172,0.8537295235663004,0.8566836140316593,0.7407387296201152,ok,ok
fw26,135m-g055-control,135m-g055-control,fit,control,12,135266786,550502400.0,0.0,0.0,0.0,0.9482414075889121,0.9351825177809934,,,above_range,above_range
fw26,135m-g055-ai-r0.025,135m-g055-control,fit,ai,12,135266786,550148949.0,13984939.0,0.025420277591041984,0.024790106209680494,0.9423389923452792,0.9307876565014042,,,above_range,above_range
fw26,135m-g055-ai-r0.05,135m-g055-control,fit,ai,12,135266786,549704771.0,28060605.0,0.05104668265649817,0.048567474212923414,0.9380128365181547,0.9268953875696233,,,above_range,above_range
fw26,135m-g055-human-r0.025,135m-g055-control,fit,human,12,135266786,564133888.0,0.0,0.0,0.0,0.9473092636648,0.9338075303780271,,,above_range,above_range
fw26,135m-g055-human-r0.05,135m-g055-control,fit,human,12,135266786,577765376.0,0.0,0.0,0.0,0.945659319938602,0.9324787642480662,,,above_range,above_range
fw26,135m-g056-control,135m-g056-control,fit,control,12,135266786,550502400.0,0.0,0.0,0.0,0.9525442170151027,0.9351825177809934,,,above_range,above_range
fw26,135m-g056-ai-r0.025,135m-g056-control,fit,ai,12,135266786,550093654.0,14040234.0,0.02552335206542848,0.02488812372143827,0.9454924790290268,0.9307763200850742,,,above_range,above_range
fw26,135m-g056-ai-r0.05,135m-g056-control,fit,ai,12,135266786,549661239.0,28104137.0,0.05112992331627735,0.048642819676338656,0.9411168591439861,0.9268875661143717,,,above_range,above_range
fw26,135m-g056-human-r0.025,135m-g056-control,fit,human,12,135266786,564133888.0,0.0,0.0,0.0,0.9505504464444718,0.9338075303780271,,,above_range,above_range
fw26,135m-g056-human-r0.05,135m-g056-control,fit,human,12,135266786,577765376.0,0.0,0.0,0.0,0.9482926185748456,0.9324787642480662,,,above_range,above_range
fw26,135m-g057-control,135m-g057-control,fit,control,12,135266786,638582784.0,0.0,0.0,0.0,0.9406734034396771,0.9270499229772865,,,above_range,above_range
fw26,135m-g057-ai-r0.0025,135m-g057-control,fit,ai,12,135266786,638534146.0,1621502.0,0.002539413138917711,0.0025329808540562933,0.9396779799880588,0.9266128190924179,,,above_range,above_range
fw26,135m-g057-ai-r0.005,135m-g057-control,fit,ai,12,135266786,638508364.0,3220148.0,0.005043235424242618,0.0050179288278218185,0.9378124707214963,0.9261857562407407,,,above_range,above_range
fw26,135m-g057-ai-r0.01,135m-g057-control,fit,ai,12,135266786,638416779.0,6457461.0,0.010114804642376105,0.010013519845357755,0.9358549471664821,0.9253410233255792,,,above_range,above_range
fw26,135m-g057-ai-r0.025,135m-g057-control,fit,ai,12,135266786,638477216.0,16358496.0,0.025621111591866107,0.024981068839446556,0.9311791452053709,0.9228641952846885,,,above_range,above_range
fw26,135m-g057-ai-r0.05,135m-g057-control,fit,ai,12,135266786,638502962.0,32585678.0,0.05103449778514888,0.04855644404888153,0.9288125306428572,0.9192008125847697,,0.7736942518480977,above_range,ok
fw26,135m-g057-ai-r0.1,135m-g057-control,fit,ai,12,135266786,638386668.0,65207828.0,0.10214472085435218,0.09267813828947292,0.9231504025241144,0.9130329158172771,,0.8401444734034299,above_range,ok
fw26,135m-g057-ai-r0.25,135m-g057-control,fit,ai,12,135266786,638580891.0,163579749.0,0.2561613592035907,0.20392392850389668,0.9132286438098111,0.9005537218505126,0.7338044268193643,0.9807645328743381,ok,ok
fw26,135m-g057-ai-r0.5,135m-g057-control,fit,ai,12,135266786,638660815.0,328650545.0,0.5145932508791854,0.339756730449232,0.902635081606385,0.8897323942632083,0.7735793149666139,1.074657499818572,ok,ok
fw26,135m-g057-ai-r1,135m-g057-control,fit,ai,12,135266786,638508246.0,662774570.0,1.0380047151340939,0.5093240007866207,0.8934404946380416,0.8809696544921932,0.7234483472033355,1.027642660637204,ok,ok
fw26,135m-g057-ai-r2,135m-g057-control,fit,ai,12,135266786,638513077.0,1342771275.0,2.1029659741800404,0.6777276939801925,0.8858311694132253,0.8759627395855301,0.5850357219850204,0.7894011825413091,ok,ok
fw26,135m-g057-ai-r4,135m-g057-control,fit,ai,12,135266786,638586406.0,2717381082.0,4.2553068096473075,0.8097161524110689,0.8823950275713716,0.8736113054515957,0.38177660653598294,0.5034609583210298,ok,ok
fw26,135m-g057-ai-r8,135m-g057-control,fit,ai,12,135266786,638587681.0,5476183263.0,8.5754602319051,0.8955663774083636,0.8816232909799263,0.8718348124347899,0.21442200298158326,0.29340829321227496,ok,ok
fw26,135m-g057-ai-r16,135m-g057-control,fit,ai,12,135266786,638570429.0,10961301571.0,17.165376085712857,0.9449502176403326,0.8827353381235821,0.8698611773671667,0.10934137183052794,0.16563105532145456,ok,ok
fw26,135m-g057-ai-r32,135m-g057-control,fit,ai,12,135266786,638574888.0,21962956504.0,34.39370529083505,0.9717463884670209,0.8837057057688396,0.8684708972679316,0.054536080621116485,0.0893153977492706,ok,ok
fw26,135m-g057-human-r0.0025,135m-g057-control,fit,human,12,135266786,640155648.0,0.0,0.0,0.0,0.9391794227467685,0.9269193011962545,,,above_range,above_range
fw26,135m-g057-human-r0.005,135m-g057-control,fit,human,12,135266786,641728512.0,0.0,0.0,0.0,0.9392315901719228,0.9267891327104416,,,above_range,above_range
fw26,135m-g057-human-r0.01,135m-g057-control,fit,human,12,135266786,644874240.0,0.0,0.0,0.0,0.9381644765235311,0.9265301449335466,,,above_range,above_range
fw26,135m-g057-human-r0.025,135m-g057-control,fit,human,12,135266786,654835712.0,0.0,0.0,0.0,0.9385953776333329,0.9257216701228017,,,above_range,above_range
fw26,135m-g057-human-r0.05,135m-g057-control,fit,human,12,135266786,671088640.0,0.0,0.0,0.0,0.9369628043520296,0.9244392594759188,,,above_range,above_range
fw26,135m-g057-human-r0.5,135m-g057-control,fit,human,12,135266786,957874176.0,0.0,0.0,0.0,0.9134144498743675,0.9072238732362855,0.6120606388273433,0.7019992017696837,ok,ok
fw26,135m-g057-human-r8,135m-g057-control,fit,human,12,135266786,6114770944.0,0.0,0.0,0.0,0.8458002775387756,0.8491543967915411,0.8912787442864413,0.7480316645200322,ok,ok
fw26,135m-g058-control,135m-g058-control,fit,control,12,135266786,2202009600.0,0.0,0.0,0.0,0.8738181831300961,0.8756194080564714,0.7620267260159177,0.7182175849700049,ok,ok
fw26,135m-g058-ai-r0.0025,135m-g058-control,fit,ai,12,135266786,2201786294.0,5466186.0,0.00248261423685654,0.002476466126793071,0.8723952651943588,0.8753646562926889,0.7974548115960741,0.7224736394004175,ok,ok
fw26,135m-g058-ai-r0.005,135m-g058-control,fit,ai,12,135266786,2201948906.0,11070742.0,0.005027701582826827,0.00500255025300164,0.8717223594307928,0.8751016309244659,0.813840871795159,0.7268041573930358,ok,ok
fw26,135m-g058-ai-r0.01,135m-g058-control,fit,ai,12,135266786,2201876395.0,22153301.0,0.010061101091008336,0.009960883633812775,0.8707093709583734,0.874598063440835,0.8386269047305278,0.7352547855487146,ok,ok
fw26,135m-g058-ai-r0.025,135m-g058-control,fit,ai,12,135266786,2201704625.0,55355215.0,0.025141980614225217,0.024525364378465038,0.8674423225420035,0.8731707730188776,0.9283085531192444,0.759704835079501,ok,ok
fw26,135m-g058-ai-r0.05,135m-g058-control,fit,ai,12,135266786,2201638542.0,110471538.0,0.05017696406225069,0.04777953219251568,0.8647769842556389,0.8710415844410734,1.0007579226553251,0.7974376906199759,ok,ok
fw26,135m-g058-ai-r0.1,135m-g058-control,fit,ai,12,135266786,2200865978.0,221344582.0,0.1005715860086779,0.0913812307052282,0.8608246897854738,0.867510609833907,1.1155435506719618,0.8628636292992067,ok,ok
fw26,135m-g058-ai-r0.25,135m-g058-control,fit,ai,12,135266786,2198073564.0,554438436.0,0.2522383441030275,0.2014299795968192,0.8551541577670028,0.8607408495135681,1.2498370753052614,0.9850222097869642,ok,ok
fw26,135m-g058-ai-r0.5,135m-g058-control,fit,ai,12,135266786,2190490412.0,1112523988.0,0.5078880883957961,0.33682081071157305,0.8517622914211753,0.8556389341799332,1.2184695353559551,1.019258698074995,ok,ok
fw26,135m-g058-ai-r1,135m-g058-control,fit,ai,12,135266786,2174864563.0,2229154637.0,1.0249625079757207,0.5061636963344756,0.8503192039326751,0.853015578379663,0.9800866528667993,0.8613495874876548,ok,ok
fw26,135m-g058-ai-r2,135m-g058-control,fit,ai,12,135266786,2202032535.0,4570719849.0,2.0756822509890847,0.6748688848861362,0.8508243554790825,0.853445525992969,0.621742669439857,0.5490236202886738,ok,ok
fw26,135m-g058-ai-r2.07,135m-g058-control,fit,ai,12,135266786,2149048272.0,4456980528.0,2.073932254603167,0.6746837870279948,0.8516835609033407,0.8537873257967038,0.6115332849890649,0.5540795285135648,ok,ok
fw26,135m-g058-ai-r4,135m-g058-control,fit,ai,12,135266786,2202021303.0,9257865801.0,4.204258055263692,0.8078496513083974,0.8551923414511572,0.8559957012615639,0.2996814091552187,0.28917381424760813,ok,ok
fw26,135m-g058-ai-r4.2,135m-g058-control,fit,ai,12,135266786,2116022196.0,8894025804.0,4.2031817155853695,0.8078099027361189,0.8554787508024445,0.8564368655621802,0.3079628763167822,0.2952121151339739,ok,ok
fw26,135m-g058-human-r0.0025,135m-g058-control,fit,human,12,135266786,2207252480.0,0.0,0.0,0.0,0.873568345925736,0.8755438488707783,0.7665744740711656,0.7182726604969591,ok,ok
fw26,135m-g058-human-r0.005,135m-g058-control,fit,human,12,135266786,2213019648.0,0.0,0.0,0.0,0.8739330629887634,0.8754610265113791,0.7553446767869646,0.7183331576772454,ok,ok
fw26,135m-g058-human-r0.01,135m-g058-control,fit,human,12,135266786,2224029696.0,0.0,0.0,0.0,0.8734683727864231,0.8753037559246826,0.763337541783898,0.7184484037271404,ok,ok
fw26,135m-g058-human-r0.025,135m-g058-control,fit,human,12,135266786,2257059840.0,0.0,0.0,0.0,0.8729485170265999,0.8748384786700796,0.7654043505629675,0.7187922076066237,ok,ok
fw26,135m-g058-human-r0.05,135m-g058-control,fit,human,12,135266786,2312110080.0,0.0,0.0,0.0,0.8721516066453914,0.8740840429521918,0.7676223062746262,0.7193589157143794,ok,ok
fw26,135m-g058-human-r4,135m-g058-control,fit,human,12,135266786,11010048000.0,0.0,0.0,0.0,0.8352799101106266,0.8382951448669423,0.9481298376918076,0.7725639408912154,ok,ok
fw26,135m-g059-control,135m-g059-control,fit,control,12,135266786,2202009600.0,0.0,0.0,0.0,0.8747981405049835,0.8756194080564714,0.7377382194950113,0.7182175849700049,ok,ok
fw26,135m-g059-ai-r0.25,135m-g059-control,fit,ai,12,135266786,2197250444.0,555261556.0,0.2527074496747718,0.20172902279808408,0.8555614790234661,0.8607351891091288,1.2273261113622143,0.9852485493363838,ok,ok
fw26,135m-g059-ai-r1,135m-g059-control,fit,ai,12,135266786,2174290112.0,2229729088.0,1.0254975063787624,0.5062941342308408,0.8505778544971944,0.8530194796650348,0.9677267059216225,0.8611928882415631,ok,ok
fw26,135m-g060-control,135m-g060-control,fit,control,12,135266786,2202009600.0,0.0,0.0,0.0,0.8743477042449761,0.8756194080564714,0.7487643671883374,0.7182175849700049,ok,ok
fw26,135m-g060-ai-r0.025,135m-g060-control,fit,ai,12,135266786,2202732537.0,54327303.0,0.02466359491560913,0.024069943577570366,0.8681694840369464,0.8731999614407924,0.9041368705823082,0.758960791203527,ok,ok
fw26,135m-g060-ai-r0.05,135m-g060-control,fit,ai,12,135266786,2203268720.0,108841360.0,0.049399947910121464,0.04707447147153132,0.8649533657673287,0.8710814472626491,0.9940800431004271,0.7963388586426915,ok,ok
fw26,135m-g060-ai-r0.25,135m-g060-control,fit,ai,12,135266786,2197680121.0,554831879.0,0.25246252796223023,0.20157291920979817,0.8550509321540919,0.8607381419232679,1.2556345630536687,0.9851304675720837,ok,ok
fw26,135m-g060-ai-r1,135m-g060-control,fit,ai,12,135266786,2174297180.0,2229722020.0,1.0254909220826933,0.5062925293332055,0.8496403583817524,0.8530194316500904,1.0136068711870796,0.8611948165675586,ok,ok
fw26,135m-g060-human-r0.025,135m-g060-control,fit,human,12,135266786,2257059840.0,0.0,0.0,0.0,0.8734282967258602,0.8748384786700796,0.7531756805821953,0.7187922076066237,ok,ok
fw26,135m-g060-human-r0.05,135m-g060-control,fit,human,12,135266786,2312110080.0,0.0,0.0,0.0,0.8726497184509838,0.8740840429521918,0.7547538129040264,0.7193589157143794,ok,ok
fw26,135m-g061-control,135m-g061-control,fit,control,12,135266786,2202009600.0,0.0,0.0,0.0,0.8748931092138807,0.8756194080564714,0.7354428317975844,0.7182175849700049,ok,ok
fw26,135m-g061-ai-r0.025,135m-g061-control,fit,ai,12,135266786,2202723312.0,54336528.0,0.02466788620431144,0.024074030753212107,0.8675585818394016,0.8731996991996109,0.9243830736040041,0.7589674714219121,ok,ok
fw26,135m-g061-ai-r0.05,135m-g061-control,fit,ai,12,135266786,2203329924.0,108780156.0,0.049370797725343286,0.04704800041354432,0.8647177536864046,0.8710829466461865,1.0030146435589986,0.7962975694224145,ok,ok
fw26,135m-g061-ai-r0.25,135m-g061-control,fit,ai,12,135266786,2197730660.0,554781340.0,0.2524337263420623,0.20155455816359746,0.8550656806596377,0.8607384895193908,1.25480391402291,0.9851165686692641,ok,ok
fw26,135m-g061-ai-r1,135m-g061-control,fit,ai,12,135266786,2175391295.0,2228627905.0,1.024472199609496,0.5060440937678019,0.849878733401862,0.8530120031707212,1.001654249893526,0.8614932249252641,ok,ok
fw26,135m-g061-human-r0.025,135m-g061-control,fit,human,12,135266786,2257059840.0,0.0,0.0,0.0,0.8726152021164897,0.8748384786700796,0.7740657892270655,0.7187922076066237,ok,ok
fw26,135m-g061-human-r0.05,135m-g061-control,fit,human,12,135266786,2312110080.0,0.0,0.0,0.0,0.8720947129211863,0.8740840429521918,0.7691118283227704,0.7193589157143794,ok,ok
fw26,135m-g062-control,135m-g062-control,fit,control,12,135266786,2202009600.0,0.0,0.0,0.0,0.8738490539708716,0.8756194080564714,0.7612444559612679,0.7182175849700049,ok,ok
fw26,135m-g062-ai-r0.25,135m-g062-control,fit,ai,12,135266786,2198426776.0,554085224.0,0.252037152225806,0.20130165608723957,0.8551725076675528,0.8607432833238475,1.2488104478278503,0.984924912922383,ok,ok
fw26,135m-g062-ai-r1,135m-g062-control,fit,ai,12,135266786,2175029112.0,2228990088.0,1.0248093120695665,0.5061263329642159,0.8498902764337555,0.8530144612928893,1.0010805255866415,0.8613944638802172,ok,ok
fw26,135m-g063-control,135m-g063-control,fit,control,12,135266786,2553806848.0,0.0,0.0,0.0,0.8690780152270999,0.8710498416442868,0.7734758051834542,0.7217605559904915,ok,ok
fw26,135m-g063-ai-r0.0025,135m-g063-control,fit,ai,12,135266786,2553717761.0,6380543.0,0.002498531003481555,0.0024923039049050515,0.8677857335432966,0.8708067756381005,0.8082615616771409,0.7260776307398104,ok,ok
fw26,135m-g063-ai-r0.005,135m-g063-control,fit,ai,12,135266786,2553591780.0,12797980.0,0.005011756420989106,0.0049867639746193505,0.8668588824319822,0.8705662280890957,0.8340606675038722,0.7303823820041783,ok,ok
fw26,135m-g063-ai-r0.01,135m-g063-control,fit,ai,12,135266786,2553831567.0,25665393.0,0.010049759479693988,0.009949766717305998,0.8654612119772804,0.8700887015746553,0.8741130744174768,0.7389037686066549,ok,ok
fw26,135m-g063-ai-r0.025,135m-g063-control,fit,ai,12,135266786,2553609026.0,64160958.0,0.025125599630458073,0.024509776791756505,0.8627840254494996,0.8687487355883566,0.9546246358666147,0.7634963558256037,ok,ok
fw26,135m-g063-ai-r0.05,135m-g063-control,fit,ai,12,135266786,2554051985.0,128205423.0,0.050196872950493215,0.04779758371348675,0.8596201217983973,0.8667431005724009,1.058323009799146,0.8014421076476282,ok,ok
fw26,135m-g063-ai-r0.1,135m-g063-control,fit,ai,12,135266786,2553653594.0,256530086.0,0.10045610203464425,0.09128587850883825,0.8561951177831452,0.8634439903625788,1.1689395390260318,0.8666463984608104,ok,ok
fw26,135m-g063-ai-r0.25,135m-g063-control,fit,ai,12,135266786,2554022343.0,643610169.0,0.25199864471193467,0.20127709065525037,0.8508712972065878,0.8571369534768861,1.3138780332174747,0.9859990597354149,ok,ok
fw26,135m-g063-ai-r0.5,135m-g063-control,fit,ai,12,135266786,2553919922.0,1295926862.0,0.5074265840665618,0.3366177759036761,0.8477262206118613,0.8524690543621217,1.278161744683269,1.010912346836179,ok,ok
fw26,135m-g063-ai-r1,135m-g063-control,fit,ai,12,135266786,2553803612.0,2614627492.0,1.023816976260115,0.5058841724670496,0.8462113903175952,0.8502730373094172,1.0313507209660928,0.837031478157536,ok,ok
fw26,135m-g063-ai-r2,135m-g063-control,fit,ai,12,135266786,2553870961.0,5296817551.0,2.074034918712559,0.6746946516733742,0.8479303651654583,0.8514198520963944,0.6201931949717956,0.5211338763972182,ok,ok
fw26,135m-g063-ai-r4,135m-g063-control,fit,ai,12,135266786,2553779147.0,10736397365.0,4.204121322555384,0.8078446027639937,0.852674328459119,0.854411419597711,0.29002308986307596,0.26767011452146094,ok,ok
fw26,135m-g063-ai-r8,135m-g063-control,fit,ai,12,135266786,2553826118.0,21716513978.0,8.50352098168964,0.8947758412985364,0.858885496789468,0.8572248365627542,0.12059358353480328,0.12941409173205723,ok,ok
fw26,135m-g063-human-r0.0025,135m-g063-control,fit,human,12,135266786,2560098304.0,0.0,0.0,0.0,0.8686171944935276,0.8709763276172823,0.7843819506482168,0.7218213123177573,ok,ok
fw26,135m-g063-human-r0.005,135m-g063-control,fit,human,12,135266786,2566389760.0,0.0,0.0,0.0,0.8687747957553714,0.8709030687572896,0.7780562808586023,0.7218819841577344,ok,ok
fw26,135m-g063-human-r0.01,135m-g063-control,fit,human,12,135266786,2579496960.0,0.0,0.0,0.0,0.8687664287979875,0.870751259101727,0.774334418627733,0.7220081139130197,ok,ok
fw26,135m-g063-human-r0.025,135m-g063-control,fit,human,12,135266786,2617769984.0,0.0,0.0,0.0,0.8681690612308519,0.8703141506467998,0.7795651139405164,0.7223743499709719,ok,ok
fw26,135m-g063-human-r0.05,135m-g063-control,fit,human,12,135266786,2682257408.0,0.0,0.0,0.0,0.8670688704520596,0.8695977368040639,0.791896811769403,0.7229846433039938,ok,ok
fw26,135m-g063-human-r0.5,135m-g063-control,fit,human,12,135266786,3830448128.0,0.0,0.0,0.0,0.8570786461627614,0.8598957426531613,0.8251825457246338,0.7327050079449047,ok,ok
fw26,135m-g063-human-r4,135m-g063-control,fit,human,12,135266786,13290176512.0,0.0,0.0,0.0,0.8320384776316557,0.8353432232776243,0.9998765216941973,0.7819507854118621,ok,ok
fw26,135m-g064-control,135m-g064-control,fit,control,12,135266786,4404019200.0,0.0,0.0,0.0,0.8534337816244667,0.8564704472713327,0.8447787261623608,0.7369471016183413,ok,ok
fw26,135m-g064-ai-r0.025,135m-g064-control,fit,ai,12,135266786,4404445325.0,109674355.0,0.024900832433423385,0.02429584565201426,0.8473902158735919,0.8546523987347328,1.109334247650959,0.7794986717981026,ok,ok
fw26,135m-g064-ai-r0.05,135m-g064-control,fit,ai,12,135266786,4403870947.0,220349213.0,0.0500353474595131,0.04765110772753519,0.8445248402099418,0.853070976596273,1.2641582839262107,0.8182173628614198,ok,ok
fw26,135m-g064-ai-r0.1,135m-g064-control,fit,ai,12,135266786,4402774976.0,441646144.0,0.1003108599479784,0.09116592737503382,0.8412115154150898,0.8504982249114684,1.4624428729462304,0.8831893800650291,ok,ok
fw26,135m-g064-ai-r0.25,135m-g064-control,fit,ai,12,135266786,4398144621.0,1106879379.0,0.2516696185284445,0.20106713049752373,0.8373006342796584,0.8457919962795722,1.6499615226107132,0.9904427794704007,ok,ok
fw26,135m-g064-ai-r0.5,135m-g064-control,fit,ai,12,135266786,4386036541.0,2219992259.0,0.5061499689407171,0.33605549206809393,0.8350764912516622,0.842761366201607,1.6032311039621867,0.9783724597677003,ok,ok
fw26,135m-g064-ai-r1,135m-g064-control,fit,ai,12,135266786,4356511015.0,4451527385.0,1.0218101984989472,0.5053937304587591,0.83547325473435,0.8423350374915864,1.169078889194,0.7522885838315478,ok,ok
fw26,135m-g064-human-r0.025,135m-g064-control,fit,human,12,135266786,4514119680.0,0.0,0.0,0.0,0.8527176484830014,0.8558846786791892,0.852133011427591,0.7377255676898434,ok,ok
fw26,135m-g064-human-r0.05,135m-g064-control,fit,human,12,135266786,4624220160.0,0.0,0.0,0.0,0.8521067988944493,0.8553187827658956,0.8561703933923758,0.7384935804149987,ok,ok
fw26,135m-g065-control,135m-g065-control,fit,control,12,135266786,5107613696.0,0.0,0.0,0.0,0.8499807925264125,0.8530428537774585,0.859312289232793,0.741751287300007,ok,ok
fw26,135m-g065-ai-r0.025,135m-g065-control,fit,ai,12,135266786,5107829429.0,127710539.0,0.025002898153747257,0.024393002399098484,0.8440736937285351,0.8513297277253671,1.1451508247811124,0.7848391395191573,ok,ok
fw26,135m-g065-ai-r0.05,135m-g065-control,fit,ai,12,135266786,5107463868.0,255478084.0,0.05002053672873873,0.04763767467308212,0.8413290537686191,0.8498536495244009,1.3117164181185887,0.8235782418081024,ok,ok
fw26,135m-g065-ai-r0.1,135m-g065-control,fit,ai,12,135266786,5107467202.0,511327294.0,0.10011367156695057,0.09100302464594712,0.8380612332379173,0.8474542421206741,1.5371518454196458,0.8882571415869949,ok,ok
fw26,135m-g065-ai-r0.25,135m-g065-control,fit,ai,12,135266786,5107523042.0,1284596254.0,0.2515106135472232,0.20096562572038706,0.8338475186879233,0.843093680030722,1.8115460118926736,0.9918436966655382,ok,ok
fw26,135m-g065-ai-r0.5,135m-g065-control,fit,ai,12,135266786,5107550699.0,2583754261.0,0.5058695279335885,0.3359318443927622,0.8321734036440516,0.8403934922460693,1.709617862928246,0.9682647638016151,ok,ok
fw26,135m-g065-ai-r1,135m-g065-control,fit,ai,12,135266786,5107655620.0,5217147964.0,1.0214369080740804,0.5053023935568942,0.8325078515816556,0.8402842762205679,1.240950991378518,0.7261730683657404,ok,ok
fw26,135m-g065-human-r0.025,135m-g065-control,fit,human,12,135266786,5235539968.0,0.0,0.0,0.0,0.8494433655564949,0.8524910181219434,0.8610607448581643,0.7425846374843199,ok,ok
fw26,135m-g065-human-r0.05,135m-g065-control,fit,human,12,135266786,5362941952.0,0.0,0.0,0.0,0.8483425266426513,0.8519600850757993,0.8888250097611103,0.7434035028890655,ok,ok
fw26,135m-g065-human-r0.5,135m-g065-control,fit,human,12,135266786,7661420544.0,0.0,0.0,0.0,0.8416399473837194,0.844674960646636,0.901231105882193,0.7566602915827875,ok,ok
fw26,135m-g066-control,135m-g066-control,fit,control,12,135266786,6606028800.0,0.0,0.0,0.0,0.8441697623908903,0.8475718764164296,0.9026825521837819,0.7508892560423475,ok,ok
fw26,135m-g066-ai-r0.05,135m-g066-control,fit,ai,12,135266786,6606211571.0,330118669.0,0.04997095013565075,0.04759269780672957,0.8356046803145877,0.8447183392661395,1.4708848062961533,0.8337464112073757,ok,ok
fw26,135m-g066-ai-r0.1,135m-g066-control,fit,ai,12,135266786,6605086973.0,661544707.0,0.10015685027377155,0.09103870075330418,0.8324203508352992,0.8425903091148543,1.7751631341480627,0.8983366017903728,ok,ok
fw26,135m-g066-ai-r0.25,135m-g066-control,fit,ai,12,135266786,6598630264.0,1658905736.0,0.251401528746118,0.2008959738110739,0.8290208091856076,0.8388386086534014,2.0634545198073058,0.9945222501412964,ok,ok
fw26,135m-g066-ai-r0.5,135m-g066-control,fit,ai,12,135266786,6580659240.0,3328383960.0,0.5057827549812471,0.33589357648577006,0.827264936672676,0.836765366162271,2.012536501748847,0.9503244661184476,ok,ok
fw26,135m-g066-ai-r1,135m-g066-control,fit,ai,12,135266786,6538825474.0,6673232126.0,1.0205551673667441,0.5050865147605775,0.8285228209724645,0.8373491139078647,1.3471247569243985,0.6852589976812011,ok,ok
fw26,135m-g066-human-r0.25,135m-g066-control,fit,human,12,135266786,8257536000.0,0.0,0.0,0.0,0.840287587197508,0.843276853771424,0.9077841232930676,0.7597307227306362,ok,ok
fw26,135m-g067-control,135m-g067-control,fit,control,12,135266786,7402422272.0,0.0,0.0,0.0,0.8418859878435074,0.8453313471728549,0.9191939552412663,0.7552861213849347,ok,ok
fw26,135m-g067-ai-r0.05,135m-g067-control,fit,ai,12,135266786,7402382458.0,369662854.0,0.04993836188516484,0.047563136749761654,0.833607292295473,0.8426167362695088,1.5167173264373865,0.8386237836005006,ok,ok
fw26,135m-g067-ai-r0.1,135m-g067-control,fit,ai,12,135266786,7402481320.0,740759896.0,0.10006913411569406,0.090966222951193,0.8306268642466067,0.8405985607271974,1.8273002168866421,0.9030701436179154,ok,ok
fw26,135m-g067-ai-r0.25,135m-g067-control,fit,ai,12,135266786,7402417251.0,1860178845.0,0.2512934332023376,0.20082694157454492,0.8269523261089476,0.837071596436071,2.2165996004241384,0.9958113790168297,ok,ok
fw26,135m-g067-ai-r0.5,135m-g067-control,fit,ai,12,135266786,7402443635.0,3743394957.0,0.5056971915734148,0.33585583768338856,0.8257155641262502,0.8352048682780708,2.074321419007777,0.9415783507920772,ok,ok
fw26,135m-g067-ai-r1,135m-g067-control,fit,ai,12,135266786,7402521910.0,7555939018.0,1.0207249785769292,0.5051281047140628,0.8265248211803962,0.8359836986656937,1.4291387708350984,0.6642459865628272,ok,ok
fw26,135m-g067-human-r0.25,135m-g067-control,fit,human,12,135266786,9262596096.0,0.0,0.0,0.0,0.8375202919099317,0.8412163203797478,0.9663547128425488,0.76464891631247,ok,ok
fw26,135m-g068-control,135m-g068-control,fit,control,12,135266786,8808038400.0,0.0,0.0,0.0,0.838782409879712,0.8421069721664344,0.9357361901915044,0.7624619473872145,ok,ok
fw26,135m-g068-ai-r0.05,135m-g068-control,fit,ai,12,135266786,8807935507.0,440504813.0,0.05001226594471703,0.04763017306252131,0.8300021336206395,0.8395859966505357,1.6944802520208437,0.8467742828650701,ok,ok
fw26,135m-g068-ai-r0.1,135m-g068-control,fit,ai,12,135266786,8806314189.0,882528051.0,0.10021537184107843,0.09108704932324298,0.8268486378463673,0.8377299433612927,2.1398131280591994,0.9110858209996044,ok,ok
fw26,135m-g068-ai-r0.25,135m-g068-control,fit,ai,12,135266786,8798426570.0,2211621430.0,0.2513655609221047,0.20087300527663457,0.8239198842067654,0.834565373515014,2.5227642445905762,0.9979141062856226,ok,ok
fw26,135m-g068-ai-r0.5,135m-g068-control,fit,ai,12,135266786,8775729541.0,4436328059.0,0.5055224227539808,0.33577874039846756,0.8226261989073045,0.8330772712712822,,0.9284611597863446,below_range,ok
fw26,135m-g068-ai-r1,135m-g068-control,fit,ai,12,135266786,8718297837.0,8897778963.0,1.0205867165076985,0.5050942422662462,0.8242505189594871,0.8342836688801214,1.522740690869034,0.6365994195983725,ok,ok
fw26,135m-g068-human-r0.25,135m-g068-control,fit,human,12,135266786,11010048000.0,0.0,0.0,0.0,0.8348969777641773,0.8382951448669423,0.9743619332573112,0.7725639408912154,ok,ok
fw26,135m-g069-control,135m-g069-control,fit,control,12,135266786,9869721600.0,0.0,0.0,0.0,0.8368891474354286,0.8401188073116593,0.9461370924801236,0.7674823448787019,ok,ok
fw26,135m-g069-ai-r0.05,135m-g069-control,fit,ai,12,135266786,9869897079.0,492655241.0,0.049914931944752855,0.04754188213353214,0.8284258451918186,0.8377227525164492,1.7323609827760966,0.8522577605564885,ok,ok
fw26,135m-g069-ai-r0.1,135m-g069-control,fit,ai,12,135266786,9869756475.0,987723717.0,0.10007579411932754,0.09097172636131298,0.8254693453374506,0.8359632040649059,2.181899483540436,0.9164421139186162,ok,ok
fw26,135m-g069-ai-r0.25,135m-g069-control,fit,ai,12,135266786,9869643433.0,2479436119.0,0.251218408834284,0.2007790223198005,0.822075725874313,0.8329975166340092,,0.9993710015168094,below_range,ok
fw26,135m-g069-ai-r0.5,135m-g069-control,fit,ai,12,135266786,9869761180.0,4989085028.0,0.5054919705767389,0.33576530493423357,0.8210218580871177,0.8316925709048673,,0.9190105290695141,below_range,ok
fw26,135m-g069-ai-r1,135m-g069-control,fit,ai,12,135266786,9869780976.0,10074134544.0,1.0207049749631647,0.5051232058167081,0.8228624248887517,0.8330683968759972,,0.6154825907044532,below_range,ok
fw26,135m-g069-human-r0.25,135m-g069-control,fit,human,12,135266786,12349079552.0,0.0,0.0,0.0,0.8328244138157024,0.8364677439569432,1.012631568821804,0.7781877784004768,ok,ok
fw26,135m-g070-control,135m-g070-control,fit,control,12,135266786,11010048000.0,0.0,0.0,0.0,0.8350008776232205,0.8382951448669423,0.9671440787507369,0.7725639408912154,ok,ok
fw26,135m-g070-ai-r0.05,135m-g070-control,fit,ai,12,135266786,11010158232.0,550392168.0,0.04998948756252534,0.047609512432902845,0.8263477385378315,0.8360075051129925,1.880768399213376,0.8580639520194998,ok,ok
fw26,135m-g070-ai-r0.1,135m-g070-control,fit,ai,12,135266786,11008301532.0,1102751268.0,0.10017451509612228,0.09105329538320567,0.8233754291009578,0.8343409869422734,,0.9220998943146338,below_range,ok
fw26,135m-g070-ai-r0.25,135m-g070-control,fit,ai,12,135266786,10998502750.0,2764057250.0,0.25131213882725995,0.20083888825916107,0.8204590710683936,0.8315835589920793,,1.0008334226460447,below_range,ok
fw26,135m-g070-ai-r0.5,135m-g070-control,fit,ai,12,135266786,10969425148.0,5545646852.0,0.5055549198957896,0.33579307749914744,0.8192773450548518,0.8305032172044844,,0.9102097674501756,below_range,ok
fw26,135m-g070-ai-r1,135m-g070-control,fit,ai,12,135266786,10897156053.0,11122939947.0,1.0207195247000103,0.505126769065857,0.8212133971779533,0.8321408196284474,,0.5986646613608043,below_range,ok
fw26,135m-g070-human-r0.25,135m-g070-control,fit,human,12,135266786,13762560000.0,0.0,0.0,0.0,0.8314290829138458,0.8348203513240834,1.0132265305496937,0.7837871855400208,ok,ok
fw26,135m-g071-control,135m-g071-control,fit,control,12,135266786,11835801600.0,0.0,0.0,0.0,0.8340615181436823,0.8371335483358427,0.9630397283445592,0.7760719035934471,ok,ok
fw26,135m-g071-ai-r0.05,135m-g071-control,fit,ai,12,135266786,11835671561.0,591002615.0,0.04993401616072438,0.04755919457045238,0.8254172856446819,0.8349192065058664,1.9162778487623677,0.8619119897820311,ok,ok
fw26,135m-g071-ai-r0.1,135m-g071-control,fit,ai,12,135266786,11835922487.0,1184769993.0,0.10009950591525871,0.09099131976427724,0.8223496241495609,0.8333076612156869,,0.9258650324359309,below_range,ok
fw26,135m-g071-ai-r0.25,135m-g071-control,fit,ai,12,135266786,11835633334.0,2972881226.0,0.25118057835231006,0.20075485721101252,0.8194197129187077,0.8306631771361989,,1.0018499613958098,below_range,ok
fw26,135m-g071-ai-r0.5,135m-g071-control,fit,ai,12,135266786,11835727159.0,5982724809.0,0.505480122059985,0.33576007723590817,0.8184060300849532,0.8296787335116712,,0.9038015430406868,below_range,ok
fw26,135m-g071-ai-r1,135m-g071-control,fit,ai,12,135266786,11835746085.0,12079651035.0,1.0206074841626682,0.5050993288711904,0.8204802618545408,0.8313941818645212,,0.5847086258956444,below_range,ok
fw26,135m-g071-human-r0.25,135m-g071-control,fit,human,12,135266786,14808514560.0,0.0,0.0,0.0,0.8302790205508608,0.8337480527412174,1.0341007515147473,0.7877400987568106,ok,ok
fw26,268m-g072-control,268m-g072-control,fit,control,16,268436282,1174405120.0,0.0,0.0,0.0,0.869940880264402,0.8534729646178366,,,above_range,above_range
fw26,268m-g072-ai-r0.0025,268m-g072-control,fit,ai,16,268436282,1174092320.0,2934240.0,0.0024991561140609454,0.002492925903048441,0.8687435115858568,0.8531466734640791,,,above_range,above_range
fw26,268m-g072-ai-r0.005,268m-g072-control,fit,ai,16,268436282,1174287181.0,5885107.0,0.005011642037161947,0.004986650728745124,0.8677983320431031,0.8528052028469173,,,above_range,above_range
fw26,268m-g072-ai-r0.01,268m-g072-control,fit,ai,16,268436282,1174087391.0,11852065.0,0.01009470427061251,0.009993819617044599,0.8661596808758376,0.8521482743249298,,,above_range,above_range
fw26,268m-g072-ai-r0.025,268m-g072-control,fit,ai,16,268436282,1174108496.0,29656752.0,0.025258953581407353,0.024636657395844676,0.8629888562409846,0.8502657951488044,,,above_range,above_range
fw26,268m-g072-ai-r0.05,268m-g072-control,fit,ai,16,268436282,1173730122.0,59395254.0,0.050603842303026454,0.04816643559202856,0.8594515403435139,0.8474286505197004,,,above_range,above_range
fw26,268m-g072-ai-r0.1,268m-g072-control,fit,ai,16,268436282,1173210850.0,118634782.0,0.10111974501429133,0.09183355894955722,0.8543955558228906,0.8426594669336,,0.8346952395965732,above_range,ok
fw26,268m-g072-ai-r0.25,268m-g072-control,fit,ai,16,268436282,1170835170.0,297171230.0,0.2538113285408056,0.2024318354470389,0.8454934396514866,0.8329219963296718,,0.9780369724182407,above_range,ok
fw26,268m-g072-ai-r0.5,268m-g072-control,fit,ai,16,268436282,1166105596.0,595502084.0,0.5106759508252973,0.3380446683792841,0.8379493190177894,0.8242905654912102,0.7000649573167333,1.0845747159125156,ok,ok
fw26,268m-g072-ai-r1,268m-g072-control,fit,ai,16,268436282,1156520664.0,1192289576.0,1.0309280353679873,0.5076142617634365,0.830378240337137,0.8170121571055298,0.6626790346790574,1.0659401750357387,ok,ok
fw26,268m-g072-human-r0.0025,268m-g072-control,fit,human,16,268436282,1177026560.0,0.0,0.0,0.0,0.8697738049353454,0.8533810124819369,,,above_range,above_range
fw26,268m-g072-human-r0.005,268m-g072-control,fit,human,16,268436282,1180172288.0,0.0,0.0,0.0,0.8696575090824342,0.8532710516559897,,,above_range,above_range
fw26,268m-g072-human-r0.01,268m-g072-control,fit,human,16,268436282,1185939456.0,0.0,0.0,0.0,0.8693334444579027,0.8530705299201572,,,above_range,above_range
fw26,268m-g072-human-r0.025,268m-g072-control,fit,human,16,268436282,1203765248.0,0.0,0.0,0.0,0.8681582908935364,0.8524593580457703,,,above_range,above_range
fw26,268m-g072-human-r0.05,268m-g072-control,fit,human,16,268436282,1233125376.0,0.0,0.0,0.0,0.8668614749721881,0.8514801389061426,,,above_range,above_range
fw26,268m-g072-human-r0.25,268m-g072-control,fit,human,16,268436282,1468006400.0,0.0,0.0,0.0,0.8571313977024653,0.8446794551459782,,0.6949682750106957,above_range,ok
fw26,268m-g072-human-r1,268m-g072-control,fit,human,16,268436282,2348810240.0,0.0,0.0,0.0,0.8336625576553097,0.8286185887443215,0.5973689203804503,0.7018861961573156,ok,ok
fw26,268m-g073-control,268m-g073-control,fit,control,16,268436282,1174405120.0,0.0,0.0,0.0,0.8684719375836361,0.8534729646178366,,,above_range,above_range
fw26,268m-g073-ai-r0.025,268m-g073-control,fit,ai,16,268436282,1174117444.0,29647804.0,0.025251140038423617,0.02462922405282795,0.8615859475166321,0.850266424293512,,,above_range,above_range
fw26,268m-g073-ai-r0.05,268m-g073-control,fit,ai,16,268436282,1173762734.0,59362642.0,0.05057465216816127,0.04813998897059434,0.8579306820644623,0.8474306644717602,,,above_range,above_range
fw26,268m-g073-human-r0.025,268m-g073-control,fit,human,16,268436282,1203765248.0,0.0,0.0,0.0,0.867134707511582,0.8524593580457703,,,above_range,above_range
fw26,268m-g073-human-r0.05,268m-g073-control,fit,human,16,268436282,1233125376.0,0.0,0.0,0.0,0.8659044208835218,0.8514801389061426,,,above_range,above_range
fw26,268m-g074-control,268m-g074-control,fit,control,16,268436282,1174405120.0,0.0,0.0,0.0,0.8697521420221731,0.8534729646178366,,,above_range,above_range
fw26,268m-g074-ai-r0.025,268m-g074-control,fit,ai,16,268436282,1174081007.0,29684241.0,0.025282958180073856,0.02465949324365277,0.8625647248640801,0.850263862482802,,,above_range,above_range
fw26,268m-g074-ai-r0.05,268m-g074-control,fit,ai,16,268436282,1173763980.0,59361396.0,0.050573536938831605,0.048138978529949576,0.858684960980661,0.8474307414226898,,,above_range,above_range
fw26,268m-g074-human-r0.025,268m-g074-control,fit,human,16,268436282,1203765248.0,0.0,0.0,0.0,0.8678113140856748,0.8524593580457703,,,above_range,above_range
fw26,268m-g074-human-r0.05,268m-g074-control,fit,human,16,268436282,1233125376.0,0.0,0.0,0.0,0.8668752898615317,0.8514801389061426,,,above_range,above_range
fw26,268m-g075-control,268m-g075-control,fit,control,16,268436282,1266679808.0,0.0,0.0,0.0,0.8653755107679338,0.8504006509369644,,,above_range,above_range
fw26,268m-g075-ai-r0.0025,268m-g075-control,fit,ai,16,268436282,1266659413.0,3166123.0,0.0024995851035451155,0.00249335275613799,0.8640810792718067,0.8500744169394026,,,above_range,above_range
fw26,268m-g075-ai-r0.005,268m-g075-control,fit,ai,16,268436282,1266638913.0,6332351.0,0.004999334013039279,0.004974465000963289,0.8628457735137594,0.8497524185569697,,,above_range,above_range
fw26,268m-g075-ai-r0.01,268m-g075-control,fit,ai,16,268436282,1266497059.0,12765661.0,0.010079503074471806,0.009978920514466333,0.8614968551548361,0.8491139157979486,,,above_range,above_range
fw26,268m-g075-ai-r0.025,268m-g075-control,fit,ai,16,268436282,1266723423.0,31937953.0,0.02521304368428024,0.02459297981000399,0.8585587649663808,0.8472874673993638,,,above_range,above_range
fw26,268m-g075-ai-r0.05,268m-g075-control,fit,ai,16,268436282,1266615160.0,64027784.0,0.05055030606139279,0.04811792997415842,0.8551591088147642,0.84453152999312,,0.7697924996307229,above_range,ok
fw26,268m-g075-ai-r0.1,268m-g075-control,fit,ai,16,268436282,1266621123.0,127984957.0,0.10104438863049026,0.09177140329117166,0.8503194135949836,0.8399022536333764,,0.835651021350107,above_range,ok
fw26,268m-g075-ai-r0.25,268m-g075-control,fit,ai,16,268436282,1266715851.0,320828213.0,0.25327559669102145,0.20209090271903155,0.8412550141548145,0.8304570685837025,0.7064188765180874,0.9779594773385144,ok,ok
fw26,268m-g075-ai-r0.5,268m-g075-control,fit,ai,16,268436282,1266709899.0,645368437.0,0.5094840085401433,0.3375219648950617,0.8337514960584367,0.82207235135703,0.7317979300194417,1.0816187148772443,ok,ok
fw26,268m-g075-ai-r1,268m-g075-control,fit,ai,16,268436282,1266784579.0,1304323773.0,1.0296334472508606,0.5073001968141092,0.8262213543303536,0.8149926287172539,0.6950059023979213,1.0556295417953876,ok,ok
fw26,268m-g075-ai-r2,268m-g075-control,fit,ai,16,268436282,1266710194.0,2640808270.0,2.084776993592269,0.6758274578430757,0.8210952602037184,0.8105929228920558,0.5485323673876971,0.8363878979436834,ok,ok
fw26,268m-g075-ai-r4,268m-g075-control,fit,ai,16,268436282,1266630658.0,5346738174.0,4.221229085392942,0.8084742148553434,0.8185905777888275,0.808184678067021,0.3560867212052753,0.5505832655029186,ok,ok
fw26,268m-g075-human-r0.0025,268m-g075-control,fit,human,16,268436282,1269825536.0,0.0,0.0,0.0,0.8652321400451574,0.8503015245285086,,,above_range,above_range
fw26,268m-g075-human-r0.005,268m-g075-control,fit,human,16,268436282,1272971264.0,0.0,0.0,0.0,0.8649332971774117,0.8502027449528925,,,above_range,above_range
fw26,268m-g075-human-r0.01,268m-g075-control,fit,human,16,268436282,1279262720.0,0.0,0.0,0.0,0.8648984278597875,0.850006218053037,,,above_range,above_range
fw26,268m-g075-human-r0.025,268m-g075-control,fit,human,16,268436282,1298661376.0,0.0,0.0,0.0,0.8639100836057285,0.8494087690410242,,,above_range,above_range
fw26,268m-g075-human-r0.05,268m-g075-control,fit,human,16,268436282,1330642944.0,0.0,0.0,0.0,0.8624878207679977,0.848450858055843,,,above_range,above_range
fw26,268m-g075-human-r0.25,268m-g075-control,fit,human,16,268436282,1587544064.0,0.0,0.0,0.0,0.8533005886141781,0.8417824142607885,,0.6960289423798006,above_range,ok
fw26,268m-g075-human-r1,268m-g075-control,fit,human,16,268436282,2571108352.0,0.0,0.0,0.0,0.8297386894485056,0.8258718201965141,0.6180665348912207,0.7033797950815679,ok,ok
fw26,268m-g076-control,268m-g076-control,fit,control,16,268436282,4697620480.0,0.0,0.0,0.0,0.8081659927682214,0.8099755295667144,0.7757831443319094,0.714932740621381,ok,ok
fw26,268m-g076-ai-r0.0025,268m-g076-control,fit,ai,16,268436282,4697437191.0,11717625.0,0.002494471884041419,0.002488264977016207,0.8069008329542288,0.8097871397109188,0.8207494715756332,0.7191806466513971,ok,ok
fw26,268m-g076-ai-r0.005,268m-g076-control,fit,ai,16,268436282,4697152793.0,23536359.0,0.005010771426272401,0.0049857887783245425,0.8059858751501219,0.8096002711679572,0.855087064158056,0.7234300304796552,ok,ok
fw26,268m-g076-ai-r0.01,268m-g076-control,fit,ai,16,268436282,4697107968.0,47174144.0,0.010043231776102108,0.009943368224389435,0.80468306702584,0.809231847526659,0.9063628994884407,0.7318250117525491,ok,ok
fw26,268m-g076-ai-r0.025,268m-g076-control,fit,ai,16,268436282,4697755862.0,117305130.0,0.024970461098005863,0.024362127540003546,0.8017812203715241,0.8081936610518775,1.0345228042987111,0.7559009980577528,ok,ok
fw26,268m-g076-ai-r0.05,268m-g076-control,fit,ai,16,268436282,4697584015.0,234917489.0,0.05000815062591275,0.04762644041963175,0.7989672146812772,0.8066337717157901,1.175330701221055,0.7935183080186641,ok,ok
fw26,268m-g076-ai-r0.1,268m-g076-control,fit,ai,16,268436282,4697078222.0,470304306.0,0.10012699039100652,0.09101402953073576,0.7953362541968321,0.8040478254389102,1.385417765816804,0.8587267596042654,ok,ok
fw26,268m-g076-ai-r0.25,268m-g076-control,fit,ai,16,268436282,4691245026.0,1180780574.0,0.2516987638581724,0.2010857333455767,0.7909318519706536,0.7990317227692425,1.618604719569571,0.9837432129949959,ok,ok
fw26,268m-g076-ai-r0.5,268m-g076-control,fit,ai,16,268436282,4678827711.0,2367603009.0,0.506024832552335,0.33600032457283563,0.7879070934957831,0.7951579731343973,1.6737861720364557,1.0270549924400727,ok,ok
fw26,268m-g076-ai-r1,268m-g076-control,fit,ai,16,268436282,4647615246.0,4747625714.0,1.021518663380338,0.505322400374072,0.7869297930684348,0.7929562227342213,1.351852517078178,0.884412674807462,ok,ok
fw26,268m-g076-human-r0.0025,268m-g076-control,fit,human,16,268436282,4709154816.0,0.0,0.0,0.0,0.808230365479646,0.8099186292471924,0.771600505631956,0.7149860572123169,ok,ok
fw26,268m-g076-human-r0.005,268m-g076-control,fit,human,16,268436282,4720689152.0,0.0,0.0,0.0,0.8081503149016125,0.8098619257736861,0.7725480894855471,0.7150392992145391,ok,ok
fw26,268m-g076-human-r0.01,268m-g076-control,fit,human,16,268436282,4744282112.0,0.0,0.0,0.0,0.8082541664068021,0.8097465496470637,0.7650521980821977,0.7151479722122654,ok,ok
fw26,268m-g076-human-r0.025,268m-g076-control,fit,human,16,268436282,4815060992.0,0.0,0.0,0.0,0.8074760896580936,0.8094052365544591,0.7813830762771902,0.7154721506344341,ok,ok
fw26,268m-g076-human-r0.05,268m-g076-control,fit,human,16,268436282,4932501504.0,0.0,0.0,0.0,0.8070979008246669,0.8088542911993416,0.7763682102938145,0.7160040969802784,ok,ok
fw26,268m-g076-human-r0.25,268m-g076-control,fit,human,16,268436282,5872025600.0,0.0,0.0,0.0,0.8018906416603838,0.8050279718621716,0.8434778823068256,0.7200216270881599,ok,ok
fw26,268m-g077-control,268m-g077-control,fit,control,16,268436282,4697620480.0,0.0,0.0,0.0,0.8087512641353802,0.8099755295667144,0.755326250704118,0.714932740621381,ok,ok
fw26,268m-g077-ai-r0.25,268m-g077-control,fit,ai,16,268436282,4692018287.0,1180007313.0,0.25149247953048315,0.2009540477820805,0.7906645002269155,0.7990336579570725,1.6485317816842728,0.9836374552984665,ok,ok
fw26,268m-g077-ai-r1,268m-g077-control,fit,ai,16,268436282,4645447812.0,4749793148.0,1.022461846569551,0.5055530952555792,0.7873981848549636,0.7929607950700597,1.304334856135283,0.8841515962253106,ok,ok
fw26,268m-g078-control,268m-g078-control,fit,control,16,268436282,4697620480.0,0.0,0.0,0.0,0.8085200021605273,0.8099755295667144,0.7633172978904565,0.714932740621381,ok,ok
fw26,268m-g078-ai-r0.025,268m-g078-control,fit,ai,16,268436282,4698546837.0,116514155.0,0.02479791285307134,0.024197856515957503,0.802414192041441,0.8082013679813859,1.0010900346977842,0.7556337306590595,ok,ok
fw26,268m-g078-ai-r0.05,268m-g078-control,fit,ai,16,268436282,4699085033.0,233416471.0,0.04967274892043862,0.047322128702994105,0.7994449768643566,0.8066463961350964,1.1446651683406148,0.7930447671216273,ok,ok
fw26,268m-g078-ai-r0.25,268m-g078-control,fit,ai,16,268436282,4691419121.0,1180606479.0,0.25165231426783025,0.2010560851437705,0.7905961178205482,0.7990321582748713,1.6563119630569254,0.9837194112822352,ok,ok
fw26,268m-g078-ai-r0.5,268m-g078-control,fit,ai,16,268436282,4677857410.0,2368573310.0,0.5063372186028219,0.3361380256357647,0.7874611891523358,0.795158247265302,1.7308320440594847,1.0270378215402953,ok,ok
fw26,268m-g078-ai-r1,268m-g078-control,fit,ai,16,268436282,4646431153.0,4748809807.0,1.0220338256672326,0.5054484315216541,0.786822039794103,0.7929587200348855,1.3631294421968951,0.8842700664147066,ok,ok
fw26,268m-g078-human-r0.025,268m-g078-control,fit,human,16,268436282,4815060992.0,0.0,0.0,0.0,0.8079449938020536,0.8094052365544591,0.7645967219416616,0.7154721506344341,ok,ok
fw26,268m-g078-human-r0.05,268m-g078-control,fit,human,16,268436282,4932501504.0,0.0,0.0,0.0,0.8072706761059671,0.8088542911993416,0.7701177425028864,0.7160040969802784,ok,ok
fw26,268m-g079-control,268m-g079-control,fit,control,16,268436282,4697620480.0,0.0,0.0,0.0,0.808466240798948,0.8099755295667144,0.7651920882976474,0.714932740621381,ok,ok
fw26,268m-g079-ai-r0.025,268m-g079-control,fit,ai,16,268436282,4698474164.0,116586828.0,0.024813763773204395,0.0242129493673504,0.8025570865754688,0.8082006596328887,0.9937542882621461,0.755658289788716,ok,ok
fw26,268m-g079-ai-r0.05,268m-g079-control,fit,ai,16,268436282,4699013288.0,233488216.0,0.04968877542786808,0.04733667406095129,0.7992235889397918,0.8066457922891197,1.1587327014108475,0.7930674082327163,ok,ok
fw26,268m-g079-ai-r0.25,268m-g079-control,fit,ai,16,268436282,4691198153.0,1180827447.0,0.25171127044481506,0.201093715769904,0.7911203745546963,0.7990316055334272,1.5979614695274833,0.9837496204294665,ok,ok
fw26,268m-g079-ai-r0.5,268m-g079-control,fit,ai,16,268436282,4678162788.0,2368267932.0,0.5062388889234181,0.3360946876662118,0.7879863160624303,0.7951581607846748,1.6639298344872129,1.0270432384347208,ok,ok
fw26,268m-g079-ai-r1,268m-g079-control,fit,ai,16,268436282,4645906694.0,4749334266.0,1.0222620854899158,0.5055042532937867,0.7867477340406892,0.7929598266149438,1.3709835210937023,0.8842068855369866,ok,ok
fw26,268m-g079-human-r0.025,268m-g079-control,fit,human,16,268436282,4815060992.0,0.0,0.0,0.0,0.8081561873804053,0.8094052365544591,0.7572024485736036,0.7154721506344341,ok,ok
fw26,268m-g079-human-r0.05,268m-g079-control,fit,human,16,268436282,4932501504.0,0.0,0.0,0.0,0.8071620323470703,0.8088542911993416,0.7740397901658099,0.7160040969802784,ok,ok
fw26,268m-g080-control,268m-g080-control,fit,control,16,268436282,4697620480.0,0.0,0.0,0.0,0.8088678804776321,0.8099755295667144,0.7513414908336492,0.714932740621381,ok,ok
fw26,268m-g080-ai-r0.25,268m-g080-control,fit,ai,16,268436282,4692742401.0,1179283199.0,0.2512993678810711,0.2008307319028037,0.7909205205352228,0.7990354721244786,1.6198574993852952,0.983538325945701,ok,ok
fw26,268m-g080-ai-r1,268m-g080-control,fit,ai,16,268436282,4648225243.0,4747015717.0,1.021253374962578,0.5052574742053236,0.7872270772013609,0.7929549368050879,1.3214156869517617,0.8844861204918677,ok,ok
fw26,268m-g081-control,268m-g081-control,fit,control,16,268436282,5067767808.0,0.0,0.0,0.0,0.8060286114462857,0.8082422756785043,0.7948961942921917,0.7166079031285989,ok,ok
fw26,268m-g081-ai-r0.0025,268m-g081-control,fit,ai,16,268436282,5067691263.0,12659457.0,0.002498071871984124,0.0024918470589369076,0.8046383043163863,0.8080589292524732,0.8482721342203633,0.7208776696256557,ok,ok
fw26,268m-g081-ai-r0.005,268m-g081-control,fit,ai,16,268436282,5067585524.0,25348108.0,0.005002008921201583,0.00497711335579407,0.8036514261511636,0.8078778788245898,0.8887265318081962,0.7251218202634971,ok,ok
fw26,268m-g081-ai-r0.01,268m-g081-control,fit,ai,16,268436282,5067941270.0,50682474.0,0.010000604051988157,0.009901582248433379,0.8024762511176861,0.8075215422409023,0.9387140593449657,0.7334907306706915,ok,ok
fw26,268m-g081-ai-r0.025,268m-g081-control,fit,ai,16,268436282,5067952437.0,126693067.0,0.024998866618210925,0.02438916513214296,0.7998670323136252,0.8065142661375237,1.0620632243205967,0.7577492847005598,ok,ok
fw26,268m-g081-ai-r0.05,268m-g081-control,fit,ai,16,268436282,5068012779.0,253510421.0,0.05002166175477199,0.047638695063849386,0.7969386813649151,0.8050045715425803,1.2228986870742375,0.7954150999965556,ok,ok
fw26,268m-g081-ai-r0.1,268m-g081-control,fit,ai,16,268436282,5067952469.0,507326123.0,0.10010475159410971,0.09099565423115631,0.7935379413133197,0.8025049874013287,1.4358449979746208,0.8605531171090653,ok,ok
fw26,268m-g081-ai-r0.25,268m-g081-control,fit,ai,16,268436282,5067945831.0,1274366105.0,0.25145614169844904,0.20093084633168065,0.7886317988083866,0.7976596655936122,1.7627397424975197,0.9841486693069317,ok,ok
fw26,268m-g081-ai-r0.5,268m-g081-control,fit,ai,16,268436282,5067652554.0,2563883574.0,0.5059312071377654,0.33595904297604606,0.7862363369171561,0.7939347568387126,1.7565609773646116,1.0229646560566508,ok,ok
fw26,268m-g081-ai-r1,268m-g081-control,fit,ai,16,268436282,5067636186.0,5176427046.0,1.021467772351249,0.5053099467240774,0.7850641097279999,0.791861576215447,1.437646586647189,0.8714603032967441,ok,ok
fw26,268m-g081-ai-r2,268m-g081-control,fit,ai,16,268436282,5067781790.0,10486794594.0,2.069306656946648,0.6741935193289543,0.7870270005607461,0.7921326352687299,0.8104662898308733,0.5637154571470896,ok,ok
fw26,268m-g081-ai-r4,268m-g081-control,fit,ai,16,268436282,5067759676.0,21284003780.0,4.19988419750787,0.8076880249603892,0.7915274625521708,0.7937679253754962,0.3464234061026247,0.2993866378569378,ok,ok
fw26,268m-g081-human-r0.0025,268m-g081-control,fit,human,16,268436282,5080350720.0,0.0,0.0,0.0,0.8059723113139855,0.8081865197556904,0.7950679289878264,0.7166636013442689,ok,ok
fw26,268m-g081-human-r0.005,268m-g081-control,fit,human,16,268436282,5092933632.0,0.0,0.0,0.0,0.8058081623601392,0.8081309588767707,0.7993757932198023,0.716719220944291,ok,ok
fw26,268m-g081-human-r0.01,268m-g081-control,fit,human,16,268436282,5118623744.0,0.0,0.0,0.0,0.8058087880590028,0.808018122851572,0.7953398462695348,0.7168325348209329,ok,ok
fw26,268m-g081-human-r0.025,268m-g081-control,fit,human,16,268436282,5194645504.0,0.0,0.0,0.0,0.8054391336807083,0.8076888609501424,0.7978019818169979,0.7171659644922168,ok,ok
fw26,268m-g081-human-r0.05,268m-g081-control,fit,human,16,268436282,5321523200.0,0.0,0.0,0.0,0.8046689455730655,0.8071542473514862,0.8086084020774871,0.7177163107523242,ok,ok
fw26,268m-g081-human-r0.25,268m-g081-control,fit,human,16,268436282,6342311936.0,0.0,0.0,0.0,0.8002019813905664,0.8034233804228288,0.8541990254909169,0.7218955488820649,ok,ok
fw26,268m-g082-control,268m-g082-control,fit,control,16,268436282,9395240960.0,0.0,0.0,0.0,0.7905674915656494,0.7959915270205017,1.0372402003279768,0.7324967547137744,ok,ok
fw26,268m-g082-ai-r0.025,268m-g082-control,fit,ai,16,268436282,9396332712.0,233789272.0,0.024880906111533187,0.024276875452712853,0.7844364699407943,0.7946632152250964,1.6107762288197511,0.7746725654004071,ok,ok
fw26,268m-g082-ai-r0.05,268m-g082-control,fit,ai,16,268436282,9395769204.0,469233804.0,0.0499409674516309,0.04756550034698175,0.7815512575923084,0.7935066539630772,2.027273003972616,0.8130949974152029,ok,ok
fw26,268m-g082-ai-r0.1,268m-g082-control,fit,ai,16,268436282,9393779762.0,940985294.0,0.10017110447984974,0.09105047757749433,0.7787725498282427,0.7916152208673577,2.5420914643122807,0.878133589092125,ok,ok
fw26,268m-g082-ai-r0.25,268m-g082-control,fit,ai,16,268436282,9385285244.0,2358765956.0,0.2513259740835214,0.20084772416523525,0.7750141585655157,0.7881133988461965,3.4250319192401797,0.9889737734091941,ok,ok
fw26,268m-g082-ai-r0.5,268m-g082-control,fit,ai,16,268436282,9360479324.0,4732382116.0,0.5055704897361728,0.33579994638760885,0.7730881085337062,0.7857587157279924,3.669416835441197,0.9879356063746516,ok,ok
fw26,268m-g082-ai-r1,268m-g082-control,fit,ai,16,268436282,9299697574.0,9490784346.0,1.0205476329181111,0.5050846692706857,0.7739295263160221,0.7851761623048971,2.4580676767216385,0.77662672607159,ok,ok
fw26,268m-g082-human-r0.025,268m-g082-control,fit,human,16,268436282,9630121984.0,0.0,0.0,0.0,0.7902000175593143,0.795563755008436,1.0380582281863424,0.7332259929333783,ok,ok
fw26,268m-g082-human-r0.05,268m-g082-control,fit,human,16,268436282,9865003008.0,0.0,0.0,0.0,0.7896378647497319,0.7951504955119452,1.0541783217807963,0.7339453780523209,ok,ok
fw26,268m-g082-human-r0.25,268m-g082-control,fit,human,16,268436282,11744051200.0,0.0,0.0,0.0,0.7862589823806305,0.7922804054240545,1.1394192503891094,0.7393861448766101,ok,ok
fw26,268m-g082-human-r1,268m-g082-control,fit,human,16,268436282,18790481920.0,0.0,0.0,0.0,0.777683622015825,0.785502243832077,1.5699588007647214,0.7563661645953246,ok,ok
fw26,268m-g083-control,268m-g083-control,fit,control,16,268436282,10135535616.0,0.0,0.0,0.0,0.7890287584143039,0.7946914277956343,1.071710536926681,0.7347622291366038,ok,ok
fw26,268m-g083-ai-r0.025,268m-g083-control,fit,ai,16,268436282,10135357509.0,252884923.0,0.024950764960727147,0.024343379032146176,0.7828796837815588,0.7934037398613737,1.7069479880627028,0.7772212772473233,ok,ok
fw26,268m-g083-ai-r0.05,268m-g083-control,fit,ai,16,268436282,10135505136.0,505968400.0,0.04992039303525839,0.04754683628055024,0.7803343094714276,0.7922877538058241,2.1099031191553044,0.8156007617360798,ok,ok
fw26,268m-g083-ai-r0.1,268m-g083-control,fit,ai,16,268436282,10135597602.0,1014435294.0,0.10008638205998108,0.09098047543554082,0.7772956831113903,0.7904596436454276,2.761089076000164,0.8805353803812833,ok,ok
fw26,268m-g083-ai-r0.25,268m-g083-control,fit,ai,16,268436282,10135498541.0,2545979603.0,0.2511943139946233,0.20076363134407813,0.7736064395998228,0.7870856491634143,3.8012998473014377,0.9896253897409217,ok,ok
fw26,268m-g083-ai-r0.5,268m-g083-control,fit,ai,16,268436282,10135468827.0,5123933413.0,0.5055447853926885,0.3357886064218463,0.7722070972622846,0.7848419643354252,,0.9829023230415987,below_range,ok
fw26,268m-g083-ai-r1,268m-g083-control,fit,ai,16,268436282,10135612449.0,10344649695.0,1.0206240369836381,0.5051033830653686,0.7728004593896166,0.7843551374656975,2.6276807848825094,0.7625852253503302,ok,ok
fw26,268m-g083-human-r0.025,268m-g083-control,fit,human,16,268436282,10388242432.0,0.0,0.0,0.0,0.788546747861661,0.7942780017907092,1.0829138310884971,0.7355143651905758,ok,ok
fw26,268m-g083-human-r0.05,268m-g083-control,fit,human,16,268436282,10641473536.0,0.0,0.0,0.0,0.7881133590428074,0.793877750687079,1.0914459242307115,0.7362579256569688,ok,ok
fw26,268m-g083-human-r0.25,268m-g083-control,fit,human,16,268436282,12681478144.0,0.0,0.0,0.0,0.7845386797359518,0.7910806281364118,1.2128105801483442,0.7419201802803911,ok,ok
fw26,268m-g083-human-r1,268m-g083-control,fit,human,16,268436282,20480262144.0,0.0,0.0,0.0,0.7763584945264562,0.7843973839054491,1.6717911598945148,0.7598912608524951,ok,ok
fw26,268m-g084-control,268m-g084-control,fit,control,16,268436282,14092861440.0,0.0,0.0,0.0,0.782664909890483,0.7894931254158991,1.2824374475937896,0.7455479095518192,ok,ok
fw26,268m-g084-ai-r0.05,268m-g084-control,fit,ai,16,268436282,14092839732.0,704664780.0,0.05000161737452731,0.047620514623161886,0.773934366730167,0.7874037075508015,3.119374617953653,0.8278023895732217,ok,ok
fw26,268m-g084-ai-r0.1,268m-g084-control,fit,ai,16,268436282,14090697257.0,1411450327.0,0.10016894843857477,0.09104869627591336,0.7710641081009809,0.7858376779033857,,0.8924791938558064,below_range,ok
fw26,268m-g084-ai-r0.25,268m-g084-control,fit,ai,16,268436282,14077793043.0,3538283757.0,0.25133795803024434,0.2008553775719234,0.7675680216001854,0.7830349650470743,,0.9929150725062538,below_range,ok
fw26,268m-g084-ai-r0.5,268m-g084-control,fit,ai,16,268436282,14041122882.0,7098169278.0,0.5055271816686036,0.3357808399768103,0.766306673617167,0.7813831605221121,,0.9609910287002658,below_range,ok
fw26,268m-g084-ai-r1,268m-g084-control,fit,ai,16,268436282,13949505755.0,14236217125.0,1.0205535145857934,0.5050861099291415,0.7676149509491041,0.7815474693416569,,0.7097951874417189,below_range,ok
fw26,268m-g084-human-r0.25,268m-g084-control,fit,human,16,268436282,17616076800.0,0.0,0.0,0.0,0.7787244909333075,0.7863565788284512,1.4988354675498305,0.7538141950145512,ok,ok
fw26,268m-g085-control,268m-g085-control,fit,control,16,268436282,14690025472.0,0.0,0.0,0.0,0.782024018052788,0.7888875993849664,1.3034491771355377,0.7470225717372815,ok,ok
fw26,268m-g085-ai-r0.05,268m-g085-control,fit,ai,16,268436282,14690040880.0,733463504.0,0.049929303123899815,0.047554919150597105,0.7733287360697245,0.7868376915035334,3.2444923382648483,0.8293486481160047,ok,ok
fw26,268m-g085-ai-r0.1,268m-g085-control,fit,ai,16,268436282,14689954422.0,1470174602.0,0.10008026980657163,0.09097542475165822,0.7705319364212707,0.7852997307091457,,0.8940055623276951,below_range,ok
fw26,268m-g085-ai-r0.25,268m-g085-control,fit,ai,16,268436282,14690155775.0,3690857217.0,0.25124697610635105,0.2007972693673835,0.7672682315771585,0.7825505113533194,,0.9933430304577775,below_range,ok
fw26,268m-g085-ai-r0.5,268m-g085-control,fit,ai,16,268436282,14690161898.0,7425354518.0,0.5054644441332488,0.33575315983252146,0.7658448453827044,0.7809393574700307,,0.9578134607876576,below_range,ok
fw26,268m-g085-ai-r1,268m-g085-control,fit,ai,16,268436282,14689978907.0,14992061925.0,1.0205638837136828,0.5050886497277897,0.7670498348219674,0.781126119912666,,0.7011328973551663,below_range,ok
fw26,268m-g085-human-r0.25,268m-g085-control,fit,human,16,268436282,18381012992.0,0.0,0.0,0.0,0.77807415075265,0.7857913297878085,1.538603401561395,0.755486462976374,ok,ok
fw26,268m-g086-control,268m-g086-control,fit,control,16,268436282,18790481920.0,0.0,0.0,0.0,0.7776390720633264,0.785502243832077,1.5776102571509936,0.7563661645953246,ok,ok
fw26,268m-g086-ai-r0.05,268m-g086-control,fit,ai,16,268436282,18791031735.0,938974281.0,0.049969277591664925,0.04759118067366736,0.7692473884527868,0.7836572676090257,,0.8398779786189956,below_range,ok
fw26,268m-g086-ai-r0.1,268m-g086-control,fit,ai,16,268436282,18789382436.0,1880147676.0,0.10006436786329298,0.09096228437764305,0.7664088563341669,0.7822905249331855,,0.9042395744024808,below_range,ok
fw26,268m-g086-ai-r0.25,268m-g086-control,fit,ai,16,268436282,18771926731.0,4716175669.0,0.25123556769544053,0.2007899824636323,0.7629719522421675,0.7799149862968313,,0.9961037833627278,below_range,ok
fw26,268m-g086-ai-r0.5,268m-g086-control,fit,ai,16,268436282,18723672523.0,9462050357.0,0.5053522670500084,0.3357036609380018,0.7620343578716952,0.7786918003750191,,0.9399690541088913,below_range,ok
fw26,268m-g086-ai-r1,268m-g086-control,fit,ai,16,268436282,18600458178.0,18980505662.0,1.0204321571201675,0.5050563828753574,0.7638815127891532,0.7793112944955426,,0.6614310408628634,below_range,ok
fw26,268m-g086-human-r0.25,268m-g086-control,fit,human,16,268436282,23488102400.0,0.0,0.0,0.0,0.7739131535078316,0.7827185626046764,1.9706842854572642,0.7657987415814693,ok,ok
fw26,268m-g087-control,268m-g087-control,fit,control,16,268436282,19586875392.0,0.0,0.0,0.0,0.7773489717656982,0.784964725677985,1.5625235794143155,0.7580479514463483,ok,ok
fw26,268m-g087-ai-r0.05,268m-g087-control,fit,ai,16,268436282,19586924402.0,978272398.0,0.04994517658423747,0.047569318568349415,0.7686790355187009,0.7831536360620622,,0.841725740790933,below_range,ok
fw26,268m-g087-ai-r0.1,268m-g087-control,fit,ai,16,268436282,19587068098.0,1960120126.0,0.10007215557698215,0.09096871970593132,0.7660279389894982,0.7818115757773088,,0.9060952040437185,below_range,ok
fw26,268m-g087-ai-r0.25,268m-g087-control,fit,ai,16,268436282,19586752951.0,4921089609.0,0.25124580992628254,0.2007965244983196,0.762290093665929,0.7794846751312733,,0.9966127938206435,below_range,ok
fw26,268m-g087-ai-r0.5,268m-g087-control,fit,ai,16,268436282,19586923960.0,9899557448.0,0.5054166477705568,0.33573207026709345,0.761628636354119,0.7782982191192794,,0.9364803504932483,below_range,ok
fw26,268m-g087-ai-r1,268m-g087-control,fit,ai,16,268436282,19586800243.0,19990128013.0,1.0205918151508255,0.5050954910824699,0.7630269661619661,0.7789370757238765,,0.6526042980287582,below_range,ok
fw26,268m-g087-human-r0.25,268m-g087-control,fit,human,16,268436282,24507842560.0,0.0,0.0,0.0,0.7739294085260353,0.7822169881968165,1.8846616079840408,0.7677087810695221,ok,ok
fw26,268m-g088-control,268m-g088-control,fit,control,16,268436282,23488102400.0,0.0,0.0,0.0,0.774248038757686,0.7827185626046764,1.8866515694954176,0.7657987415814693,ok,ok
fw26,268m-g088-ai-r0.05,268m-g088-control,fit,ai,16,268436282,23488797122.0,1173710398.0,0.049968944425029034,0.04759087846392677,0.7654874452247798,0.781043530380858,,0.8504482775984675,below_range,ok
fw26,268m-g088-ai-r0.1,268m-g088-control,fit,ai,16,268436282,23486821631.0,2350091009.0,0.10005998452758463,0.09095866219563918,0.7628722883741011,0.7798151153940647,,0.9145714427533497,below_range,ok
fw26,268m-g088-ai-r0.25,268m-g088-control,fit,ai,16,268436282,23465157832.0,5894970168.0,0.25122226793466895,0.2007814873286656,0.7595851669192597,0.7777377801942823,,0.9988656398539333,below_range,ok
fw26,268m-g088-ai-r0.5,268m-g088-control,fit,ai,16,268436282,23403617983.0,11828535617.0,0.5054148305442369,0.33573126841159096,0.758962101600005,0.7768133136630011,,0.9224084158733246,below_range,ok
fw26,268m-g088-ai-r1,268m-g088-control,fit,ai,16,268436282,23248135764.0,23728069036.0,1.0206439465457346,0.505108259320259,0.7610743035231305,0.77774942203208,,0.6235012939203356,below_range,ok
fw26,268m-g088-human-r0.1,268m-g088-control,fit,human,16,268436282,25836912640.0,0.0,0.0,0.0,0.7728371352072055,0.781605910334735,2.0722602810118627,0.7701358264695974,ok,ok
fw26,477m-g089-control,477m-g089-control,held_out,control,20,477103346,2175795200.0,0.0,0.0,0.0,0.8211558949688565,0.7997872480788473,,,above_range,above_range
fw26,477m-g089-ai-r0.0025,477m-g089-control,held_out,ai,20,477103346,2175599082.0,5438997.0,0.002499999675951325,0.002493765263600425,0.8198129506318179,0.7995288965438481,,,above_range,above_range
fw26,477m-g089-ai-r0.025,477m-g089-control,held_out,ai,20,477103346,2174900074.0,54372501.0,0.024999999609177447,0.024390243530448493,0.8142924290938625,0.7973318898508348,,,above_range,above_range
fw26,477m-g089-ai-r0.05,477m-g089-control,held_out,ai,20,477103346,2175046217.0,108752310.0,0.049999999609203705,0.04761904726458386,0.8104558067118991,0.7951461942611975,,,above_range,above_range
fw26,477m-g089-ai-r0.1,477m-g089-control,held_out,ai,20,477103346,2175318574.0,217531857.0,0.09999999981611889,0.09090909075712304,0.8057999327276989,0.7914524556099397,,0.8315018427667644,above_range,ok
fw26,477m-g089-ai-r0.25,477m-g089-control,held_out,ai,20,477103346,2175166054.0,543791513.0,0.24999999977013249,0.1999999998528848,0.7971436357488495,0.7838898460318103,,0.9747926220103557,above_range,ok
fw26,477m-g089-ai-r0.5,477m-g089-control,held_out,ai,20,477103346,2175445674.0,1087722837.0,0.5,0.3333333333333333,0.7897651514335302,0.7770802417589,0.6481425121205747,1.0865895641975694,ok,ok
fw26,477m-g089-ai-r1,477m-g089-control,held_out,ai,20,477103346,2175795200.0,2175795200.0,1.0,0.5,0.7830598307045238,0.7711400910539232,0.629913931948254,1.084702039195141,ok,ok
fw26,477m-g089-human-r0.0025,477m-g089-control,held_out,human,20,477103346,2181038080.0,0.0,0.0,0.0,0.8211222480366471,0.7997103992166263,,,above_range,above_range
fw26,477m-g089-human-r0.025,477m-g089-control,held_out,human,20,477103346,2229272576.0,0.0,0.0,0.0,0.8197145803260389,0.7990154417597921,,,above_range,above_range
fw26,477m-g089-human-r0.05,477m-g089-control,held_out,human,20,477103346,2283798528.0,0.0,0.0,0.0,0.8181358894843639,0.79825501498315,,,above_range,above_range
fw26,477m-g090-control,477m-g090-control,held_out,control,20,477103346,2251292672.0,0.0,0.0,0.0,0.8189254324790465,0.7987052109000907,,,above_range,above_range
fw26,477m-g090-ai-r0.0025,477m-g090-control,held_out,ai,20,477103346,2250903126.0,5632426.0,0.0025022960495013325,0.0024960501929641213,0.8175354284311004,0.7984528596161601,,,above_range,above_range
fw26,477m-g090-ai-r0.025,477m-g090-control,held_out,ai,20,477103346,2251437784.0,56477992.0,0.025085299892079985,0.02447142681172088,0.8116603452998328,0.7962622843690952,,,above_range,above_range
fw26,477m-g090-ai-r0.05,477m-g090-control,held_out,ai,20,477103346,2251480810.0,113058070.0,0.05021498273396343,0.04781400337980486,0.8081380378582239,0.7941001519767017,,0.7668457750003529,above_range,ok
fw26,477m-g090-ai-r0.1,477m-g090-control,held_out,ai,20,477103346,2251260174.0,226524914.0,0.10062138379924096,0.09142234130678568,0.8038862460025525,0.7904444158728645,,0.8326925989686753,above_range,ok
fw26,477m-g090-ai-r0.25,477m-g090-control,held_out,ai,20,477103346,2250972069.0,567600219.0,0.2521578240871544,0.201378627547196,0.7949433489648179,0.782960519471287,,0.9764778641296187,above_range,ok
fw26,477m-g090-ai-r0.5,477m-g090-control,held_out,ai,20,477103346,2251038617.0,1143201895.0,0.5078553012669174,0.33680639040112903,0.7880672180551153,0.7762071806459149,0.6636840715244395,1.0872443997076302,ok,ok
fw26,477m-g090-ai-r1,477m-g090-control,held_out,ai,20,477103346,2251256739.0,2306903133.0,1.0247179244534845,0.5061040414951027,0.781298623020819,0.7703722478589164,0.6469072075092395,1.077359853288796,ok,ok
fw26,477m-g090-human-r0.0025,477m-g090-control,held_out,human,20,477103346,2256535552.0,0.0,0.0,0.0,0.8184507105928562,0.7986319786225229,,,above_range,above_range
fw26,477m-g090-human-r0.025,477m-g090-control,held_out,human,20,477103346,2307915776.0,0.0,0.0,0.0,0.8180242889840371,0.7979268159031903,,,above_range,above_range
fw26,477m-g090-human-r0.05,477m-g090-control,held_out,human,20,477103346,2364538880.0,0.0,0.0,0.0,0.8168827107881768,0.7971749819286186,,,above_range,above_range
fw26,477m-g091-control,477m-g091-control,held_out,control,20,477103346,8703180800.0,0.0,0.0,0.0,0.763202450612967,0.7661078927450627,0.8458035934396188,0.7119442154827319,ok,ok
fw26,477m-g091-ai-r0.0025,477m-g091-control,held_out,ai,20,477103346,8702396329.0,21755990.0,0.0024999999054858032,0.0024937654919915207,0.7616260327892342,0.7659626088217567,0.9314764425498875,0.716173280089469,ok,ok
fw26,477m-g091-ai-r0.025,477m-g091-control,held_out,ai,20,477103346,8702669299.0,217566732.0,0.024999999945419044,0.024390243850488085,0.7566429842540647,0.7647272791783664,1.2827425624232303,0.7527275680351105,ok,ok
fw26,477m-g091-ai-r0.05,477m-g091-control,held_out,ai,20,477103346,8703180800.0,435159040.0,0.05,0.047619047619047616,0.7538045310489336,0.7635171160437295,1.5587600768038008,0.7901583143215675,ok,ok
fw26,477m-g091-ai-r0.1,477m-g091-control,held_out,ai,20,477103346,8703180800.0,870318080.0,0.1,0.09090909090909091,0.7507088436603583,0.7615081905058003,1.9373726753966656,0.8552767108800952,ok,ok
fw26,477m-g091-ai-r0.25,477m-g091-control,held_out,ai,20,477103346,8703180800.0,2175795200.0,0.25,0.2,0.7457428715786545,0.7575883830928165,2.7961864319629126,0.9818958301065622,ok,ok
fw26,477m-g091-ai-r0.5,477m-g091-control,held_out,ai,20,477103346,8703180800.0,4351590400.0,0.5,0.3333333333333333,0.7431134692959214,0.7544750947422147,3.176005732735157,1.0342204232537577,ok,ok
fw26,477m-g091-ai-r1,477m-g091-control,held_out,ai,20,477103346,8703180800.0,8703180800.0,1.0,0.5,0.7424079788375981,0.752506722133899,2.6071316437309293,0.9109273062864675,ok,ok
fw26,477m-g091-human-r0.0025,477m-g091-control,held_out,human,20,477103346,8724152320.0,0.0,0.0,0.0,0.7632885589617594,0.7660646546975479,0.8393213338573837,0.7119934526495778,ok,ok
fw26,477m-g091-human-r0.025,477m-g091-control,held_out,human,20,477103346,8920236032.0,0.0,0.0,0.0,0.7626454088056931,0.7656673698173591,0.85417537279037,0.7124505701503271,ok,ok
fw26,477m-g091-human-r0.05,477m-g091-control,held_out,human,20,477103346,9138339840.0,0.0,0.0,0.0,0.7618941496843495,0.7652397361435473,0.874174394744253,0.7129523013258908,ok,ok
fw26,477m-g092-control,477m-g092-control,held_out,control,20,477103346,9007267840.0,0.0,0.0,0.0,0.7626986701884276,0.7654949716820953,0.8431194789870166,0.7126516145388556,ok,ok
fw26,477m-g092-ai-r0.0025,477m-g092-control,held_out,ai,20,477103346,9007784045.0,22552467.0,0.0025036642627459882,0.0024974115826172216,0.7609420315570423,0.7653489306827482,0.9405615549674086,0.7168963499249457,ok,ok
fw26,477m-g092-ai-r0.025,477m-g092-control,held_out,ai,20,477103346,9006830431.0,224832673.0,0.02496246317974008,0.02435451450807189,0.7556874817438476,0.7641358453997646,1.331393615159531,0.7534304806169926,ok,ok
fw26,477m-g092-ai-r0.05,477m-g092-control,held_out,ai,20,477103346,9007470387.0,449636557.0,0.04991818320590167,0.04754483159199854,0.7529998500100618,0.7629449591689729,1.6088061395903774,0.7908338132258477,ok,ok
fw26,477m-g092-ai-r0.1,477m-g092-control,held_out,ai,20,477103346,9007611810.0,901431390.0,0.10007440473836317,0.090970578269353,0.7496884696203643,0.7609600948986489,2.0556876441625516,0.8561462495633537,ok,ok
fw26,477m-g092-ai-r0.25,477m-g092-control,held_out,ai,20,477103346,9007186651.0,2262908197.0,0.25123362984253983,0.20078874468404118,0.7449105416129697,0.7570868625717864,2.9646169546724903,0.9827918744553866,ok,ok
fw26,477m-g092-ai-r0.5,477m-g092-control,held_out,ai,20,477103346,9007021193.0,4553163639.0,0.5055127040822984,0.3357744525911784,0.7422135623056519,0.7540216008249,3.4330162070764074,1.0322703849108834,ok,ok
fw26,477m-g092-ai-r1,477m-g092-control,held_out,ai,20,477103346,9007405771.0,9193776437.0,1.0206908260533831,0.5051197406814071,0.7410139370494743,0.752136390106838,3.012018971968585,0.8990034218478992,ok,ok
fw26,477m-g092-human-r0.0025,477m-g092-control,held_out,human,20,477103346,9030336512.0,0.0,0.0,0.0,0.7623818706336682,0.7654496704965746,0.8577876303609081,0.7127047164575631,ok,ok
fw26,477m-g092-human-r0.025,477m-g092-control,held_out,human,20,477103346,9231663104.0,0.0,0.0,0.0,0.7616876845326181,0.7650611439385813,0.8768031181941773,0.7131648864507785,ok,ok
fw26,477m-g092-human-r0.05,477m-g092-control,held_out,human,20,477103346,9457106944.0,0.0,0.0,0.0,0.7610833035291639,0.7646400592674976,0.8898960300443011,0.7136734066374959,ok,ok
fw26,477m-g093-control,477m-g093-control,held_out,control,20,477103346,17406361600.0,0.0,0.0,0.0,0.7464534819363953,0.7552803073899973,1.6175972537147567,0.7284561970601237,ok,ok
fw26,477m-g093-ai-r0.05,477m-g093-control,held_out,ai,20,477103346,17406361600.0,870318080.0,0.05,0.047619047619047616,0.7369553366325188,0.7533515738012604,,0.8086505967583023,below_range,ok
fw26,477m-g093-ai-r0.25,477m-g093-control,held_out,ai,20,477103346,17406361600.0,4351590400.0,0.25,0.2,0.7305982903353845,0.7491283470122394,,0.9871995529669648,below_range,ok
fw26,477m-g093-ai-r1,477m-g093-control,held_out,ai,20,477103346,17406361600.0,17406361600.0,1.0,0.5,0.7296001020104266,0.7464811018010066,,0.8064116815094214,below_range,ok
fw26,477m-g094-control,477m-g094-control,held_out,control,20,477103346,18014535680.0,0.0,0.0,0.0,0.745464143333694,0.754820560434119,1.7418046161958114,0.729410780898559,ok,ok
fw26,477m-g094-ai-r0.05,477m-g094-control,held_out,ai,20,477103346,18014228305.0,899985583.0,0.049959707835511416,0.04758250003564726,0.7361074904955109,0.752921469904255,,0.8096608907339303,below_range,ok
fw26,477m-g094-ai-r0.1,477m-g094-control,held_out,ai,20,477103346,18014384010.0,1802653814.0,0.1000674690291561,0.09096484701749137,0.7336990885328534,0.7514715380046424,,0.8746173235312732,below_range,ok
fw26,477m-g094-ai-r0.25,477m-g094-control,held_out,ai,20,477103346,18014802090.0,4526436182.0,0.2512620543587665,0.20080690010817165,0.7296867337413288,0.7487531453125604,,0.98801208920709,below_range,ok
fw26,477m-g094-ai-r0.5,477m-g094-control,held_out,ai,20,477103346,18014313383.0,9105007705.0,0.5054318480765602,0.3357387773630095,0.7290848679119153,0.7468600991262739,,0.9943957063879628,below_range,ok
fw26,477m-g094-ai-r1,477m-g094-control,held_out,ai,20,477103346,18014673411.0,18387691005.0,1.0207063200919442,0.505123535242618,0.7290403603173922,0.7462307679497989,,0.7922401602154288,below_range,ok
fw26,477m-g095-control,477m-g095-control,held_out,control,20,477103346,26109542400.0,0.0,0.0,0.0,0.7384354179135479,0.750248700894446,3.113658855322679,0.7407055799572887,ok,ok
fw26,477m-g095-ai-r0.25,477m-g095-control,held_out,ai,20,477103346,26109542400.0,6527385600.0,0.25,0.2,0.7230624006880355,0.7451947596067007,,0.991051524757232,below_range,ok
fw26,477m-g095-ai-r0.5,477m-g095-control,held_out,ai,20,477103346,26109542400.0,13054771200.0,0.5,0.3333333333333333,0.7229277272761698,0.7438013995565191,,0.972468428246663,below_range,ok
fw26,477m-g095-ai-r1,477m-g095-control,held_out,ai,20,477103346,26109542400.0,26109542400.0,1.0,0.5,0.7237278077360099,0.7436697960700674,,0.7411284656249294,below_range,ok
fw26,477m-g096-control,477m-g096-control,held_out,control,20,477103346,34812723200.0,0.0,0.0,0.0,0.7332173949880736,0.7471586263004238,,0.7508465354575377,below_range,ok
fw26,477m-g096-ai-r0.05,477m-g096-control,held_out,ai,20,477103346,34812723200.0,1740636160.0,0.05,0.047619047619047616,0.7245609210341205,0.7457261997887741,,0.8337341749158962,below_range,ok
fw26,477m-g096-ai-r0.25,477m-g096-control,held_out,ai,20,477103346,34812723200.0,8703180800.0,0.25,0.2,0.7190173122718856,0.7427780174434453,,0.9941890349197291,below_range,ok
fw26,477m-g096-ai-r0.5,477m-g096-control,held_out,ai,20,477103346,34812723200.0,17406361600.0,0.5,0.3333333333333333,0.7178619947154009,0.7417168099984209,,0.9526634980932449,below_range,ok
fw26,973m-g097-control,973m-g097-control,held_out,control,26,972949562,4591714304.0,0.0,0.0,0.0,0.7611643939084618,0.7473285537200889,,,above_range,above_range
fw26,973m-g098-control,973m-g098-control,held_out,control,26,972949562,18367905792.0,0.0,0.0,0.0,0.7128394605202187,0.722621900925593,1.7682110847677908,0.7081683257898966,ok,ok
fw26,973m-g098-ai-r0.05,973m-g098-control,held_out,ai,26,972949562,18368055588.0,918402779.0,0.04999999997822306,0.04761904759929529,0.7033833637272947,0.7207180407312942,6.984551737147242,0.7859281719092053,ok,ok
fw26,973m-g098-ai-r0.1,973m-g098-control,held_out,ai,26,972949562,18368191767.0,1836819176.0,0.09999999996189064,0.09090909087759558,0.7002074164852081,0.7192358552751267,,0.8511005303693385,below_range,ok
fw26,973m-g098-ai-r0.25,973m-g098-control,held_out,ai,26,972949562,18367696076.0,4591924019.0,0.25,0.2,0.6962731680599782,0.7163181925067293,,0.980661082975539,below_range,ok
fw26,973m-g098-ai-r0.5,973m-g098-control,held_out,ai,26,972949562,18368255317.0,9184127658.0,0.4999999999727791,0.33333333332123516,0.694553504653242,0.7139430692393884,,1.0430335547413945,below_range,ok
fw26,973m-g098-ai-r1,973m-g098-control,held_out,ai,26,972949562,18368430080.0,18368430080.0,1.0,0.5,0.6938194962526519,0.7123248504685015,,0.9380366837311219,below_range,ok
fw26,973m-g099-control,973m-g099-control,held_out,control,26,972949562,36736860160.0,0.0,0.0,0.0,0.6925699328773788,0.7146791000339368,,0.7233628293760859,below_range,ok
fw26,973m-g099-ai-r0.05,973m-g099-control,held_out,ai,26,972949562,36736111177.0,1836805558.0,0.049999999976862004,0.04761904759806077,0.6838694469559006,0.713261245525915,,0.8029424041682145,below_range,ok
fw26,973m-g099-ai-r0.1,973m-g099-control,held_out,ai,26,972949562,36736383534.0,3673638353.0,0.09999999998911162,0.09090909090009223,0.6807539251067667,0.7121748104258266,,0.8678694073335342,below_range,ok
fw26,973m-g099-ai-r0.25,973m-g099-control,held_out,ai,26,972949562,36736231014.0,9184057753.0,0.24999999998638947,0.19999999999128926,0.6776605696311273,0.7101131495710883,,0.9855733819470894,below_range,ok
fw26,973m-g099-ai-r0.5,973m-g099-control,held_out,ai,26,972949562,36736510634.0,18368255317.0,0.5,0.3333333333333333,0.6773706640061132,0.7086029409172432,,1.0086794571411624,below_range,ok
fw26_ai,19.9m-g001-control,19.9m-g001-control,fit,control,4,19923026,57671680.0,0.0,0.0,0.0,1.2292514214317944,1.127666347317285,,,above_range,above_range
fw26_ai,19.9m-g001-ai-r0.05,19.9m-g001-control,fit,ai,4,19923026,58029803.0,2525461.0,0.043520068472402015,0.04170506134693757,1.1869733415153219,1.0753533142080216,,,above_range,above_range
fw26_ai,19.9m-g001-ai-r0.1,19.9m-g001-control,fit,ai,4,19923026,58333666.0,5105182.0,0.08751690661786969,0.08047406535503293,1.1446310019091788,1.0474844053103238,,,above_range,above_range
fw26_ai,19.9m-g001-ai-r0.25,19.9m-g001-control,fit,ai,4,19923026,58887076.0,13202524.0,0.22420070577116105,0.18314048073508524,1.0724731637767235,1.0031146119835004,,,above_range,above_range
fw26_ai,19.9m-g001-ai-r0.5,19.9m-g001-control,fit,ai,4,19923026,59404458.0,27103062.0,0.45624626353799913,0.313302959095348,1.0166966788051806,0.9683404993552052,,1.331339329756646,above_range,ok
fw26_ai,19.9m-g001-ai-r1,19.9m-g001-control,fit,ai,4,19923026,59051985.0,56291375.0,0.9532511904553251,0.48803307793357154,0.9637388642951612,0.9348952175048748,1.0896538101750277,1.928351250246326,ok,ok
fw26_ai,19.9m-g002-control,19.9m-g002-control,fit,control,4,19923026,57671680.0,0.0,0.0,0.0,1.2277682297513384,1.127666347317285,,,above_range,above_range
fw26_ai,19.9m-g002-ai-r0.0227,19.9m-g002-control,fit,ai,4,19923026,57674513.0,1307887.0,0.022677035868512666,0.022174190945095484,1.2115901112501828,1.0953750439799173,,,above_range,above_range
fw26_ai,19.9m-g002-ai-r0.0459,19.9m-g002-control,fit,ai,4,19923026,57646901.0,2646219.0,0.04590392465329576,0.04388923645019531,1.1816470110266033,1.0739107693746135,,,above_range,above_range
fw26_ai,19.9m-g002-ai-r2.01,19.9m-g002-control,fit,ai,4,19923026,57664325.0,116137147.0,2.0140207485303954,0.6682172806913856,0.9166482491203435,0.9051743038535147,1.87890807385835,2.416857009825791,ok,ok
fw26_ai,19.9m-g002-ai-r4.24,19.9m-g002-control,fit,ai,4,19923026,57677892.0,244574140.0,4.240344636728402,0.8091728561149921,0.8731901467634225,0.8784452558226057,2.944332448562664,2.588424326992378,ok,ok
fw26_ai,19.9m-g002-ai-r8.73,19.9m-g002-control,fit,ai,4,19923026,57659633.0,503590671.0,8.733851479769218,0.8972657429509383,0.8501148135911886,0.8558774145113199,2.877791763528392,2.4673886570501593,ok,ok
fw26_ai,19.9m-g002-ai-r17.7,19.9m-g002-control,fit,ai,4,19923026,57674520.0,1020261608.0,17.68998871598758,0.9464954198102543,0.8353842617539338,0.8364878887508165,2.2599568049206713,2.189334496297731,ok,ok
fw26_ai,19.9m-g002-ai-r35.5,19.9m-g002-control,fit,ai,4,19923026,57668393.0,2048134359.0,35.51571757860497,0.9726145324175167,0.8250508683545198,0.8198129200593114,1.5706562977447787,1.8459064445063538,ok,ok
fw26_ai,19.9m-g002-ai-r70.6,19.9m-g002-control,fit,ai,4,19923026,57670394.0,4069524742.0,70.5652321709472,0.9860267343559885,0.8144568203295635,0.8061804210167673,,,below_range,below_range
fw26_ai,19.9m-g002-human-r0.025,19.9m-g002-control,fit,human,4,19923026,58982400.0,0.0,0.0,0.0,1.2195682476751675,1.1260347115531637,,,above_range,above_range
fw26_ai,19.9m-g002-human-r0.05,19.9m-g002-control,fit,human,4,19923026,60555264.0,0.0,0.0,0.0,1.2126319596973965,1.1241295752853462,,,above_range,above_range
fw26_ai,19.9m-g002-human-r4,19.9m-g002-control,fit,human,4,19923026,288358400.0,0.0,0.0,0.0,0.9904088987914497,1.021331408875662,0.26609519202876436,,ok,above_range
fw26_ai,19.9m-g003-control,19.9m-g003-control,fit,control,4,19923026,57671680.0,0.0,0.0,0.0,1.228097553927903,1.127666347317285,,,above_range,above_range
fw26_ai,19.9m-g003-ai-r0.025,19.9m-g003-control,fit,ai,4,19923026,57674513.0,1307887.0,0.022677035868512666,0.022174190945095484,1.1964032290349629,1.0953750439799173,,,above_range,above_range
fw26_ai,19.9m-g003-ai-r0.05,19.9m-g003-control,fit,ai,4,19923026,57646901.0,2646219.0,0.04590392465329576,0.04388923645019531,1.1740756571300137,1.0739107693746135,,,above_range,above_range
fw26_ai,19.9m-g003-ai-r0.1,19.9m-g003-control,fit,ai,4,19923026,57730555.0,5184005.0,0.0897965557407165,0.0823975404103597,1.1431703193740006,1.0470190212315953,,,above_range,above_range
fw26_ai,19.9m-g003-ai-r2,19.9m-g003-control,fit,ai,4,19923026,57664325.0,116137147.0,2.0140207485303954,0.6682172806913856,0.9094543617998444,0.9051743038535147,2.198035478563051,2.416857009825791,ok,ok
fw26_ai,19.9m-g003-ai-r8,19.9m-g003-control,fit,ai,4,19923026,57659633.0,503590671.0,8.733851479769218,0.8972657429509383,0.8491357256204324,0.8558774145113199,2.9550878140688264,2.4673886570501593,ok,ok
fw26_ai,19.9m-g003-human-r0.025,19.9m-g003-control,fit,human,4,19923026,58982400.0,0.0,0.0,0.0,1.2144449663148302,1.1260347115531637,,,above_range,above_range
fw26_ai,19.9m-g003-human-r0.05,19.9m-g003-control,fit,human,4,19923026,60555264.0,0.0,0.0,0.0,1.2019260651798913,1.1241295752853462,,,above_range,above_range
fw26_ai,19.9m-g004-control,19.9m-g004-control,fit,control,4,19923026,57671680.0,0.0,0.0,0.0,1.232588304964888,1.127666347317285,,,above_range,above_range
fw26_ai,19.9m-g004-ai-r0.025,19.9m-g004-control,fit,ai,4,19923026,57674513.0,1307887.0,0.022677035868512666,0.022174190945095484,1.206703408328223,1.0953750439799173,,,above_range,above_range
fw26_ai,19.9m-g004-ai-r0.05,19.9m-g004-control,fit,ai,4,19923026,57646901.0,2646219.0,0.04590392465329576,0.04388923645019531,1.1849120779576532,1.0739107693746135,,,above_range,above_range
fw26_ai,19.9m-g004-ai-r0.1,19.9m-g004-control,fit,ai,4,19923026,57730555.0,5184005.0,0.0897965557407165,0.0823975404103597,1.150717192106336,1.0470190212315953,,,above_range,above_range
fw26_ai,19.9m-g004-human-r0.025,19.9m-g004-control,fit,human,4,19923026,58982400.0,0.0,0.0,0.0,1.2258054833541108,1.1260347115531637,,,above_range,above_range
fw26_ai,19.9m-g004-human-r0.05,19.9m-g004-control,fit,human,4,19923026,60555264.0,0.0,0.0,0.0,1.21461321334808,1.1241295752853462,,,above_range,above_range
fw26_ai,19.9m-g005-control,19.9m-g005-control,fit,control,4,19923026,94109696.0,0.0,0.0,0.0,1.094881974484651,1.093096918969259,,,above_range,above_range
fw26_ai,19.9m-g005-ai-r0.025,19.9m-g005-control,fit,ai,4,19923026,94056774.0,2150074.0,0.022859321115988946,0.022348450704881215,1.0722226505355663,1.0625128503018442,,,above_range,above_range
fw26_ai,19.9m-g005-ai-r0.05,19.9m-g005-control,fit,ai,4,19923026,94012996.0,4291004.0,0.04564266838172033,0.04365034993489583,1.0562495731313783,1.0426686147985766,,,above_range,above_range
fw26_ai,19.9m-g005-ai-r0.1,19.9m-g005-control,fit,ai,4,19923026,94146721.0,8613727.0,0.09149258634296993,0.08382336947382713,1.0328332821673456,1.0163804365244593,,,above_range,above_range
fw26_ai,19.9m-g005-ai-r0.25,19.9m-g005-control,fit,ai,4,19923026,94136107.0,22255829.0,0.2364218120895949,0.1912145270957603,0.9945860459447697,0.9745375143596093,,0.8810058193641458,above_range,ok
fw26_ai,19.9m-g005-ai-r0.5,19.9m-g005-control,fit,ai,4,19923026,94190370.0,45532382.0,0.48340803842261154,0.3258766474911688,0.9578631394940069,0.9422079170912069,1.007102267161043,1.3719293694560861,ok,ok
fw26_ai,19.9m-g005-ai-r1,19.9m-g005-control,fit,ai,4,19923026,94077158.0,93880090.0,0.9979052513469848,0.49947576376517283,0.9197803209769874,0.9117306154284814,1.624321464387979,1.9333874322407703,ok,ok
fw26_ai,19.9m-g005-ai-r2,19.9m-g005-control,fit,ai,4,19923026,94113990.0,196865850.0,2.091780935012956,0.6765618195404878,0.8806651659869354,0.8844586606888052,2.5480495053889918,2.3266664662385774,ok,ok
fw26_ai,19.9m-g005-ai-r4,19.9m-g005-control,fit,ai,4,19923026,94100233.0,405808375.0,4.3125119041947535,0.8117651276770973,0.8547726156822869,0.8619552573449871,2.8522942838115597,2.364075433344251,ok,ok
fw26_ai,19.9m-g005-ai-r8,19.9m-g005-control,fit,ai,4,19923026,94104303.0,827069713.0,8.788861790942759,0.897843077024005,0.8361346753219051,0.8431789971493868,2.588024938460233,2.120602441318819,ok,ok
fw26_ai,19.9m-g005-ai-r16,19.9m-g005-control,fit,ai,4,19923026,94113097.0,1663300279.0,17.67341987481296,0.9464479454377386,0.8254416363332636,0.8273743336928789,1.8598302540380567,1.7544879145465353,ok,ok
fw26_ai,19.9m-g005-ai-r32,19.9m-g005-control,fit,ai,4,19923026,94109283.0,3318219165.0,35.2592120481887,0.9724208016801084,0.8160718310548999,0.8141775373367537,,,below_range,below_range
fw26_ai,19.9m-g005-ai-r64,19.9m-g005-control,fit,ai,4,19923026,94109378.0,6598164798.0,70.11166090163724,0.9859376087223836,0.8099528367160803,0.8039859461671919,,,below_range,below_range
fw26_ai,19.9m-g005-human-r0.025,19.9m-g005-control,fit,human,4,19923026,96206848.0,0.0,0.0,0.0,1.0884415639947815,1.091588664317241,,,above_range,above_range
fw26_ai,19.9m-g005-human-r0.05,19.9m-g005-control,fit,human,4,19923026,98304000.0,0.0,0.0,0.0,1.0849293453319064,1.0901168184843426,,,above_range,above_range
fw26_ai,19.9m-g005-human-r4,19.9m-g005-control,fit,human,4,19923026,499908608.0,0.0,0.0,0.0,0.9701580703442652,0.9894705351245408,0.22262875015555955,0.15609855018547078,ok,ok
fw26_ai,19.9m-g006-control,19.9m-g006-control,fit,control,4,19923026,230686720.0,0.0,0.0,0.0,1.002841209640453,1.0348687591478813,,,above_range,above_range
fw26_ai,19.9m-g006-ai-r0.05,19.9m-g006-control,fit,ai,4,19923026,230768830.0,11452226.0,0.04962639885117934,0.04728005974839776,0.9672991136397442,0.9870116071715035,0.4849310515067016,0.336769066079327,ok,ok
fw26_ai,19.9m-g006-ai-r0.1,19.9m-g006-control,fit,ai,4,19923026,230710072.0,23045320.0,0.09988866025753744,0.09081706527836067,0.9477320261654982,0.9628611541257166,0.6763986944408746,0.5036744852141031,ok,ok
fw26_ai,19.9m-g006-ai-r0.25,19.9m-g006-control,fit,ai,4,19923026,229917889.0,58440511.0,0.2541799215980102,0.20266623410311613,0.9185882120651517,0.9261477676254121,1.0861569937100857,0.9250393995864946,ok,ok
fw26_ai,19.9m-g006-ai-r0.5,19.9m-g006-control,fit,ai,4,19923026,227962853.0,118067227.0,0.5179230977601426,0.34120509696729256,0.8959513054931378,0.8986160116846239,1.495639900162003,1.4072713017837535,ok,ok
fw26_ai,19.9m-g006-ai-r1,19.9m-g006-control,fit,ai,4,19923026,224956081.0,236417359.0,1.0509489583435623,0.5124208255247636,0.8701742195428624,0.8744566790769177,2.0791353594990225,1.8694982764513826,ok,ok
fw26_ai,19.9m-g007-control,19.9m-g007-control,fit,control,4,19923026,230686720.0,0.0,0.0,0.0,1.003945094393271,1.0348687591478813,,,above_range,above_range
fw26_ai,19.9m-g007-ai-r0.0244,19.9m-g007-control,fit,ai,4,19923026,230568834.0,5622910.0,0.024387120767588217,0.02380654761582183,0.982653137679804,1.006018485500181,0.3738286403612606,,ok,above_range
fw26_ai,19.9m-g007-ai-r0.0495,19.9m-g007-control,fit,ai,4,19923026,230792406.0,11428650.0,0.04951917698713189,0.0471827271696809,0.9681717205656362,0.9870729646830841,0.476996159164113,0.33639569905321004,ok,ok
fw26_ai,19.9m-g007-ai-r2.13,19.9m-g007-control,fit,ai,4,19923026,230719713.0,491224863.0,2.129097928446192,0.6804190783199402,0.8463691006996854,0.8537802948818435,2.4774654878391416,2.0278122820771247,ok,ok
fw26_ai,19.9m-g007-ai-r4.32,19.9m-g007-control,fit,ai,4,19923026,230686064.0,996672144.0,4.320469675185927,0.8120466686120048,0.8313543616766027,0.8389172246071257,2.2320082892716946,1.7940458346855181,ok,ok
fw26_ai,19.9m-g007-ai-r8.71,19.9m-g007-control,fit,ai,4,19923026,230668279.0,2009614345.0,8.712140020778497,0.897036080836915,0.8203063931866033,0.8280010532541102,1.708557271959319,1.350718665861394,ok,ok
fw26_ai,19.9m-g007-ai-r17.5,19.9m-g007-control,fit,ai,4,19923026,230681632.0,4026012640.0,17.452679717473128,0.9458073290540514,0.8126758617635625,0.8199561985560944,,0.9090946140186779,below_range,ok
fw26_ai,19.9m-g007-ai-r34.7,19.9m-g007-control,fit,ai,4,19923026,230687968.0,8008497952.0,34.71571587123261,0.9720011211981486,0.8076014589433701,0.8145845206445479,,,below_range,below_range
fw26_ai,19.9m-g007-ai-r69,19.9m-g007-control,fit,ai,4,19923026,230689109.0,15919740587.0,69.00950225179464,0.9857162246861373,0.8043696001335909,0.8127155886959607,,,below_range,below_range
fw26_ai,19.9m-g007-human-r0.025,19.9m-g007-control,fit,human,4,19923026,236453888.0,0.0,0.0,0.0,1.0040089939924755,1.033352716527685,,,above_range,above_range
fw26_ai,19.9m-g007-human-r0.05,19.9m-g007-control,fit,human,4,19923026,242221056.0,0.0,0.0,0.0,0.9991004602119873,1.0318775642453915,,,above_range,above_range
fw26_ai,19.9m-g007-human-r2,19.9m-g007-control,fit,human,4,19923026,692060160.0,0.0,0.0,0.0,0.953355894119243,0.9716094805333588,0.2219790786706373,0.1564944405809453,ok,ok
fw26_ai,19.9m-g007-human-r4,19.9m-g007-control,fit,human,4,19923026,1153433600.0,0.0,0.0,0.0,0.9410239816789301,0.9449368882354079,0.17020743032729294,0.15733251560739175,ok,ok
fw26_ai,19.9m-g008-control,19.9m-g008-control,fit,control,4,19923026,230686720.0,0.0,0.0,0.0,1.0001761840949355,1.0348687591478813,,,above_range,above_range
fw26_ai,19.9m-g008-ai-r2.13,19.9m-g008-control,fit,ai,4,19923026,230719713.0,491224863.0,2.129097928446192,0.6804190783199402,0.8454665015297003,0.8537802948818435,2.5397290660967786,2.0278122820771247,ok,ok
fw26_ai,19.9m-g008-ai-r4.32,19.9m-g008-control,fit,ai,4,19923026,230686064.0,996672144.0,4.320469675185927,0.8120466686120048,0.8305817411999492,0.8389172246071257,2.283413712648051,1.7940458346855181,ok,ok
fw26_ai,19.9m-g008-ai-r17.5,19.9m-g008-control,fit,ai,4,19923026,230681632.0,4026012640.0,17.452679717473128,0.9458073290540514,0.8134276219302278,0.8199561985560944,,0.9090946140186779,below_range,ok
fw26_ai,19.9m-g009-control,19.9m-g009-control,fit,control,4,19923026,230686720.0,0.0,0.0,0.0,1.0058717349883353,1.0348687591478813,,,above_range,above_range
fw26_ai,19.9m-g009-ai-r2.13,19.9m-g009-control,fit,ai,4,19923026,230719713.0,491224863.0,2.129097928446192,0.6804190783199402,0.8471980728404946,0.8537802948818435,2.4218312101501605,2.0278122820771247,ok,ok
fw26_ai,19.9m-g009-ai-r4.32,19.9m-g009-control,fit,ai,4,19923026,230686064.0,996672144.0,4.320469675185927,0.8120466686120048,0.8313553691319219,0.8389172246071257,2.2319421484840647,1.7940458346855181,ok,ok
fw26_ai,19.9m-g009-ai-r17.5,19.9m-g009-control,fit,ai,4,19923026,230681632.0,4026012640.0,17.452679717473128,0.9458073290540514,0.8133856559300449,0.8199561985560944,,0.9090946140186779,below_range,ok
fw26_ai,19.9m-g010-control,19.9m-g010-control,fit,control,4,19923026,376176640.0,0.0,0.0,0.0,0.978143358704535,1.005672333052177,0.25497353114380983,,ok,above_range
fw26_ai,19.9m-g010-ai-r0.025,19.9m-g010-control,fit,ai,4,19923026,376274783.0,9601185.0,0.02551641894110135,0.02488153136294821,0.9524143732596033,0.9774822267227242,0.40553094076765694,0.25161751703050295,ok,ok
fw26_ai,19.9m-g010-ai-r0.05,19.9m-g010-control,fit,ai,4,19923026,376169306.0,19405990.0,0.051588446187579164,0.04905763882686951,0.9384154973188653,0.9594642777020037,0.523247522397716,0.34488405333150757,ok,ok
fw26_ai,19.9m-g010-ai-r0.1,19.9m-g010-control,fit,ai,4,19923026,376221949.0,38752003.0,0.10300303611472705,0.09338418185823866,0.9243301208654375,0.9367898111261834,0.6678912875689063,0.5155935560502672,ok,ok
fw26_ai,19.9m-g010-ai-r0.25,19.9m-g010-control,fit,ai,4,19923026,376271496.0,97160568.0,0.25821931512983914,0.20522599838104755,0.8942427440628397,0.9028123998947379,1.1369921508607095,0.9354419757116866,ok,ok
fw26_ai,19.9m-g010-ai-r0.5,19.9m-g010-control,fit,ai,4,19923026,376263620.0,195472444.0,0.5195092844745394,0.3418928003814012,0.8724724605311139,0.8777208137688506,1.5844613360227777,1.3927144849764568,ok,ok
fw26_ai,19.9m-g010-ai-r1,19.9m-g010-control,fit,ai,4,19923026,376231704.0,393685224.0,1.0463903488580006,0.5113346773952215,0.8511465026993679,0.8563544341295743,2.040295973481138,1.7761840552787183,ok,ok
fw26_ai,19.9m-g010-ai-r2,19.9m-g010-control,fit,ai,4,19923026,376182318.0,796912082.0,2.118419829610386,0.6793247687483633,0.8352694627190633,0.8405396245650705,2.083524374054281,1.7929028428337217,ok,ok
fw26_ai,19.9m-g010-ai-r4,19.9m-g010-control,fit,ai,4,19923026,376160196.0,1613774908.0,4.290126720372083,0.8109686113663332,0.8232095602224637,0.8304931077651395,1.7582523237485288,1.4120624180245291,ok,ok
fw26_ai,19.9m-g010-ai-r8,19.9m-g010-control,fit,ai,4,19923026,376185943.0,3252411305.0,8.645754487960758,0.8963274463134907,0.8148488690732871,0.8248655552139674,,0.9166570760920557,below_range,ok
fw26_ai,19.9m-g010-ai-r16,19.9m-g010-control,fit,ai,4,19923026,376174059.0,6506416661.0,17.296292780784228,0.9453441190528906,0.8084950129600551,0.8223166970615421,,0.5225153348111686,below_range,ok
fw26_ai,19.9m-g010-ai-r32,19.9m-g010-control,fit,ai,4,19923026,376174161.0,12956731823.0,34.44343914679456,0.9717860336335212,0.8041967746647822,0.8226453287251342,,0.2670102818853048,below_range,ok
fw26_ai,19.9m-g010-human-r0.025,19.9m-g010-control,fit,human,4,19923026,385875968.0,0.0,0.0,0.0,0.9732126988112862,1.0041991102494703,0.27238024853664955,,ok,above_range
fw26_ai,19.9m-g010-human-r0.05,19.9m-g010-control,fit,human,4,19923026,395575296.0,0.0,0.0,0.0,0.9720030492046128,1.0027668209523464,0.27177716254393125,,ok,above_range
fw26_ai,19.9m-g010-human-r2,19.9m-g010-control,fit,human,4,19923026,1173094400.0,0.0,0.0,0.0,0.9413696445863132,0.9440822004503906,0.16619064810301792,0.15736578555804895,ok,ok
fw26_ai,19.9m-g010-human-r4,19.9m-g010-control,fit,human,4,19923026,1989935104.0,0.0,0.0,0.0,0.9326836750415367,0.9182211877285674,0.11698129728089646,0.15863880760706464,ok,ok
fw26_ai,19.9m-g011-control,19.9m-g011-control,fit,control,4,19923026,461373440.0,0.0,0.0,0.0,0.9655950727911351,0.9939846933932637,0.262950837801728,,ok,above_range
fw26_ai,19.9m-g011-ai-r0.05,19.9m-g011-control,fit,ai,4,19923026,460827327.0,23614785.0,0.051244324319334476,0.048746350523713344,0.9311160516229766,0.9491677660224446,0.4963667120941459,0.34436246566370315,ok,ok
fw26_ai,19.9m-g011-ai-r0.1,19.9m-g011-control,fit,ai,4,19923026,460318967.0,47191817.0,0.10251981861090681,0.09298682606909886,0.9142909692554321,0.9271017900533043,0.677147306242979,0.5151694465495275,ok,ok
fw26_ai,19.9m-g011-ai-r0.25,19.9m-g011-control,fit,ai,4,19923026,457730110.0,118986690.0,0.2599494492507823,0.20631736408580434,0.8905422369882288,0.8939417403234127,1.0170658887340636,0.9398748544245231,ok,ok
fw26_ai,19.9m-g011-ai-r0.5,19.9m-g011-control,fit,ai,4,19923026,454846067.0,237214093.0,0.5215260946732557,0.34276513330864183,0.8678629963457221,0.8701430204649377,1.4689183372114596,1.387172162364515,ok,ok
fw26_ai,19.9m-g011-ai-r1,19.9m-g011-control,fit,ai,4,19923026,450154555.0,472592325.0,1.049844591709174,0.5121581391854719,0.8474938178330375,0.8503821132751489,1.879552996258049,1.737796423847715,ok,ok
fw26_ai,19.9m-g012-control,19.9m-g012-control,fit,control,4,19923026,692060160.0,0.0,0.0,0.0,0.9538000143382366,0.9716094805333588,0.22005814787750802,0.1564944405809453,ok,ok
fw26_ai,19.9m-g012-ai-r0.05,19.9m-g012-control,fit,ai,4,19923026,691745159.0,34918009.0,0.05047814002844363,0.048052537320840236,0.9200235456280292,0.9293404321160331,0.41796406003911973,0.3433537085872197,ok,ok
fw26_ai,19.9m-g012-ai-r0.1,19.9m-g012-control,fit,ai,4,19923026,691129556.0,70136620.0,0.10148114690091477,0.09213153324179742,0.903318329496366,0.9083124780984319,0.5751802943432827,0.5146322305323517,ok,ok
fw26_ai,19.9m-g012-ai-r0.25,19.9m-g012-control,fit,ai,4,19923026,688751938.0,176323262.0,0.2560040157738184,0.20382420164166073,0.8785780098300857,0.8771974091812575,0.9014683508072444,0.9322767877865956,ok,ok
fw26_ai,19.9m-g012-ai-r0.5,19.9m-g012-control,fit,ai,4,19923026,685155833.0,352934407.0,0.5151155255508129,0.3399843225575457,0.8588595606727305,0.8551957398207832,1.2336111081975993,1.3582597194509507,ok,ok
fw26_ai,19.9m-g012-ai-r1,19.9m-g012-control,fit,ai,4,19923026,678876332.0,705243988.0,1.038840146219739,0.5095250592087255,0.8398791982191552,0.8380907040012959,1.5481210334208393,1.6286725139193492,ok,ok
fw26_ai,19.9m-g013-control,19.9m-g013-control,fit,control,4,19923026,692060160.0,0.0,0.0,0.0,0.9537600183620685,0.9716094805333588,0.22023037060036282,0.1564944405809453,ok,ok
fw26_ai,19.9m-g013-ai-r2.1,19.9m-g013-control,fit,ai,4,19923026,692043914.0,1454391158.0,2.1015879607894363,0.6775845106951365,0.8260887887234697,0.8275254527439342,1.4932119091486804,1.4300043058029077,ok,ok
fw26_ai,19.9m-g013-ai-r4.25,19.9m-g013-control,fit,ai,4,19923026,692040592.0,2942848112.0,4.252421239475502,0.8096116144523362,0.8162742308234666,0.824868009082105,,0.9150021791407477,below_range,ok
fw26_ai,19.9m-g013-ai-r8.57,19.9m-g013-control,fit,ai,4,19923026,692049449.0,5930232279.0,8.56908749449781,0.8954968276154862,0.809224371709338,0.8276064754405257,,0.46237281561039123,below_range,ok
fw26_ai,19.9m-g013-ai-r17.2,19.9m-g013-control,fit,ai,4,19923026,692064211.0,11879313453.0,17.165045185380926,0.9449492148357114,0.8043757765329335,0.8339298919876845,,0.2021117269107802,below_range,ok
fw26_ai,19.9m-g013-human-r2,19.9m-g013-control,fit,human,4,19923026,2076180480.0,0.0,0.0,0.0,0.932896246118904,0.9162156455976087,0.11163086189622766,0.15876370780365806,ok,ok
fw26_ai,19.9m-g014-control,19.9m-g014-control,fit,control,4,19923026,692060160.0,0.0,0.0,0.0,0.9524687309602111,0.9716094805333588,0.2258731354610649,0.1564944405809453,ok,ok
fw26_ai,19.9m-g014-ai-r0.25,19.9m-g014-control,fit,ai,4,19923026,688540181.0,176535019.0,0.2563902933647383,0.20406898614132044,0.8782407576783959,0.877159292642827,0.9088856185701463,0.9331442475672715,ok,ok
fw26_ai,19.9m-g014-ai-r1,19.9m-g014-control,fit,ai,4,19923026,678875134.0,705245186.0,1.0388437441280622,0.5095259247404156,0.8394779098134307,0.8380906856036019,1.5657840355257746,1.6286733672272458,ok,ok
fw26_ai,19.9m-g015-control,19.9m-g015-control,fit,control,4,19923026,752353280.0,0.0,0.0,0.0,0.952135697153615,0.967134432162516,0.20913469569776375,0.15661161454216146,ok,ok
fw26_ai,19.9m-g015-ai-r0.05,19.9m-g015-control,fit,ai,4,19923026,752359544.0,38266760.0,0.050862330790077674,0.048400565230878025,0.9172750848274416,0.9250699561523624,0.4074905181420326,0.3451238015629868,ok,ok
fw26_ai,19.9m-g015-ai-r0.1,19.9m-g015-control,fit,ai,4,19923026,752343517.0,76555811.0,0.101756457349788,0.09235839433567498,0.9010676822933572,0.9043486048650761,0.5557067251365639,0.5161956001531862,ok,ok
fw26_ai,19.9m-g015-ai-r0.25,19.9m-g015-control,fit,ai,4,19923026,752401923.0,192365053.0,0.25566794437871204,0.20361111034431414,0.8767785599703171,0.8736250999525912,0.8624131772376911,0.9318831507900928,ok,ok
fw26_ai,19.9m-g015-ai-r0.5,19.9m-g015-control,fit,ai,4,19923026,752332399.0,385896849.0,0.5129339764084785,0.33903262429608555,0.8573530977718836,0.8519622460256369,1.1703067629475954,1.3501839608050992,ok,ok
fw26_ai,19.9m-g015-ai-r1,19.9m-g015-control,fit,ai,4,19923026,752306068.0,779401324.0,1.036016266719784,0.5088447885482295,0.8415660045994443,0.8352243376260291,1.334106258445197,1.5977960813196865,ok,ok
fw26_ai,19.9m-g016-control,19.9m-g016-control,fit,control,4,19923026,922746880.0,0.0,0.0,0.0,0.9455980841826219,0.9563859872335376,0.19408412476395207,0.15692886819317073,ok,ok
fw26_ai,19.9m-g016-ai-r0.05,19.9m-g016-control,fit,ai,4,19923026,922465080.0,46419144.0,0.05032076010942333,0.04790989764325031,0.9132302803962711,0.91566058772607,0.36297843727485085,0.3443163194753738,ok,ok
fw26_ai,19.9m-g016-ai-r0.1,19.9m-g016-control,fit,ai,4,19923026,922011358.0,93010210.0,0.10087751001436145,0.09163372772784273,0.8970841441128342,0.8954983616964949,0.4968150358309877,0.5152086961486859,ok,ok
fw26_ai,19.9m-g016-ai-r0.25,19.9m-g016-control,fit,ai,4,19923026,919210741.0,234222859.0,0.2548086619888616,0.203065749948675,0.8726975729309835,0.8657029471948775,0.7810173454180855,0.9308911471411287,ok,ok
fw26_ai,19.9m-g016-ai-r0.5,19.9m-g016-control,fit,ai,4,19923026,915090678.0,469029642.0,0.5125499071033046,0.33886479030955924,0.8535493913632992,0.8451369637941673,1.0642112645714046,1.3367911473743925,ok,ok
fw26_ai,19.9m-g016-ai-r1,19.9m-g016-control,fit,ai,4,19923026,907168781.0,938324979.0,1.034344433640734,0.5084411550651897,0.8348938484642877,0.8301655346388781,1.3388464137215026,1.5373979603711425,ok,ok
fw26_ai,19.9m-g017-control,19.9m-g017-control,fit,control,4,19923026,1090256896.0,0.0,0.0,0.0,0.942470726418887,0.947798005813416,0.1748927959733878,0.15722448878109327,ok,ok
fw26_ai,19.9m-g017-ai-r0.05,19.9m-g017-control,fit,ai,4,19923026,1090205130.0,55102006.0,0.050542787300955,0.04811111733088861,0.9097868240501057,0.9077765843856671,0.3311206611075324,0.3461472977996129,ok,ok
fw26_ai,19.9m-g017-ai-r0.1,19.9m-g017-control,fit,ai,4,19923026,1090295462.0,110324058.0,0.10118730366686604,0.0918892756299681,0.8937447549086899,0.8880507196836759,0.45352738376069873,0.5179247849758319,ok,ok
fw26_ai,19.9m-g017-ai-r0.25,19.9m-g017-control,fit,ai,4,19923026,1090360149.0,276720811.0,0.2537884489393605,0.20241728112430152,0.8689992194168024,0.8591546134200481,0.7226521920468393,0.9295624131853192,ok,ok
fw26_ai,19.9m-g017-ai-r0.5,19.9m-g017-control,fit,ai,4,19923026,1090179859.0,556608749.0,0.5105659808378463,0.33799647768756,0.8505440583832774,0.8393261476078566,0.9694965817468417,1.321701906589625,ok,ok
fw26_ai,19.9m-g017-ai-r1,19.9m-g017-control,fit,ai,4,19923026,1090315167.0,1124539489.0,1.0313893844971158,0.5077260875577743,0.8334931484223354,0.8255163108869494,1.1618338791369824,1.472376136973509,ok,ok
fw26_ai,19.9m-g017-ai-r2,19.9m-g017-control,fit,ai,4,19923026,1090250034.0,2276465358.0,2.088021359327928,0.6761680430158559,0.8201112042046719,0.8207585300046938,1.143857289279645,1.121006869047163,ok,ok
fw26_ai,19.9m-g017-ai-r4,19.9m-g017-control,fit,ai,4,19923026,1090242292.0,4609030412.0,4.227528546471026,0.8087050140213821,0.8118125174417233,0.8250426319236195,,0.5804811351976428,below_range,ok
fw26_ai,19.9m-g017-ai-r8,19.9m-g017-control,fit,ai,4,19923026,1090247040.0,9294587520.0,8.525212340865425,0.8950154637802915,0.805140526888332,0.8358317631163737,,0.23157628881803474,below_range,ok
fw26_ai,19.9m-g017-ai-r16,19.9m-g017-control,fit,ai,4,19923026,1090259118.0,18679592786.0,17.133168141043697,0.944852438789417,0.8017397098416968,0.8509362446516513,,0.07990815973822604,below_range,ok
fw26_ai,19.9m-g017-human-r2,19.9m-g017-control,fit,human,4,19923026,3366715392.0,0.0,0.0,0.0,0.9271213456506198,0.8940767649119215,0.07762666423016334,0.1604989824736408,ok,ok
fw26_ai,19.9m-g018-control,19.9m-g018-control,fit,control,4,19923026,1153433600.0,0.0,0.0,0.0,0.9417096717287926,0.9449368882354079,0.1678678186723953,0.15733251560739175,ok,ok
fw26_ai,19.9m-g018-ai-r0.05,19.9m-g018-control,fit,ai,4,19923026,1153087802.0,58017478.0,0.0503148831332447,0.04790457027815121,0.9082124217539733,0.9053196181117964,0.32419957605496186,0.34571209904614225,ok,ok
fw26_ai,19.9m-g018-ai-r0.1,19.9m-g018-control,fit,ai,4,19923026,1152613939.0,116163021.0,0.1007822455286132,0.09155511540814865,0.8929801232534725,0.8857688923221858,0.4368240181710572,0.5172408572505429,ok,ok
fw26_ai,19.9m-g018-ai-r0.25,19.9m-g018-control,fit,ai,4,19923026,1149500156.0,292291844.0,0.2542773417422659,0.20272816328568893,0.8681987752186923,0.8570636375823235,0.6991394058784167,0.9309517784283887,ok,ok
fw26_ai,19.9m-g018-ai-r0.5,19.9m-g018-control,fit,ai,4,19923026,1144636093.0,585514307.0,0.5115287824494628,0.33841815543897225,0.8496547626109069,0.837669792169925,0.9452245886692068,1.3186653674481246,ok,ok
fw26_ai,19.9m-g018-ai-r1,19.9m-g018-control,fit,ai,4,19923026,1135305759.0,1171561441.0,1.0319347292239007,0.5078582074425437,0.8324503433913085,0.8245197815603624,1.1499581316481295,1.4571191834123074,ok,ok
fw26_ai,19.9m-g019-control,19.9m-g019-control,fit,control,4,19923026,1453850624.0,0.0,0.0,0.0,0.938828714594056,0.9333822461899861,0.1411783673342713,0.1578250922095857,ok,ok
fw26_ai,19.9m-g019-ai-r0.05,19.9m-g019-control,fit,ai,4,19923026,1453726534.0,73262266.0,0.05039618132195419,0.047978260220376205,0.9051542921303479,0.8948340849218926,0.2752089124219316,0.3477438818747914,ok,ok
fw26_ai,19.9m-g019-ai-r0.1,19.9m-g019-control,fit,ai,4,19923026,1453747663.0,146641457.0,0.10087132776357213,0.09162862654302474,0.8886434360743091,0.8758815509984348,0.3831730681560725,0.520412509802728,ok,ok
fw26_ai,19.9m-g019-ai-r0.25,19.9m-g019-control,fit,ai,4,19923026,1453951388.0,367949412.0,0.25306857920892195,0.20195908141650742,0.8652434928184193,0.8483533109704822,0.59626996062603,0.9298972937839638,ok,ok
fw26_ai,19.9m-g019-ai-r0.5,19.9m-g019-control,fit,ai,4,19923026,1453848430.0,740296850.0,0.5091980943295443,0.3373964599098926,0.8467189859420844,0.8301077064695825,0.8073811903886433,1.2953190212071541,ok,ok
fw26_ai,19.9m-g019-ai-r1,19.9m-g019-control,fit,ai,4,19923026,1453836774.0,1494758938.0,1.0281477018134637,0.5069392632963308,0.8296227484716269,0.8188533690008157,0.9778413928395939,1.3585796627596032,ok,ok
fw26_ai,19.9m-g020-control,19.9m-g020-control,fit,control,4,19923026,1743257600.0,0.0,0.0,0.0,0.9351619842046085,0.924543614207834,0.12689352507256405,0.15827306319468296,ok,ok
fw26_ai,19.9m-g020-ai-r0.05,19.9m-g020-control,fit,ai,4,19923026,1743170529.0,87643167.0,0.05027802245502511,0.04787115542749359,0.9021230136846781,0.8869098413117398,0.24567762088264655,0.3489063346668049,ok,ok
fw26_ai,19.9m-g020-ai-r0.1,19.9m-g020-control,fit,ai,4,19923026,1743299093.0,175594987.0,0.10072568023759076,0.09150843125223462,0.8863625073578578,0.8684058221283163,0.33722619075111304,0.5225784430755658,ok,ok
fw26_ai,19.9m-g020-ai-r0.25,19.9m-g020-control,fit,ai,4,19923026,1743301562.0,440357958.0,0.2525999905000946,0.20166054000946082,0.8623643102015169,0.8417742991928581,0.5355392499250721,0.9303509785641114,ok,ok
fw26_ai,19.9m-g020-ai-r0.5,19.9m-g020-control,fit,ai,4,19923026,1743303402.0,886263062.0,0.5083814217211056,0.33703771101942376,0.8440874378375758,0.8245762018432772,0.7243673577212976,1.2761064856403397,ok,ok
fw26_ai,19.9m-g020-ai-r1,19.9m-g020-control,fit,ai,4,19923026,1743307428.0,1789869404.0,1.02670898732613,0.5065892507244879,0.8280135390929598,0.8150679556139511,0.8561307718472473,,ok,below_range
fw26_ai,35.8m-g021-control,35.8m-g021-control,fit,control,6,35782802,115867648.0,0.0,0.0,0.0,0.997935852835402,1.003060400200174,,,above_range,above_range
fw26_ai,35.8m-g021-ai-r0.05,35.8m-g021-control,fit,ai,6,35782802,116278833.0,5355983.0,0.0460615475905232,0.044033305398349105,0.9619250377487448,0.9532940521872763,,,above_range,above_range
fw26_ai,35.8m-g021-ai-r0.1,35.8m-g021-control,fit,ai,6,35782802,116600429.0,10801555.0,0.09263735213186909,0.08478325580863795,0.9417454204329323,0.9273619180127508,,,above_range,above_range
fw26_ai,35.8m-g021-ai-r0.25,35.8m-g021-control,fit,ai,6,35782802,116996419.0,27969213.0,0.2390604194475388,0.19293685416416492,0.8990617838916157,0.8862359639772934,,,above_range,above_range
fw26_ai,35.8m-g021-ai-r0.5,35.8m-g021-control,fit,ai,6,35782802,117031726.0,56769746.0,0.48507996882828164,0.32663558798857584,0.8644001569582095,0.8546801828999081,1.1339410344918717,1.3820061340315397,ok,ok
fw26_ai,35.8m-g021-ai-r1,35.8m-g021-control,fit,ai,6,35782802,115655617.0,116341823.0,1.0059331835132572,0.5014789085603704,0.8255545261904303,0.8242811241525636,1.9324365003389985,1.9881877570461788,ok,ok
fw26_ai,35.8m-g022-control,35.8m-g022-control,fit,control,6,35782802,115867648.0,0.0,0.0,0.0,0.9982470348363787,1.003060400200174,,,above_range,above_range
fw26_ai,35.8m-g022-ai-r0.0234,35.8m-g022-control,fit,ai,6,35782802,115778715.0,2710373.0,0.02340994197422212,0.022874452371512893,0.9764890382696242,0.9726870631058437,,,above_range,above_range
fw26_ai,35.8m-g022-ai-r0.0465,35.8m-g022-control,fit,ai,6,35782802,115980733.0,5391939.0,0.046489954499597794,0.04442465434064103,0.9630903493465731,0.9531456557359714,,,above_range,above_range
fw26_ai,35.8m-g022-ai-r2.1,35.8m-g022-control,fit,ai,6,35782802,115823295.0,243313985.0,2.1007344420653893,0.6774957615093593,0.7924855235271858,0.7959077005927818,2.708607991089909,2.490674938433954,ok,ok
fw26_ai,35.8m-g022-ai-r4.31,35.8m-g022-control,fit,ai,6,35782802,115863530.0,499650582.0,4.3124060004040965,0.811761375180298,0.7618114635980985,0.7714436422109028,3.507587572418416,2.7050888270911475,ok,ok
fw26_ai,35.8m-g022-ai-r8.76,35.8m-g022-control,fit,ai,6,35782802,115875432.0,1014489496.0,8.755000766685383,0.8974884755093888,0.7407835190295841,0.7501782874447429,3.490216487735466,2.648707072882976,ok,ok
fw26_ai,35.8m-g022-ai-r17.6,35.8m-g022-control,fit,ai,6,35782802,115863512.0,2037125160.0,17.58211126899036,0.94618480184925,0.7238444106745675,0.7316513553319437,3.1098106858479313,2.4237433859984607,ok,ok
fw26_ai,35.8m-g022-ai-r35,35.8m-g022-control,fit,ai,6,35782802,115869119.0,4061133377.0,35.049316090855925,0.972260222704928,0.7130226707651326,0.7156436711774433,,,below_range,below_range
fw26_ai,35.8m-g022-ai-r69.6,35.8m-g022-control,fit,ai,6,35782802,115866878.0,8060666626.0,69.56834226602705,0.9858293397876597,0.7047821560682772,0.7024356485494962,,,below_range,below_range
fw26_ai,35.8m-g022-human-r0.025,35.8m-g022-control,fit,human,6,35782802,118751232.0,0.0,0.0,0.0,0.9951637168348154,1.0014201431278469,,,above_range,above_range
fw26_ai,35.8m-g022-human-r0.05,35.8m-g022-control,fit,human,6,35782802,121634816.0,0.0,0.0,0.0,0.9916131769655553,0.9998239339402244,,,above_range,above_range
fw26_ai,35.8m-g022-human-r4,35.8m-g022-control,fit,human,6,35782802,579862528.0,0.0,0.0,0.0,0.8757053038541605,0.9052741433182099,0.27163100965797443,,ok,above_range
fw26_ai,35.8m-g023-control,35.8m-g023-control,fit,control,6,35782802,168820736.0,0.0,0.0,0.0,0.9556064186321487,0.9784719133376614,,,above_range,above_range
fw26_ai,35.8m-g023-ai-r0.025,35.8m-g023-control,fit,ai,6,35782802,168737808.0,4015088.0,0.02379483322433583,0.023241798505073977,0.9326112330192109,0.9490646652446829,,,above_range,above_range
fw26_ai,35.8m-g023-ai-r0.05,35.8m-g023-control,fit,ai,6,35782802,168877181.0,8070019.0,0.047786319929156086,0.04560693246346933,0.9184700066343264,0.9299492588816014,,,above_range,above_range
fw26_ai,35.8m-g023-ai-r0.1,35.8m-g023-control,fit,ai,6,35782802,168730212.0,16343452.0,0.0968614441141104,0.0883078210414638,0.897981761865133,0.9048049644028691,,,above_range,above_range
fw26_ai,35.8m-g023-ai-r0.25,35.8m-g023-control,fit,ai,6,35782802,168835815.0,41665817.0,0.24678304777928783,0.19793583833117265,0.8639539190880849,0.8660531879497183,0.9446846913823087,0.9057015224010241,ok,ok
fw26_ai,35.8m-g023-ai-r0.5,35.8m-g023-control,fit,ai,6,35782802,168813643.0,85466037.0,0.5062744662171647,0.3361103687089743,0.832886355091204,0.8356232022302386,1.499730920259933,1.4130266225983965,ok,ok
fw26_ai,35.8m-g023-ai-r1,35.8m-g023-control,fit,ai,6,35782802,168802558.0,175654658.0,1.0405923943403748,0.5099462279808938,0.8022178760655925,0.806917627613625,2.229995084579267,1.9947312949747071,ok,ok
fw26_ai,35.8m-g023-ai-r2,35.8m-g023-control,fit,ai,6,35782802,168806537.0,358627191.0,2.1244863935571403,0.6799473980549079,0.7720612840901311,0.7814963073274288,3.1056543054984282,2.430160677076432,ok,ok
fw26_ai,35.8m-g023-ai-r4,35.8m-g023-control,fit,ai,6,35782802,168849481.0,730828727.0,4.328285302813575,0.8123223620416957,0.7473152847698042,0.7594013966158232,3.6154712357557997,2.564727708541625,ok,ok
fw26_ai,35.8m-g023-ai-r8,35.8m-g023-control,fit,ai,6,35782802,168824702.0,1476128898.0,8.743559920514475,0.897368106918031,0.7300765572079287,0.74041860212955,3.3332241074028746,2.424779970036826,ok,ok
fw26_ai,35.8m-g023-ai-r16,35.8m-g023-control,fit,ai,6,35782802,168819352.0,2959345000.0,17.529655012536715,0.9460324544993728,0.7171349178462931,0.7240315250514914,,2.127354275077467,below_range,ok
fw26_ai,35.8m-g023-ai-r32,35.8m-g023-control,fit,ai,6,35782802,168819572.0,5890901132.0,34.894657427516755,0.9721407008265971,0.7075297739978308,0.7101479435117343,,,below_range,below_range
fw26_ai,35.8m-g023-ai-r64,35.8m-g023-control,fit,ai,6,35782802,168821449.0,11668290871.0,69.11616349768447,0.9857379532747392,0.7009336996913953,0.6991651184651235,,,below_range,below_range
fw26_ai,35.8m-g023-human-r0.025,35.8m-g023-control,fit,human,6,35782802,172752896.0,0.0,0.0,0.0,0.9550804401747776,0.977003758766286,,,above_range,above_range
fw26_ai,35.8m-g023-human-r0.05,35.8m-g023-control,fit,human,6,35782802,176947200.0,0.0,0.0,0.0,0.9524043595527238,0.9754784529213646,,,above_range,above_range
fw26_ai,35.8m-g023-human-r4,35.8m-g023-control,fit,human,6,35782802,899678208.0,0.0,0.0,0.0,0.8599844882744706,0.8817428946228019,0.23951139658893877,0.15571146145173648,ok,ok
fw26_ai,35.8m-g024-control,35.8m-g024-control,fit,control,6,35782802,463994880.0,0.0,0.0,0.0,0.8845527066427957,0.9177027061278609,,,above_range,above_range
fw26_ai,35.8m-g024-ai-r0.05,35.8m-g024-control,fit,ai,6,35782802,463398784.0,23664768.0,0.051067824985919684,0.048586612368810546,0.8474805653069291,0.8729753099110072,0.5728191741629141,0.3411752502153357,ok,ok
fw26_ai,35.8m-g024-ai-r0.1,35.8m-g024-control,fit,ai,6,35782802,463176827.0,47217541.0,0.10194279646032464,0.09251187701193443,0.8311727124951676,0.8508786077626553,0.7757339363438361,0.5091526319659337,ok,ok
fw26_ai,35.8m-g024-ai-r0.25,35.8m-g024-control,fit,ai,6,35782802,461521742.0,118340786.0,0.25641432511320345,0.2040842101112628,0.8032979080668803,0.8173782486023682,1.2909956216360188,0.929750505101755,ok,ok
fw26_ai,35.8m-g024-ai-r0.5,35.8m-g024-control,fit,ai,6,35782802,458319646.0,237672674.0,0.5185740477727634,0.34148749514937177,0.7801936419748586,0.7919509983690802,1.9041292682303337,1.4162136377229042,ok,ok
fw26_ai,35.8m-g024-ai-r1,35.8m-g024-control,fit,ai,6,35782802,453694044.0,474295716.0,1.045408733644297,0.5111001612776417,0.7578996951380349,0.7690903493927119,2.5925049496286294,1.910159270221725,ok,ok
fw26_ai,35.8m-g025-control,35.8m-g025-control,fit,control,6,35782802,463994880.0,0.0,0.0,0.0,0.8855653448706388,0.9177027061278609,,,above_range,above_range
fw26_ai,35.8m-g025-ai-r0.0256,35.8m-g025-control,fit,ai,6,35782802,463918960.0,11872400.0,0.02559153866011426,0.02495295416881887,0.8622883131586391,0.8901702056955463,0.43223057863147835,,ok,above_range
fw26_ai,35.8m-g025-ai-r0.0514,35.8m-g025-control,fit,ai,6,35782802,464017391.0,23832593.0,0.051361421925670885,0.04885229841475203,0.849094804979828,0.8727418170273142,0.5528758803119361,0.342194749559751,ok,ok
fw26_ai,35.8m-g025-ai-r2.11,35.8m-g025-control,fit,ai,6,35782802,463986388.0,980951340.0,2.114181289301099,0.6788883153862808,0.7388949662304648,0.7488247060567401,2.8901191462924514,2.154612101196225,ok,ok
fw26_ai,35.8m-g025-ai-r4.28,35.8m-g025-control,fit,ai,6,35782802,464002600.0,1985208792.0,4.278443250102478,0.8105502034182928,0.7224052437940751,0.7332902433064865,2.865449969358828,2.024483606122381,ok,ok
fw26_ai,35.8m-g025-ai-r8.61,35.8m-g025-control,fit,ai,6,35782802,463988479.0,3995867393.0,8.611997008227439,0.8959633467276317,0.7126684893741603,0.721117901877723,,1.6418054532683992,below_range,ok
fw26_ai,35.8m-g025-ai-r17.2,35.8m-g025-control,fit,ai,6,35782802,464001213.0,7995123523.0,17.2308246164003,0.9451478459674058,0.7041519927661848,0.7116091793263188,,,below_range,below_range
fw26_ai,35.8m-g025-ai-r34.4,35.8m-g025-control,fit,ai,6,35782802,463994705.0,15953297583.0,34.38249922054606,0.9717374402026605,0.6986045038903543,0.7047048378295705,,,below_range,below_range
fw26_ai,35.8m-g025-human-r0.025,35.8m-g025-control,fit,human,6,35782802,475529216.0,0.0,0.0,0.0,0.8844845288496671,0.916317208076858,,,above_range,above_range
fw26_ai,35.8m-g025-human-r0.05,35.8m-g025-control,fit,human,6,35782802,487063552.0,0.0,0.0,0.0,0.8831614627161155,0.9149688760676421,0.27987885756326725,,ok,above_range
fw26_ai,35.8m-g025-human-r2,35.8m-g025-control,fit,human,6,35782802,1391984640.0,0.0,0.0,0.0,0.8471649933942103,0.8595666347985378,0.20176585614288484,0.15612416813459093,ok,ok
fw26_ai,35.8m-g025-human-r4,35.8m-g025-control,fit,human,6,35782802,2319974400.0,0.0,0.0,0.0,0.8369089536111729,0.8350541875760422,0.15062445333532518,0.15679778754623308,ok,ok
fw26_ai,35.8m-g026-control,35.8m-g026-control,fit,control,6,35782802,675545088.0,0.0,0.0,0.0,0.8708773196176157,0.8969501347767782,0.2563827151266972,,ok,above_range
fw26_ai,35.8m-g026-ai-r0.025,35.8m-g026-control,fit,ai,6,35782802,675594024.0,17252568.0,0.025536886631785837,0.02490099280159265,0.8461203380368302,0.8706744445631818,0.41437398416642246,0.25098603892916665,ok,ok
fw26_ai,35.8m-g026-ai-r0.05,35.8m-g026-control,fit,ai,6,35782802,675441566.0,34444386.0,0.05099536027073584,0.04852101369657756,0.8339564162772743,0.8542055339778003,0.5248089109160093,0.3416845600709729,ok,ok
fw26_ai,35.8m-g026-ai-r0.1,35.8m-g026-control,fit,ai,6,35782802,675657678.0,68831282.0,0.10187301090656739,0.09245440254748707,0.8167179789822285,0.8330713498317924,0.7351655324501476,0.5101670385348537,ok,ok
fw26_ai,35.8m-g026-ai-r0.25,35.8m-g026-control,fit,ai,6,35782802,675636568.0,172923560.0,0.2559416825407828,0.20378468689964183,0.7896299333193996,0.8011229354944082,1.2303637678159272,0.9292635175808535,ok,ok
fw26_ai,35.8m-g026-ai-r0.5,35.8m-g026-control,fit,ai,6,35782802,675549388.0,347336500.0,0.5141541183662504,0.33956524777082464,0.7679055049643808,0.7771868894112073,1.7888181329006774,1.4001951577351561,ok,ok
fw26_ai,35.8m-g026-ai-r1,35.8m-g026-control,fit,ai,6,35782802,675546991.0,700971153.0,1.0376349274568821,0.5092349534624079,0.7458559059416577,0.7558422426784084,2.4659844940135636,1.8514083338883558,ok,ok
fw26_ai,35.8m-g026-ai-r2,35.8m-g026-control,fit,ai,6,35782802,675524321.0,1419792671.0,2.1017639585473935,0.6776028049315795,0.7312088162914466,0.7386762004700143,2.5252279632163708,2.0062702862761013,ok,ok
fw26_ai,35.8m-g026-ai-r4,35.8m-g026-control,fit,ai,6,35782802,675538256.0,2873629360.0,4.253836602852585,0.8096629043512608,0.7184544548937861,0.7259727294402439,,1.7607751613876668,below_range,ok
fw26_ai,35.8m-g026-ai-r8,35.8m-g026-control,fit,ai,6,35782802,675537864.0,5790506040.0,8.571697233539526,0.8955253205778418,0.706687377764265,0.7168975288814178,,,below_range,below_range
fw26_ai,35.8m-g026-ai-r16,35.8m-g026-control,fit,ai,6,35782802,675547285.0,11596461931.0,17.166025515149542,0.944952185651944,0.699869070784204,0.7106271734352583,,,below_range,below_range
fw26_ai,35.8m-g026-ai-r32,35.8m-g026-control,fit,ai,6,35782802,675541977.0,23245098023.0,34.40955383147123,0.9717590341646377,0.6954961680800205,0.707132121483666,,,below_range,below_range
fw26_ai,35.8m-g026-human-r0.025,35.8m-g026-control,fit,human,6,35782802,692846592.0,0.0,0.0,0.0,0.8701173751233332,0.8955866188393042,0.25377080511583155,,ok,above_range
fw26_ai,35.8m-g026-human-r0.05,35.8m-g026-control,fit,human,6,35782802,709885952.0,0.0,0.0,0.0,0.8683139253667036,0.894280561844579,0.25671382324623393,,ok,above_range
fw26_ai,35.8m-g026-human-r2,35.8m-g026-control,fit,human,6,35782802,2095316992.0,0.0,0.0,0.0,0.8375894876842591,0.8398215859574432,0.1643427390742307,0.15664351548031227,ok,ok
fw26_ai,35.8m-g026-human-r4,35.8m-g026-control,fit,human,6,35782802,3549167616.0,0.0,0.0,0.0,0.8270524147487791,0.8157754471446339,0.12217693953871835,0.15757661838038084,ok,ok
fw26_ai,35.8m-g027-control,35.8m-g027-control,fit,control,6,35782802,927989760.0,0.0,0.0,0.0,0.8573119706528126,0.8801297363596357,0.2452145902069374,0.15573681017140806,ok,ok
fw26_ai,35.8m-g027-ai-r0.05,35.8m-g027-control,fit,ai,6,35782802,927778141.0,46611107.0,0.0502394968583335,0.047836228792212616,0.8219810033726482,0.83940566297307,0.49846395832934826,0.33986233396778276,ok,ok
fw26_ai,35.8m-g027-ai-r0.1,35.8m-g027-control,fit,ai,6,35782802,927339503.0,93449233.0,0.10077132775826546,0.09154610518743028,0.8074180432239452,0.819086064207949,0.6652261218917199,0.5080041920089576,ok,ok
fw26_ai,35.8m-g027-ai-r0.25,35.8m-g027-control,fit,ai,6,35782802,924374519.0,235612681.0,0.2548887665736273,0.20311662145927128,0.7821452933963293,0.7884252640520204,1.0868034855338358,0.9274808427303707,ok,ok
fw26_ai,35.8m-g027-ai-r0.5,35.8m-g027-control,fit,ai,6,35782802,920411699.0,471572941.0,0.5123500076241425,0.33877740274490387,0.7604015378588724,0.7658850980727255,1.6124104267446393,1.388027788603085,ok,ok
fw26_ai,35.8m-g027-ai-r1,35.8m-g027-control,fit,ai,6,35782802,912810015.0,943169505.0,1.0332593743507514,0.508178832167286,0.7416608240886966,0.7464309940879681,2.0706104145946074,1.7984032139945496,ok,ok
fw26_ai,35.8m-g028-control,35.8m-g028-control,fit,control,6,35782802,1351090176.0,0.0,0.0,0.0,0.8488845440673309,0.8610447990402602,0.20051155500222245,0.15609180462998487,ok,ok
fw26_ai,35.8m-g028-ai-r0.05,35.8m-g028-control,fit,ai,6,35782802,1351082174.0,68165442.0,0.05045247677140917,0.048029280607225625,0.8133529445540703,0.8220316448622381,0.4166539622039267,0.34183201394587026,ok,ok
fw26_ai,35.8m-g028-ai-r0.1,35.8m-g028-control,fit,ai,6,35782802,1351201851.0,136465349.0,0.10099553142190004,0.09173110020843371,0.7967919082458159,0.802676400143471,0.5884700024341557,0.5107147531089721,ok,ok
fw26_ai,35.8m-g028-ai-r0.25,35.8m-g028-control,fit,ai,6,35782802,1351079271.0,342108825.0,0.25321151196908565,0.20205010052232258,0.772241917836403,0.7737760320354834,0.9628148658460046,0.9246791806087333,ok,ok
fw26_ai,35.8m-g028-ai-r0.5,35.8m-g028-control,fit,ai,6,35782802,1351098028.0,688120148.0,0.5093043833530042,0.33744312212328964,0.753088106488698,0.7526229698276208,1.3509530018987819,1.3689560161430894,ok,ok
fw26_ai,35.8m-g028-ai-r1,35.8m-g028-control,fit,ai,6,35782802,1351152951.0,1389824713.0,1.0286213059530964,0.5070543737929563,0.7337870211330298,0.7350192693491662,1.781330008819405,1.714814995475039,ok,ok
fw26_ai,35.8m-g029-control,35.8m-g029-control,fit,control,6,35782802,1391984640.0,0.0,0.0,0.0,0.8471903573287191,0.8595666347985378,0.20165834224317095,0.15612416813459093,ok,ok
fw26_ai,35.8m-g029-ai-r0.05,35.8m-g029-control,fit,ai,6,35782802,1391411536.0,70041264.0,0.050338280363373386,0.04792577906039798,0.8117348685711147,0.8207704835189572,0.4200689451754063,0.3415414401824056,ok,ok
fw26_ai,35.8m-g029-ai-r0.1,35.8m-g029-control,fit,ai,6,35782802,1391220454.0,139962650.0,0.10060422098998266,0.09140817295747798,0.796365023492623,0.8015575291264159,0.5777134966760273,0.5096499199314667,ok,ok
fw26_ai,35.8m-g029-ai-r0.25,35.8m-g029-control,fit,ai,6,35782802,1387769736.0,352079992.0,0.25370202481487175,0.2023622996479843,0.7733467282511377,0.7726934000478083,0.9100943714365916,0.9258929948806537,ok,ok
fw26_ai,35.8m-g029-ai-r0.5,35.8m-g029-control,fit,ai,6,35782802,1382716361.0,705260599.0,0.5100544253992522,0.33777221325277457,0.7513854950296652,0.7517975077053285,1.3850863453903817,1.3688555380315675,ok,ok
fw26_ai,35.8m-g029-ai-r1,35.8m-g029-control,fit,ai,6,35782802,1372343466.0,1411625814.0,1.0286242831865533,0.5070550972459007,0.7342006862769712,0.7345837864195864,1.731515531456321,1.7111494505808802,ok,ok
fw26_ai,35.8m-g030-control,35.8m-g030-control,fit,control,6,35782802,1391984640.0,0.0,0.0,0.0,0.8465336949592929,0.8595666347985378,0.20446273499834958,0.15612416813459093,ok,ok
fw26_ai,35.8m-g030-ai-r2.08,35.8m-g030-control,fit,ai,6,35782802,1391967663.0,2898805329.0,2.082523470949339,0.6755904668936632,0.7175177279254964,0.722361684115645,,1.6379657860439232,below_range,ok
fw26_ai,35.8m-g030-ai-r4.21,35.8m-g030-control,fit,ai,6,35782802,1391960067.0,5866545149.0,4.214592995935422,0.8082304791995344,0.7068066056126173,0.7163155047004598,,,below_range,below_range
fw26_ai,35.8m-g030-ai-r8.51,35.8m-g030-control,fit,ai,6,35782802,1391973198.0,11840007346.0,8.505916179285515,0.8948023545401005,0.6990394522760219,0.7147414611036876,,,below_range,below_range
fw26_ai,35.8m-g030-human-r2,35.8m-g030-control,fit,human,6,35782802,4175953920.0,0.0,0.0,0.0,0.8270835261660093,0.8086590049684024,0.10376720145907897,0.15794275318819895,ok,ok
fw26_ai,35.8m-g031-control,35.8m-g031-control,fit,control,6,35782802,1391984640.0,0.0,0.0,0.0,0.8478244856158543,0.8595666347985378,0.19899121418720392,0.15612416813459093,ok,ok
fw26_ai,35.8m-g031-ai-r0.25,35.8m-g031-control,fit,ai,6,35782802,1388012484.0,351837244.0,0.25348276622560983,0.2022227772535537,0.7715972262306247,0.7727139702045931,0.953105958188067,0.9253908439901224,ok,ok
fw26_ai,35.8m-g031-ai-r1,35.8m-g031-control,fit,ai,6,35782802,1371859102.0,1412110178.0,1.029340532086217,0.5072290804875548,0.7326855512805361,0.7345788920715918,1.8148550628224216,1.7114078890108286,ok,ok
fw26_ai,35.8m-g032-control,35.8m-g032-control,fit,control,6,35782802,1855979520.0,0.0,0.0,0.0,0.8414827877926069,0.8455760533100429,0.17067189268132835,0.15647366361004178,ok,ok
fw26_ai,35.8m-g032-ai-r0.05,35.8m-g032-control,fit,ai,6,35782802,1855678736.0,93099760.0,0.05017019282156607,0.047773392507713716,0.805577549035988,0.808193964230224,0.36390844691014734,0.34215881807933896,ok,ok
fw26_ai,35.8m-g032-ai-r0.1,35.8m-g032-control,fit,ai,6,35782802,1855428109.0,186149363.0,0.100326906818463,0.09117918156573389,0.7896800317782124,0.7896807020308816,0.5107507789173628,0.5107422636417617,ok,ok
fw26_ai,35.8m-g032-ai-r0.25,35.8m-g032-control,fit,ai,6,35782802,1851626714.0,468347686.0,0.2529385012966496,0.20187623018598827,0.7671142824736223,0.7620225935253999,0.8056500627065485,0.9252221366864692,ok,ok
fw26_ai,35.8m-g032-ai-r0.5,35.8m-g032-control,fit,ai,6,35782802,1845117682.0,938851598.0,0.5088301993737004,0.33723489865520356,0.7460105164188009,0.7423355411651915,1.213780737185721,1.3529151008510731,ok,ok
fw26_ai,35.8m-g032-ai-r1,35.8m-g032-control,fit,ai,6,35782802,1832078351.0,1879880689.0,1.0260918633604879,0.5064389635614083,0.729298391737098,0.7268596116217636,1.5138976139296056,1.6362423754146758,ok,ok
fw26_ai,35.8m-g033-control,35.8m-g033-control,fit,control,6,35782802,1958215680.0,0.0,0.0,0.0,0.8401143033788134,0.843021702618528,0.16656289277070813,0.15654696837304552,ok,ok
fw26_ai,35.8m-g033-ai-r0.05,35.8m-g033-control,fit,ai,6,35782802,1958102719.0,98416961.0,0.05026138825355464,0.04785607546434956,0.8053329907534992,0.8058369240596321,0.34684417077299984,0.34273536545843963,ok,ok
fw26_ai,35.8m-g033-ai-r0.1,35.8m-g033-control,fit,ai,6,35782802,1958161157.0,197186811.0,0.10069999105798828,0.09148722801496152,0.7891409933084725,0.7873828584053707,0.49032705637440865,0.5123516906362208,ok,ok
fw26_ai,35.8m-g033-ai-r0.25,35.8m-g033-control,fit,ai,6,35782802,1958237840.0,494381424.0,0.25246239956225136,0.2015728373566261,0.7644982392062228,0.7600373243063753,0.8179618723966091,0.9243812530655795,ok,ok
fw26_ai,35.8m-g033-ai-r0.5,35.8m-g033-control,fit,ai,6,35782802,1958211281.0,995365167.0,0.5083032544331462,0.33700335323096403,0.7460778313912849,0.7404552755259795,1.1418267459650397,1.3489614964037997,ok,ok
fw26_ai,35.8m-g033-ai-r1,35.8m-g033-control,fit,ai,6,35782802,1958151589.0,2009397851.0,1.0261707327910046,0.5064581756037299,0.7287649112287815,0.7251539281876672,1.4405371497675583,1.6172924551356644,ok,ok
fw26_ai,35.8m-g033-ai-r2,35.8m-g033-control,fit,ai,6,35782802,1958256567.0,4068171849.0,2.0774457839466547,0.6750552015517378,0.7131843314345485,0.7163480119513874,,,below_range,below_range
fw26_ai,35.8m-g033-ai-r4,35.8m-g033-control,fit,ai,6,35782802,1958231028.0,8238384140.0,4.207054235277902,0.8079528357463652,0.7045478289434199,0.7142040587360845,,,below_range,below_range
fw26_ai,35.8m-g033-ai-r8,35.8m-g033-control,fit,ai,6,35782802,1958200362.0,16649042902.0,8.502216231333737,0.8947613929577312,0.696512485015999,0.7171445727742765,,,below_range,below_range
fw26_ai,35.8m-g033-human-r2,35.8m-g033-control,fit,human,6,35782802,6026428416.0,0.0,0.0,0.0,0.8202977061288074,0.7931122263267489,0.08371672690394216,0.158944389258852,ok,ok
fw26_ai,35.8m-g034-control,35.8m-g034-control,fit,control,6,35782802,2319974400.0,0.0,0.0,0.0,0.8363486648165636,0.8350541875760422,0.15245995322693273,0.15679778754623308,ok,ok
fw26_ai,35.8m-g034-ai-r0.05,35.8m-g034-control,fit,ai,6,35782802,2319483849.0,116358199.0,0.05016555689756821,0.04776918893223737,0.8017934271598146,0.7986874705896556,0.3185647797659039,0.3432657648669528,ok,ok
fw26_ai,35.8m-g034-ai-r0.1,35.8m-g034-control,fit,ai,6,35782802,2319309982.0,232661858.0,0.1003151194991925,0.0911694456628487,0.7856136488510838,0.7807044110944398,0.4524030027706409,0.5125457535564597,ok,ok
fw26_ai,35.8m-g034-ai-r0.25,35.8m-g034-control,fit,ai,6,35782802,2315039033.0,584797895.0,0.25260822243769054,0.20166578656660242,0.7616843466763613,0.7540096890002819,0.7471186558788525,0.9254895905788448,ok,ok
fw26_ai,35.8m-g034-ai-r0.5,35.8m-g034-control,fit,ai,6,35782802,2307680041.0,1172281559.0,0.507991375828691,0.3368662340986751,0.7408148369252806,0.7353098878792561,1.1326321238640003,1.3386426999924252,ok,ok
fw26_ai,35.8m-g034-ai-r1,35.8m-g034-control,fit,ai,6,35782802,2291849548.0,2348099252.0,1.0245433667533224,0.5060614574022886,0.7265318396324287,0.721283012154185,1.3228365355935117,1.5694918940374043,ok,ok
fw26_ai,35.8m-g035-control,35.8m-g035-control,fit,control,6,35782802,2610954240.0,0.0,0.0,0.0,0.8330348480203553,0.8295964704442005,0.1455852848938555,0.15699123168978976,ok,ok
fw26_ai,35.8m-g035-ai-r0.05,35.8m-g035-control,fit,ai,6,35782802,2611016413.0,131009827.0,0.05017579604161607,0.04777847311920691,0.7991086674598089,0.7937405664916739,0.3018500335013273,0.3439761351667869,ok,ok
fw26_ai,35.8m-g035-ai-r0.1,35.8m-g035-control,fit,ai,6,35782802,2611035893.0,262062347.0,0.100367194377745,0.09121245606972353,0.7850112703687077,0.7760230556104426,0.4079939535790963,0.5138200964339639,ok,ok
fw26_ai,35.8m-g035-ai-r0.25,35.8m-g035-control,fit,ai,6,35782802,2611009993.0,657663543.0,0.2518808984887711,0.20120196641136817,0.7599014789326566,0.7498568893720663,0.6962123108373334,0.9244867352318068,ok,ok
fw26_ai,35.8m-g035-ai-r0.5,35.8m-g035-control,fit,ai,6,35782802,2610934243.0,1324633629.0,0.5073408618203947,0.3365800494572185,0.7389930694364927,0.7315610370390553,1.0579605214282428,1.329685494578463,ok,ok
fw26_ai,35.8m-g035-ai-r1,35.8m-g035-control,fit,ai,6,35782802,2610972050.0,2672540270.0,1.0235805741390454,0.5058264480397767,0.7224913084077799,0.7182129872183873,1.324552960070678,,ok,below_range
fw26_ai,35.8m-g036-control,35.8m-g036-control,fit,control,6,35782802,3131047936.0,0.0,0.0,0.0,0.8307764483987922,0.8213566252030629,0.12755801922491328,0.157322078409886,ok,ok
fw26_ai,35.8m-g036-ai-r0.05,35.8m-g036-control,fit,ai,6,35782802,3131010370.0,156799678.0,0.05007957798619492,0.04769122172839104,0.7966654177418415,0.7863400886979357,0.2670908304612144,0.3447860556342788,ok,ok
fw26_ai,35.8m-g036-ai-r0.1,35.8m-g036-control,fit,ai,6,35782802,3131034459.0,314061989.0,0.10030614262236709,0.09116203094468489,0.7825210423109744,0.7690183966947897,0.36244513266061995,0.5155211931352733,ok,ok
fw26_ai,35.8m-g036-ai-r0.25,35.8m-g036-control,fit,ai,6,35782802,3131020379.0,788556709.0,0.2518529468185234,0.20118413065894522,0.7562730388276984,0.7436015165423953,0.6423753406395296,0.9254947226224303,ok,ok
fw26_ai,35.8m-g036-ai-r0.5,35.8m-g036-control,fit,ai,6,35782802,3131109608.0,1586958104.0,0.5068356917130319,0.3363576364035023,0.7365175312742887,0.7261812986897378,0.9514675515053329,1.3156784431214332,ok,ok
fw26_ai,35.8m-g036-ai-r1,35.8m-g036-control,fit,ai,6,35782802,3131012430.0,3202910898.0,1.0229633288297102,0.5056756661137783,0.7205446204493465,0.7141521966228594,1.1781929491069627,,ok,below_range
fw26_ai,86.2m-g037-control,86.2m-g037-control,fit,control,9,86180184,325582848.0,0.0,0.0,0.0,0.8579032521644715,0.8544744222052035,,,above_range,above_range
fw26_ai,86.2m-g037-ai-r0.05,86.2m-g037-control,fit,ai,9,86180184,325232169.0,16603607.0,0.051051552037584574,0.04857188207240192,0.8160248227907188,0.8077528445078691,,,above_range,above_range
fw26_ai,86.2m-g037-ai-r0.1,86.2m-g037-control,fit,ai,9,86180184,325477939.0,33135053.0,0.10180429771002084,0.09239780414871306,0.7975243791343024,0.784582736387073,,,above_range,above_range
fw26_ai,86.2m-g037-ai-r0.25,86.2m-g037-control,fit,ai,9,86180184,323814606.0,83557170.0,0.25804015153041,0.20511281076085153,0.764233242548003,0.7489601207157677,,0.9321629940309406,above_range,ok
fw26_ai,86.2m-g037-ai-r0.5,86.2m-g037-control,fit,ai,9,86180184,321752956.0,166883460.0,0.518669547203787,0.3415289047961583,0.7336318470793961,0.7216174418098047,1.0916364313775588,1.439600175375376,ok,ok
fw26_ai,86.2m-g037-ai-r1,86.2m-g037-control,fit,ai,9,86180184,318248424.0,333441560.0,1.047739862491825,0.5116567205059269,0.6995553970769032,0.6954567627356054,1.8416609427100745,2.0420874598070093,ok,ok
fw26_ai,86.2m-g038-control,86.2m-g038-control,fit,control,9,86180184,325582848.0,0.0,0.0,0.0,0.8585104724172623,0.8544744222052035,,,above_range,above_range
fw26_ai,86.2m-g038-ai-r2.12,86.2m-g038-control,fit,ai,9,86180184,325556008.0,691562712.0,2.1242511119622773,0.6799232954831468,0.6661360872370025,0.6700780570712522,2.8578537966425626,2.5609803207240915,ok,ok
fw26_ai,86.2m-g038-ai-r4.3,86.2m-g038-control,fit,ai,9,86180184,325563169.0,1399868639.0,4.299837242952995,0.8113149604113477,0.6405665789766418,0.6480831304618313,3.5747894425876905,2.843060760784927,ok,ok
fw26_ai,86.2m-g038-ai-r8.66,86.2m-g038-control,fit,ai,9,86180184,325568463.0,2820683825.0,8.663873026915386,0.8965218192318085,0.6221705984620101,0.6285411458768955,3.545994800673316,2.87206443728938,ok,ok
fw26_ai,86.2m-g038-ai-r17.3,86.2m-g038-control,fit,ai,9,86180184,325578296.0,5645537736.0,17.340030970614823,0.9454744650321342,0.6083324739871993,0.6113137101157919,3.022926311995357,2.717353560154701,ok,ok
fw26_ai,86.2m-g038-ai-r34.5,86.2m-g038-control,fit,ai,9,86180184,325574334.0,11225014594.0,34.47757830320863,0.9718131832039517,0.5973088978856882,0.5964060823763631,,,below_range,below_range
fw26_ai,86.2m-g038-human-r4,86.2m-g038-control,fit,human,9,86180184,1630011392.0,0.0,0.0,0.0,0.7578100236347916,0.7681480506387366,,,above_range,above_range
fw26_ai,86.2m-g039-control,86.2m-g039-control,fit,control,9,86180184,406847488.0,0.0,0.0,0.0,0.8384045978383655,0.8415077060591842,,,above_range,above_range
fw26_ai,86.2m-g039-ai-r0.025,86.2m-g039-control,fit,ai,9,86180184,406948626.0,10384622.0,0.025518262838415382,0.02488328464067162,0.8116455112742332,0.8135639063327591,,,above_range,above_range
fw26_ai,86.2m-g039-ai-r0.05,86.2m-g039-control,fit,ai,9,86180184,406840144.0,20978864.0,0.05156537354878136,0.04903677398083257,0.7975331260409294,0.7956807872104165,,,above_range,above_range
fw26_ai,86.2m-g039-ai-r0.1,86.2m-g039-control,fit,ai,9,86180184,406878913.0,41911615.0,0.10300758692795663,0.09338792239394143,0.7786527759710853,0.7730449680033158,,,above_range,above_range
fw26_ai,86.2m-g039-ai-r0.25,86.2m-g039-control,fit,ai,9,86180184,406764310.0,104940778.0,0.25798914855632243,0.20508058344731567,0.7467985659240445,0.7386054904943592,0.7778652337700256,0.9321317026619603,ok,ok
fw26_ai,86.2m-g039-ai-r0.5,86.2m-g039-control,fit,ai,9,86180184,406902129.0,211233423.0,0.5191258731408603,0.3417267010715475,0.7173925690580082,0.7117519642905572,1.2571813676870944,1.4387761186208694,ok,ok
fw26_ai,86.2m-g039-ai-r1,86.2m-g039-control,fit,ai,9,86180184,406742232.0,425302824.0,1.0456323207667306,0.5111535979128515,0.6867685886356043,0.6861775667393906,2.0000700119315837,2.0311852838977216,ok,ok
fw26_ai,86.2m-g039-ai-r2,86.2m-g039-control,fit,ai,9,86180184,406936840.0,861840120.0,2.117871952807222,0.6792684192499838,0.6563395418401204,0.6625877340771018,3.029853643356428,2.5321455123215606,ok,ok
fw26_ai,86.2m-g039-ai-r4,86.2m-g039-control,fit,ai,9,86180184,406833178.0,1743271910.0,4.284979702417486,0.8107845145474117,0.6336744205342886,0.6415481384140147,3.5618230338416477,2.7830767126116975,ok,ok
fw26_ai,86.2m-g039-ai-r8,86.2m-g039-control,fit,ai,9,86180184,406842277.0,3512210523.0,8.632855338679564,0.8961886206279231,0.6170108871183425,0.6229526920996482,3.3927936401813414,2.7730922792003825,ok,ok
fw26_ai,86.2m-g039-ai-r16,86.2m-g039-control,fit,ai,9,86180184,406861055.0,7029115649.0,17.276452397244068,0.9452847862230204,0.6043613544390751,0.6066633651842782,,,below_range,below_range
fw26_ai,86.2m-g039-ai-r32,86.2m-g039-control,fit,ai,9,86180184,406846664.0,14013170488.0,34.44337075355742,0.9717859791904914,0.594191486498898,0.5926509728387466,,,below_range,below_range
fw26_ai,86.2m-g039-human-r0.025,86.2m-g039-control,fit,human,9,86180184,417333248.0,0.0,0.0,0.0,0.8362349490455313,0.8400489739391037,,,above_range,above_range
fw26_ai,86.2m-g039-human-r0.05,86.2m-g039-control,fit,human,9,86180184,427819008.0,0.0,0.0,0.0,0.8340896198251078,0.8386307564130139,,,above_range,above_range
fw26_ai,86.2m-g039-human-r4,86.2m-g039-control,fit,human,9,86180184,2150105088.0,0.0,0.0,0.0,0.7474235722518797,0.754926338533751,0.18261721194617667,0.1553130452141541,ok,ok
fw26_ai,86.2m-g040-control,86.2m-g040-control,fit,control,9,86180184,1303904256.0,0.0,0.0,0.0,0.7666685583059626,0.7791324832157205,,,above_range,above_range
fw26_ai,86.2m-g040-ai-r0.05,86.2m-g040-control,fit,ai,9,86180184,1303257877.0,65658091.0,0.05037996866064597,0.0479635657226843,0.7277031151662497,0.7399548662395676,0.4461390058599401,0.33811035390302274,ok,ok
fw26_ai,86.2m-g040-ai-r0.1,86.2m-g040-control,fit,ai,9,86180184,1302983105.0,131468863.0,0.10089836352866602,0.09165093424724556,0.7115554377754191,0.7203884497831261,0.6229458767617193,0.5047414847022831,ok,ok
fw26_ai,86.2m-g040-ai-r0.25,86.2m-g040-control,fit,ai,9,86180184,1300606171.0,329405221.0,0.25327053518954895,0.2020876802559181,0.6840840733183244,0.6907111805159456,1.0953668451519774,0.921742676868731,ok,ok
fw26_ai,86.2m-g040-ai-r0.5,86.2m-g040-control,fit,ai,9,86180184,1295254150.0,660864378.0,0.5102198499035884,0.337844751501684,0.6630780593563899,0.667947640927208,1.6197177053909826,1.4126757189119628,ok,ok
fw26_ai,86.2m-g040-ai-r1,86.2m-g040-control,fit,ai,9,86180184,1285225852.0,1323106948.0,1.029474271732903,0.5072615534336723,0.6394929547901755,0.6468840471709618,2.444810643772609,1.9497792605004978,ok,ok
fw26_ai,86.2m-g040-ai-r2.08,86.2m-g040-control,fit,ai,9,86180184,1268565265.0,2643671791.0,2.0839856363243556,0.6757442744798745,0.6229249421032066,0.6285263784913747,2.780504175189458,2.3108495424746773,ok,ok
fw26_ai,86.2m-g040-ai-r4.22,86.2m-g040-control,fit,ai,9,86180184,1249424338.0,5271145518.0,4.218859323996937,0.808387247496425,0.6071916669944171,0.6130477231232533,,2.3406204854936696,below_range,ok
fw26_ai,86.2m-g041-control,86.2m-g041-control,fit,control,9,86180184,1303904256.0,0.0,0.0,0.0,0.765357068931256,0.7791324832157205,,,above_range,above_range
fw26_ai,86.2m-g041-ai-r2.08,86.2m-g041-control,fit,ai,9,86180184,1303915408.0,2717373552.0,2.0840106155107265,0.6757469008146084,0.6213210657541072,0.6277801194310193,2.8548458221646924,2.303652646948272,ok,ok
fw26_ai,86.2m-g041-ai-r4.22,86.2m-g041-control,fit,ai,9,86180184,1303899561.0,5500834391.0,4.218756225963634,0.808383462131276,0.6067022930794665,0.6121103455123479,,2.3181787727139382,below_range,ok
fw26_ai,86.2m-g041-ai-r8,86.2m-g041-control,fit,ai,9,86180184,1303911820.0,11093402228.0,8.507785616975234,0.8948230386879363,0.5963365493920244,0.5991462454157231,,,below_range,below_range
fw26_ai,86.2m-g041-human-r2,86.2m-g041-control,fit,human,9,86180184,3912237056.0,0.0,0.0,0.0,0.7317647949727554,0.7278152356139792,0.14224748617671928,0.1557044335506614,ok,ok
fw26_ai,86.2m-g042-control,86.2m-g042-control,fit,control,9,86180184,1303904256.0,0.0,0.0,0.0,0.7666112500579944,0.7791324832157205,,,above_range,above_range
fw26_ai,86.2m-g042-ai-r1,86.2m-g042-control,fit,ai,9,86180184,1285432391.0,1322900409.0,1.0291481825589068,0.5071823691363311,0.6397321306678112,0.6468880199567661,2.42671225613225,1.9495457122591437,ok,ok
fw26_ai,86.2m-g043-control,86.2m-g043-control,fit,control,9,86180184,1303904256.0,0.0,0.0,0.0,0.7669823716605353,0.7791324832157205,,,above_range,above_range
fw26_ai,86.2m-g043-ai-r1,86.2m-g043-control,fit,ai,9,86180184,1285225852.0,1323106948.0,1.029474271732903,0.5072615534336723,0.6393529274781463,0.6468840471709618,2.455477574803036,1.9497792605004978,ok,ok
fw26_ai,86.2m-g044-control,86.2m-g044-control,fit,control,9,86180184,1626865664.0,0.0,0.0,0.0,0.7570706042970446,0.7682418427033155,,,above_range,above_range
fw26_ai,86.2m-g044-ai-r0.025,86.2m-g044-control,fit,ai,9,86180184,1626798155.0,40961973.0,0.025179505443931365,0.024561069851886996,0.7312269624569565,0.7448676375901603,0.3377973206930698,0.24897253252176205,ok,ok
fw26_ai,86.2m-g044-ai-r0.05,86.2m-g044-control,fit,ai,9,86180184,1626868982.0,81785610.0,0.05027178642219635,0.04786550212250271,0.7185114629001195,0.7301344530590166,0.4429146776024931,0.33803917414479545,ok,ok
fw26_ai,86.2m-g044-ai-r0.1,86.2m-g044-control,fit,ai,9,86180184,1626995880.0,163971928.0,0.10078201796061094,0.09155492760258481,0.7033771289558554,0.7110667293595307,0.6093215570643763,0.5048646419107519,ok,ok
fw26_ai,86.2m-g044-ai-r0.25,86.2m-g044-control,fit,ai,9,86180184,1626862155.0,411045301.0,0.2526614192460578,0.2016996894485085,0.6768801752833872,0.6822106810062943,1.0615592215186418,0.9205629578051143,ok,ok
fw26_ai,86.2m-g044-ai-r0.5,86.2m-g044-control,fit,ai,9,86180184,1626742133.0,827449995.0,0.5086546774773921,0.3371577903618799,0.6557122991609727,0.6600676935555411,1.5952315668818375,1.4066258709816053,ok,ok
fw26_ai,86.2m-g044-ai-r1,86.2m-g044-control,fit,ai,9,86180184,1626772908.0,1670998612.0,1.0271861571965644,0.5067053923735747,0.6344719630615834,0.6396118268809057,2.2640863392805746,1.926564033090554,ok,ok
fw26_ai,86.2m-g044-ai-r2,86.2m-g044-control,fit,ai,9,86180184,1626867106.0,3384801886.0,2.0805644625283857,0.6753841667123414,0.6170144047333749,0.6219738412846623,2.6527942371655695,2.2408896013154975,ok,ok
fw26_ai,86.2m-g044-ai-r4,86.2m-g044-control,fit,ai,9,86180184,1626854154.0,6853504246.0,4.212734269478959,0.8081620991395836,0.604068858240566,0.6074841408185726,,2.1947003643235092,below_range,ok
fw26_ai,86.2m-g044-ai-r8,86.2m-g044-control,fit,ai,9,86180184,1626845231.0,13839650769.0,8.507048184597714,0.8948148804357496,0.5942734335130414,0.5957835993034805,,,below_range,below_range
fw26_ai,86.2m-g044-human-r0.025,86.2m-g044-control,fit,human,9,86180184,1667760128.0,0.0,0.0,0.0,0.756372851715327,0.7670381206416645,0.19414814553372192,,ok,above_range
fw26_ai,86.2m-g044-human-r0.05,86.2m-g044-control,fit,human,9,86180184,1708654592.0,0.0,0.0,0.0,0.755767810957459,0.7658670362708861,0.19196038032345972,,ok,above_range
fw26_ai,86.2m-g044-human-r2,86.2m-g044-control,fit,human,9,86180184,5011668992.0,0.0,0.0,0.0,0.7263475281755019,0.7171594866852535,0.12573161930836885,0.15591977442136978,ok,ok
fw26_ai,86.2m-g045-control,86.2m-g045-control,fit,control,9,86180184,2608332800.0,0.0,0.0,0.0,0.7415110414172409,0.7459610379898365,0.17142279432972207,0.15542229073458227,ok,ok
fw26_ai,86.2m-g045-ai-r0.05,86.2m-g045-control,fit,ai,9,86180184,2607699478.0,130656746.0,0.05010421910281181,0.04771356803577065,0.7035964370166141,0.7100678098059244,0.3963586335371938,0.33827872314016194,ok,ok
fw26_ai,86.2m-g045-ai-r0.1,86.2m-g045-control,fit,ai,9,86180184,2607447056.0,261456880.0,0.10027313091491588,0.09113476290340312,0.6869947174681176,0.6921581980759328,0.57665275461131,0.5045848607776958,ok,ok
fw26_ai,86.2m-g045-ai-r0.25,86.2m-g045-control,fit,ai,9,86180184,2602877869.0,657144915.0,0.2524685936388051,0.20157678597377557,0.6633617827137787,0.6649892050595887,0.9641045795336296,0.9208252332765391,ok,ok
fw26_ai,86.2m-g045-ai-r0.5,86.2m-g045-control,fit,ai,9,86180184,2595252470.0,1316984586.0,0.5074591398038434,0.33663210259209814,0.642243702813582,0.6445469970170639,1.4971458440323249,1.3953139974274074,ok,ok
fw26_ai,86.2m-g045-ai-r1,86.2m-g045-control,fit,ai,9,86180184,2577902399.0,2638763201.0,1.0236086525322328,0.5058333048988227,0.6252520900767524,0.6261847439793756,1.9298298505020417,1.8712885440871923,ok,ok
fw26_ai,86.2m-g046-control,86.2m-g046-control,fit,control,9,86180184,3254255616.0,0.0,0.0,0.0,0.7361525142524932,0.7359475722460498,0.15485118999882463,0.15556651429103913,ok,ok
fw26_ai,86.2m-g046-ai-r0.05,86.2m-g046-control,fit,ai,9,86180184,3254379963.0,162929221.0,0.05006459689783924,0.047677635305240204,0.6988203387239635,0.7010154441068281,0.357741966253318,0.33862876271234227,ok,ok
fw26_ai,86.2m-g046-ai-r0.1,86.2m-g046-control,fit,ai,9,86180184,3254119469.0,326243283.0,0.10025547190504824,0.0911201756910692,0.6821533490380365,0.6835823772298821,0.5247719963580598,0.5053175917664144,ok,ok
fw26_ai,86.2m-g046-ai-r0.25,86.2m-g046-control,fit,ai,9,86180184,3254283893.0,819433867.0,0.25180159259080354,0.2011513598330386,0.6580944571873828,0.6572262319263127,0.8968963917897177,0.9196967890986919,ok,ok
fw26_ai,86.2m-g046-ai-r0.5,86.2m-g046-control,fit,ai,9,86180184,3254383451.0,1649282213.0,0.5067879178445343,0.33633659511253333,0.6383645280267922,0.6373934684894594,1.3469638966126218,1.3885250999763135,ok,ok
fw26_ai,86.2m-g046-ai-r1,86.2m-g046-control,fit,ai,9,86180184,3254252614.0,3328707514.0,1.0228792625623746,0.5056551231172822,0.6202315307559629,0.6197776378873241,1.8093610229862154,1.8374480169747776,ok,ok
fw26_ai,86.2m-g047-control,86.2m-g047-control,fit,control,9,86180184,3912237056.0,0.0,0.0,0.0,0.7316861426367496,0.7278152356139792,0.1425023726353645,0.1557044335506614,ok,ok
fw26_ai,86.2m-g047-ai-r0.05,86.2m-g047-control,fit,ai,9,86180184,3912037492.0,195758988.0,0.050040161527163604,0.04765547391481284,0.6931083064600319,0.693673238919589,0.3439364401950735,0.33901014289497966,ok,ok
fw26_ai,86.2m-g047-ai-r0.1,86.2m-g047-control,fit,ai,9,86180184,3911510493.0,391845411.0,0.10017751753478422,0.09105577594355534,0.677776698799562,0.6766515761334295,0.49071944701696296,0.5058257228926517,ok,ok
fw26_ai,86.2m-g047-ai-r0.25,86.2m-g047-control,fit,ai,9,86180184,3907130198.0,983428266.0,0.25170092015449136,0.20108710962953125,0.654039917346396,0.6509844500042099,0.8406166158100409,0.9198790354693398,ok,ok
fw26_ai,86.2m-g047-ai-r0.5,86.2m-g047-control,fit,ai,9,86180184,3895919307.0,1972436277.0,0.5062826310226759,0.33611396732294535,0.6351020615274424,0.6318714898316207,1.2471507894765603,1.3825041962929814,ok,ok
fw26_ai,86.2m-g047-ai-r1,86.2m-g047-control,fit,ai,9,86180184,3869836064.0,3955162336.0,1.0220490663141435,0.50545215907009,0.6170333179613999,0.615205140164551,1.6979261821362404,1.8087857315297753,ok,ok
fw26_ai,86.2m-g047-ai-r2.07,86.2m-g047-control,fit,ai,9,86180184,3823103376.0,7914132080.0,2.0700805868033636,0.674275651167443,0.6033085746029091,0.6023552125301426,,,below_range,below_range
fw26_ai,86.2m-g047-ai-r4.2,86.2m-g047-control,fit,ai,9,86180184,3762827625.0,15799406231.0,4.198812118320196,0.8076483671190808,0.5926110275010846,0.5934334993659662,,,below_range,below_range
fw26_ai,86.2m-g048-control,86.2m-g048-control,fit,control,9,86180184,3912237056.0,0.0,0.0,0.0,0.7314044511471677,0.7278152356139792,0.1434194614543887,0.1557044335506614,ok,ok
fw26_ai,86.2m-g048-ai-r0.25,86.2m-g048-control,fit,ai,9,86180184,3906974806.0,983583658.0,0.2517507040202808,0.2011188835058981,0.6540291405669232,0.6509801929525303,0.8408822409625659,0.9199952157703081,ok,ok
fw26_ai,86.2m-g048-ai-r1,86.2m-g048-control,fit,ai,9,86180184,3869780602.0,3955217798.0,1.0220780464804242,0.5054592468670664,0.6178219629625102,0.61520490383852,1.6525205344430063,1.8088005885833074,ok,ok
fw26_ai,86.2m-g049-control,86.2m-g049-control,fit,control,9,86180184,4715970560.0,0.0,0.0,0.0,0.7280712413348072,0.7197465996706984,0.1284095025856902,0.1558634402602702,ok,ok
fw26_ai,86.2m-g049-ai-r0.05,86.2m-g049-control,fit,ai,9,86180184,4715924924.0,235975236.0,0.05003795433618739,0.04765347207646448,0.6899944505925337,0.6863741370998537,0.30906938737860373,0.339541784817098,ok,ok
fw26_ai,86.2m-g049-ai-r0.1,86.2m-g049-control,fit,ai,9,86180184,4716098026.0,472256022.0,0.10013702416625722,0.09102231991705435,0.6738916159356882,0.6697538105666968,0.45216491987209506,0.5065719044384339,ok,ok
fw26_ai,86.2m-g049-ai-r0.25,86.2m-g049-control,fit,ai,9,86180184,4715867425.0,1186566879.0,0.25161158532780425,0.201030086551896,0.6502753351160103,0.6447135769067929,0.7784072643759582,0.9201626581246256,ok,ok
fw26_ai,86.2m-g049-ai-r0.5,86.2m-g049-control,fit,ai,9,86180184,4716015950.0,2386513586.0,0.5060444263340543,0.3360089632719832,0.6312977566305495,0.6261550017100839,1.163545847178911,1.3757719442303644,ok,ok
fw26_ai,86.2m-g049-ai-r1,86.2m-g049-control,fit,ai,9,86180184,4715916792.0,4817736200.0,1.0215905861979424,0.5053399996877084,0.6145259601708006,0.6101739099393911,1.5201330388552172,1.7723512902512963,ok,ok
fw26_ai,86.2m-g049-ai-r2,86.2m-g049-control,fit,ai,9,86180184,4715903433.0,9760212535.0,2.069637912155272,0.6742286782293896,0.6001801555199071,0.598272964749901,,,below_range,below_range
fw26_ai,86.2m-g049-ai-r4,86.2m-g049-control,fit,ai,9,86180184,4715968696.0,19806553928.0,4.199890882396986,0.8076882721933135,0.5903471053286559,0.5907320865911041,,,below_range,below_range
fw26_ai,86.2m-g050-control,86.2m-g050-control,fit,control,9,86180184,5216665600.0,0.0,0.0,0.0,0.7255612083014696,0.7154644023245351,0.12300851615797151,0.15595822629041173,ok,ok
fw26_ai,86.2m-g050-ai-r0.05,86.2m-g050-control,fit,ai,9,86180184,5216204633.0,261032103.0,0.05004253501647469,0.04765762657004132,0.6875033966209351,0.6825020942331634,0.29806662372833986,0.3398795770275367,ok,ok
fw26_ai,86.2m-g050-ai-r0.1,86.2m-g050-control,fit,ai,9,86180184,5216159127.0,522173033.0,0.10010680661506591,0.090997352268991,0.6718703792760835,0.6661048816560649,0.4320704866360961,0.5069974241344264,ok,ok
fw26_ai,86.2m-g050-ai-r0.25,86.2m-g050-control,fit,ai,9,86180184,5210440397.0,1310129459.0,0.2514431332434643,0.20092254019707567,0.6488002958437945,0.6414646588082202,0.7363177717093414,0.9200612576898296,ok,ok
fw26_ai,86.2m-g050-ai-r0.5,86.2m-g050-control,fit,ai,9,86180184,5196734044.0,2628264356.0,0.5057531006487659,0.33588049756022953,0.6299290043932383,0.623322734036144,1.1038584888429155,1.3717930566622358,ok,ok
fw26_ai,86.2m-g050-ai-r1,86.2m-g050-control,fit,ai,9,86180184,5161724880.0,5271606320.0,1.0212877366683673,0.5052658847828008,0.6123118132734988,0.6079490183831852,1.5012284561761775,1.7541513675294995,ok,ok
fw26_ai,86.2m-g051-control,86.2m-g051-control,fit,control,9,86180184,6288310272.0,0.0,0.0,0.0,0.7226346184281806,0.7076720100598191,0.10923437181689291,0.15615219599280353,ok,ok
fw26_ai,86.2m-g051-ai-r0.05,86.2m-g051-control,fit,ai,9,86180184,6288142059.0,314216725.0,0.04996972429245177,0.047591585867987875,0.6838998227077092,0.6754828021705321,0.2717430746302996,0.3402841778917752,ok,ok
fw26_ai,86.2m-g051-ai-r0.1,86.2m-g051-control,fit,ai,9,86180184,6288216839.0,629239033.0,0.10006637002359899,0.09096393885893661,0.6701416956713773,0.6594518626563086,0.37589624753664513,0.5079407234300912,ok,ok
fw26_ai,86.2m-g051-ai-r0.25,86.2m-g051-control,fit,ai,9,86180184,6288381385.0,1581181495.0,0.25144491057296137,0.20092367506440206,0.6457787268734474,0.6354207048558168,0.6681967873335871,0.9206725768457812,ok,ok
fw26_ai,86.2m-g051-ai-r0.5,86.2m-g051-control,fit,ai,9,86180184,6288366448.0,3179750544.0,0.5056560507874525,0.33583769050242,0.6268711336158067,0.6178618772323066,1.0080014721381338,1.3638698847644122,ok,ok
fw26_ai,86.2m-g051-ai-r1,86.2m-g051-control,fit,ai,9,86180184,6288366599.0,6421423097.0,1.0211591509345461,0.5052344098990825,0.6106681593964641,0.6032365730190888,1.306238884717712,,ok,below_range
fw26_ai,86.2m-g052-control,86.2m-g052-control,fit,control,9,86180184,6520569856.0,0.0,0.0,0.0,0.7217710776026801,0.7061795897381371,0.1074927772990998,0.1561928502254692,ok,ok
fw26_ai,86.2m-g052-ai-r0.05,86.2m-g052-control,fit,ai,9,86180184,6520688995.0,325987997.0,0.04999287609790382,0.0476125859860047,0.6838296160392151,0.674121813920174,0.2625313064194245,0.34050419319231623,ok,ok
fw26_ai,86.2m-g052-ai-r0.1,86.2m-g052-control,fit,ai,9,86180184,6519990305.0,652793823.0,0.10012190087144615,0.09100982426777977,0.6676974065787142,0.6581654091147032,0.3879508302050563,0.5083421025019424,ok,ok
fw26_ai,86.2m-g052-ai-r0.25,86.2m-g052-control,fit,ai,9,86180184,6512978789.0,1637602459.0,0.2514367867688752,0.20091848779519092,0.6451778585765693,0.6343103767516529,0.6570215026572397,0.9207766038033435,ok,ok
fw26_ai,86.2m-g052-ai-r0.5,86.2m-g052-control,fit,ai,9,86180184,6495718377.0,3285398551.0,0.5057790932921167,0.33589196154020257,0.6263880263721849,0.6169430033427614,0.9913728615379911,1.3625914939993862,ok,ok
fw26_ai,86.2m-g052-ai-r1,86.2m-g052-control,fit,ai,9,86180184,6451827283.0,6589836717.0,1.0213907514796068,0.5052910975930679,0.6094902186978487,0.6026362865008217,1.3276668193865457,,ok,below_range
fw26_ai,86.2m-g053-control,86.2m-g053-control,fit,control,9,86180184,7540834304.0,0.0,0.0,0.0,0.7183542908930164,0.7002630556712219,0.10073238349624922,0.15636647758918848,ok,ok
fw26_ai,86.2m-g053-ai-r0.05,86.2m-g053-control,fit,ai,9,86180184,7540691136.0,376581952.0,0.04993997833993767,0.04756460309178614,0.6809061053882726,0.6687944232614176,0.24530471645339597,0.34090987562768155,ok,ok
fw26_ai,86.2m-g053-ai-r0.1,86.2m-g053-control,fit,ai,9,86180184,7540693279.0,754591457.0,0.10006924152470889,0.09096631170780826,0.6663271336823594,0.653121753293852,0.348542865295501,0.5091382486745643,ok,ok
fw26_ai,86.2m-g053-ai-r0.25,86.2m-g053-control,fit,ai,9,86180184,7540636584.0,1894974552.0,0.25130166808739024,0.20083220097636714,0.6428275052163467,0.6297415373328268,0.6097303790260866,0.9210148341859301,ok,ok
fw26_ai,86.2m-g053-ai-r0.5,86.2m-g053-control,fit,ai,9,86180184,7540871733.0,3813109195.0,0.5056589383841732,0.33583896425230986,0.6252002380471955,0.61281174284381,0.8881970791463856,1.3554147818545974,ok,ok
fw26_ai,86.2m-g053-ai-r1,86.2m-g053-control,fit,ai,9,86180184,7540772160.0,7696609984.0,1.0206660300422072,0.5051136679032942,0.6090799429926936,0.5991075952700398,1.1531855428654139,,ok,below_range
fw26_ai,135m-g054-control,135m-g054-control,fit,control,12,135266786,550502400.0,0.0,0.0,0.0,0.7896734922959632,0.7922857702342907,,,above_range,above_range
fw26_ai,135m-g054-ai-r0.0025,135m-g054-control,fit,ai,12,135266786,550144948.0,1406028.0,0.0025557410008243864,0.0025492258398251842,0.7855385724827206,0.788837810323765,,,above_range,above_range
fw26_ai,135m-g054-ai-r0.005,135m-g054-control,fit,ai,12,135266786,550334542.0,2789298.0,0.005068368032766513,0.005042809219721934,0.7802841423844091,0.7856195925940548,,,above_range,above_range
fw26_ai,135m-g054-ai-r0.01,135m-g054-control,fit,ai,12,135266786,550153635.0,5591645.0,0.010163788157102697,0.010061524948983823,0.7761068396241285,0.779732785911796,,,above_range,above_range
fw26_ai,135m-g054-ai-r0.025,135m-g054-control,fit,ai,12,135266786,550015276.0,14118612.0,0.02566949067792801,0.02502705882473063,0.7632518833141165,0.7652811503815647,,,above_range,above_range
fw26_ai,135m-g054-ai-r0.05,135m-g054-control,fit,ai,12,135266786,549643924.0,28121452.0,0.051163036235073525,0.0486727885888406,0.7492865925422831,0.7483986095759813,,,above_range,above_range
fw26_ai,135m-g054-ai-r0.1,135m-g054-control,fit,ai,12,135266786,549253436.0,56299204.0,0.10250132326891806,0.09297161019725717,0.7316228425233341,0.7265460238155861,,,above_range,above_range
fw26_ai,135m-g054-ai-r0.25,135m-g054-control,fit,ai,12,135266786,547236621.0,140629235.0,0.2569806727170768,0.20444281944414464,0.699099958446518,0.6934076901368752,0.8158195677099245,0.9295587577936529,ok,ok
fw26_ai,135m-g054-ai-r0.5,135m-g054-control,fit,ai,12,135266786,544441802.0,281311798.0,0.5166976469598857,0.34067280845036585,0.6702081897173983,0.667624933174995,1.3484324574609186,1.4378065806877376,ok,ok
fw26_ai,135m-g054-ai-r1,135m-g054-control,fit,ai,12,135266786,539345999.0,561658801.0,1.0413701075772697,0.5101329267592657,0.640116362156747,0.6429644434947297,2.2089272366396604,2.044643978609436,ok,ok
fw26_ai,135m-g054-ai-r2,135m-g054-control,fit,ai,12,135266786,550450444.0,1160301300.0,2.1079123700370745,0.6782406062536214,0.6108039688621402,0.619033608174978,3.30119501563323,2.5818705949153316,ok,ok
fw26_ai,135m-g054-ai-r4,135m-g054-control,fit,ai,12,135266786,550497751.0,2347242025.0,4.263853977125512,0.8100251252512745,0.5882745313394395,0.5980725014546575,3.987346265814447,2.8965964477425024,ok,ok
fw26_ai,135m-g054-ai-r8,135m-g054-control,fit,ai,12,135266786,550493279.0,4730659745.0,8.593492283127402,0.8957626721857321,0.5709335066647152,0.5793540568372919,3.9931590751696047,2.9631163454596043,ok,ok
fw26_ai,135m-g054-ai-r16,135m-g054-control,fit,ai,12,135266786,550515579.0,9460763781.0,17.18527893104366,0.9450104667741487,0.5589530889016101,0.5628493773999503,,2.83965894946734,below_range,ok
fw26_ai,135m-g054-human-r0.0025,135m-g054-control,fit,human,12,135266786,551550976.0,0.0,0.0,0.0,0.7897009878463302,0.7921804484784181,,,above_range,above_range
fw26_ai,135m-g054-human-r0.005,135m-g054-control,fit,human,12,135266786,553123840.0,0.0,0.0,0.0,0.7897418157212469,0.7920228859224545,,,above_range,above_range
fw26_ai,135m-g054-human-r0.01,135m-g054-control,fit,human,12,135266786,555745280.0,0.0,0.0,0.0,0.7904502363570615,0.7917613943871251,,,above_range,above_range
fw26_ai,135m-g054-human-r0.025,135m-g054-control,fit,human,12,135266786,564133888.0,0.0,0.0,0.0,0.7886446350349632,0.7909338203582108,,,above_range,above_range
fw26_ai,135m-g054-human-r0.05,135m-g054-control,fit,human,12,135266786,577765376.0,0.0,0.0,0.0,0.7872752768282396,0.7896180005281184,,,above_range,above_range
fw26_ai,135m-g054-human-r8,135m-g054-control,fit,human,12,135266786,4954521600.0,0.0,0.0,0.0,0.6870679265529586,0.6854719295019626,0.14962210475849005,0.15536289157972966,ok,ok
fw26_ai,135m-g055-control,135m-g055-control,fit,control,12,135266786,550502400.0,0.0,0.0,0.0,0.7866397760079172,0.7922857702342907,,,above_range,above_range
fw26_ai,135m-g055-ai-r0.025,135m-g055-control,fit,ai,12,135266786,550148949.0,13984939.0,0.025420277591041984,0.024790106209680494,0.7614669428059035,0.7654689893436688,,,above_range,above_range
fw26_ai,135m-g055-ai-r0.05,135m-g055-control,fit,ai,12,135266786,549704771.0,28060605.0,0.05104668265649817,0.048567474212923414,0.7472835010507077,0.7484575112560472,,,above_range,above_range
fw26_ai,135m-g055-human-r0.025,135m-g055-control,fit,human,12,135266786,564133888.0,0.0,0.0,0.0,0.7859540410714312,0.7909338203582108,,,above_range,above_range
fw26_ai,135m-g055-human-r0.05,135m-g055-control,fit,human,12,135266786,577765376.0,0.0,0.0,0.0,0.7843518958497642,0.7896180005281184,,,above_range,above_range
fw26_ai,135m-g056-control,135m-g056-control,fit,control,12,135266786,550502400.0,0.0,0.0,0.0,0.791744089278801,0.7922857702342907,,,above_range,above_range
fw26_ai,135m-g056-ai-r0.025,135m-g056-control,fit,ai,12,135266786,550093654.0,14040234.0,0.02552335206542848,0.02488812372143827,0.7652603751651946,0.7653911959122768,,,above_range,above_range
fw26_ai,135m-g056-ai-r0.05,135m-g056-control,fit,ai,12,135266786,549661239.0,28104137.0,0.05112992331627735,0.048642819676338656,0.7509917156572501,0.748415363073758,,,above_range,above_range
fw26_ai,135m-g056-human-r0.025,135m-g056-control,fit,human,12,135266786,564133888.0,0.0,0.0,0.0,0.7899406734365085,0.7909338203582108,,,above_range,above_range
fw26_ai,135m-g056-human-r0.05,135m-g056-control,fit,human,12,135266786,577765376.0,0.0,0.0,0.0,0.7872372269365545,0.7896180005281184,,,above_range,above_range
fw26_ai,135m-g057-control,135m-g057-control,fit,control,12,135266786,638582784.0,0.0,0.0,0.0,0.7788212833467493,0.7841435315856463,,,above_range,above_range
fw26_ai,135m-g057-ai-r0.0025,135m-g057-control,fit,ai,12,135266786,638534146.0,1621502.0,0.002539413138917711,0.0025329808540562933,0.7748610911976551,0.7807470437925198,,,above_range,above_range
fw26_ai,135m-g057-ai-r0.005,135m-g057-control,fit,ai,12,135266786,638508364.0,3220148.0,0.005043235424242618,0.0050179288278218185,0.7697519471286425,0.7776162201516683,,,above_range,above_range
fw26_ai,135m-g057-ai-r0.01,135m-g057-control,fit,ai,12,135266786,638416779.0,6457461.0,0.010114804642376105,0.010013519845357755,0.7631974847168075,0.7718465268194126,,,above_range,above_range
fw26_ai,135m-g057-ai-r0.025,135m-g057-control,fit,ai,12,135266786,638477216.0,16358496.0,0.025621111591866107,0.024981068839446556,0.7492339574905228,0.7576207474872043,,,above_range,above_range
fw26_ai,135m-g057-ai-r0.05,135m-g057-control,fit,ai,12,135266786,638502962.0,32585678.0,0.05103449778514888,0.04855644404888153,0.7376224923085812,0.7410373462841415,,,above_range,above_range
fw26_ai,135m-g057-ai-r0.1,135m-g057-control,fit,ai,12,135266786,638386668.0,65207828.0,0.10214472085435218,0.09267813828947292,0.7196007026440318,0.7196025858696498,,,above_range,above_range
fw26_ai,135m-g057-ai-r0.25,135m-g057-control,fit,ai,12,135266786,638580891.0,163579749.0,0.2561613592035907,0.20392392850389668,0.6886161878772622,0.6869064338635016,0.89113927449333,0.9276566267473986,ok,ok
fw26_ai,135m-g057-ai-r0.5,135m-g057-control,fit,ai,12,135266786,638660815.0,328650545.0,0.5145932508791854,0.339756730449232,0.6601227590014677,0.66145826022621,1.483212834080707,1.4335922569910062,ok,ok
fw26_ai,135m-g057-ai-r1,135m-g057-control,fit,ai,12,135266786,638508246.0,662774570.0,1.0380047151340939,0.5093240007866207,0.6318438667383934,0.6369806030740366,2.3494873835132015,2.0367251033897595,ok,ok
fw26_ai,135m-g057-ai-r2,135m-g057-control,fit,ai,12,135266786,638513077.0,1342771275.0,2.1029659741800404,0.6777276939801925,0.605365443261433,0.6142971466210619,3.3677812352228838,2.5656343603145246,ok,ok
fw26_ai,135m-g057-ai-r4,135m-g057-control,fit,ai,12,135266786,638586406.0,2717381082.0,4.2553068096473075,0.8097161524110689,0.5843597435058603,0.5938774755758602,3.9271269779072524,2.8631177477706347,ok,ok
fw26_ai,135m-g057-ai-r8,135m-g057-control,fit,ai,12,135266786,638587681.0,5476183263.0,8.5754602319051,0.8955663774083636,0.5681403956438813,0.5757173083687688,3.8182204697579087,2.9067128665496984,ok,ok
fw26_ai,135m-g057-ai-r16,135m-g057-control,fit,ai,12,135266786,638570429.0,10961301571.0,17.165376085712857,0.9449502176403326,0.5565080556884838,0.559744624331481,,,below_range,below_range
fw26_ai,135m-g057-ai-r32,135m-g057-control,fit,ai,12,135266786,638574888.0,21962956504.0,34.39370529083505,0.9717463884670209,0.546760811264744,0.5458688714544393,,,below_range,below_range
fw26_ai,135m-g057-human-r0.0025,135m-g057-control,fit,human,12,135266786,640155648.0,0.0,0.0,0.0,0.7775472693149516,0.7840098025792973,,,above_range,above_range
fw26_ai,135m-g057-human-r0.005,135m-g057-control,fit,human,12,135266786,641728512.0,0.0,0.0,0.0,0.7777080601813596,0.7838764413492175,,,above_range,above_range
fw26_ai,135m-g057-human-r0.01,135m-g057-control,fit,human,12,135266786,644874240.0,0.0,0.0,0.0,0.7761165271548801,0.7836108145958298,,,above_range,above_range
fw26_ai,135m-g057-human-r0.025,135m-g057-control,fit,human,12,135266786,654835712.0,0.0,0.0,0.0,0.7772066337093588,0.7827791479720763,,,above_range,above_range
fw26_ai,135m-g057-human-r0.05,135m-g057-control,fit,human,12,135266786,671088640.0,0.0,0.0,0.0,0.7755831743240693,0.7814522036095866,,,above_range,above_range
fw26_ai,135m-g057-human-r0.5,135m-g057-control,fit,human,12,135266786,957874176.0,0.0,0.0,0.0,0.7511843510890654,0.762630251413754,,,above_range,above_range
fw26_ai,135m-g057-human-r8,135m-g057-control,fit,human,12,135266786,6114770944.0,0.0,0.0,0.0,0.6817259426025347,0.6766540437016121,0.13760921163566933,0.15548951247577625,ok,ok
fw26_ai,135m-g058-control,135m-g058-control,fit,control,12,135266786,2202009600.0,0.0,0.0,0.0,0.7100852472559815,0.7216340523934563,,,above_range,above_range
fw26_ai,135m-g058-ai-r0.0025,135m-g058-control,fit,ai,12,135266786,2201786294.0,5466186.0,0.00248261423685654,0.002476466126793071,0.7046778156165956,0.7187740308421972,,,above_range,above_range
fw26_ai,135m-g058-ai-r0.005,135m-g058-control,fit,ai,12,135266786,2201948906.0,11070742.0,0.005027701582826827,0.00500255025300164,0.7012689050130702,0.7160260588415367,0.24140750872246922,,ok,above_range
fw26_ai,135m-g058-ai-r0.01,135m-g058-control,fit,ai,12,135266786,2201876395.0,22153301.0,0.010061101091008336,0.009960883633812775,0.6959592733456361,0.7110871688856488,0.2710937993954751,,ok,above_range
fw26_ai,135m-g058-ai-r0.025,135m-g058-control,fit,ai,12,135266786,2201704625.0,55355215.0,0.025141980614225217,0.024525364378465038,0.6836884924961011,0.6991271511740541,0.3557687465445097,0.24847699120010558,ok,ok
fw26_ai,135m-g058-ai-r0.05,135m-g058-control,fit,ai,12,135266786,2201638542.0,110471538.0,0.05017696406225069,0.04777953219251568,0.6715174547105587,0.6849393084350464,0.4662610115437956,0.33714309735649883,ok,ok
fw26_ai,135m-g058-ai-r0.1,135m-g058-control,fit,ai,12,135266786,2200865978.0,221344582.0,0.1005715860086779,0.0913812307052282,0.6553839654825585,0.6665681336488181,0.6691187204213381,0.5032746406232431,ok,ok
fw26_ai,135m-g058-ai-r0.25,135m-g058-control,fit,ai,12,135266786,2198073564.0,554438436.0,0.2522383441030275,0.2014299795968192,0.6298660169899639,0.6386763892752518,1.1743683513025762,0.9190420763571525,ok,ok
fw26_ai,135m-g058-ai-r0.5,135m-g058-control,fit,ai,12,135266786,2190490412.0,1112523988.0,0.5078880883957961,0.33682081071157305,0.6095313378370754,0.6171781046888203,1.7772888322593934,1.4124896794073787,ok,ok
fw26_ai,135m-g058-ai-r1,135m-g058-control,fit,ai,12,135266786,2174864563.0,2229154637.0,1.0249625079757207,0.5061636963344756,0.5897146493176022,0.5970990075222256,2.501044773224693,1.9662086633656408,ok,ok
fw26_ai,135m-g058-ai-r2,135m-g058-control,fit,ai,12,135266786,2202032535.0,4570719849.0,2.0756822509890847,0.6748688848861362,0.5716808479927037,0.5786987121981197,3.0308279841423493,2.3637806230357086,ok,ok
fw26_ai,135m-g058-ai-r2.07,135m-g058-control,fit,ai,12,135266786,2149048272.0,4456980528.0,2.073932254603167,0.6746837870279948,0.572802592634124,0.5793531517757344,2.984549413647872,2.3689213232126183,ok,ok
fw26_ai,135m-g058-ai-r4,135m-g058-control,fit,ai,12,135266786,2202021303.0,9257865801.0,4.204258055263692,0.8078496513083974,0.5584560817670265,0.563267655953607,,2.4418917176215653,below_range,ok
fw26_ai,135m-g058-ai-r4.2,135m-g058-control,fit,ai,12,135266786,2116022196.0,8894025804.0,4.2031817155853695,0.8078099027361189,0.5587422354856877,0.5641330643319039,,2.4603471309473854,below_range,ok
fw26_ai,135m-g058-human-r0.0025,135m-g058-control,fit,human,12,135266786,2207252480.0,0.0,0.0,0.0,0.7097427164374123,0.7215227383241614,,,above_range,above_range
fw26_ai,135m-g058-human-r0.005,135m-g058-control,fit,human,12,135266786,2213019648.0,0.0,0.0,0.0,0.7105836094678433,0.7214006346301753,,,above_range,above_range
fw26_ai,135m-g058-human-r0.01,135m-g058-control,fit,human,12,135266786,2224029696.0,0.0,0.0,0.0,0.7099055062547699,0.7211685148827132,,,above_range,above_range
fw26_ai,135m-g058-human-r0.025,135m-g058-control,fit,human,12,135266786,2257059840.0,0.0,0.0,0.0,0.7097150104186566,0.7204798088667681,,,above_range,above_range
fw26_ai,135m-g058-human-r0.05,135m-g058-control,fit,human,12,135266786,2312110080.0,0.0,0.0,0.0,0.70869576687485,0.7193566973196168,,,above_range,above_range
fw26_ai,135m-g058-human-r4,135m-g058-control,fit,human,12,135266786,11010048000.0,0.0,0.0,0.0,0.6714433808101121,0.6531641568504023,0.0980937544088783,0.15595720203079183,ok,ok
fw26_ai,135m-g059-control,135m-g059-control,fit,control,12,135266786,2202009600.0,0.0,0.0,0.0,0.7126448490859796,0.7216340523934563,,,above_range,above_range
fw26_ai,135m-g059-ai-r0.25,135m-g059-control,fit,ai,12,135266786,2197250444.0,555261556.0,0.2527074496747718,0.20172902279808408,0.6306745248205486,0.6386320563504487,1.1478784538237052,0.9201592863948688,ok,ok
fw26_ai,135m-g059-ai-r1,135m-g059-control,fit,ai,12,135266786,2174290112.0,2229729088.0,1.0254975063787624,0.5062941342308408,0.5896713551721149,0.5970926356395655,2.504632584147328,1.966610511271578,ok,ok
fw26_ai,135m-g060-control,135m-g060-control,fit,control,12,135266786,2202009600.0,0.0,0.0,0.0,0.7109231937289745,0.7216340523934563,,,above_range,above_range
fw26_ai,135m-g060-ai-r0.025,135m-g060-control,fit,ai,12,135266786,2202732537.0,54327303.0,0.02466359491560913,0.024069943577570366,0.6847790050251489,0.6994355238217991,0.3466800162719864,0.24674105058063267,ok,ok
fw26_ai,135m-g060-ai-r0.05,135m-g060-control,fit,ai,12,135266786,2203268720.0,108841360.0,0.049399947910121464,0.04707447147153132,0.6719252686338054,0.685277429443319,0.4616009047856031,0.3344555549613201,ok,ok
fw26_ai,135m-g060-ai-r0.25,135m-g060-control,fit,ai,12,135266786,2197680121.0,554831879.0,0.25246252796223023,0.20157291920979817,0.6293685864249022,0.6386551906231486,1.1910079313245192,0.9195761015555304,ok,ok
fw26_ai,135m-g060-ai-r1,135m-g060-control,fit,ai,12,135266786,2174297180.0,2229722020.0,1.0254909220826933,0.5062925293332055,0.5888817111942697,0.5970927140254285,2.5711051372534497,1.9666055672396583,ok,ok
fw26_ai,135m-g060-human-r0.025,135m-g060-control,fit,human,12,135266786,2257059840.0,0.0,0.0,0.0,0.7103409324336036,0.7204798088667681,,,above_range,above_range
fw26_ai,135m-g060-human-r0.05,135m-g060-control,fit,human,12,135266786,2312110080.0,0.0,0.0,0.0,0.709549769791676,0.7193566973196168,,,above_range,above_range
fw26_ai,135m-g061-control,135m-g061-control,fit,control,12,135266786,2202009600.0,0.0,0.0,0.0,0.7126603868399454,0.7216340523934563,,,above_range,above_range
fw26_ai,135m-g061-ai-r0.025,135m-g061-control,fit,ai,12,135266786,2202723312.0,54336528.0,0.02466788620431144,0.024074030753212107,0.6838285158182081,0.699432745520871,0.3545869032175052,0.2467566297394926,ok,ok
fw26_ai,135m-g061-ai-r0.05,135m-g061-control,fit,ai,12,135266786,2203329924.0,108780156.0,0.049370797725343286,0.04704800041354432,0.6716750396745946,0.6852901834389252,0.4644540448132323,0.3343546521464612,ok,ok
fw26_ai,135m-g061-ai-r0.25,135m-g061-control,fit,ai,12,135266786,2197730660.0,554781340.0,0.2524337263420623,0.20155455816359746,0.6296856924626515,0.6386579128403329,1.1803699587183096,0.9195075053666023,ok,ok
fw26_ai,135m-g061-ai-r1,135m-g061-control,fit,ai,12,135266786,2175391295.0,2228627905.0,1.024472199609496,0.5060440937678019,0.5888355313376556,0.5971048520212466,2.5750540302423013,1.9658401570074147,ok,ok
fw26_ai,135m-g061-human-r0.025,135m-g061-control,fit,human,12,135266786,2257059840.0,0.0,0.0,0.0,0.7093813352320901,0.7204798088667681,,,above_range,above_range
fw26_ai,135m-g061-human-r0.05,135m-g061-control,fit,human,12,135266786,2312110080.0,0.0,0.0,0.0,0.7084634935623709,0.7193566973196168,,,above_range,above_range
fw26_ai,135m-g062-control,135m-g062-control,fit,control,12,135266786,2202009600.0,0.0,0.0,0.0,0.7105788834051682,0.7216340523934563,,,above_range,above_range
fw26_ai,135m-g062-ai-r0.25,135m-g062-control,fit,ai,12,135266786,2198426776.0,554085224.0,0.252037152225806,0.20130165608723957,0.629818199769086,0.638695432726656,1.1759564614280458,0.9185626413899244,ok,ok
fw26_ai,135m-g062-ai-r1,135m-g062-control,fit,ai,12,135266786,2175029112.0,2228990088.0,1.0248093120695665,0.5061263329642159,0.5891158862033488,0.5971008331232027,2.5511859072506344,1.9660935474919106,ok,ok
fw26_ai,135m-g063-control,135m-g063-control,fit,control,12,135266786,2553806848.0,0.0,0.0,0.0,0.7050538547980704,0.7147572623269007,,,above_range,above_range
fw26_ai,135m-g063-ai-r0.0025,135m-g063-control,fit,ai,12,135266786,2553717761.0,6380543.0,0.002498531003481555,0.0024923039049050515,0.7002258486169541,0.7119275609202202,0.21366645622426989,,ok,above_range
fw26_ai,135m-g063-ai-r0.005,135m-g063-control,fit,ai,12,135266786,2553591780.0,12797980.0,0.005011756420989106,0.0049867639746193505,0.696305100837304,0.7092677808783189,0.23307342289075378,,ok,above_range
fw26_ai,135m-g063-ai-r0.01,135m-g063-control,fit,ai,12,135266786,2553831567.0,25665393.0,0.010049759479693988,0.009949766717305998,0.6902452570929621,0.7044049389328866,0.2667675150933521,,ok,above_range
fw26_ai,135m-g063-ai-r0.025,135m-g063-control,fit,ai,12,135266786,2553609026.0,64160958.0,0.025125599630458073,0.024509776791756505,0.679117176952965,0.6926591609346202,0.3422039905445074,0.2485253924605609,ok,ok
fw26_ai,135m-g063-ai-r0.05,135m-g063-control,fit,ai,12,135266786,2554051985.0,128205423.0,0.050196872950493215,0.04779758371348675,0.6662829712300847,0.6786965607160248,0.4577378691326491,0.33738011481702895,ok,ok
fw26_ai,135m-g063-ai-r0.1,135m-g063-control,fit,ai,12,135266786,2553653594.0,256530086.0,0.10045610203464425,0.09128587850883825,0.6504253023213612,0.6606923796636255,0.6565289639868827,0.5031811554405433,ok,ok
fw26_ai,135m-g063-ai-r0.25,135m-g063-control,fit,ai,12,135266786,2554022343.0,643610169.0,0.25199864471193467,0.20127709065525037,0.6255589669518311,0.6332736275963757,1.1428133456106528,0.9186194082829362,ok,ok
fw26_ai,135m-g063-ai-r0.5,135m-g063-control,fit,ai,12,135266786,2553919922.0,1295926862.0,0.5074265840665618,0.3366177759036761,0.6049736044873576,0.6121177386261293,1.7543922710849937,1.4097702822542626,ok,ok
fw26_ai,135m-g063-ai-r1,135m-g063-control,fit,ai,12,135266786,2553803612.0,2614627492.0,1.023816976260115,0.5058841724670496,0.5854961251763423,0.5923619037869952,2.4538071647090662,1.9532986573764521,ok,ok
fw26_ai,135m-g063-ai-r2,135m-g063-control,fit,ai,12,135266786,2553870961.0,5296817551.0,2.074034918712559,0.6746946516733742,0.5688680920918877,0.5749223760739637,2.8957279188067164,2.3285924554772026,ok,ok
fw26_ai,135m-g063-ai-r4,135m-g063-control,fit,ai,12,135266786,2553779147.0,10736397365.0,4.204121322555384,0.8078446027639937,0.5560122061300365,0.5601540176834697,,,below_range,below_range
fw26_ai,135m-g063-ai-r8,135m-g063-control,fit,ai,12,135266786,2553826118.0,21716513978.0,8.50352098168964,0.8947758412985364,0.5461406357350378,0.547866301719182,,,below_range,below_range
fw26_ai,135m-g063-human-r0.0025,135m-g063-control,fit,human,12,135266786,2560098304.0,0.0,0.0,0.0,0.7046486323291992,0.7146441361621811,,,above_range,above_range
fw26_ai,135m-g063-human-r0.005,135m-g063-control,fit,human,12,135266786,2566389760.0,0.0,0.0,0.0,0.7054010159211855,0.7145313211762301,,,above_range,above_range
fw26_ai,135m-g063-human-r0.01,135m-g063-control,fit,human,12,135266786,2579496960.0,0.0,0.0,0.0,0.7052946705336709,0.71429728235265,,,above_range,above_range
fw26_ai,135m-g063-human-r0.025,135m-g063-control,fit,human,12,135266786,2617769984.0,0.0,0.0,0.0,0.7047276387707873,0.7136214442043438,,,above_range,above_range
fw26_ai,135m-g063-human-r0.05,135m-g063-control,fit,human,12,135266786,2682257408.0,0.0,0.0,0.0,0.7035098417432758,0.7125073796401806,0.18936469050360638,,ok,above_range
fw26_ai,135m-g063-human-r0.5,135m-g063-control,fit,human,12,135266786,3830448128.0,0.0,0.0,0.0,0.6936202932582336,0.6965651333405154,0.16611068336688023,0.15523076373865977,ok,ok
fw26_ai,135m-g063-human-r4,135m-g063-control,fit,human,12,135266786,13290176512.0,0.0,0.0,0.0,0.6684836506442274,0.6459922907783358,0.08744415656831472,0.15615142361327952,ok,ok
fw26_ai,135m-g064-control,135m-g064-control,fit,control,12,135266786,4404019200.0,0.0,0.0,0.0,0.6893737094913761,0.6905068481755159,0.15946208854707378,0.15529953978886113,ok,ok
fw26_ai,135m-g064-ai-r0.025,135m-g064-control,fit,ai,12,135266786,4404445325.0,109674355.0,0.024900832433423385,0.02429584565201426,0.6627283277259901,0.6699556311154324,0.29745591858438086,0.2482114383542852,ok,ok
fw26_ai,135m-g064-ai-r0.05,135m-g064-control,fit,ai,12,135266786,4403870947.0,220349213.0,0.0500353474595131,0.04765110772753519,0.6509818884683028,0.6568322226193621,0.3931771779904141,0.3376062307267518,ok,ok
fw26_ai,135m-g064-ai-r0.1,135m-g064-control,fit,ai,12,135266786,4402774976.0,441646144.0,0.1003108599479784,0.09116592737503382,0.6352969462778171,0.6399738415521476,0.5731584699539646,0.503984117870442,ok,ok
fw26_ai,135m-g064-ai-r0.25,135m-g064-control,fit,ai,12,135266786,4398144621.0,1106879379.0,0.2516696185284445,0.20106713049752373,0.6119638037932066,0.6144732747629978,0.9904923643287842,0.9185304514277318,ok,ok
fw26_ai,135m-g064-ai-r0.5,135m-g064-control,fit,ai,12,135266786,4386036541.0,2219992259.0,0.5061499689407171,0.33605549206809393,0.592623445634743,0.5950803991468845,1.515206187134567,1.3988606086616941,ok,ok
fw26_ai,135m-g064-ai-r1,135m-g064-control,fit,ai,12,135266786,4356511015.0,4451527385.0,1.0218101984989472,0.5053937304587591,0.575331469570591,0.577409772051286,2.045633950576361,1.9012757535378109,ok,ok
fw26_ai,135m-g064-human-r0.025,135m-g064-control,fit,human,12,135266786,4514119680.0,0.0,0.0,0.0,0.6887774804763683,0.6894453572891353,0.15775854931891553,0.1553124041216525,ok,ok
fw26_ai,135m-g064-human-r0.05,135m-g064-control,fit,human,12,135266786,4624220160.0,0.0,0.0,0.0,0.6878655029945909,0.6884124966803253,0.15733153628814744,0.15532516836282576,ok,ok
fw26_ai,135m-g065-control,135m-g065-control,fit,control,12,135266786,5107613696.0,0.0,0.0,0.0,0.685931400247802,0.6841826628416405,0.14907876557327773,0.1553801018699331,ok,ok
fw26_ai,135m-g065-ai-r0.025,135m-g065-control,fit,ai,12,135266786,5107829429.0,127710539.0,0.025002898153747257,0.024393002399098484,0.6594909408792027,0.6639363734224856,0.2784975355292881,0.24875569946729081,ok,ok
fw26_ai,135m-g065-ai-r0.05,135m-g065-control,fit,ai,12,135266786,5107463868.0,255478084.0,0.05002053672873873,0.04763767467308212,0.6474382262271865,0.6511161421455556,0.3723295633448725,0.33782432607774554,ok,ok
fw26_ai,135m-g065-ai-r0.1,135m-g065-control,fit,ai,12,135266786,5107467202.0,511327294.0,0.10011367156695057,0.09100302464594712,0.6315914847174934,0.6346016802060901,0.5479978030359988,0.5037960911390853,ok,ok
fw26_ai,135m-g065-ai-r0.25,135m-g065-control,fit,ai,12,135266786,5107523042.0,1284596254.0,0.2515106135472232,0.20096562572038706,0.6082050513376847,0.6095308135388309,0.9563840177377796,0.9183971984026481,ok,ok
fw26_ai,135m-g065-ai-r0.5,135m-g065-control,fit,ai,12,135266786,5107550699.0,2583754261.0,0.5058695279335885,0.3359318443927622,0.5897393200031537,0.5905028449277758,1.4309219083599936,1.3952668710868938,ok,ok
fw26_ai,135m-g065-ai-r1,135m-g065-control,fit,ai,12,135266786,5107655620.0,5217147964.0,1.0214369080740804,0.5053023935568942,0.5723777771542573,0.5732055972430545,1.9389027194969821,1.8822253992961202,ok,ok
fw26_ai,135m-g065-human-r0.025,135m-g065-control,fit,human,12,135266786,5235539968.0,0.0,0.0,0.0,0.6856757968635819,0.6831381167317399,0.14631694814500465,0.15539435706996713,ok,ok
fw26_ai,135m-g065-human-r0.05,135m-g065-control,fit,human,12,135266786,5362941952.0,0.0,0.0,0.0,0.6843834321827696,0.6821259035835409,0.14727922451409334,0.1554084438054714,ok,ok
fw26_ai,135m-g065-human-r0.5,135m-g065-control,fit,human,12,135266786,7661420544.0,0.0,0.0,0.0,0.6780685735677109,0.6674496604124052,0.11992098856955395,0.15564698743686478,ok,ok
fw26_ai,135m-g066-control,135m-g066-control,fit,control,12,135266786,6606028800.0,0.0,0.0,0.0,0.6798974082059402,0.6734714137769328,0.1330829627968355,0.15554077031519647,ok,ok
fw26_ai,135m-g066-ai-r0.05,135m-g066-control,fit,ai,12,135266786,6606211571.0,330118669.0,0.04997095013565075,0.04759269780672957,0.6411323828410128,0.6414434517200129,0.34105947562183897,0.3381903106095952,ok,ok
fw26_ai,135m-g066-ai-r0.1,135m-g066-control,fit,ai,12,135266786,6605086973.0,661544707.0,0.10015685027377155,0.09103870075330418,0.6263769488523373,0.6254268348906593,0.4912358226121151,0.5047985185775367,ok,ok
fw26_ai,135m-g066-ai-r0.25,135m-g066-control,fit,ai,12,135266786,6598630264.0,1658905736.0,0.251401528746118,0.2008959738110739,0.6037246456698502,0.6012626903458211,0.8503610763627423,0.9186212497984201,ok,ok
fw26_ai,135m-g066-ai-r0.5,135m-g066-control,fit,ai,12,135266786,6580659240.0,3328383960.0,0.5057827549812471,0.33589357648577006,0.5848357671416121,0.5830830901459554,1.3087528186854076,1.389053113031957,ok,ok
fw26_ai,135m-g066-ai-r1,135m-g066-control,fit,ai,12,135266786,6538825474.0,6673232126.0,1.0205551673667441,0.5050865147605775,0.5685172876711954,0.5669189692838204,1.742889882880284,1.8484137663863829,ok,ok
fw26_ai,135m-g066-human-r0.25,135m-g066-control,fit,human,12,135266786,8257536000.0,0.0,0.0,0.0,0.676612790656817,0.6644462124083288,0.11525655277202417,0.15570492490877777,ok,ok
fw26_ai,135m-g067-control,135m-g067-control,fit,control,12,135266786,7402422272.0,0.0,0.0,0.0,0.6780300698223918,0.6688372877219757,0.12423236855177303,0.15562137445240454,ok,ok
fw26_ai,135m-g067-ai-r0.05,135m-g067-control,fit,ai,12,135266786,7402382458.0,369662854.0,0.04993836188516484,0.047563136749761654,0.6394917737732471,0.6372653109055155,0.3183020769044899,0.33834711480008367,ok,ok
fw26_ai,135m-g067-ai-r0.1,135m-g067-control,fit,ai,12,135266786,7402481320.0,740759896.0,0.10006913411569406,0.090966222951193,0.6241394673946321,0.6214780391407553,0.4674614681356966,0.5049576646602614,ok,ok
fw26_ai,135m-g067-ai-r0.25,135m-g067-control,fit,ai,12,135266786,7402417251.0,1860178845.0,0.2512934332023376,0.20082694157454492,0.6014249673121779,0.5976462275927183,0.8147671926214194,0.918613860877148,ok,ok
fw26_ai,135m-g067-ai-r0.5,135m-g067-control,fit,ai,12,135266786,7402443635.0,3743394957.0,0.5056971915734148,0.33585583768338856,0.5833288234551575,0.5797317490932496,1.2246145327597955,1.385721539521533,ok,ok
fw26_ai,135m-g067-ai-r1,135m-g067-control,fit,ai,12,135266786,7402521910.0,7555939018.0,1.0207249785769292,0.5051281047140628,0.5663810220574619,0.5638586091426064,1.665418313079846,1.8296578999999713,ok,ok
fw26_ai,135m-g067-human-r0.25,135m-g067-control,fit,human,12,135266786,9262596096.0,0.0,0.0,0.0,0.6737307781876964,0.6598947152084319,0.11022834055482286,0.15579971725391592,ok,ok
fw26_ai,135m-g068-control,135m-g068-control,fit,control,12,135266786,8808038400.0,0.0,0.0,0.0,0.6746057770718605,0.6618809621888233,0.11346341010051993,0.155757268326375,ok,ok
fw26_ai,135m-g068-ai-r0.05,135m-g068-control,fit,ai,12,135266786,8807935507.0,440504813.0,0.05001226594471703,0.04763017306252131,0.6355298529904225,0.6309424829451579,0.2982943200577493,0.33906192340998265,ok,ok
fw26_ai,135m-g068-ai-r0.1,135m-g068-control,fit,ai,12,135266786,8806314189.0,882528051.0,0.10021537184107843,0.09108704932324298,0.6204569104806102,0.6154987720125047,0.4372448998316338,0.5061567837063213,ok,ok
fw26_ai,135m-g068-ai-r0.25,135m-g068-control,fit,ai,12,135266786,8798426570.0,2211621430.0,0.2513655609221047,0.20087300527663457,0.5987188206324725,0.5922867371531746,0.7468009140543451,0.9191929544686674,ok,ok
fw26_ai,135m-g068-ai-r0.5,135m-g068-control,fit,ai,12,135266786,8775729541.0,4436328059.0,0.5055224227539808,0.33577874039846756,0.5806368230441009,0.5749900096594558,1.1329934209182932,1.3803503393535805,ok,ok
fw26_ai,135m-g068-ai-r1,135m-g068-control,fit,ai,12,135266786,8718297837.0,8897778963.0,1.0205867165076985,0.5050942422662462,0.5644768741492473,0.5599448690799118,1.5180450385028095,,ok,below_range
fw26_ai,135m-g068-human-r0.25,135m-g068-control,fit,human,12,135266786,11010048000.0,0.0,0.0,0.0,0.6710147035844357,0.6531641568504023,0.09913656225592207,0.15595720203079183,ok,ok
fw26_ai,135m-g069-control,135m-g069-control,fit,control,12,135266786,9869721600.0,0.0,0.0,0.0,0.673096651895522,0.6574058782206014,0.10506782815068061,0.1558554086670008,ok,ok
fw26_ai,135m-g069-ai-r0.05,135m-g069-control,fit,ai,12,135266786,9869897079.0,492655241.0,0.049914931944752855,0.04754188213353214,0.633971262755397,0.6269319078731972,0.2780023169817051,0.33905216581290193,ok,ok
fw26_ai,135m-g069-ai-r0.1,135m-g069-control,fit,ai,12,135266786,9869756475.0,987723717.0,0.10007579411932754,0.09097172636131298,0.6193746755436074,0.6116984090789617,0.4027544655221759,0.5062490979002932,ok,ok
fw26_ai,135m-g069-ai-r0.25,135m-g069-control,fit,ai,12,135266786,9869643433.0,2479436119.0,0.251218408834284,0.2007790223198005,0.5963592545422232,0.5888087585996573,0.7180650914359207,0.9191522027601106,ok,ok
fw26_ai,135m-g069-ai-r0.5,135m-g069-control,fit,ai,12,135266786,9869761180.0,4989085028.0,0.5054919705767389,0.33576530493423357,0.5789858641185224,0.5717829025364927,1.0667136157586365,1.3763995916075076,ok,ok
fw26_ai,135m-g069-ai-r1,135m-g069-control,fit,ai,12,135266786,9869780976.0,10074134544.0,1.0207049749631647,0.5051232058167081,0.5629905259417045,0.5570613369418957,1.4178568346620068,,ok,below_range
fw26_ai,135m-g069-human-r0.25,135m-g069-control,fit,human,12,135266786,12349079552.0,0.0,0.0,0.0,0.6689777057352301,0.6487714139692615,0.09295943651694097,0.15607262554036516,ok,ok
fw26_ai,135m-g070-control,135m-g070-control,fit,control,12,135266786,11010048000.0,0.0,0.0,0.0,0.6712347906774758,0.6531641568504023,0.09859962722559885,0.15595720203079183,ok,ok
fw26_ai,135m-g070-ai-r0.05,135m-g070-control,fit,ai,12,135266786,11010158232.0,550392168.0,0.04998948756252534,0.047609512432902845,0.6322474678026895,0.6230660863209567,0.2614876105548574,0.33965634318153565,ok,ok
fw26_ai,135m-g070-ai-r0.1,135m-g070-control,fit,ai,12,135266786,11008301532.0,1102751268.0,0.10017451509612228,0.09105329538320567,0.6170686961015286,0.6080539277298201,0.38647453712727836,0.5071162912973222,ok,ok
fw26_ai,135m-g070-ai-r0.25,135m-g070-control,fit,ai,12,135266786,10998502750.0,2764057250.0,0.25131213882725995,0.20083888825916107,0.595164036982366,0.5855550797320175,0.6696393267756217,0.9196789381389623,ok,ok
fw26_ai,135m-g070-ai-r0.5,135m-g070-control,fit,ai,12,135266786,10969425148.0,5545646852.0,0.5055549198957896,0.33579307749914744,0.5770952869327001,0.5689445886216081,1.025256774903754,1.3726844184381168,ok,ok
fw26_ai,135m-g070-ai-r1,135m-g070-control,fit,ai,12,135266786,10897156053.0,11122939947.0,1.0207195247000103,0.505126769065857,0.5610742242321677,0.5548167201430451,,,below_range,below_range
fw26_ai,135m-g070-human-r0.25,135m-g070-control,fit,human,12,135266786,13762560000.0,0.0,0.0,0.0,0.6677795580763629,0.6446792862335764,0.08593641048375257,0.1561903216211751,ok,ok
fw26_ai,135m-g071-control,135m-g071-control,fit,control,12,135266786,11835801600.0,0.0,0.0,0.0,0.6700286741467827,0.6503891145196098,0.09449562529286705,0.1560288654451074,ok,ok
fw26_ai,135m-g071-ai-r0.05,135m-g071-control,fit,ai,12,135266786,11835671561.0,591002615.0,0.04993401616072438,0.04755919457045238,0.6312391486654718,0.6205783001753238,0.25024619952002264,0.3397037595360742,ok,ok
fw26_ai,135m-g071-ai-r0.1,135m-g071-control,fit,ai,12,135266786,11835922487.0,1184769993.0,0.10009950591525871,0.09099131976427724,0.6163031726987317,0.6056937512733495,0.36773072735531415,0.5072703876932438,ok,ok
fw26_ai,135m-g071-ai-r0.25,135m-g071-control,fit,ai,12,135266786,11835633334.0,2972881226.0,0.25118057835231006,0.20075485721101252,0.5938227329150974,0.5833966158392153,0.6500077499394105,0.9195971743803804,ok,ok
fw26_ai,135m-g071-ai-r0.5,135m-g071-control,fit,ai,12,135266786,11835727159.0,5982724809.0,0.505480122059985,0.33576007723590817,0.5762638644810086,0.5669365783963998,0.978450118822574,1.369674136477108,ok,ok
fw26_ai,135m-g071-ai-r1,135m-g071-control,fit,ai,12,135266786,11835746085.0,12079651035.0,1.0206074841626682,0.5050993288711904,0.5606337882074526,0.552984310513488,,,below_range,below_range
fw26_ai,135m-g071-human-r0.25,135m-g071-control,fit,human,12,135266786,14808514560.0,0.0,0.0,0.0,0.6663680672902106,0.6419435066770232,0.0827332963869683,0.15627501507789632,ok,ok
fw26_ai,268m-g072-control,268m-g072-control,fit,control,16,268436282,1174405120.0,0.0,0.0,0.0,0.7071606234167854,0.7137501084186273,,,above_range,above_range
fw26_ai,268m-g072-ai-r0.0025,268m-g072-control,fit,ai,16,268436282,1174092320.0,2934240.0,0.0024991561140609454,0.002492925903048441,0.7017101305436123,0.7106526402087421,,,above_range,above_range
fw26_ai,268m-g072-ai-r0.005,268m-g072-control,fit,ai,16,268436282,1174287181.0,5885107.0,0.005011642037161947,0.004986650728745124,0.697912040947802,0.7077208797203026,,,above_range,above_range
fw26_ai,268m-g072-ai-r0.01,268m-g072-control,fit,ai,16,268436282,1174087391.0,11852065.0,0.01009470427061251,0.009993819617044599,0.6916178780584468,0.7023464406468654,,,above_range,above_range
fw26_ai,268m-g072-ai-r0.025,268m-g072-control,fit,ai,16,268436282,1174108496.0,29656752.0,0.025258953581407353,0.024636657395844676,0.6794325663267498,0.6893797332983707,,,above_range,above_range
fw26_ai,268m-g072-ai-r0.05,268m-g072-control,fit,ai,16,268436282,1173730122.0,59395254.0,0.050603842303026454,0.04816643559202856,0.6664916062493441,0.6739397365849169,,,above_range,above_range
fw26_ai,268m-g072-ai-r0.1,268m-g072-control,fit,ai,16,268436282,1173210850.0,118634782.0,0.10111974501429133,0.09183355894955722,0.6494010374606474,0.6541250153303924,,,above_range,above_range
fw26_ai,268m-g072-ai-r0.25,268m-g072-control,fit,ai,16,268436282,1170835170.0,297171230.0,0.2538113285408056,0.2024318354470389,0.6202978487466735,0.623798761383825,1.0076959778336922,0.9218650895336862,ok,ok
fw26_ai,268m-g072-ai-r0.5,268m-g072-control,fit,ai,16,268436282,1166105596.0,595502084.0,0.5106759508252973,0.3380446683792841,0.5955460720192098,0.6001464335760294,1.6226541582491456,1.4298026741485248,ok,ok
fw26_ai,268m-g072-ai-r1,268m-g072-control,fit,ai,16,268436282,1156520664.0,1192289576.0,1.0309280353679873,0.5076142617634365,0.5701626711794413,0.5773947428945816,2.540708278171059,2.0458367307779803,ok,ok
fw26_ai,268m-g072-human-r0.0025,268m-g072-control,fit,human,16,268436282,1177026560.0,0.0,0.0,0.0,0.7068531839626969,0.7136375050892596,,,above_range,above_range
fw26_ai,268m-g072-human-r0.005,268m-g072-control,fit,human,16,268436282,1180172288.0,0.0,0.0,0.0,0.7069891036499698,0.7135027515619431,,,above_range,above_range
fw26_ai,268m-g072-human-r0.01,268m-g072-control,fit,human,16,268436282,1185939456.0,0.0,0.0,0.0,0.706460101829161,0.7132567458587344,,,above_range,above_range
fw26_ai,268m-g072-human-r0.025,268m-g072-control,fit,human,16,268436282,1203765248.0,0.0,0.0,0.0,0.7045558985607777,0.7125047590767665,,,above_range,above_range
fw26_ai,268m-g072-human-r0.05,268m-g072-control,fit,human,16,268436282,1233125376.0,0.0,0.0,0.0,0.7037439973014846,0.711292998998636,,,above_range,above_range
fw26_ai,268m-g072-human-r0.25,268m-g072-control,fit,human,16,268436282,1468006400.0,0.0,0.0,0.0,0.6939744138028947,0.7026298865808918,,,above_range,above_range
fw26_ai,268m-g072-human-r1,268m-g072-control,fit,human,16,268436282,2348810240.0,0.0,0.0,0.0,0.6700131932492063,0.6801659969287372,,,above_range,above_range
fw26_ai,268m-g073-control,268m-g073-control,fit,control,16,268436282,1174405120.0,0.0,0.0,0.0,0.705250358459319,0.7137501084186273,,,above_range,above_range
fw26_ai,268m-g073-ai-r0.025,268m-g073-control,fit,ai,16,268436282,1174117444.0,29647804.0,0.025251140038423617,0.02462922405282795,0.6775529948421782,0.6893851358466141,,,above_range,above_range
fw26_ai,268m-g073-ai-r0.05,268m-g073-control,fit,ai,16,268436282,1173762734.0,59362642.0,0.05057465216816127,0.04813998897059434,0.6643486839494007,0.6739533145645276,,,above_range,above_range
fw26_ai,268m-g073-human-r0.025,268m-g073-control,fit,human,16,268436282,1203765248.0,0.0,0.0,0.0,0.7037274261577063,0.7125047590767665,,,above_range,above_range
fw26_ai,268m-g073-human-r0.05,268m-g073-control,fit,human,16,268436282,1233125376.0,0.0,0.0,0.0,0.7028119495142859,0.711292998998636,,,above_range,above_range
fw26_ai,268m-g074-control,268m-g074-control,fit,control,16,268436282,1174405120.0,0.0,0.0,0.0,0.7071471414701589,0.7137501084186273,,,above_range,above_range
fw26_ai,268m-g074-ai-r0.025,268m-g074-control,fit,ai,16,268436282,1174081007.0,29684241.0,0.025282958180073856,0.02465949324365277,0.6795051849031265,0.6893631405271592,,,above_range,above_range
fw26_ai,268m-g074-ai-r0.05,268m-g074-control,fit,ai,16,268436282,1173763980.0,59361396.0,0.050573536938831605,0.048138978529949576,0.6655567595318231,0.6739538334255111,,,above_range,above_range
fw26_ai,268m-g074-human-r0.025,268m-g074-control,fit,human,16,268436282,1203765248.0,0.0,0.0,0.0,0.7046999427268368,0.7125047590767665,,,above_range,above_range
fw26_ai,268m-g074-human-r0.05,268m-g074-control,fit,human,16,268436282,1233125376.0,0.0,0.0,0.0,0.7040055546468924,0.711292998998636,,,above_range,above_range
fw26_ai,268m-g075-control,268m-g075-control,fit,control,16,268436282,1266679808.0,0.0,0.0,0.0,0.7022879630255011,0.7099471181976564,,,above_range,above_range
fw26_ai,268m-g075-ai-r0.0025,268m-g075-control,fit,ai,16,268436282,1266659413.0,3166123.0,0.0024995851035451155,0.00249335275613799,0.6968904652945539,0.706864893129171,,,above_range,above_range
fw26_ai,268m-g075-ai-r0.005,268m-g075-control,fit,ai,16,268436282,1266638913.0,6332351.0,0.004999334013039279,0.004974465000963289,0.692616416899225,0.7039831367803917,,,above_range,above_range
fw26_ai,268m-g075-ai-r0.01,268m-g075-control,fit,ai,16,268436282,1266497059.0,12765661.0,0.010079503074471806,0.009978920514466333,0.6868022386407426,0.6986561189693469,,,above_range,above_range
fw26_ai,268m-g075-ai-r0.025,268m-g075-control,fit,ai,16,268436282,1266723423.0,31937953.0,0.02521304368428024,0.02459297981000399,0.6752563348605414,0.6858187166332148,,,above_range,above_range
fw26_ai,268m-g075-ai-r0.05,268m-g075-control,fit,ai,16,268436282,1266615160.0,64027784.0,0.05055030606139279,0.04811792997415842,0.6620947829649555,0.670502807189185,,,above_range,above_range
fw26_ai,268m-g075-ai-r0.1,268m-g075-control,fit,ai,16,268436282,1266621123.0,127984957.0,0.10104438863049026,0.09177140329117166,0.6451764202096681,0.6508475813755896,,,above_range,above_range
fw26_ai,268m-g075-ai-r0.25,268m-g075-control,fit,ai,16,268436282,1266715851.0,320828213.0,0.25327559669102145,0.20209090271903155,0.6160694630143124,0.6207719609612219,1.0389529844614491,0.9206003851678184,ok,ok
fw26_ai,268m-g075-ai-r0.5,268m-g075-control,fit,ai,16,268436282,1266709899.0,645368437.0,0.5094840085401433,0.3375219648950617,0.5912589167299278,0.5972153154133446,1.6850785728216653,1.4275518958360145,ok,ok
fw26_ai,268m-g075-ai-r1,268m-g075-control,fit,ai,16,268436282,1266784579.0,1304323773.0,1.0296334472508606,0.5073001968141092,0.5658480702138178,0.5744033489951473,2.6487712571528634,2.0427146392605517,ok,ok
fw26_ai,268m-g075-ai-r2,268m-g075-control,fit,ai,16,268436282,1266710194.0,2640808270.0,2.084776993592269,0.6758274578430757,0.5429643605294181,0.5531803076475246,3.65167195712281,2.602401305679931,ok,ok
fw26_ai,268m-g075-ai-r4,268m-g075-control,fit,ai,16,268436282,1266630658.0,5346738174.0,4.221229085392942,0.8084742148553434,0.5241243036849353,0.533872884417607,4.199958133733651,2.9543347045226627,ok,ok
fw26_ai,268m-g075-human-r0.0025,268m-g075-control,fit,human,16,268436282,1269825536.0,0.0,0.0,0.0,0.7022172506343864,0.7098229951164854,,,above_range,above_range
fw26_ai,268m-g075-human-r0.005,268m-g075-control,fit,human,16,268436282,1272971264.0,0.0,0.0,0.0,0.7019797624937804,0.7096992162086566,,,above_range,above_range
fw26_ai,268m-g075-human-r0.01,268m-g075-control,fit,human,16,268436282,1279262720.0,0.0,0.0,0.0,0.7022009198834122,0.7094526837215909,,,above_range,above_range
fw26_ai,268m-g075-human-r0.025,268m-g075-control,fit,human,16,268436282,1298661376.0,0.0,0.0,0.0,0.7011958146284104,0.7087010123401276,,,above_range,above_range
fw26_ai,268m-g075-human-r0.05,268m-g075-control,fit,human,16,268436282,1330642944.0,0.0,0.0,0.0,0.6993837306804519,0.7074888374263069,,,above_range,above_range
fw26_ai,268m-g075-human-r0.25,268m-g075-control,fit,human,16,268436282,1587544064.0,0.0,0.0,0.0,0.6903523336336934,0.6987992222276709,,,above_range,above_range
fw26_ai,268m-g075-human-r1,268m-g075-control,fit,human,16,268436282,2571108352.0,0.0,0.0,0.0,0.6659225216715626,0.6759884291668286,,,above_range,above_range
fw26_ai,268m-g076-control,268m-g076-control,fit,control,16,268436282,4697620480.0,0.0,0.0,0.0,0.6438078250755378,0.6492806356947891,,,above_range,above_range
fw26_ai,268m-g076-ai-r0.0025,268m-g076-control,fit,ai,16,268436282,4697437191.0,11717625.0,0.002494471884041419,0.002488264977016207,0.6381186141682849,0.6466561562006947,,,above_range,above_range
fw26_ai,268m-g076-ai-r0.005,268m-g076-control,fit,ai,16,268436282,4697152793.0,23536359.0,0.005010771426272401,0.0049857887783245425,0.6336138694771696,0.6441824681819148,0.22448467355108426,,ok,above_range
fw26_ai,268m-g076-ai-r0.01,268m-g076-control,fit,ai,16,268436282,4697107968.0,47174144.0,0.010043231776102108,0.009943368224389435,0.6276242074643088,0.6396735625984026,0.259092047608953,,ok,above_range
fw26_ai,268m-g076-ai-r0.025,268m-g076-control,fit,ai,16,268436282,4697755862.0,117305130.0,0.024970461098005863,0.024362127540003546,0.6158158281578869,0.6288427237066249,0.34480621772459824,0.24763953858677365,ok,ok
fw26_ai,268m-g076-ai-r0.05,268m-g076-control,fit,ai,16,268436282,4697584015.0,234917489.0,0.05000815062591275,0.04762644041963175,0.6038019294625907,0.615859532853015,0.4624402100048661,0.3362153226996419,ok,ok
fw26_ai,268m-g076-ai-r0.1,268m-g076-control,fit,ai,16,268436282,4697078222.0,470304306.0,0.10012699039100652,0.09101402953073576,0.5881183388582012,0.5991197083866943,0.6814501003692499,0.5013080654979001,ok,ok
fw26_ai,268m-g076-ai-r0.25,268m-g076-control,fit,ai,16,268436282,4691245026.0,1180780574.0,0.2516987638581724,0.2010857333455767,0.5648622801714882,0.5735546609293649,1.195684472832778,0.91742803116102,ok,ok
fw26_ai,268m-g076-ai-r0.5,268m-g076-control,fit,ai,16,268436282,4678827711.0,2367603009.0,0.506024832552335,0.33600032457283563,0.5458920800493892,0.5538109211872337,1.8348982314173954,1.4139307517873443,ok,ok
fw26_ai,268m-g076-ai-r1,268m-g076-control,fit,ai,16,268436282,4647615246.0,4747625714.0,1.021518663380338,0.505322400374072,0.5276705314459336,0.5351367891004772,2.596378356677844,1.989146170710762,ok,ok
fw26_ai,268m-g076-human-r0.0025,268m-g076-control,fit,human,16,268436282,4709154816.0,0.0,0.0,0.0,0.6441402843333579,0.6491758921321795,,,above_range,above_range
fw26_ai,268m-g076-human-r0.005,268m-g076-control,fit,human,16,268436282,4720689152.0,0.0,0.0,0.0,0.6436253689323672,0.6490714357344501,,,above_range,above_range
fw26_ai,268m-g076-human-r0.01,268m-g076-control,fit,human,16,268436282,4744282112.0,0.0,0.0,0.0,0.6437984427738236,0.6488586631154025,,,above_range,above_range
fw26_ai,268m-g076-human-r0.025,268m-g076-control,fit,human,16,268436282,4815060992.0,0.0,0.0,0.0,0.643183638676685,0.6482273920676754,,,above_range,above_range
fw26_ai,268m-g076-human-r0.05,268m-g076-control,fit,human,16,268436282,4932501504.0,0.0,0.0,0.0,0.6428719060664644,0.6472025562750339,,,above_range,above_range
fw26_ai,268m-g076-human-r0.25,268m-g076-control,fit,human,16,268436282,5872025600.0,0.0,0.0,0.0,0.6375572889914214,0.639875802537545,,,above_range,above_range
fw26_ai,268m-g077-control,268m-g077-control,fit,control,16,268436282,4697620480.0,0.0,0.0,0.0,0.644615439163582,0.6492806356947891,,,above_range,above_range
fw26_ai,268m-g077-ai-r0.25,268m-g077-control,fit,ai,16,268436282,4692018287.0,1180007313.0,0.25149247953048315,0.2009540477820805,0.5646203133433745,0.5735726157660803,1.2046865373348081,0.9169343754486069,ok,ok
fw26_ai,268m-g077-ai-r1,268m-g077-control,fit,ai,16,268436282,4645447812.0,4749793148.0,1.022461846569551,0.5055530952555792,0.5281021921358273,0.5351260406087124,2.5560457046343696,1.9898962331667451,ok,ok
fw26_ai,268m-g078-control,268m-g078-control,fit,control,16,268436282,4697620480.0,0.0,0.0,0.0,0.6440934217013318,0.6492806356947891,,,above_range,above_range
fw26_ai,268m-g078-ai-r0.025,268m-g078-control,fit,ai,16,268436282,4698546837.0,116514155.0,0.02479791285307134,0.024197856515957503,0.6159020867815517,0.6289442657449946,0.3440359346847515,0.24701422927037697,ok,ok
fw26_ai,268m-g078-ai-r0.05,268m-g078-control,fit,ai,16,268436282,4699085033.0,233416471.0,0.04967274892043862,0.047322128702994105,0.6040777427995038,0.615992669418576,0.45901579356964567,0.3350569950889812,ok,ok
fw26_ai,268m-g078-ai-r0.25,268m-g078-control,fit,ai,16,268436282,4691419121.0,1180606479.0,0.25165231426783025,0.2010560851437705,0.5646968141139117,0.5735587023661097,1.201832208694539,0.9173168886229233,ok,ok
fw26_ai,268m-g078-ai-r0.5,268m-g078-control,fit,ai,16,268436282,4677857410.0,2368573310.0,0.5063372186028219,0.3361380256357647,0.5452574874350745,0.5538000843159336,1.8743300697695464,1.4144269154461502,ok,ok
fw26_ai,268m-g078-ai-r1,268m-g078-control,fit,ai,16,268436282,4646431153.0,4748809807.0,1.0220338256672326,0.5054484315216541,0.5276756624856974,0.5351309163204196,2.595894727481594,1.9895559516124925,ok,ok
fw26_ai,268m-g078-human-r0.025,268m-g078-control,fit,human,16,268436282,4815060992.0,0.0,0.0,0.0,0.6433952900770187,0.6482273920676754,,,above_range,above_range
fw26_ai,268m-g078-human-r0.05,268m-g078-control,fit,human,16,268436282,4932501504.0,0.0,0.0,0.0,0.642774428280719,0.6472025562750339,,,above_range,above_range
fw26_ai,268m-g079-control,268m-g079-control,fit,control,16,268436282,4697620480.0,0.0,0.0,0.0,0.6444313750818228,0.6492806356947891,,,above_range,above_range
fw26_ai,268m-g079-ai-r0.025,268m-g079-control,fit,ai,16,268436282,4698474164.0,116586828.0,0.024813763773204395,0.0242129493673504,0.6171015915126581,0.6289349242699471,0.3335221905824662,0.2470716812497297,ok,ok
fw26_ai,268m-g079-ai-r0.05,268m-g079-control,fit,ai,16,268436282,4699013288.0,233488216.0,0.04968877542786808,0.04733667406095129,0.6042294381398451,0.6159862940502465,0.45714453067926836,0.33511236046662846,ok,ok
fw26_ai,268m-g079-ai-r0.25,268m-g079-control,fit,ai,16,268436282,4691198153.0,1180827447.0,0.25171127044481506,0.201093715769904,0.5651721629540957,0.5735535729185695,1.1842659969291784,0.9174579548594713,ok,ok
fw26_ai,268m-g079-ai-r0.5,268m-g079-control,fit,ai,16,268436282,4678162788.0,2368267932.0,0.5062388889234181,0.3360946876662118,0.5461520269625071,0.5538034944313965,1.819016467944116,1.4142707629574292,ok,ok
fw26_ai,268m-g079-ai-r1,268m-g079-control,fit,ai,16,268436282,4645906694.0,4749334266.0,1.0222620854899158,0.5055042532937867,0.527584088787114,0.5351283157316996,2.604541392316477,1.9897374415295535,ok,ok
fw26_ai,268m-g079-human-r0.025,268m-g079-control,fit,human,16,268436282,4815060992.0,0.0,0.0,0.0,0.643689854052633,0.6482273920676754,,,above_range,above_range
fw26_ai,268m-g079-human-r0.05,268m-g079-control,fit,human,16,268436282,4932501504.0,0.0,0.0,0.0,0.6430664915726848,0.6472025562750339,,,above_range,above_range
fw26_ai,268m-g080-control,268m-g080-control,fit,control,16,268436282,4697620480.0,0.0,0.0,0.0,0.6440513759027077,0.6492806356947891,,,above_range,above_range
fw26_ai,268m-g080-ai-r0.25,268m-g080-control,fit,ai,16,268436282,4692742401.0,1179283199.0,0.2512993678810711,0.2008307319028037,0.5649991714047816,0.5735894396756711,1.1906251407602233,0.9164720847907084,ok,ok
fw26_ai,268m-g080-ai-r1,268m-g080-control,fit,ai,16,268436282,4648225243.0,4747015717.0,1.021253374962578,0.5052574742053236,0.5278615310097066,0.5351398152356042,2.5784440462538925,1.988935055373589,ok,ok
fw26_ai,268m-g081-control,268m-g081-control,fit,control,16,268436282,5067767808.0,0.0,0.0,0.0,0.6412176554551897,0.6460555298617983,,,above_range,above_range
fw26_ai,268m-g081-ai-r0.0025,268m-g081-control,fit,ai,16,268436282,5067691263.0,12659457.0,0.002498071871984124,0.0024918470589369076,0.6352035751193473,0.6434503687432356,0.20062801708169556,,ok,above_range
fw26_ai,268m-g081-ai-r0.005,268m-g081-control,fit,ai,16,268436282,5067585524.0,25348108.0,0.005002008921201583,0.00497711335579407,0.6310110917031251,0.6410095140025927,0.22186033794507595,,ok,above_range
fw26_ai,268m-g081-ai-r0.01,268m-g081-control,fit,ai,16,268436282,5067941270.0,50682474.0,0.010000604051988157,0.009901582248433379,0.6254954932768062,0.6365659361422837,0.2533113210611393,,ok,above_range
fw26_ai,268m-g081-ai-r0.025,268m-g081-control,fit,ai,16,268436282,5067952437.0,126693067.0,0.024998866618210925,0.02438916513214296,0.6141744455439823,0.6257864915513525,0.33354463984291616,0.24778429607073704,ok,ok
fw26_ai,268m-g081-ai-r0.05,268m-g081-control,fit,ai,16,268436282,5068012779.0,253510421.0,0.05002166175477199,0.047638695063849386,0.6015471566801762,0.6129325137863864,0.45560291564534333,0.33632668211845557,ok,ok
fw26_ai,268m-g081-ai-r0.1,268m-g081-control,fit,ai,16,268436282,5067952469.0,507326123.0,0.10010475159410971,0.09099565423115631,0.5860396887164342,0.5963559119400391,0.670203662128539,0.5013408263659767,ok,ok
fw26_ai,268m-g081-ai-r0.25,268m-g081-control,fit,ai,16,268436282,5067945831.0,1274366105.0,0.25145614169844904,0.20093084633168065,0.5629265979143055,0.5710157842921223,1.175714528774696,0.9169043652448481,ok,ok
fw26_ai,268m-g081-ai-r0.5,268m-g081-control,fit,ai,16,268436282,5067652554.0,2563883574.0,0.5059312071377654,0.33595904297604606,0.5444481636654295,0.5513789708496151,1.7783460374226556,1.4130254608503217,ok,ok
fw26_ai,268m-g081-ai-r1,268m-g081-control,fit,ai,16,268436282,5067636186.0,5176427046.0,1.021467772351249,0.5053099467240774,0.5259867035424592,0.5327529434675542,2.531980253613863,1.9843205870631346,ok,ok
fw26_ai,268m-g081-ai-r2,268m-g081-control,fit,ai,16,268436282,5067781790.0,10486794594.0,2.069306656946648,0.6741935193289543,0.5104316961561625,0.5159454652329323,3.0138665080705893,2.43035331338503,ok,ok
fw26_ai,268m-g081-ai-r4,268m-g081-control,fit,ai,16,268436282,5067759676.0,21284003780.0,4.19988419750787,0.8076880249603892,0.49819595081219953,0.5012664853536216,,,below_range,below_range
fw26_ai,268m-g081-human-r0.0025,268m-g081-control,fit,human,16,268436282,5080350720.0,0.0,0.0,0.0,0.6414909321991559,0.6459505781355577,,,above_range,above_range
fw26_ai,268m-g081-human-r0.005,268m-g081-control,fit,human,16,268436282,5092933632.0,0.0,0.0,0.0,0.6411039726010145,0.6458459173635934,,,above_range,above_range
fw26_ai,268m-g081-human-r0.01,268m-g081-control,fit,human,16,268436282,5118623744.0,0.0,0.0,0.0,0.6409104982880865,0.6456331320212829,,,above_range,above_range
fw26_ai,268m-g081-human-r0.025,268m-g081-control,fit,human,16,268436282,5194645504.0,0.0,0.0,0.0,0.6409663322598551,0.6450104055765331,,,above_range,above_range
fw26_ai,268m-g081-human-r0.05,268m-g081-control,fit,human,16,268436282,5321523200.0,0.0,0.0,0.0,0.640248041554355,0.6439935094330009,,,above_range,above_range
fw26_ai,268m-g081-human-r0.25,268m-g081-control,fit,human,16,268436282,6342311936.0,0.0,0.0,0.0,0.6353828502971592,0.6366870971670923,0.16000593020068438,,ok,above_range
fw26_ai,268m-g082-control,268m-g082-control,fit,control,16,268436282,9395240960.0,0.0,0.0,0.0,0.6260250197723655,0.6208771586863642,0.13618172235638784,0.15513966421710756,ok,ok
fw26_ai,268m-g082-ai-r0.025,268m-g082-control,fit,ai,16,268436282,9396332712.0,233789272.0,0.024880906111533187,0.024276875452712853,0.5980067277721458,0.6021334588461111,0.2773353909353488,0.24778836634324766,ok,ok
fw26_ai,268m-g082-ai-r0.05,268m-g082-control,fit,ai,16,268436282,9395769204.0,469233804.0,0.0499409674516309,0.04756550034698175,0.5857569912677539,0.5901774767774575,0.3818522334984847,0.3367172426062331,ok,ok
fw26_ai,268m-g082-ai-r0.1,268m-g082-control,fit,ai,16,268436282,9393779762.0,940985294.0,0.10017110447984974,0.09105047757749433,0.5715781050060652,0.5747729906738706,0.5532072802918518,0.5026127046945976,ok,ok
fw26_ai,268m-g082-ai-r0.25,268m-g082-control,fit,ai,16,268436282,9385285244.0,2358765956.0,0.2513259740835214,0.20084772416523525,0.5492122577788349,0.5514135318475069,0.9859451516647649,0.9171771793633571,ok,ok
fw26_ai,268m-g082-ai-r0.5,268m-g082-control,fit,ai,16,268436282,9360479324.0,4732382116.0,0.5055704897361728,0.33579994638760885,0.5315865187498309,0.533494273466834,1.503469657478781,1.4050399195528827,ok,ok
fw26_ai,268m-g082-ai-r1,268m-g082-control,fit,ai,16,268436282,9299697574.0,9490784346.0,1.0205476329181111,0.5050846692706857,0.5154558982757887,0.5168778730076228,2.050118419364165,1.9411078201605911,ok,ok
fw26_ai,268m-g082-human-r0.025,268m-g082-control,fit,human,16,268436282,9630121984.0,0.0,0.0,0.0,0.625589200586209,0.6199085515549667,0.13432359044128367,0.1551497155050446,ok,ok
fw26_ai,268m-g082-human-r0.05,268m-g082-control,fit,human,16,268436282,9865003008.0,0.0,0.0,0.0,0.6248104256547843,0.6189660694627802,0.13372226657827166,0.15515968639667532,ok,ok
fw26_ai,268m-g082-human-r0.25,268m-g082-control,fit,human,16,268436282,11744051200.0,0.0,0.0,0.0,0.6218860442033531,0.6122280786148566,0.12096179461424275,0.15523684118497452,ok,ok
fw26_ai,268m-g082-human-r1,268m-g082-control,fit,human,16,268436282,18790481920.0,0.0,0.0,0.0,0.613346753669413,0.5947561267820537,0.09422244334380718,0.1554961157697884,ok,ok
fw26_ai,268m-g083-control,268m-g083-control,fit,control,16,268436282,10135535616.0,0.0,0.0,0.0,0.6240859425902535,0.6179112157374309,0.1325548838444147,0.1551710744441192,ok,ok
fw26_ai,268m-g083-ai-r0.025,268m-g083-control,fit,ai,16,268436282,10135357509.0,252884923.0,0.024950764960727147,0.024343379032146176,0.59631455195425,0.5993039954769102,0.2693730415224427,0.24810878539055364,ok,ok
fw26_ai,268m-g083-ai-r0.05,268m-g083-control,fit,ai,16,268436282,10135505136.0,505968400.0,0.04992039303525839,0.04754683628055024,0.5843781674696933,0.5875034045608177,0.3683035423791174,0.336749146595003,ok,ok
fw26_ai,268m-g083-ai-r0.1,268m-g083-control,fit,ai,16,268436282,10135597602.0,1014435294.0,0.10008638205998108,0.09098047543554082,0.5695220073999784,0.5722473695146957,0.5457385850892841,0.5025107524581656,ok,ok
fw26_ai,268m-g083-ai-r0.25,268m-g083-control,fit,ai,16,268436282,10135498541.0,2545979603.0,0.2511943139946233,0.20076363134407813,0.5479053453434667,0.5490833504595376,0.9534101673177532,0.9169560328376041,ok,ok
fw26_ai,268m-g083-ai-r0.5,268m-g083-control,fit,ai,16,268436282,10135468827.0,5123933413.0,0.5055447853926885,0.3357886064218463,0.5307269464005553,0.5312801896272776,1.4318266007585674,1.4037900800241325,ok,ok
fw26_ai,268m-g083-ai-r1,268m-g083-control,fit,ai,16,268436282,10135612449.0,10344649695.0,1.0206240369836381,0.5051033830653686,0.5145679406235275,0.5147412821671736,1.946649375651386,1.9336256937486862,ok,ok
fw26_ai,268m-g083-human-r0.025,268m-g083-control,fit,human,16,268436282,10388242432.0,0.0,0.0,0.0,0.6235176569943637,0.6169539928076062,0.13120250212325443,0.15518162212721598,ok,ok
fw26_ai,268m-g083-human-r0.05,268m-g083-control,fit,human,16,268436282,10641473536.0,0.0,0.0,0.0,0.6237478086657897,0.6160206143568041,0.12733659600701874,0.15519210742099018,ok,ok
fw26_ai,268m-g083-human-r0.25,268m-g083-control,fit,human,16,268436282,12681478144.0,0.0,0.0,0.0,0.6195552444536456,0.6093050077867816,0.11888933244625409,0.1552737997553379,ok,ok
fw26_ai,268m-g083-human-r1,268m-g083-control,fit,human,16,268436282,20480262144.0,0.0,0.0,0.0,0.6124352834064769,0.5916612116790854,0.088535541953231,0.15555319346853214,ok,ok
fw26_ai,268m-g084-control,268m-g084-control,fit,control,16,268436282,14092861440.0,0.0,0.0,0.0,0.6183366469480218,0.605332377796926,0.11038296762138115,0.15532780279394282,ok,ok
fw26_ai,268m-g084-ai-r0.05,268m-g084-control,fit,ai,16,268436282,14092839732.0,704664780.0,0.05000161737452731,0.047620514623161886,0.5783182987883384,0.5760887042153473,0.3160063702626922,0.33754740217078294,ok,ok
fw26_ai,268m-g084-ai-r0.1,268m-g084-control,fit,ai,16,268436282,14090697257.0,1411450327.0,0.10016894843857477,0.09104869627591336,0.5636583541080038,0.561461357729044,0.47016549207061753,0.5035935411522126,ok,ok
fw26_ai,268m-g084-ai-r0.25,268m-g084-control,fit,ai,16,268436282,14077793043.0,3538283757.0,0.25133795803024434,0.2008553775719234,0.5419764064531135,0.539307492858322,0.8376304963689812,0.9177504978252036,ok,ok
fw26_ai,268m-g084-ai-r0.5,268m-g084-control,fit,ai,16,268436282,14041122882.0,7098169278.0,0.5055271816686036,0.3357808399768103,0.5251635861135271,0.5224510261898243,1.2645941081250083,1.3980501892960513,ok,ok
fw26_ai,268m-g084-ai-r1,268m-g084-control,fit,ai,16,268436282,13949505755.0,14236217125.0,1.0205535145857934,0.5050861099291415,0.5093624065212696,0.5070804002208726,1.7353856470101678,1.9015903026914516,ok,ok
fw26_ai,268m-g084-human-r0.25,268m-g084-control,fit,human,16,268436282,17616076800.0,0.0,0.0,0.0,0.6142876695571212,0.597096909626553,0.09806615548003277,0.15545546368658927,ok,ok
fw26_ai,268m-g085-control,268m-g085-control,fit,control,16,268436282,14690025472.0,0.0,0.0,0.0,0.6173956697152622,0.6037838827986404,0.1084943601288354,0.15535011451930336,ok,ok
fw26_ai,268m-g085-ai-r0.05,268m-g085-control,fit,ai,16,268436282,14690040880.0,733463504.0,0.049929303123899815,0.047554919150597105,0.5773887332313986,0.5747147136510349,0.31161114477977614,0.3373699428133584,ok,ok
fw26_ai,268m-g085-ai-r0.1,268m-g085-control,fit,ai,16,268436282,14689954422.0,1470174602.0,0.10008026980657163,0.09097542475165822,0.5630110341410715,0.5601510474267609,0.46021426646411073,0.5034318094552801,ok,ok
fw26_ai,268m-g085-ai-r0.25,268m-g085-control,fit,ai,16,268436282,14690155775.0,3690857217.0,0.25124697610635105,0.2007972693673835,0.5416102059206881,0.5380808702331537,0.8128460447772972,0.9176018897092525,ok,ok
fw26_ai,268m-g085-ai-r0.5,268m-g085-control,fit,ai,16,268436282,14690161898.0,7425354518.0,0.5054644441332488,0.33575315983252146,0.524375089238273,0.5212609820275907,1.2443741545013711,1.3970591614942667,ok,ok
fw26_ai,268m-g085-ai-r1,268m-g085-control,fit,ai,16,268436282,14689978907.0,14992061925.0,1.0205638837136828,0.5050886497277897,0.5089060995840969,0.5058780418728647,1.678163779106666,1.8957583856045361,ok,ok
fw26_ai,268m-g085-human-r0.25,268m-g085-control,fit,human,16,268436282,18381012992.0,0.0,0.0,0.0,0.6139194845372135,0.5955531741249531,0.09489163629146131,0.15548203815451322,ok,ok
fw26_ai,268m-g086-control,268m-g086-control,fit,control,16,268436282,18790481920.0,0.0,0.0,0.0,0.6131768483248092,0.5947561267820537,0.09464189308713167,0.1554961157697884,ok,ok
fw26_ai,268m-g086-ai-r0.05,268m-g086-control,fit,ai,16,268436282,18791031735.0,938974281.0,0.049969277591664925,0.04759118067366736,0.5737994008462107,0.5665301737747641,0.2710490230748577,0.3379916785962251,ok,ok
fw26_ai,268m-g086-ai-r0.1,268m-g086-control,fit,ai,16,268436282,18789382436.0,1880147676.0,0.10006436786329298,0.09096228437764305,0.5591340099222698,0.552428310695459,0.4064649359308596,0.50415208472122,ok,ok
fw26_ai,268m-g086-ai-r0.25,268m-g086-control,fit,ai,16,268436282,18771926731.0,4716175669.0,0.25123556769544053,0.2007899824636323,0.5375773248728413,0.5310963607808482,0.7307252748131884,0.9180006299799629,ok,ok
fw26_ai,268m-g086-ai-r0.5,268m-g086-control,fit,ai,16,268436282,18723672523.0,9462050357.0,0.5053522670500084,0.3357036609380018,0.5212195566399409,0.5149897567000234,1.0978841976862743,1.391567810283325,ok,ok
fw26_ai,268m-g086-ai-r1,268m-g086-control,fit,ai,16,268436282,18600458178.0,18980505662.0,1.0204321571201675,0.5050563828753574,0.5059698785377055,0.5005330443132451,1.4917287553512106,,ok,below_range
fw26_ai,268m-g086-human-r0.25,268m-g086-control,fit,human,16,268436282,23488102400.0,0.0,0.0,0.0,0.609884485339495,0.586802069029766,0.0825586729678543,0.15565117108133442,ok,ok
fw26_ai,268m-g087-control,268m-g087-control,fit,control,16,268436282,19586875392.0,0.0,0.0,0.0,0.6134601876522001,0.5932602239576216,0.09012386473994528,0.15552321481667125,ok,ok
fw26_ai,268m-g087-ai-r0.05,268m-g087-control,fit,ai,16,268436282,19586924402.0,978272398.0,0.04994517658423747,0.047569318568349415,0.5729861395222368,0.5651863654270919,0.26646284225854416,0.33799747341813996,ok,ok
fw26_ai,268m-g087-ai-r0.1,268m-g087-control,fit,ai,16,268436282,19587068098.0,1960120126.0,0.10007215557698215,0.09096871970593132,0.5590722728608198,0.5511442388261367,0.39067247358277146,0.5043203121146369,ok,ok
fw26_ai,268m-g087-ai-r0.25,268m-g087-control,fit,ai,16,268436282,19586752951.0,4921089609.0,0.25124580992628254,0.2007965244983196,0.536866583598611,0.5299069366866639,0.7178315743787397,0.9181062355214487,ok,ok
fw26_ai,268m-g087-ai-r0.5,268m-g087-control,fit,ai,16,268436282,19586923960.0,9899557448.0,0.5054166477705568,0.33573207026709345,0.5209054899253177,0.51384469518149,1.0618811156242023,1.390569081766887,ok,ok
fw26_ai,268m-g087-ai-r1,268m-g087-control,fit,ai,16,268436282,19586800243.0,19990128013.0,1.0205918151508255,0.5050954910824699,0.5050332348590386,0.4993899013660693,1.4715220652442458,,ok,below_range
fw26_ai,268m-g087-human-r0.25,268m-g087-control,fit,human,16,268436282,24507842560.0,0.0,0.0,0.0,0.610181268709253,0.5853113332943976,0.0785056197860907,0.15568345357932986,ok,ok
fw26_ai,268m-g088-control,268m-g088-control,fit,control,16,268436282,23488102400.0,0.0,0.0,0.0,0.6104048240420403,0.586802069029766,0.08143204609320927,0.15565117108133442,ok,ok
fw26_ai,268m-g088-ai-r0.05,268m-g088-control,fit,ai,16,268436282,23488797122.0,1173710398.0,0.049968944425029034,0.04759087846392677,0.5700686765956504,0.5593340486650502,0.24266388224906926,0.3385046421543814,ok,ok
fw26_ai,268m-g088-ai-r0.1,268m-g088-control,fit,ai,16,268436282,23486821631.0,2350091009.0,0.10005998452758463,0.09095866219563918,0.5558049610998733,0.5456227188522178,0.36160422578717816,0.5049600678463089,ok,ok
fw26_ai,268m-g088-ai-r0.25,268m-g088-control,fit,ai,16,268436282,23465157832.0,5894970168.0,0.25122226793466895,0.2007814873286656,0.5342072706239966,0.5249280660362532,0.6576662027816687,0.9184258897074964,ok,ok
fw26_ai,268m-g088-ai-r0.5,268m-g088-control,fit,ai,16,268436282,23403617983.0,11828535617.0,0.5054148305442369,0.33573126841159096,0.5180956356953168,0.5094059082029075,0.9882426134336659,1.3859054156949755,ok,ok
fw26_ai,268m-g088-ai-r1,268m-g088-control,fit,ai,16,268436282,23248135764.0,23728069036.0,1.0206439465457346,0.505108259320259,0.5030179736064527,0.4956868788933061,,,below_range,below_range
fw26_ai,268m-g088-human-r0.1,268m-g088-control,fit,human,16,268436282,25836912640.0,0.0,0.0,0.0,0.6093669246201813,0.5834695272948343,0.07608788332667109,0.15572488823146546,ok,ok
fw26_ai,477m-g089-control,477m-g089-control,held_out,control,20,477103346,2175795200.0,0.0,0.0,0.0,0.659064149889178,0.6591030313721127,,,above_range,above_range
fw26_ai,477m-g089-ai-r0.0025,477m-g089-control,held_out,ai,20,477103346,2175599082.0,5438997.0,0.002499999675951325,0.002493765263600425,0.6532858330501331,0.6562188601773158,,,above_range,above_range
fw26_ai,477m-g089-ai-r0.025,477m-g089-control,held_out,ai,20,477103346,2174900074.0,54372501.0,0.024999999609177447,0.024390243530448493,0.6302699417366868,0.6366672652440926,,,above_range,above_range
fw26_ai,477m-g089-ai-r0.05,477m-g089-control,held_out,ai,20,477103346,2175046217.0,108752310.0,0.049999999609203705,0.04761904726458386,0.6172874794875369,0.6224268515905975,,,above_range,above_range
fw26_ai,477m-g089-ai-r0.1,477m-g089-control,held_out,ai,20,477103346,2175318574.0,217531857.0,0.09999999981611889,0.09090909075712304,0.6003400606236184,0.6040454062517956,,,above_range,above_range
fw26_ai,477m-g089-ai-r0.25,477m-g089-control,held_out,ai,20,477103346,2175166054.0,543791513.0,0.24999999977013249,0.1999999998528848,0.5724867982832507,0.5759694593102603,1.0038458159334975,0.9126056933089315,ok,ok
fw26_ai,477m-g089-ai-r0.5,477m-g089-control,held_out,ai,20,477103346,2175445674.0,1087722837.0,0.5,0.3333333333333333,0.5485593509235437,0.5540240461194395,1.6617978850508017,1.413334325527321,ok,ok
fw26_ai,477m-g089-ai-r1,477m-g089-control,held_out,ai,20,477103346,2175795200.0,2175795200.0,1.0,0.5,0.5247261011349124,0.5328155028260588,2.6292160055573235,2.0248400500177897,ok,ok
fw26_ai,477m-g089-human-r0.0025,477m-g089-control,held_out,human,20,477103346,2181038080.0,0.0,0.0,0.0,0.6588225172170364,0.6589902148053441,,,above_range,above_range
fw26_ai,477m-g089-human-r0.025,477m-g089-control,held_out,human,20,477103346,2229272576.0,0.0,0.0,0.0,0.6573975853809586,0.6579663503243329,,,above_range,above_range
fw26_ai,477m-g089-human-r0.05,477m-g089-control,held_out,human,20,477103346,2283798528.0,0.0,0.0,0.0,0.655806750590839,0.6568384243134637,,,above_range,above_range
fw26_ai,477m-g090-control,477m-g090-control,held_out,control,20,477103346,2251292672.0,0.0,0.0,0.0,0.6570791367344375,0.6575071582521376,,,above_range,above_range
fw26_ai,477m-g090-ai-r0.0025,477m-g090-control,held_out,ai,20,477103346,2250903126.0,5632426.0,0.0025022960495013325,0.0024960501929641213,0.6507049360086428,0.654636142806228,,,above_range,above_range
fw26_ai,477m-g090-ai-r0.025,477m-g090-control,held_out,ai,20,477103346,2251437784.0,56477992.0,0.025085299892079985,0.02447142681172088,0.6277594767942866,0.6350844263745281,,,above_range,above_range
fw26_ai,477m-g090-ai-r0.05,477m-g090-control,held_out,ai,20,477103346,2251480810.0,113058070.0,0.05021498273396343,0.04781400337980486,0.6146443795611964,0.6208622773990984,,,above_range,above_range
fw26_ai,477m-g090-ai-r0.1,477m-g090-control,held_out,ai,20,477103346,2251260174.0,226524914.0,0.10062138379924096,0.09142234130678568,0.5981506686989716,0.6024902722141207,,,above_range,above_range
fw26_ai,477m-g090-ai-r0.25,477m-g090-control,held_out,ai,20,477103346,2250972069.0,567600219.0,0.2521578240871544,0.201378627547196,0.5696801539455436,0.5744411987010266,1.0465134000437628,0.917819499149711,ok,ok
fw26_ai,477m-g090-ai-r0.5,477m-g090-control,held_out,ai,20,477103346,2251038617.0,1143201895.0,0.5078553012669174,0.33680639040112903,0.5468444086103976,0.5523785087993784,1.6820477756722911,1.4261793775450378,ok,ok
fw26_ai,477m-g090-ai-r1,477m-g090-control,held_out,ai,20,477103346,2251256739.0,2306903133.0,1.0247179244534845,0.5061040414951027,0.5227802306117603,0.5310325677939469,2.6762517936872583,2.0461533715991784,ok,ok
fw26_ai,477m-g090-human-r0.0025,477m-g090-control,held_out,human,20,477103346,2256535552.0,0.0,0.0,0.0,0.6564166301266802,0.6573985686567176,,,above_range,above_range
fw26_ai,477m-g090-human-r0.025,477m-g090-control,held_out,human,20,477103346,2307915776.0,0.0,0.0,0.0,0.6557370057558229,0.6563491242083415,,,above_range,above_range
fw26_ai,477m-g090-human-r0.05,477m-g090-control,held_out,human,20,477103346,2364538880.0,0.0,0.0,0.0,0.6547385038218235,0.6552225063945254,,,above_range,above_range
fw26_ai,477m-g091-control,477m-g091-control,held_out,control,20,477103346,8703180800.0,0.0,0.0,0.0,0.5996335292158973,0.5992633924966526,,,above_range,above_range
fw26_ai,477m-g091-ai-r0.0025,477m-g091-control,held_out,ai,20,477103346,8702396329.0,21755990.0,0.0024999999054858032,0.0024937654919915207,0.5921304463768646,0.5968241752347405,,,above_range,above_range
fw26_ai,477m-g091-ai-r0.025,477m-g091-control,held_out,ai,20,477103346,8702669299.0,217566732.0,0.024999999945419044,0.024390243850488085,0.569873103084981,0.5802786668473023,0.328904854903994,0.2476055835214444,ok,ok
fw26_ai,477m-g091-ai-r0.05,477m-g091-control,held_out,ai,20,477103346,8703180800.0,435159040.0,0.05,0.047619047619047616,0.5577445165738917,0.5682429414823322,0.4528130902390213,0.33596212003211096,ok,ok
fw26_ai,477m-g091-ai-r0.1,477m-g091-control,held_out,ai,20,477103346,8703180800.0,870318080.0,0.1,0.09090909090909091,0.5433056489860073,0.5527226963977727,0.6639084298695871,0.5005373885974054,ok,ok
fw26_ai,477m-g091-ai-r0.25,477m-g091-control,held_out,ai,20,477103346,8703180800.0,2175795200.0,0.25,0.2,0.5201846780878185,0.5290687916253548,1.2224033979030935,0.9131349636980123,ok,ok
fw26_ai,477m-g091-ai-r0.5,477m-g091-control,held_out,ai,20,477103346,8703180800.0,4351590400.0,0.5,0.3333333333333333,0.502471995664777,0.5107152671864518,1.8845670116449524,1.407054731481676,ok,ok
fw26_ai,477m-g091-ai-r1,477m-g091-control,held_out,ai,20,477103346,8703180800.0,8703180800.0,1.0,0.5,0.4853896052188142,0.493224535178982,2.686415703402405,1.9880237266185616,ok,ok
fw26_ai,477m-g091-human-r0.0025,477m-g091-control,held_out,human,20,477103346,8724152320.0,0.0,0.0,0.0,0.5994623047033135,0.5991679788436415,,,above_range,above_range
fw26_ai,477m-g091-human-r0.025,477m-g091-control,held_out,human,20,477103346,8920236032.0,0.0,0.0,0.0,0.5988025621140604,0.5982881103218526,,,above_range,above_range
fw26_ai,477m-g091-human-r0.05,477m-g091-control,held_out,human,20,477103346,9138339840.0,0.0,0.0,0.0,0.5983676052498084,0.5973345490180444,,,above_range,above_range
fw26_ai,477m-g092-control,477m-g092-control,held_out,control,20,477103346,9007267840.0,0.0,0.0,0.0,0.5991644166238864,0.5979045017067961,,,above_range,above_range
fw26_ai,477m-g092-ai-r0.0025,477m-g092-control,held_out,ai,20,477103346,9007784045.0,22552467.0,0.0025036642627459882,0.0024974115826172216,0.5916263556344111,0.5954661661328178,,,above_range,above_range
fw26_ai,477m-g092-ai-r0.025,477m-g092-control,held_out,ai,20,477103346,9006830431.0,224832673.0,0.02496246317974008,0.02435451450807189,0.5686288533729797,0.5790198996643929,0.3290042942609555,0.24748489849543368,ok,ok
fw26_ai,477m-g092-ai-r0.05,477m-g092-control,held_out,ai,20,477103346,9007470387.0,449636557.0,0.04991818320590167,0.04754483159199854,0.5567552533044126,0.5670448883113932,0.4502879719006687,0.33570317685265544,ok,ok
fw26_ai,477m-g092-ai-r0.1,477m-g092-control,held_out,ai,20,477103346,9007611810.0,901431390.0,0.10007440473836317,0.090970578269353,0.5419747955220835,0.5515384192921495,0.6680851590858535,0.500807615066184,ok,ok
fw26_ai,477m-g092-ai-r0.25,477m-g092-control,held_out,ai,20,477103346,9007186651.0,2262908197.0,0.25123362984253983,0.20078874468404118,0.519443787965054,0.527875165954392,1.209621048519829,0.9161187934968478,ok,ok
fw26_ai,477m-g092-ai-r0.5,477m-g092-control,held_out,ai,20,477103346,9007021193.0,4553163639.0,0.5055127040822984,0.3357744525911784,0.5017649949424741,0.509452032392148,1.8613116345381284,1.4156716758179628,ok,ok
fw26_ai,477m-g092-ai-r1,477m-g092-control,held_out,ai,20,477103346,9007405771.0,9193776437.0,1.0206908260533831,0.5051197406814071,0.484028575475642,0.4918409268335168,2.710306378835937,2.0033534247038944,ok,ok
fw26_ai,477m-g092-human-r0.0025,477m-g092-control,held_out,human,20,477103346,9030336512.0,0.0,0.0,0.0,0.5983795116759631,0.5978035185888109,,,above_range,above_range
fw26_ai,477m-g092-human-r0.025,477m-g092-control,held_out,human,20,477103346,9231663104.0,0.0,0.0,0.0,0.5977790762856281,0.5969342989062785,,,above_range,above_range
fw26_ai,477m-g092-human-r0.05,477m-g092-control,held_out,human,20,477103346,9457106944.0,0.0,0.0,0.0,0.597172795160741,0.5959858235579869,,,above_range,above_range
fw26_ai,477m-g093-control,477m-g093-control,held_out,control,20,477103346,17406361600.0,0.0,0.0,0.0,0.5835168280836871,0.572899692978398,0.11638850418224315,0.15503504500125556,ok,ok
fw26_ai,477m-g093-ai-r0.05,477m-g093-control,held_out,ai,20,477103346,17406361600.0,870318080.0,0.05,0.047619047619047616,0.5407533083154107,0.5443810536029908,0.3760762597113324,0.3365547489530193,ok,ok
fw26_ai,477m-g093-ai-r0.25,477m-g093-control,held_out,ai,20,477103346,17406361600.0,4351590400.0,0.25,0.2,0.5055386018778096,0.508455991632258,1.0129992704967294,0.913656122004587,ok,ok
fw26_ai,477m-g093-ai-r1,477m-g093-control,held_out,ai,20,477103346,17406361600.0,17406361600.0,1.0,0.5,0.47285401174621416,0.4760741494162717,2.2310832538954246,1.9520934554713072,ok,ok
fw26_ai,477m-g094-control,477m-g094-control,held_out,control,20,477103346,18014535680.0,0.0,0.0,0.0,0.5819670855008203,0.5716499998628056,0.11719301329277283,0.15504650795647063,ok,ok
fw26_ai,477m-g094-ai-r0.05,477m-g094-control,held_out,ai,20,477103346,18014228305.0,899985583.0,0.049959707835511416,0.04758250003564726,0.5397520508414915,0.543265426396428,0.37480936192452674,0.33645250773854685,ok,ok
fw26_ai,477m-g094-ai-r0.1,477m-g094-control,held_out,ai,20,477103346,18014384010.0,1802653814.0,0.1000674690291561,0.09096484701749137,0.5263099864782912,0.5290407217896693,0.5481946625835761,0.5017384533202408,ok,ok
fw26_ai,477m-g094-ai-r0.25,477m-g094-control,held_out,ai,20,477103346,18014802090.0,4526436182.0,0.2512620543587665,0.20080690010817165,0.5050638450423106,0.5073577479290345,0.9944875325287417,0.916705396994439,ok,ok
fw26_ai,477m-g094-ai-r0.5,477m-g094-control,held_out,ai,20,477103346,18014313383.0,9105007705.0,0.5054318480765602,0.3357387773630095,0.4888681394634733,0.4906112815851943,1.5063620882972144,1.4089801371476611,ok,ok
fw26_ai,477m-g094-ai-r1,477m-g094-control,held_out,ai,20,477103346,18014673411.0,18387691005.0,1.0207063200919442,0.505123535242618,0.4723030214649558,0.47483149607991704,2.1835038776489832,1.965064045629346,ok,ok
fw26_ai,477m-g095-control,477m-g095-control,held_out,control,20,477103346,26109542400.0,0.0,0.0,0.0,0.5751673486154874,0.5584712505618341,0.09713486492547278,0.15518855819925959,ok,ok
fw26_ai,477m-g095-ai-r0.25,477m-g095-control,held_out,ai,20,477103346,26109542400.0,6527385600.0,0.25,0.2,0.4986502488236172,0.49719713732315063,0.8664130716422436,0.9140972579208657,ok,ok
fw26_ai,477m-g095-ai-r0.5,477m-g095-control,held_out,ai,20,477103346,26109542400.0,13054771200.0,0.5,0.3333333333333333,0.48318840711480404,0.4814456099707696,1.3021229210131395,1.3956358851093227,ok,ok
fw26_ai,477m-g095-ai-r1,477m-g095-control,held_out,ai,20,477103346,26109542400.0,26109542400.0,1.0,0.5,0.46728752934517714,0.4668315963491112,1.884480289678831,1.9220033056593846,ok,ok
fw26_ai,477m-g096-control,477m-g096-control,held_out,control,20,477103346,34812723200.0,0.0,0.0,0.0,0.57069023662831,0.5486545262325198,0.08238900469860214,0.1553254882008016,ok,ok
fw26_ai,477m-g096-ai-r0.05,477m-g096-control,held_out,ai,20,477103346,34812723200.0,1740636160.0,0.05,0.047619047619047616,0.5290432746027813,0.522440544463334,0.27199008547787823,0.3374988900213125,ok,ok
fw26_ai,477m-g096-ai-r0.25,477m-g096-control,held_out,ai,20,477103346,34812723200.0,8703180800.0,0.25,0.2,0.4950447462818176,0.48954978289330275,0.7426952946863208,0.9144939202961478,ok,ok
fw26_ai,477m-g096-ai-r0.5,477m-g096-control,held_out,ai,20,477103346,34812723200.0,17406361600.0,0.5,0.3333333333333333,0.47885067258110103,0.47446308496386064,1.1619521771577863,1.3909376288473085,ok,ok
fw26_ai,973m-g097-control,973m-g097-control,held_out,control,26,972949562,4591714304.0,0.0,0.0,0.0,0.5984316898816481,0.602404160672714,,,above_range,above_range
fw26_ai,973m-g098-control,973m-g098-control,held_out,control,26,972949562,18367905792.0,0.0,0.0,0.0,0.5501551656351293,0.5477271160179242,,,above_range,above_range
fw26_ai,973m-g098-ai-r0.05,973m-g098-control,held_out,ai,26,972949562,18368055588.0,918402779.0,0.04999999997822306,0.04761904759929529,0.5075486857077879,0.5193818016515852,0.4858885799003071,0.33575171977889895,ok,ok
fw26_ai,973m-g098-ai-r0.1,973m-g098-control,held_out,ai,26,972949562,18368191767.0,1836819176.0,0.09999999996189064,0.09090909087759558,0.4933942910838985,0.505195345336078,0.7385297926980708,0.5001900542134117,ok,ok
fw26_ai,973m-g098-ai-r0.25,973m-g098-control,held_out,ai,26,972949562,18367696076.0,4591924019.0,0.25,0.2,0.47263262493606434,0.4835535355176993,1.354465576356275,0.9129272554500006,ok,ok
fw26_ai,973m-g098-ai-r0.5,973m-g098-control,held_out,ai,26,972949562,18368255317.0,9184127658.0,0.4999999999727791,0.33333333332123516,0.4560330030890886,0.46671018783517026,2.1386981502653324,1.4096127952472752,ok,ok
fw26_ai,973m-g098-ai-r1,973m-g098-control,held_out,ai,26,972949562,18368430080.0,18368430080.0,1.0,0.5,0.4392683076931186,0.45056349731426304,3.2363909341570802,2.003244807804877,ok,ok
fw26_ai,973m-g099-control,973m-g099-control,held_out,control,26,972949562,36736860160.0,0.0,0.0,0.0,0.5363267356734336,0.5236380399938767,0.1067098091882626,0.15493718217514005,ok,ok
fw26_ai,973m-g099-ai-r0.05,973m-g099-control,held_out,ai,26,972949562,36736111177.0,1836805558.0,0.049999999976862004,0.04761904759806077,0.4938017100048616,0.49757851169564266,0.381562355025965,0.33621218704375594,ok,ok
fw26_ai,973m-g099-ai-r0.1,973m-g099-control,held_out,ai,26,972949562,36736383534.0,3673638353.0,0.09999999998911162,0.09090909090009223,0.47968240524923245,0.4845455664059388,0.5952445976958534,0.5009021995367456,ok,ok
fw26_ai,973m-g099-ai-r0.25,973m-g099-control,held_out,ai,26,972949562,36736231014.0,9184057753.0,0.24999999998638947,0.19999999999128926,0.45957437760864617,0.46470053802267897,1.114824198030872,0.9133179270412376,ok,ok
fw26_ai,973m-g099-ai-r0.5,973m-g099-control,held_out,ai,26,972949562,36736510634.0,18368255317.0,0.5,0.3333333333333333,0.4438263452743931,0.4493361292734799,1.7716507618988806,1.4050207958879224,ok,ok
cosmopedia,19.9m-g001-control,19.9m-g001-control,fit,control,4,19923026,57671680.0,0.0,0.0,0.0,1.22959260470764,1.143868718174088,,,above_range,above_range
cosmopedia,19.9m-g001-ai-r0.05,19.9m-g001-control,fit,ai,4,19923026,58029803.0,2525461.0,0.043520068472402015,0.04170506134693757,1.1862719021539774,1.0894171655973481,,,above_range,above_range
cosmopedia,19.9m-g001-ai-r0.1,19.9m-g001-control,fit,ai,4,19923026,58333666.0,5105182.0,0.08751690661786969,0.08047406535503293,1.158969379783399,1.0601131503574057,,,above_range,above_range
cosmopedia,19.9m-g001-ai-r0.25,19.9m-g001-control,fit,ai,4,19923026,58887076.0,13202524.0,0.22420070577116105,0.18314048073508524,1.0864956817426514,1.0140219886887458,,,above_range,above_range
cosmopedia,19.9m-g001-ai-r0.5,19.9m-g001-control,fit,ai,4,19923026,59404458.0,27103062.0,0.45624626353799913,0.313302959095348,1.0383430848073254,0.9789701449711385,,1.3197260119686842,above_range,ok
cosmopedia,19.9m-g001-ai-r1,19.9m-g001-control,fit,ai,4,19923026,59051985.0,56291375.0,0.9532511904553251,0.48803307793357154,0.9813068335832374,0.9466672143292596,0.9477156190085253,1.8769498326126233,ok,ok
cosmopedia,19.9m-g002-control,19.9m-g002-control,fit,control,4,19923026,57671680.0,0.0,0.0,0.0,1.2306466437473491,1.143868718174088,,,above_range,above_range
cosmopedia,19.9m-g002-ai-r0.0227,19.9m-g002-control,fit,ai,4,19923026,57674513.0,1307887.0,0.022677035868512666,0.022174190945095484,1.2124173565976455,1.1104507515837594,,,above_range,above_range
cosmopedia,19.9m-g002-ai-r0.0459,19.9m-g002-control,fit,ai,4,19923026,57646901.0,2646219.0,0.04590392465329576,0.04388923645019531,1.1853324513936347,1.0879294584422239,,,above_range,above_range
cosmopedia,19.9m-g002-ai-r2.01,19.9m-g002-control,fit,ai,4,19923026,57664325.0,116137147.0,2.0140207485303954,0.6682172806913856,0.9393793461150467,0.9195218985869007,1.4555102027293096,2.281226197252629,ok,ok
cosmopedia,19.9m-g002-ai-r4.24,19.9m-g002-control,fit,ai,4,19923026,57677892.0,244574140.0,4.240344636728402,0.8091728561149921,0.9025255030826349,0.8965148585368783,1.9929504875841475,2.3306294822678053,ok,ok
cosmopedia,19.9m-g002-ai-r8.73,19.9m-g002-control,fit,ai,4,19923026,57659633.0,503590671.0,8.733851479769218,0.8972657429509383,0.8695086585203586,0.878143368939007,2.714325445343421,2.092745808956243,ok,ok
cosmopedia,19.9m-g002-ai-r17.7,19.9m-g002-control,fit,ai,4,19923026,57674520.0,1020261608.0,17.68998871598758,0.9464954198102543,0.8649608606114932,0.8631108759672876,1.6303458599410585,1.7301002081088626,ok,ok
cosmopedia,19.9m-g002-ai-r35.5,19.9m-g002-control,fit,ai,4,19923026,57668393.0,2048134359.0,35.51571757860497,0.9726145324175167,0.8587888983282025,0.8508843549072503,1.0205049341584829,1.3384581584320374,ok,ok
cosmopedia,19.9m-g002-ai-r70.6,19.9m-g002-control,fit,ai,4,19923026,57670394.0,4069524742.0,70.5652321709472,0.9860267343559885,0.8487236866571052,0.8417936356652438,0.7376392191466237,0.9536465025579925,ok,ok
cosmopedia,19.9m-g002-human-r0.025,19.9m-g002-control,fit,human,4,19923026,58982400.0,0.0,0.0,0.0,1.2233917739417886,1.1419823438545293,,,above_range,above_range
cosmopedia,19.9m-g002-human-r0.05,19.9m-g002-control,fit,human,4,19923026,60555264.0,0.0,0.0,0.0,1.216359343594898,1.1397830249504937,,,above_range,above_range
cosmopedia,19.9m-g002-human-r4,19.9m-g002-control,fit,human,4,19923026,288358400.0,0.0,0.0,0.0,0.9981152237832475,1.026476567571612,0.2801200602264843,,ok,above_range
cosmopedia,19.9m-g003-control,19.9m-g003-control,fit,control,4,19923026,57671680.0,0.0,0.0,0.0,1.2287662495862792,1.143868718174088,,,above_range,above_range
cosmopedia,19.9m-g003-ai-r0.025,19.9m-g003-control,fit,ai,4,19923026,57674513.0,1307887.0,0.022677035868512666,0.022174190945095484,1.1993593622770273,1.1104507515837594,,,above_range,above_range
cosmopedia,19.9m-g003-ai-r0.05,19.9m-g003-control,fit,ai,4,19923026,57646901.0,2646219.0,0.04590392465329576,0.04388923645019531,1.1764834693477275,1.0879294584422239,,,above_range,above_range
cosmopedia,19.9m-g003-ai-r0.1,19.9m-g003-control,fit,ai,4,19923026,57730555.0,5184005.0,0.0897965557407165,0.0823975404103597,1.149832992600484,1.0596539634242603,,,above_range,above_range
cosmopedia,19.9m-g003-ai-r2,19.9m-g003-control,fit,ai,4,19923026,57664325.0,116137147.0,2.0140207485303954,0.6682172806913856,0.9253289160364314,0.9195218985869007,1.992223067670714,2.281226197252629,ok,ok
cosmopedia,19.9m-g003-ai-r8,19.9m-g003-control,fit,ai,4,19923026,57659633.0,503590671.0,8.733851479769218,0.8972657429509383,0.8661486467786373,0.878143368939007,3.0152758504680204,2.092745808956243,ok,ok
cosmopedia,19.9m-g003-human-r0.025,19.9m-g003-control,fit,human,4,19923026,58982400.0,0.0,0.0,0.0,1.2163335847798051,1.1419823438545293,,,above_range,above_range
cosmopedia,19.9m-g003-human-r0.05,19.9m-g003-control,fit,human,4,19923026,60555264.0,0.0,0.0,0.0,1.2080294619654977,1.1397830249504937,,,above_range,above_range
cosmopedia,19.9m-g004-control,19.9m-g004-control,fit,control,4,19923026,57671680.0,0.0,0.0,0.0,1.2333275524622984,1.143868718174088,,,above_range,above_range
cosmopedia,19.9m-g004-ai-r0.025,19.9m-g004-control,fit,ai,4,19923026,57674513.0,1307887.0,0.022677035868512666,0.022174190945095484,1.207894027925873,1.1104507515837594,,,above_range,above_range
cosmopedia,19.9m-g004-ai-r0.05,19.9m-g004-control,fit,ai,4,19923026,57646901.0,2646219.0,0.04590392465329576,0.04388923645019531,1.1889721077290922,1.0879294584422239,,,above_range,above_range
cosmopedia,19.9m-g004-ai-r0.1,19.9m-g004-control,fit,ai,4,19923026,57730555.0,5184005.0,0.0897965557407165,0.0823975404103597,1.1602098790995292,1.0596539634242603,,,above_range,above_range
cosmopedia,19.9m-g004-human-r0.025,19.9m-g004-control,fit,human,4,19923026,58982400.0,0.0,0.0,0.0,1.2264299074102716,1.1419823438545293,,,above_range,above_range
cosmopedia,19.9m-g004-human-r0.05,19.9m-g004-control,fit,human,4,19923026,60555264.0,0.0,0.0,0.0,1.217021648703467,1.1397830249504937,,,above_range,above_range
cosmopedia,19.9m-g005-control,19.9m-g005-control,fit,control,4,19923026,94109696.0,0.0,0.0,0.0,1.1048278642726315,1.1044572136779671,,,above_range,above_range
cosmopedia,19.9m-g005-ai-r0.025,19.9m-g005-control,fit,ai,4,19923026,94056774.0,2150074.0,0.022859321115988946,0.022348450704881215,1.0805564362041882,1.0737350731417183,,,above_range,above_range
cosmopedia,19.9m-g005-ai-r0.05,19.9m-g005-control,fit,ai,4,19923026,94012996.0,4291004.0,0.04564266838172033,0.04365034993489583,1.0672089340399664,1.0535242059644325,,,above_range,above_range
cosmopedia,19.9m-g005-ai-r0.1,19.9m-g005-control,fit,ai,4,19923026,94146721.0,8613727.0,0.09149258634296993,0.08382336947382713,1.0436308523741196,1.0267001130610174,,,above_range,above_range
cosmopedia,19.9m-g005-ai-r0.25,19.9m-g005-control,fit,ai,4,19923026,94136107.0,22255829.0,0.2364218120895949,0.1912145270957603,1.0086600595763475,0.9845678724595759,,0.8844439645032274,above_range,ok
cosmopedia,19.9m-g005-ai-r0.5,19.9m-g005-control,fit,ai,4,19923026,94190370.0,45532382.0,0.48340803842261154,0.3258766474911688,0.9695630168201091,0.9530512118802077,0.9768200116357479,1.3568675154825895,ok,ok
cosmopedia,19.9m-g005-ai-r1,19.9m-g005-control,fit,ai,4,19923026,94077158.0,93880090.0,0.9979052513469848,0.49947576376517283,0.9372202897074899,0.9246806062581079,1.4106966406659598,1.8699272871629542,ok,ok
cosmopedia,19.9m-g005-ai-r2,19.9m-g005-control,fit,ai,4,19923026,94113990.0,196865850.0,2.091780935012956,0.6765618195404878,0.8980484203305734,0.9008208443187737,2.325063883035161,2.16306160418799,ok,ok
cosmopedia,19.9m-g005-ai-r4,19.9m-g005-control,fit,ai,4,19923026,94100233.0,405808375.0,4.3125119041947535,0.8117651276770973,0.8781616008658104,0.8824460429721415,2.348282214718531,2.0743635938980742,ok,ok
cosmopedia,19.9m-g005-ai-r8,19.9m-g005-control,fit,ai,4,19923026,94104303.0,827069713.0,8.788861790942759,0.897843077024005,0.8648264261706303,0.8680301038825694,1.9159948559813307,1.7315970058753163,ok,ok
cosmopedia,19.9m-g005-ai-r16,19.9m-g005-control,fit,ai,4,19923026,94113097.0,1663300279.0,17.67341987481296,0.9464479454377386,0.8595497201195597,0.856533852406441,1.1922927723006735,1.319018180440018,ok,ok
cosmopedia,19.9m-g005-ai-r32,19.9m-g005-control,fit,ai,4,19923026,94109283.0,3318219165.0,35.2592120481887,0.9724208016801084,0.8523140433354454,0.8475828899437192,0.7854809813800926,0.9297412771610065,ok,ok
cosmopedia,19.9m-g005-ai-r64,19.9m-g005-control,fit,ai,4,19923026,94109378.0,6598164798.0,70.11166090163724,0.9859376087223836,0.8479880426235415,0.8416683491833707,0.4671515592771909,0.590946240830728,ok,ok
cosmopedia,19.9m-g005-human-r0.025,19.9m-g005-control,fit,human,4,19923026,96206848.0,0.0,0.0,0.0,1.1000131021808348,1.102764487853774,,,above_range,above_range
cosmopedia,19.9m-g005-human-r0.05,19.9m-g005-control,fit,human,4,19923026,98304000.0,0.0,0.0,0.0,1.0914505917124016,1.1011148067160916,,,above_range,above_range
cosmopedia,19.9m-g005-human-r4,19.9m-g005-control,fit,human,4,19923026,499908608.0,0.0,0.0,0.0,0.9756234022567765,0.9935898787814287,0.24318616766383924,0.17500093380793652,ok,ok
cosmopedia,19.9m-g006-control,19.9m-g006-control,fit,control,4,19923026,230686720.0,0.0,0.0,0.0,1.0087133761986105,1.04077858499906,,,above_range,above_range
cosmopedia,19.9m-g006-ai-r0.05,19.9m-g006-control,fit,ai,4,19923026,230768830.0,11452226.0,0.04962639885117934,0.04728005974839776,0.9691962141808926,0.9949774097705982,0.5674747010858284,0.3524024691032575,ok,ok
cosmopedia,19.9m-g006-ai-r0.1,19.9m-g006-control,fit,ai,4,19923026,230710072.0,23045320.0,0.09988866025753744,0.09081706527836067,0.9485820592085816,0.9716726324567462,0.8195747823754499,0.5164757082633712,ok,ok
cosmopedia,19.9m-g006-ai-r0.25,19.9m-g006-control,fit,ai,4,19923026,229917889.0,58440511.0,0.2541799215980102,0.20266623410311613,0.9260857409710936,0.9368171770145434,1.180057703501511,0.9276705512226142,ok,ok
cosmopedia,19.9m-g006-ai-r0.5,19.9m-g006-control,fit,ai,4,19923026,227962853.0,118067227.0,0.5179230977601426,0.34120509696729256,0.9006670762498742,0.9116587474853088,1.8261898527641482,1.3845448206682982,ok,ok
cosmopedia,19.9m-g006-ai-r1,19.9m-g006-control,fit,ai,4,19923026,224956081.0,236417359.0,1.0509489583435623,0.5124208255247636,0.8849693669682641,0.8908010865151239,2.092302387805283,1.7800354656904047,ok,ok
cosmopedia,19.9m-g007-control,19.9m-g007-control,fit,control,4,19923026,230686720.0,0.0,0.0,0.0,1.0035940516267876,1.04077858499906,,,above_range,above_range
cosmopedia,19.9m-g007-ai-r0.0244,19.9m-g007-control,fit,ai,4,19923026,230568834.0,5622910.0,0.024387120767588217,0.02380654761582183,0.9862245754448729,1.0133194129192336,0.4228549186011683,,ok,above_range
cosmopedia,19.9m-g007-ai-r0.0495,19.9m-g007-control,fit,ai,4,19923026,230792406.0,11428650.0,0.04951917698713189,0.0471827271696809,0.9709423711397251,0.9950363790133343,0.5487016352476136,0.3520352255985434,ok,ok
cosmopedia,19.9m-g007-ai-r2.13,19.9m-g007-control,fit,ai,4,19923026,230719713.0,491224863.0,2.129097928446192,0.6804190783199402,0.8702123048448547,0.8743079562504117,2.0648011999911406,1.823001633480648,ok,ok
cosmopedia,19.9m-g007-ai-r4.32,19.9m-g007-control,fit,ai,4,19923026,230686064.0,996672144.0,4.320469675185927,0.8120466686120048,0.8497371195930908,0.8637163345737116,2.3919567544028295,1.4901016833634018,ok,ok
cosmopedia,19.9m-g007-ai-r8.71,19.9m-g007-control,fit,ai,4,19923026,230668279.0,2009614345.0,8.712140020778497,0.897036080836915,0.854668742548797,0.8567791396885899,1.102668760295896,1.0261660578351097,ok,ok
cosmopedia,19.9m-g007-ai-r17.5,19.9m-g007-control,fit,ai,4,19923026,230681632.0,4026012640.0,17.452679717473128,0.9458073290540514,0.8457590730896702,0.8522857970899622,0.7967749782906453,0.630293869617195,ok,ok
cosmopedia,19.9m-g007-ai-r34.7,19.9m-g007-control,fit,ai,4,19923026,230687968.0,8008497952.0,34.71571587123261,0.9720011211981486,0.8457636471577863,0.8501545996282414,0.4115764952837153,0.351058646480942,ok,ok
cosmopedia,19.9m-g007-ai-r69,19.9m-g007-control,fit,ai,4,19923026,230689109.0,15919740587.0,69.00950225179464,0.9857162246861373,0.8401199014515017,0.8514229832658374,0.2599157312008251,0.17123119607428464,ok,ok
cosmopedia,19.9m-g007-human-r0.025,19.9m-g007-control,fit,human,4,19923026,236453888.0,0.0,0.0,0.0,1.0093761654483409,1.0391673002525708,,,above_range,above_range
cosmopedia,19.9m-g007-human-r0.05,19.9m-g007-control,fit,human,4,19923026,242221056.0,0.0,0.0,0.0,1.0062091539543605,1.0376017926829264,,,above_range,above_range
cosmopedia,19.9m-g007-human-r2,19.9m-g007-control,fit,human,4,19923026,692060160.0,0.0,0.0,0.0,0.9639530393554683,0.9756394665586201,0.2200121543393972,0.1756118694782969,ok,ok
cosmopedia,19.9m-g007-human-r4,19.9m-g007-control,fit,human,4,19923026,1153433600.0,0.0,0.0,0.0,0.9483721595114462,0.9495014230587763,0.18109926435989504,0.1768821827421339,ok,ok
cosmopedia,19.9m-g008-control,19.9m-g008-control,fit,control,4,19923026,230686720.0,0.0,0.0,0.0,1.0162897288112178,1.04077858499906,,,above_range,above_range
cosmopedia,19.9m-g008-ai-r2.13,19.9m-g008-control,fit,ai,4,19923026,230719713.0,491224863.0,2.129097928446192,0.6804190783199402,0.8591264006476448,0.8743079562504117,2.9434220818279413,1.823001633480648,ok,ok
cosmopedia,19.9m-g008-ai-r4.32,19.9m-g008-control,fit,ai,4,19923026,230686064.0,996672144.0,4.320469675185927,0.8120466686120048,0.8513087075120404,0.8637163345737116,2.2622687445093406,1.4901016833634018,ok,ok
cosmopedia,19.9m-g008-ai-r17.5,19.9m-g008-control,fit,ai,4,19923026,230681632.0,4026012640.0,17.452679717473128,0.9458073290540514,0.842338004950159,0.8522857970899622,0.905654775371158,0.630293869617195,ok,ok
cosmopedia,19.9m-g009-control,19.9m-g009-control,fit,control,4,19923026,230686720.0,0.0,0.0,0.0,1.0107385665861455,1.04077858499906,,,above_range,above_range
cosmopedia,19.9m-g009-ai-r2.13,19.9m-g009-control,fit,ai,4,19923026,230719713.0,491224863.0,2.129097928446192,0.6804190783199402,0.8685935694223932,0.8743079562504117,2.1709580367759456,1.823001633480648,ok,ok
cosmopedia,19.9m-g009-ai-r4.32,19.9m-g009-control,fit,ai,4,19923026,230686064.0,996672144.0,4.320469675185927,0.8120466686120048,0.8561653986897623,0.8637163345737116,1.912404697688195,1.4901016833634018,ok,ok
cosmopedia,19.9m-g009-ai-r17.5,19.9m-g009-control,fit,ai,4,19923026,230681632.0,4026012640.0,17.452679717473128,0.9458073290540514,0.8417444129439319,0.8522857970899622,0.926374502160663,0.630293869617195,ok,ok
cosmopedia,19.9m-g010-control,19.9m-g010-control,fit,control,4,19923026,376176640.0,0.0,0.0,0.0,0.987779697839404,1.0101762276453223,0.25810692670380225,,ok,above_range
cosmopedia,19.9m-g010-ai-r0.025,19.9m-g010-control,fit,ai,4,19923026,376274783.0,9601185.0,0.02551641894110135,0.02488153136294821,0.9624750451750705,0.9841180178019461,0.40627811716232015,0.2689834164770462,ok,ok
cosmopedia,19.9m-g010-ai-r0.05,19.9m-g010-control,fit,ai,4,19923026,376169306.0,19405990.0,0.051588446187579164,0.04905763882686951,0.9487056226695298,0.9672425526938209,0.5243892314995078,0.36089894546236406,ok,ok
cosmopedia,19.9m-g010-ai-r0.1,19.9m-g010-control,fit,ai,4,19923026,376221949.0,38752003.0,0.10300303611472705,0.09338418185823866,0.9369655109158602,0.9460180073639959,0.6425310372937466,0.5288931877173411,ok,ok
cosmopedia,19.9m-g010-ai-r0.25,19.9m-g010-control,fit,ai,4,19923026,376271496.0,97160568.0,0.25821931512983914,0.20522599838104755,0.9006354925770971,0.9147763165684368,1.3358484913942574,0.9380177475485869,ok,ok
cosmopedia,19.9m-g010-ai-r0.5,19.9m-g010-control,fit,ai,4,19923026,376263620.0,195472444.0,0.5195092844745394,0.3418928003814012,0.8840574578624016,0.8926477277003634,1.7324794877061236,1.3662325470337673,ok,ok
cosmopedia,19.9m-g010-ai-r1,19.9m-g010-control,fit,ai,4,19923026,376231704.0,393685224.0,1.0463903488580006,0.5113346773952215,0.8664113632437137,0.8750076268779783,2.179879353918688,1.6739597197712974,ok,ok
cosmopedia,19.9m-g010-ai-r2,19.9m-g010-control,fit,ai,4,19923026,376182318.0,796912082.0,2.118419829610386,0.6793247687483633,0.8515175483838853,0.8633283829533529,2.3495692206250025,1.5786357174817123,ok,ok
cosmopedia,19.9m-g010-ai-r4,19.9m-g010-control,fit,ai,4,19923026,376160196.0,1613774908.0,4.290126720372083,0.8109686113663332,0.8503350206314646,0.8572077020281994,1.444241001898155,1.1386753750474683,ok,ok
cosmopedia,19.9m-g010-ai-r8,19.9m-g010-control,fit,ai,4,19923026,376185943.0,3252411305.0,8.645754487960758,0.8963274463134907,0.849255229259715,0.8548560993261787,0.8231338318928503,0.676420418826441,ok,ok
cosmopedia,19.9m-g010-ai-r16,19.9m-g010-control,fit,ai,4,19923026,376174059.0,6506416661.0,17.296292780784228,0.9453441190528906,0.8404735374509894,0.854903726209204,0.6016146210232226,0.3560363350400302,ok,ok
cosmopedia,19.9m-g010-ai-r32,19.9m-g010-control,fit,ai,4,19923026,376174161.0,12956731823.0,34.44343914679456,0.9717860336335212,0.8400629775050941,0.8574103600845029,0.315537377662067,0.16879146900774455,ok,ok
cosmopedia,19.9m-g010-human-r0.025,19.9m-g010-control,fit,human,4,19923026,385875968.0,0.0,0.0,0.0,0.9907431019329936,1.008656243018767,0.23853362721366003,,ok,above_range
cosmopedia,19.9m-g010-human-r0.05,19.9m-g010-control,fit,human,4,19923026,395575296.0,0.0,0.0,0.0,0.9821970738009618,1.0071807427650394,0.27182756782534084,,ok,above_range
cosmopedia,19.9m-g010-human-r2,19.9m-g010-control,fit,human,4,19923026,1173094400.0,0.0,0.0,0.0,0.9481437616881672,0.9486773252308065,0.17891693979490086,0.17693209688777833,ok,ok
cosmopedia,19.9m-g010-human-r4,19.9m-g010-control,fit,human,4,19923026,1989935104.0,0.0,0.0,0.0,0.9410853539704029,0.9241456575290716,0.12252359725996229,0.17882001285198917,ok,ok
cosmopedia,19.9m-g011-control,19.9m-g011-control,fit,control,4,19923026,461373440.0,0.0,0.0,0.0,0.9726149497401565,0.9981823987941185,0.27898876970488296,0.174869337659283,ok,ok
cosmopedia,19.9m-g011-ai-r0.05,19.9m-g011-control,fit,ai,4,19923026,460827327.0,23614785.0,0.051244324319334476,0.048746350523713344,0.9378401896103765,0.9570620251648457,0.5399679983202393,0.36064052162928567,ok,ok
cosmopedia,19.9m-g011-ai-r0.1,19.9m-g011-control,fit,ai,4,19923026,460318967.0,47191817.0,0.10251981861090681,0.09298682606909886,0.9245723725101928,0.936666489780652,0.6942633339575016,0.5288296780835279,ok,ok
cosmopedia,19.9m-g011-ai-r0.25,19.9m-g011-control,fit,ai,4,19923026,457730110.0,118986690.0,0.2599494492507823,0.20631736408580434,0.8927412009696516,0.9065766025893568,1.351020341959874,0.9424161055633863,ok,ok
cosmopedia,19.9m-g011-ai-r0.5,19.9m-g011-control,fit,ai,4,19923026,454846067.0,237214093.0,0.5215260946732557,0.34276513330864183,0.877778733113068,0.8858995741967326,1.7154492527304321,1.3588824152251908,ok,ok
cosmopedia,19.9m-g011-ai-r1,19.9m-g011-control,fit,ai,4,19923026,450154555.0,472592325.0,1.049844591709174,0.5121581391854719,0.8680840260139427,0.8699100620300488,1.7257354353578542,1.630600392085734,ok,ok
cosmopedia,19.9m-g012-control,19.9m-g012-control,fit,control,4,19923026,692060160.0,0.0,0.0,0.0,0.9632857874582161,0.9756394665586201,0.2229270847857481,0.1756118694782969,ok,ok
cosmopedia,19.9m-g012-ai-r0.05,19.9m-g012-control,fit,ai,4,19923026,691745159.0,34918009.0,0.05047814002844363,0.048052537320840236,0.9263386427542539,0.9378060936661222,0.46556845175252715,0.36024663786532635,ok,ok
cosmopedia,19.9m-g012-ai-r0.1,19.9m-g012-control,fit,ai,4,19923026,691129556.0,70136620.0,0.10148114690091477,0.09213153324179742,0.9125809334760182,0.9188523409126867,0.6152990687106462,0.5291373394712864,ok,ok
cosmopedia,19.9m-g012-ai-r0.25,19.9m-g012-control,fit,ai,4,19923026,688751938.0,176323262.0,0.2560040157738184,0.20382420164166073,0.8879868060942192,0.8913417320435338,1.0256930596675309,0.9354783361547085,ok,ok
cosmopedia,19.9m-g012-ai-r0.5,19.9m-g012-control,fit,ai,4,19923026,685155833.0,352934407.0,0.5151155255508129,0.3399843225575457,0.8721575772179972,0.8727864883448819,1.352946588519348,1.3273526498146921,ok,ok
cosmopedia,19.9m-g012-ai-r1,19.9m-g012-control,fit,ai,4,19923026,678876332.0,705243988.0,1.038840146219739,0.5095250592087255,0.8658925481913907,0.8595444065875676,1.2326289522785174,1.5141170201458953,ok,ok
cosmopedia,19.9m-g013-control,19.9m-g013-control,fit,control,4,19923026,692060160.0,0.0,0.0,0.0,0.9626470013251048,0.9756394665586201,0.22576073690070722,0.1756118694782969,ok,ok
cosmopedia,19.9m-g013-ai-r2.1,19.9m-g013-control,fit,ai,4,19923026,692043914.0,1454391158.0,2.1015879607894363,0.6775845106951365,0.8407010169883662,0.8528181010504081,1.9122196056028067,1.2269540867241915,ok,ok
cosmopedia,19.9m-g013-ai-r4.25,19.9m-g013-control,fit,ai,4,19923026,692040592.0,2942848112.0,4.252421239475502,0.8096116144523362,0.8498023927219438,0.8530214687922328,0.8057901894968909,0.7194171617086912,ok,ok
cosmopedia,19.9m-g013-ai-r8.57,19.9m-g013-control,fit,ai,4,19923026,692049449.0,5930232279.0,8.56908749449781,0.8954968276154862,0.84191633547,0.8573934856301654,0.5915625855620201,0.3400276614831718,ok,ok
cosmopedia,19.9m-g013-ai-r17.2,19.9m-g013-control,fit,ai,4,19923026,692064211.0,11879313453.0,17.165045185380926,0.9449492148357114,0.8362223031442945,0.8643240039146199,,0.14266970731926765,below_range,ok
cosmopedia,19.9m-g013-human-r2,19.9m-g013-control,fit,human,4,19923026,2076180480.0,0.0,0.0,0.0,0.9420573799808808,0.9222762550933873,0.11500625765815813,0.1790032922393902,ok,ok
cosmopedia,19.9m-g014-control,19.9m-g014-control,fit,control,4,19923026,692060160.0,0.0,0.0,0.0,0.9554722099620112,0.9756394665586201,0.26071985376521367,0.1756118694782969,ok,ok
cosmopedia,19.9m-g014-ai-r0.25,19.9m-g014-control,fit,ai,4,19923026,688540181.0,176535019.0,0.2563902933647383,0.20406898614132044,0.8909954929896627,0.8913091366844279,0.9443351821793196,0.9363078666421709,ok,ok
cosmopedia,19.9m-g014-ai-r1,19.9m-g014-control,fit,ai,4,19923026,678875134.0,705245186.0,1.0388437441280622,0.5095259247404156,0.8677374514868984,0.8595443991956524,1.1630285766335569,1.514117390927116,ok,ok
cosmopedia,19.9m-g015-control,19.9m-g015-control,fit,control,4,19923026,752353280.0,0.0,0.0,0.0,0.9589071632612362,0.9711977719449274,0.22374343998543803,0.1757911728534905,ok,ok
cosmopedia,19.9m-g015-ai-r0.05,19.9m-g015-control,fit,ai,4,19923026,752359544.0,38266760.0,0.050862330790077674,0.048400565230878025,0.928718883875151,0.9337360093022204,0.40529590621189887,0.3621367808927281,ok,ok
cosmopedia,19.9m-g015-ai-r0.1,19.9m-g015-control,fit,ai,4,19923026,752343517.0,76555811.0,0.101756457349788,0.09235839433567498,0.9048698722663523,0.9151555388170289,0.684556299394744,0.530874127620972,ok,ok
cosmopedia,19.9m-g015-ai-r0.25,19.9m-g015-control,fit,ai,4,19923026,752401923.0,192365053.0,0.25566794437871204,0.20361111034431414,0.8909847356279869,0.8881402844054308,0.8649332646019405,0.9351928936581759,ok,ok
cosmopedia,19.9m-g015-ai-r0.5,19.9m-g015-control,fit,ai,4,19923026,752332399.0,385896849.0,0.5129339764084785,0.33903262429608555,0.8778610867772516,0.8699868436480969,1.0404978363672863,1.3187767390865366,ok,ok
cosmopedia,19.9m-g015-ai-r1,19.9m-g015-control,fit,ai,4,19923026,752306068.0,779401324.0,1.036016266719784,0.5088447885482295,0.8547946415568133,0.8571568571934254,1.60581389001948,1.4818602496956814,ok,ok
cosmopedia,19.9m-g016-control,19.9m-g016-control,fit,control,4,19923026,922746880.0,0.0,0.0,0.0,0.9553904485631155,0.9606218221152563,0.19586541053040882,0.17627368779045896,ok,ok
cosmopedia,19.9m-g016-ai-r0.05,19.9m-g016-control,fit,ai,4,19923026,922465080.0,46419144.0,0.05032076010942333,0.04790989764325031,0.9214230040387433,0.9248053950921831,0.3913094669385207,0.3617102249710404,ok,ok
cosmopedia,19.9m-g016-ai-r0.1,19.9m-g016-control,fit,ai,4,19923026,922011358.0,93010210.0,0.10087751001436145,0.09163372772784273,0.9087772114146083,0.9069538759382058,0.5068063661613055,0.5304156913497676,ok,ok
cosmopedia,19.9m-g016-ai-r0.25,19.9m-g016-control,fit,ai,4,19923026,919210741.0,234222859.0,0.2548086619888616,0.203065749948675,0.8850172276075311,0.8810993886564688,0.8357933885612087,0.9344731495574814,ok,ok
cosmopedia,19.9m-g016-ai-r0.5,19.9m-g016-control,fit,ai,4,19923026,915090678.0,469029642.0,0.5125499071033046,0.33886479030955924,0.8696286909154384,0.8641360286029274,1.096558725722759,1.3036407517954662,ok,ok
cosmopedia,19.9m-g016-ai-r1,19.9m-g016-control,fit,ai,4,19923026,907168781.0,938324979.0,1.034344433640734,0.5084411550651897,0.8633809123021098,0.8529777992993108,1.0017665864638932,1.4191197382838456,ok,ok
cosmopedia,19.9m-g017-control,19.9m-g017-control,fit,control,4,19923026,1090256896.0,0.0,0.0,0.0,0.9529807206522781,0.9522662782257896,0.17414233603475346,0.17671987157955654,ok,ok
cosmopedia,19.9m-g017-ai-r0.05,19.9m-g017-control,fit,ai,4,19923026,1090205130.0,55102006.0,0.050542787300955,0.04811111733088861,0.9123777947233923,0.9174244773005343,0.411012897968257,0.3638584340460457,ok,ok
cosmopedia,19.9m-g017-ai-r0.1,19.9m-g017-control,fit,ai,4,19923026,1090295462.0,110324058.0,0.10118730366686604,0.0918892756299681,0.9083290550396166,0.900140575261621,0.4332673372876166,0.5335575935896238,ok,ok
cosmopedia,19.9m-g017-ai-r0.25,19.9m-g017-control,fit,ai,4,19923026,1090360149.0,276720811.0,0.2537884489393605,0.20241728112430152,0.8794854548733548,0.8753402715571822,0.8261451538226463,0.9334285102348439,ok,ok
cosmopedia,19.9m-g017-ai-r0.5,19.9m-g017-control,fit,ai,4,19923026,1090179859.0,556608749.0,0.5105659808378463,0.33799647768756,0.8614649514567302,0.8591994944033989,1.1946811693137016,1.2872533149071748,ok,ok
cosmopedia,19.9m-g017-ai-r1,19.9m-g017-control,fit,ai,4,19923026,1090315167.0,1124539489.0,1.0313893844971158,0.5077260875577743,0.8515301652827538,0.8491628798964678,1.2438933927265439,1.3530120596966495,ok,ok
cosmopedia,19.9m-g017-ai-r2,19.9m-g017-control,fit,ai,4,19923026,1090250034.0,2276465358.0,2.088021359327928,0.6761680430158559,0.8397203803855878,0.8474185934651194,1.2663436137966113,0.9479827239757327,ok,ok
cosmopedia,19.9m-g017-ai-r4,19.9m-g017-control,fit,ai,4,19923026,1090242292.0,4609030412.0,4.227528546471026,0.8087050140213821,0.8445699410848179,0.8531334787223019,0.6219231713982536,0.4570475350104527,ok,ok
cosmopedia,19.9m-g017-ai-r8,19.9m-g017-control,fit,ai,4,19923026,1090247040.0,9294587520.0,8.525212340865425,0.8950154637802915,0.8379113692455928,0.863557583722274,,0.17701371232226112,below_range,ok
cosmopedia,19.9m-g017-ai-r16,19.9m-g017-control,fit,ai,4,19923026,1090259118.0,18679592786.0,17.133168141043697,0.944852438789417,0.8378763838383467,0.8769523991986472,,0.0615305886407826,below_range,ok
cosmopedia,19.9m-g017-human-r2,19.9m-g017-control,fit,human,4,19923026,3366715392.0,0.0,0.0,0.0,0.9344172985244591,0.9019630506712906,0.08376791685793103,0.1815231264163251,ok,ok
cosmopedia,19.9m-g018-control,19.9m-g018-control,fit,control,4,19923026,1153433600.0,0.0,0.0,0.0,0.9486012833267025,0.9495014230587763,0.1802340472234337,0.1768821827421339,ok,ok
cosmopedia,19.9m-g018-ai-r0.05,19.9m-g018-control,fit,ai,4,19923026,1153087802.0,58017478.0,0.0503148831332447,0.04790457027815121,0.9182570259872551,0.9151316872014038,0.3373344725050274,0.36354759682445514,ok,ok
cosmopedia,19.9m-g018-ai-r0.1,19.9m-g018-control,fit,ai,4,19923026,1152613939.0,116163021.0,0.1007822455286132,0.09155511540814865,0.9055190084276659,0.8980612576317282,0.43993909104688844,0.5330478963387963,ok,ok
cosmopedia,19.9m-g018-ai-r0.25,19.9m-g018-control,fit,ai,4,19923026,1149500156.0,292291844.0,0.2542773417422659,0.20272816328568893,0.8850663433217741,0.8735167726343054,0.6677105215318175,0.9348215646029799,ok,ok
cosmopedia,19.9m-g018-ai-r0.5,19.9m-g018-control,fit,ai,4,19923026,1144636093.0,585514307.0,0.5115287824494628,0.33841815543897225,0.8651131827826416,0.8578055043625146,1.010833910800882,1.2835884822075048,ok,ok
cosmopedia,19.9m-g018-ai-r1,19.9m-g018-control,fit,ai,4,19923026,1135305759.0,1171561441.0,1.0319347292239007,0.5078582074425437,0.8625316524470273,0.8483514777332841,0.8237296947395124,1.337527542936834,ok,ok
cosmopedia,19.9m-g019-control,19.9m-g019-control,fit,control,4,19923026,1453850624.0,0.0,0.0,0.0,0.9440164994944811,0.9384321375237816,0.15750365224335483,0.17761789307941397,ok,ok
cosmopedia,19.9m-g019-ai-r0.05,19.9m-g019-control,fit,ai,4,19923026,1453726534.0,73262266.0,0.05039618132195419,0.047978260220376205,0.9211554245152528,0.9054593242353314,0.2498509266976995,0.36609759374227613,ok,ok
cosmopedia,19.9m-g019-ai-r0.1,19.9m-g019-control,fit,ai,4,19923026,1453747663.0,146641457.0,0.10087132776357213,0.09162862654302474,0.8942930865629601,0.8891494336457931,0.4669682543340933,0.5369152547904761,ok,ok
cosmopedia,19.9m-g019-ai-r0.25,19.9m-g019-control,fit,ai,4,19923026,1453951388.0,367949412.0,0.25306857920892195,0.20195908141650742,0.879702069364458,0.8659689568147343,0.6160148630271834,0.9341784974741103,ok,ok
cosmopedia,19.9m-g019-ai-r0.5,19.9m-g019-control,fit,ai,4,19923026,1453848430.0,740296850.0,0.5091980943295443,0.3373964599098926,0.8608832059649684,0.8514667849113219,0.9138981663929882,1.258437910722422,ok,ok
cosmopedia,19.9m-g019-ai-r1,19.9m-g019-control,fit,ai,4,19923026,1453836774.0,1494758938.0,1.0281477018134637,0.5069392632963308,0.8539619318354762,0.8437402545680972,0.8584262822949509,1.2399894278747041,ok,ok
cosmopedia,19.9m-g020-control,19.9m-g020-control,fit,control,4,19923026,1743257600.0,0.0,0.0,0.0,0.9425276486188598,0.9300702948372004,0.1355965998478983,0.17828151323435407,ok,ok
cosmopedia,19.9m-g020-ai-r0.05,19.9m-g020-control,fit,ai,4,19923026,1743170529.0,87643167.0,0.05027802245502511,0.04787115542749359,0.9182833759688137,0.8982357836334518,0.22301108294207947,0.36772208409874635,ok,ok
cosmopedia,19.9m-g020-ai-r0.1,19.9m-g020-control,fit,ai,4,19923026,1743299093.0,175594987.0,0.10072568023759076,0.09150843125223462,0.9011873938319833,0.882492140076048,0.3249130087587016,0.5396998511091567,ok,ok
cosmopedia,19.9m-g020-ai-r0.25,19.9m-g020-control,fit,ai,4,19923026,1743301562.0,440357958.0,0.2525999905000946,0.20166054000946082,0.8778460390634104,0.8603370707318331,0.542597718407799,0.9349238019270769,ok,ok
cosmopedia,19.9m-g020-ai-r0.5,19.9m-g020-control,fit,ai,4,19923026,1743303402.0,886263062.0,0.5083814217211056,0.33703771101942376,0.863060355472722,0.8468810447534226,0.7103773024822302,1.2377538019826575,ok,ok
cosmopedia,19.9m-g020-ai-r1,19.9m-g020-control,fit,ai,4,19923026,1743307428.0,1789869404.0,1.02670898732613,0.5065892507244879,0.8491933678646151,0.8406765846433069,0.8472406298567152,1.162785196998343,ok,ok
cosmopedia,35.8m-g021-control,35.8m-g021-control,fit,control,6,35782802,115867648.0,0.0,0.0,0.0,1.0060789977786162,1.0121542828967303,,,above_range,above_range
cosmopedia,35.8m-g021-ai-r0.05,35.8m-g021-control,fit,ai,6,35782802,116278833.0,5355983.0,0.0460615475905232,0.044033305398349105,0.9664264698482642,0.9624906961638431,,,above_range,above_range
cosmopedia,35.8m-g021-ai-r0.1,35.8m-g021-control,fit,ai,6,35782802,116600429.0,10801555.0,0.09263735213186909,0.08478325580863795,0.9475838213385245,0.9363546047693169,,,above_range,above_range
cosmopedia,35.8m-g021-ai-r0.25,35.8m-g021-control,fit,ai,6,35782802,116996419.0,27969213.0,0.2390604194475388,0.19293685416416492,0.9094657815657626,0.895426106419712,,,above_range,above_range
cosmopedia,35.8m-g021-ai-r0.5,35.8m-g021-control,fit,ai,6,35782802,117031726.0,56769746.0,0.48507996882828164,0.32663558798857584,0.8768643717651956,0.8649374166591621,1.068716262332088,1.3697982708512197,ok,ok
cosmopedia,35.8m-g021-ai-r1,35.8m-g021-control,fit,ai,6,35782802,115655617.0,116341823.0,1.0059331835132572,0.5014789085603704,0.8451754972893922,0.8367044395931502,1.590601324889048,1.9416655600747679,ok,ok
cosmopedia,35.8m-g022-control,35.8m-g022-control,fit,control,6,35782802,115867648.0,0.0,0.0,0.0,1.004917493905569,1.0121542828967303,,,above_range,above_range
cosmopedia,35.8m-g022-ai-r0.0234,35.8m-g022-control,fit,ai,6,35782802,115778715.0,2710373.0,0.02340994197422212,0.022874452371512893,0.98527698153129,0.9820198907437486,,,above_range,above_range
cosmopedia,35.8m-g022-ai-r0.0465,35.8m-g022-control,fit,ai,6,35782802,115980733.0,5391939.0,0.046489954499597794,0.04442465434064103,0.9683547877210086,0.9623507866383437,,,above_range,above_range
cosmopedia,35.8m-g022-ai-r2.1,35.8m-g022-control,fit,ai,6,35782802,115823295.0,243313985.0,2.1007344420653893,0.6774957615093593,0.8130713072741125,0.8116212428159113,2.284548057835844,2.3756641580806956,ok,ok
cosmopedia,35.8m-g022-ai-r4.31,35.8m-g022-control,fit,ai,6,35782802,115863530.0,499650582.0,4.3124060004040965,0.811761375180298,0.7835398550371527,0.7911225141646463,3.15375962470929,2.4926674222146232,ok,ok
cosmopedia,35.8m-g022-ai-r8.76,35.8m-g022-control,fit,ai,6,35782802,115875432.0,1014489496.0,8.755000766685383,0.8974884755093888,0.7679808998871296,0.7741753331312335,2.8890201438901992,2.3332648480762,ok,ok
cosmopedia,35.8m-g022-ai-r17.6,35.8m-g022-control,fit,ai,6,35782802,115863512.0,2037125160.0,17.58211126899036,0.94618480184925,0.7544588019816401,0.7601011917511153,2.5054530733215197,2.019046253879738,ok,ok
cosmopedia,35.8m-g022-ai-r35,35.8m-g022-control,fit,ai,6,35782802,115869119.0,4061133377.0,35.049316090855925,0.972260222704928,0.7468761370737198,0.7486066626801948,1.755010365062303,1.6333673715133616,ok,ok
cosmopedia,35.8m-g022-ai-r69.6,35.8m-g022-control,fit,ai,6,35782802,115866878.0,8060666626.0,69.56834226602705,0.9858293397876597,0.7376066877692705,0.7399412130616562,,,below_range,below_range
cosmopedia,35.8m-g022-human-r0.025,35.8m-g022-control,fit,human,6,35782802,118751232.0,0.0,0.0,0.0,1.0047980036694746,1.0103366252461097,,,above_range,above_range
cosmopedia,35.8m-g022-human-r0.05,35.8m-g022-control,fit,human,6,35782802,121634816.0,0.0,0.0,0.0,1.0010426795714988,1.0085703830929806,,,above_range,above_range
cosmopedia,35.8m-g022-human-r4,35.8m-g022-control,fit,human,6,35782802,579862528.0,0.0,0.0,0.0,0.8824713515323739,0.9086750485978409,0.2861397655936726,,ok,above_range
cosmopedia,35.8m-g023-control,35.8m-g023-control,fit,control,6,35782802,168820736.0,0.0,0.0,0.0,0.9627637947213172,0.9851926903377215,,,above_range,above_range
cosmopedia,35.8m-g023-ai-r0.025,35.8m-g023-control,fit,ai,6,35782802,168737808.0,4015088.0,0.02379483322433583,0.023241798505073977,0.937055851041206,0.9566703916518966,,,above_range,above_range
cosmopedia,35.8m-g023-ai-r0.05,35.8m-g023-control,fit,ai,6,35782802,168877181.0,8070019.0,0.047786319929156086,0.04560693246346933,0.923560684174574,0.9378663367595512,,,above_range,above_range
cosmopedia,35.8m-g023-ai-r0.1,35.8m-g023-control,fit,ai,6,35782802,168730212.0,16343452.0,0.0968614441141104,0.0883078210414638,0.9034746424899612,0.9131075208787854,,,above_range,above_range
cosmopedia,35.8m-g023-ai-r0.25,35.8m-g023-control,fit,ai,6,35782802,168835815.0,41665817.0,0.24678304777928783,0.19793583833117265,0.8731956105904737,0.8754493420878451,0.9512470467858873,0.9082242518295042,ok,ok
cosmopedia,35.8m-g023-ai-r0.5,35.8m-g023-control,fit,ai,6,35782802,168813643.0,85466037.0,0.5062744662171647,0.3361103687089743,0.8492117462191139,0.8467807154223962,1.3230433661728982,1.3985516033550767,ok,ok
cosmopedia,35.8m-g023-ai-r1,35.8m-g023-control,fit,ai,6,35782802,168802558.0,175654658.0,1.0405923943403748,0.5099462279808938,0.8176256977878917,0.8208434972073585,2.1105135365743255,1.9408158473369197,ok,ok
cosmopedia,35.8m-g023-ai-r2,35.8m-g023-control,fit,ai,6,35782802,168806537.0,358627191.0,2.1244863935571403,0.6799473980549079,0.7980321128229927,0.7990411559253481,2.368979384750267,2.3005480794250963,ok,ok
cosmopedia,35.8m-g023-ai-r4,35.8m-g023-control,fit,ai,6,35782802,168849481.0,730828727.0,4.328285302813575,0.8123223620416957,0.7740973458155416,0.7811183283767771,2.9392674060451376,2.331470634883115,ok,ok
cosmopedia,35.8m-g023-ai-r8,35.8m-g023-control,fit,ai,6,35782802,168824702.0,1476128898.0,8.743559920514475,0.897368106918031,0.7554928270696679,0.7665048580872685,3.1497191033600145,2.091865288090578,ok,ok
cosmopedia,35.8m-g023-ai-r16,35.8m-g023-control,fit,ai,6,35782802,168819352.0,2959345000.0,17.529655012536715,0.9460324544993728,0.7484191665977976,0.7545081002119246,2.197937362399397,1.7210781055211197,ok,ok
cosmopedia,35.8m-g023-ai-r32,35.8m-g023-control,fit,ai,6,35782802,168819572.0,5890901132.0,34.894657427516755,0.9721407008265971,0.7352633381828829,0.7449714456969997,,,below_range,below_range
cosmopedia,35.8m-g023-ai-r64,35.8m-g023-control,fit,ai,6,35782802,168821449.0,11668290871.0,69.11616349768447,0.9857379532747392,0.733074340732195,0.7382718369486141,,,below_range,below_range
cosmopedia,35.8m-g023-human-r0.025,35.8m-g023-control,fit,human,6,35782802,172752896.0,0.0,0.0,0.0,0.9623425490569684,0.9836023924961625,,,above_range,above_range
cosmopedia,35.8m-g023-human-r0.05,35.8m-g023-control,fit,human,6,35782802,176947200.0,0.0,0.0,0.0,0.956071429587297,0.9819525424605602,,,above_range,above_range
cosmopedia,35.8m-g023-human-r4,35.8m-g023-control,fit,human,6,35782802,899678208.0,0.0,0.0,0.0,0.8657281974309011,0.8853172469311698,0.260207770295213,0.17431102425596254,ok,ok
cosmopedia,35.8m-g024-control,35.8m-g024-control,fit,control,6,35782802,463994880.0,0.0,0.0,0.0,0.894752292476511,0.9212608527635008,,,above_range,above_range
cosmopedia,35.8m-g024-ai-r0.05,35.8m-g024-control,fit,ai,6,35782802,463398784.0,23664768.0,0.051067824985919684,0.048586612368810546,0.8571714085308438,0.8802242140646022,0.578202466561667,0.356318202142085,ok,ok
cosmopedia,35.8m-g024-ai-r0.1,35.8m-g024-control,fit,ai,6,35782802,463176827.0,47217541.0,0.10194279646032464,0.09251187701193443,0.8349383548510586,0.859776395723424,0.9209260135945581,0.521234398321369,ok,ok
cosmopedia,35.8m-g024-ai-r0.25,35.8m-g024-control,fit,ai,6,35782802,461521742.0,118340786.0,0.25641432511320345,0.2040842101112628,0.8191231773863836,0.8292444294998718,1.2055491378597223,0.9319444576455037,ok,ok
cosmopedia,35.8m-g024-ai-r0.5,35.8m-g024-control,fit,ai,6,35782802,458319646.0,237672674.0,0.5185740477727634,0.34148749514937177,0.7947871264721993,0.8068476842451606,1.9749696616730992,1.397232634312274,ok,ok
cosmopedia,35.8m-g024-ai-r1,35.8m-g024-control,fit,ai,6,35782802,453694044.0,474295716.0,1.045408733644297,0.5111001612776417,0.7844433877097736,0.7876427983222318,2.0328183457255653,1.839319920222332,ok,ok
cosmopedia,35.8m-g025-control,35.8m-g025-control,fit,control,6,35782802,463994880.0,0.0,0.0,0.0,0.8921706257770334,0.9212608527635008,0.29576439212201877,,ok,above_range
cosmopedia,35.8m-g025-ai-r0.0256,35.8m-g025-control,fit,ai,6,35782802,463918960.0,11872400.0,0.02559153866011426,0.02495295416881887,0.8689417975673075,0.8961304497492788,0.4597763522005301,,ok,above_range
cosmopedia,35.8m-g025-ai-r0.0514,35.8m-g025-control,fit,ai,6,35782802,464017391.0,23832593.0,0.051361421925670885,0.04885229841475203,0.8535729332030034,0.8800041046020003,0.6251338595266513,0.3573206683359887,ok,ok
cosmopedia,35.8m-g025-ai-r2.11,35.8m-g025-control,fit,ai,6,35782802,463986388.0,980951340.0,2.114181289301099,0.6788883153862808,0.7656789167895846,0.771635369280383,2.4527746847971965,1.9901918423899132,ok,ok
cosmopedia,35.8m-g025-ai-r4.28,35.8m-g025-control,fit,ai,6,35782802,464002600.0,1985208792.0,4.278443250102478,0.8105502034182928,0.7558934036644047,0.7602790178454883,2.0828545552991957,1.7630944023317519,ok,ok
cosmopedia,35.8m-g025-ai-r8.61,35.8m-g025-control,fit,ai,6,35782802,463988479.0,3995867393.0,8.611997008227439,0.8959633467276317,0.745536122355098,0.7520118253754586,1.739099035093166,1.332408599843224,ok,ok
cosmopedia,35.8m-g025-ai-r17.2,35.8m-g025-control,fit,ai,6,35782802,464001213.0,7995123523.0,17.2308246164003,0.9451478459674058,0.7409764173866519,0.7460580188688987,,0.8968935873440061,below_range,ok
cosmopedia,35.8m-g025-ai-r34.4,35.8m-g025-control,fit,ai,6,35782802,463994705.0,15953297583.0,34.38249922054606,0.9717374402026605,0.7377016393226948,0.7424171885354126,,,below_range,below_range
cosmopedia,35.8m-g025-human-r0.025,35.8m-g025-control,fit,human,6,35782802,475529216.0,0.0,0.0,0.0,0.8869431698261888,0.9198494138215498,0.31941561749733066,,ok,above_range
cosmopedia,35.8m-g025-human-r0.05,35.8m-g025-control,fit,human,6,35782802,487063552.0,0.0,0.0,0.0,0.8925983413078314,0.9184778563947327,0.27944960554193143,,ok,above_range
cosmopedia,35.8m-g025-human-r2,35.8m-g025-control,fit,human,6,35782802,1391984640.0,0.0,0.0,0.0,0.8524780895023584,0.8638813473710888,0.22451883688829902,0.17492978667922385,ok,ok
cosmopedia,35.8m-g025-human-r4,35.8m-g025-control,fit,human,6,35782802,2319974400.0,0.0,0.0,0.0,0.8434989668839852,0.8408569644218826,0.16536678837124866,0.17591870947313507,ok,ok
cosmopedia,35.8m-g026-control,35.8m-g026-control,fit,control,6,35782802,675545088.0,0.0,0.0,0.0,0.8744569659957926,0.9003413724323401,0.28881759712975463,,ok,above_range
cosmopedia,35.8m-g026-ai-r0.025,35.8m-g026-control,fit,ai,6,35782802,675594024.0,17252568.0,0.025536886631785837,0.02490099280159265,0.8511164399590938,0.8768986944787587,0.4650889540555805,0.2679017942916821,ok,ok
cosmopedia,35.8m-g026-ai-r0.05,35.8m-g026-control,fit,ai,6,35782802,675441566.0,34444386.0,0.05099536027073584,0.04852101369657756,0.8382213972683694,0.8620071664699294,0.6119540796883622,0.3570935014582548,ok,ok
cosmopedia,35.8m-g026-ai-r0.1,35.8m-g026-control,fit,ai,6,35782802,675657678.0,68831282.0,0.10187301090656739,0.09245440254748707,0.820655487787806,0.8428961942475739,0.9023447614003495,0.5226065427218355,ok,ok
cosmopedia,35.8m-g026-ai-r0.25,35.8m-g026-control,fit,ai,6,35782802,675636568.0,172923560.0,0.2559416825407828,0.20378468689964183,0.8061639584113527,0.8144588128781274,1.168013821276527,0.9316310476176823,ok,ok
cosmopedia,35.8m-g026-ai-r0.5,35.8m-g026-control,fit,ai,6,35782802,675549388.0,347336500.0,0.5141541183662504,0.33956524777082464,0.7872790673216494,0.7938983544036488,1.68759843469871,1.3798180217210032,ok,ok
cosmopedia,35.8m-g026-ai-r1,35.8m-g026-control,fit,ai,6,35782802,675546991.0,700971153.0,1.0376349274568821,0.5092349534624079,0.7677981679152025,0.7764761877159698,2.3877377124855332,1.7739082113234061,ok,ok
cosmopedia,35.8m-g026-ai-r2,35.8m-g026-control,fit,ai,6,35782802,675524321.0,1419792671.0,2.1017639585473935,0.6776028049315795,0.7546500114784718,0.7634482553523353,2.555232371278533,1.8334694864751238,ok,ok
cosmopedia,35.8m-g026-ai-r4,35.8m-g026-control,fit,ai,6,35782802,675538256.0,2873629360.0,4.253836602852585,0.8096629043512608,0.7465395272178527,0.7546588434968621,2.094805529227927,1.5080082938476018,ok,ok
cosmopedia,35.8m-g026-ai-r8,35.8m-g026-control,fit,ai,6,35782802,675537864.0,5790506040.0,8.571697233539526,0.8955253205778418,0.7385084083738275,0.7490044079342273,,1.038027581412051,below_range,ok
cosmopedia,35.8m-g026-ai-r16,35.8m-g026-control,fit,ai,6,35782802,675547285.0,11596461931.0,17.166025515149542,0.944952185651944,0.7353010307589417,0.7456437422506988,,0.6291444697218745,below_range,ok
cosmopedia,35.8m-g026-ai-r32,35.8m-g026-control,fit,ai,6,35782802,675541977.0,23245098023.0,34.40955383147123,0.9717590341646377,0.7315853453614247,0.744675993064122,,,below_range,below_range
cosmopedia,35.8m-g026-human-r0.025,35.8m-g026-control,fit,human,6,35782802,692846592.0,0.0,0.0,0.0,0.880945262224003,0.8989836458238635,0.24689101313088435,,ok,above_range
cosmopedia,35.8m-g026-human-r0.05,35.8m-g026-control,fit,human,6,35782802,709885952.0,0.0,0.0,0.0,0.8737869300121577,0.8976850882653946,0.2786568649951826,,ok,above_range
cosmopedia,35.8m-g026-human-r2,35.8m-g026-control,fit,human,6,35782802,2095316992.0,0.0,0.0,0.0,0.8494244463750862,0.8452789111244845,0.1597860468634745,0.17569409556442922,ok,ok
cosmopedia,35.8m-g026-human-r4,35.8m-g026-control,fit,human,6,35782802,3549167616.0,0.0,0.0,0.0,0.8387237128426607,0.8232563985212404,0.12094530707688063,0.17703943873133293,ok,ok
cosmopedia,35.8m-g027-control,35.8m-g027-control,fit,control,6,35782802,927989760.0,0.0,0.0,0.0,0.8644407259833181,0.8837388820251735,0.25927780415102486,0.17434939204352604,ok,ok
cosmopedia,35.8m-g027-ai-r0.05,35.8m-g027-control,fit,ai,6,35782802,927778141.0,46611107.0,0.0502394968583335,0.047836228792212616,0.835711648936253,0.8479195904966215,0.473468850419584,0.35557748330189776,ok,ok
cosmopedia,35.8m-g027-ai-r0.1,35.8m-g027-control,fit,ai,6,35782802,927339503.0,93449233.0,0.10077132775826546,0.09154610518743028,0.8231377877554662,0.8299001662011912,0.6174144067800145,0.5208592660143546,ok,ok
cosmopedia,35.8m-g027-ai-r0.25,35.8m-g027-control,fit,ai,6,35782802,924374519.0,235612681.0,0.2548887665736273,0.20311662145927128,0.7949006254888941,0.8031441571559518,1.1809985490568968,0.9300644973872159,ok,ok
cosmopedia,35.8m-g027-ai-r0.5,35.8m-g027-control,fit,ai,6,35782802,920411699.0,471572941.0,0.5123500076241425,0.33877740274490387,0.7861221222430864,0.7841867560357745,1.2856032366611199,1.3662470119318895,ok,ok
cosmopedia,35.8m-g027-ai-r1,35.8m-g027-control,fit,ai,6,35782802,912810015.0,943169505.0,1.0332593743507514,0.508178832167286,0.765539102404238,0.7686955957186894,1.9191608744428916,1.7158634913564073,ok,ok
cosmopedia,35.8m-g028-control,35.8m-g028-control,fit,control,6,35782802,1351090176.0,0.0,0.0,0.0,0.8555512427712292,0.8652924478472386,0.21601958233132748,0.17488167768720414,ok,ok
cosmopedia,35.8m-g028-ai-r0.05,35.8m-g028-control,fit,ai,6,35782802,1351082174.0,68165442.0,0.05045247677140917,0.048029280607225625,0.8226320317681566,0.8317528626223271,0.44985729283431075,0.3579071821057104,ok,ok
cosmopedia,35.8m-g028-ai-r0.1,35.8m-g028-control,fit,ai,6,35782802,1351201851.0,136465349.0,0.10099553142190004,0.09173110020843371,0.8088741815110033,0.8149813710409612,0.6181139053462471,0.5240513675704934,ok,ok
cosmopedia,35.8m-g028-ai-r0.25,35.8m-g028-control,fit,ai,6,35782802,1351079271.0,342108825.0,0.25321151196908565,0.20205010052232258,0.7835404133488277,0.790352561842987,1.1464462488616713,0.9275952745817875,ok,ok
cosmopedia,35.8m-g028-ai-r0.5,35.8m-g028-control,fit,ai,6,35782802,1351098028.0,688120148.0,0.5093043833530042,0.33744312212328964,0.7724320259261792,0.7730114795549615,1.3722350613663743,1.345392099446729,ok,ok
cosmopedia,35.8m-g028-ai-r1,35.8m-g028-control,fit,ai,6,35782802,1351152951.0,1389824713.0,1.0286213059530964,0.5070543737929563,0.7614753330273087,0.7594290877544267,1.50689567671792,1.6264000976350341,ok,ok
cosmopedia,35.8m-g029-control,35.8m-g029-control,fit,control,6,35782802,1391984640.0,0.0,0.0,0.0,0.8498439239242681,0.8638813473710888,0.23824498962205623,0.17492978667922385,ok,ok
cosmopedia,35.8m-g029-ai-r0.05,35.8m-g029-control,fit,ai,6,35782802,1391411536.0,70041264.0,0.050338280363373386,0.04792577906039798,0.8211189146079447,0.8305904413973566,0.45419849037845234,0.35765487794815337,ok,ok
cosmopedia,35.8m-g029-ai-r0.1,35.8m-g029-control,fit,ai,6,35782802,1391220454.0,139962650.0,0.10060422098998266,0.09140817295747798,0.8094990034790683,0.8139722896939364,0.5903470834942095,0.5230507669186665,ok,ok
cosmopedia,35.8m-g029-ai-r0.25,35.8m-g029-control,fit,ai,6,35782802,1387769736.0,352079992.0,0.25370202481487175,0.2023622996479843,0.7993102315336079,0.789420549450571,0.6919982644497717,0.9287839607336609,ok,ok
cosmopedia,35.8m-g029-ai-r0.5,35.8m-g029-control,fit,ai,6,35782802,1382716361.0,705260599.0,0.5100544253992522,0.33777221325277457,0.7786934465298183,0.7723257058640052,1.08696513320869,1.3450686452854557,ok,ok
cosmopedia,35.8m-g029-ai-r1,35.8m-g029-control,fit,ai,6,35782802,1372343466.0,1411625814.0,1.0286242831865533,0.5070550972459007,0.7557746333767643,0.7590792880451542,1.840843784593176,1.62251125776086,ok,ok
cosmopedia,35.8m-g030-control,35.8m-g030-control,fit,control,6,35782802,1391984640.0,0.0,0.0,0.0,0.8454523664774429,0.8638813473710888,0.26341050281246303,0.17492978667922385,ok,ok
cosmopedia,35.8m-g030-ai-r2.08,35.8m-g030-control,fit,ai,6,35782802,1391967663.0,2898805329.0,2.082523470949339,0.6755904668936632,0.7376168749519891,0.7505964525559764,,1.466019533243924,below_range,ok
cosmopedia,35.8m-g030-ai-r4.21,35.8m-g030-control,fit,ai,6,35782802,1391960067.0,5866545149.0,4.214592995935422,0.8082304791995344,0.7357733340864085,0.7473358148326454,,0.9907463562857824,below_range,ok
cosmopedia,35.8m-g030-ai-r8.51,35.8m-g030-control,fit,ai,6,35782802,1391973198.0,11840007346.0,8.505916179285515,0.8948023545401005,0.7333941084971981,0.747504692475352,,0.5396741574243195,below_range,ok
cosmopedia,35.8m-g030-human-r2,35.8m-g030-control,fit,human,6,35782802,4175953920.0,0.0,0.0,0.0,0.8380425217236314,0.8168749592999108,0.10447283361589771,0.17755997437303261,ok,ok
cosmopedia,35.8m-g031-control,35.8m-g031-control,fit,control,6,35782802,1391984640.0,0.0,0.0,0.0,0.8502338531494542,0.8638813473710888,0.23615161433156057,0.17492978667922385,ok,ok
cosmopedia,35.8m-g031-ai-r0.25,35.8m-g031-control,fit,ai,6,35782802,1388012484.0,351837244.0,0.25348276622560983,0.2022227772535537,0.786522805093952,0.7894375645242615,1.015777901241501,0.9283000871874927,ok,ok
cosmopedia,35.8m-g031-ai-r1,35.8m-g031-control,fit,ai,6,35782802,1371859102.0,1412110178.0,1.029340532086217,0.5072290804875548,0.7521799467886512,0.7590763537769022,2.1202055055318123,1.622690753273308,ok,ok
cosmopedia,35.8m-g032-control,35.8m-g032-control,fit,control,6,35782802,1855979520.0,0.0,0.0,0.0,0.850658564389855,0.8506526603555096,0.1754222192855147,0.17544560146700236,ok,ok
cosmopedia,35.8m-g032-ai-r0.05,35.8m-g032-control,fit,ai,6,35782802,1855678736.0,93099760.0,0.05017019282156607,0.047773392507713716,0.8128260831830125,0.8191328087869185,0.4238007791050953,0.3586232690779859,ok,ok
cosmopedia,35.8m-g032-ai-r0.1,35.8m-g032-control,fit,ai,6,35782802,1855428109.0,186149363.0,0.100326906818463,0.09117918156573389,0.8089880462158018,0.8034017371848325,0.4490046424194522,0.5246079634540497,ok,ok
cosmopedia,35.8m-g032-ai-r0.25,35.8m-g032-control,fit,ai,6,35782802,1851626714.0,468347686.0,0.2529385012966496,0.20187623018598827,0.7931877926276802,0.7803006831054009,0.6214267275522886,0.9283551034910106,ok,ok
cosmopedia,35.8m-g032-ai-r0.5,35.8m-g032-control,fit,ai,6,35782802,1845117682.0,938851598.0,0.5088301993737004,0.33723489865520356,0.7764041571388296,0.764513459374524,0.8792019320196754,1.32759270311857,ok,ok
cosmopedia,35.8m-g032-ai-r1,35.8m-g032-control,fit,ai,6,35782802,1832078351.0,1879880689.0,1.0260918633604879,0.5064389635614083,0.7539315361057973,0.7529133999978653,1.483569681334689,1.544427366952932,ok,ok
cosmopedia,35.8m-g033-control,35.8m-g033-control,fit,control,6,35782802,1958215680.0,0.0,0.0,0.0,0.8464809525043405,0.8482624282321201,0.18286022730535634,0.1755530076891747,ok,ok
cosmopedia,35.8m-g033-ai-r0.05,35.8m-g033-control,fit,ai,6,35782802,1958102719.0,98416961.0,0.05026138825355464,0.04785607546434956,0.817485927355442,0.8170106786055034,0.3548011571981946,0.3592649866068375,ok,ok
cosmopedia,35.8m-g033-ai-r0.1,35.8m-g033-control,fit,ai,6,35782802,1958161157.0,197186811.0,0.10069999105798828,0.09148722801496152,0.8026380951374712,0.8013821023853482,0.5077864052284923,0.5262881798839867,ok,ok
cosmopedia,35.8m-g033-ai-r0.25,35.8m-g033-control,fit,ai,6,35782802,1958237840.0,494381424.0,0.25246239956225136,0.2015728373566261,0.7827192269782801,0.7786199044913797,0.8124235286132022,0.9275932384062487,ok,ok
cosmopedia,35.8m-g033-ai-r0.5,35.8m-g033-control,fit,ai,6,35782802,1958211281.0,995365167.0,0.5083032544331462,0.33700335323096403,0.7778225918472292,0.7629751990280352,0.7907086493193017,1.3233562272230364,ok,ok
cosmopedia,35.8m-g033-ai-r1,35.8m-g033-control,fit,ai,6,35782802,1958151589.0,2009397851.0,1.0261707327910046,0.5064581756037299,0.7521542042361304,0.7515631762297658,1.4892453337000187,1.5248878396239782,ok,ok
cosmopedia,35.8m-g033-ai-r2,35.8m-g033-control,fit,ai,6,35782802,1958256567.0,4068171849.0,2.0774457839466547,0.6750552015517378,0.7429238527917418,0.7459261637217304,,1.2659657698503612,below_range,ok
cosmopedia,35.8m-g033-ai-r4,35.8m-g033-control,fit,ai,6,35782802,1958231028.0,8238384140.0,4.207054235277902,0.8079528357463652,0.7349418163676399,0.7456579112155574,,0.7567450969147838,below_range,ok
cosmopedia,35.8m-g033-ai-r8,35.8m-g033-control,fit,ai,6,35782802,1958200362.0,16649042902.0,8.502216231333737,0.8947613929577312,0.7311161575251844,0.7490882620231913,,0.35947746504099787,below_range,ok
cosmopedia,35.8m-g033-human-r2,35.8m-g033-control,fit,human,6,35782802,6026428416.0,0.0,0.0,0.0,0.8352861811566114,0.803154794317406,0.0773429450449704,0.1789680262478526,ok,ok
cosmopedia,35.8m-g034-control,35.8m-g034-control,fit,control,6,35782802,2319974400.0,0.0,0.0,0.0,0.8424064034596405,0.8408569644218826,0.1696366582755484,0.17591870947313507,ok,ok
cosmopedia,35.8m-g034-ai-r0.05,35.8m-g034-control,fit,ai,6,35782802,2319483849.0,116358199.0,0.05016555689756821,0.04776918893223737,0.8127603195398284,0.8106078718863665,0.33965939423221486,0.3600326420723169,ok,ok
cosmopedia,35.8m-g034-ai-r0.1,35.8m-g034-control,fit,ai,6,35782802,2319309982.0,232661858.0,0.1003151194991925,0.0911694456628487,0.8003871732192759,0.7955366243829973,0.4573552965878751,0.5268053409077091,ok,ok
cosmopedia,35.8m-g034-ai-r0.25,35.8m-g034-control,fit,ai,6,35782802,2315039033.0,584797895.0,0.25260822243769054,0.20166578656660242,0.78929008685564,0.7735548656522667,0.5594855928213,0.9288045972447566,ok,ok
cosmopedia,35.8m-g034-ai-r0.5,35.8m-g034-control,fit,ai,6,35782802,2307680041.0,1172281559.0,0.507991375828691,0.3368662340986751,0.7707264562812065,0.7587929471521374,0.8526524136929587,1.3121129203660358,ok,ok
cosmopedia,35.8m-g034-ai-r1,35.8m-g034-control,fit,ai,6,35782802,2291849548.0,2348099252.0,1.0245433667533224,0.5060614574022886,0.7580039510175802,0.7485093221639584,1.0139595255390026,1.4763086059512183,ok,ok
cosmopedia,35.8m-g035-control,35.8m-g035-control,fit,control,6,35782802,2610954240.0,0.0,0.0,0.0,0.8425632399229647,0.8358283682315772,0.15017965328932262,0.17619902073964494,ok,ok
cosmopedia,35.8m-g035-ai-r0.05,35.8m-g035-control,fit,ai,6,35782802,2611016413.0,131009827.0,0.05017579604161607,0.04777847311920691,0.8062391280843922,0.8062177722617458,0.36070294516447887,0.36091753882446764,ok,ok
cosmopedia,35.8m-g035-ai-r0.1,35.8m-g035-control,fit,ai,6,35782802,2611035893.0,262062347.0,0.100367194377745,0.09121245606972353,0.7992522572228424,0.7914774515250504,0.41975377989080914,0.5283031767858726,ok,ok
cosmopedia,35.8m-g035-ai-r0.25,35.8m-g035-control,fit,ai,6,35782802,2611009993.0,657663543.0,0.2518808984887711,0.20120196641136817,0.7873820863194487,0.7700915692195871,0.5264256119192707,0.9279571656311603,ok,ok
cosmopedia,35.8m-g035-ai-r0.5,35.8m-g035-control,fit,ai,6,35782802,2610934243.0,1324633629.0,0.5073408618203947,0.3365800494572185,0.7675885268808664,0.7557678976072812,0.8413510579837851,1.3025284962006882,ok,ok
cosmopedia,35.8m-g035-ai-r1,35.8m-g035-control,fit,ai,6,35782802,2610972050.0,2672540270.0,1.0235805741390454,0.5058264480397767,0.7510991946065717,0.746099798637292,1.1666434362050166,1.4334377246994443,ok,ok
cosmopedia,35.8m-g036-control,35.8m-g036-control,fit,control,6,35782802,3131047936.0,0.0,0.0,0.0,0.8422065554604183,0.8283049944858101,0.12628275853927673,0.1766753442835186,ok,ok
cosmopedia,35.8m-g036-ai-r0.05,35.8m-g036-control,fit,ai,6,35782802,3131010370.0,156799678.0,0.05007957798619492,0.04769122172839104,0.8075154557144519,0.7997067712735937,0.2903559068456497,0.36202162454184394,ok,ok
cosmopedia,35.8m-g036-ai-r0.1,35.8m-g036-control,fit,ai,6,35782802,3131034459.0,314061989.0,0.10030614262236709,0.09116203094468489,0.8005923584187892,0.7854568448842228,0.33679660661024363,0.5303797086663694,ok,ok
cosmopedia,35.8m-g036-ai-r0.25,35.8m-g036-control,fit,ai,6,35782802,3131020379.0,788556709.0,0.2518529468185234,0.20118413065894522,0.7806979704849153,0.7649231406460204,0.5424659138982307,0.9291087332628056,ok,ok
cosmopedia,35.8m-g036-ai-r0.5,35.8m-g036-control,fit,ai,6,35782802,3131109608.0,1586958104.0,0.5068356917130319,0.3363576364035023,0.7632678131530688,0.751461261139879,0.8196293003155494,1.287575213129311,ok,ok
cosmopedia,35.8m-g036-ai-r1,35.8m-g036-control,fit,ai,6,35782802,3131012430.0,3202910898.0,1.0229633288297102,0.5056756661137783,0.746731138114517,0.7429277688821874,1.1644156742153464,,ok,below_range
cosmopedia,86.2m-g037-control,86.2m-g037-control,fit,control,9,86180184,325582848.0,0.0,0.0,0.0,0.863409503551772,0.8545306037101008,,,above_range,above_range
cosmopedia,86.2m-g037-ai-r0.05,86.2m-g037-control,fit,ai,9,86180184,325232169.0,16603607.0,0.051051552037584574,0.04857188207240192,0.8221267016844195,0.8107216992561381,,,above_range,above_range
cosmopedia,86.2m-g037-ai-r0.1,86.2m-g037-control,fit,ai,9,86180184,325477939.0,33135053.0,0.10180429771002084,0.09239780414871306,0.8049912942384456,0.7887906055504541,,,above_range,above_range
cosmopedia,86.2m-g037-ai-r0.25,86.2m-g037-control,fit,ai,9,86180184,323814606.0,83557170.0,0.25804015153041,0.20511281076085153,0.771033324640095,0.7555257345713381,,0.9338045959834917,above_range,ok
cosmopedia,86.2m-g037-ai-r0.5,86.2m-g037-control,fit,ai,9,86180184,321752956.0,166883460.0,0.518669547203787,0.3415289047961583,0.7437766428336344,0.7307099696982865,1.028552975581485,1.4271284114222014,ok,ok
cosmopedia,86.2m-g037-ai-r1,86.2m-g037-control,fit,ai,9,86180184,318248424.0,333441560.0,1.047739862491825,0.5116567205059269,0.7157423621952405,0.7078008164622313,1.5982848574316462,2.0028423333024414,ok,ok
cosmopedia,86.2m-g038-control,86.2m-g038-control,fit,control,9,86180184,325582848.0,0.0,0.0,0.0,0.8626268039861335,0.8545306037101008,,,above_range,above_range
cosmopedia,86.2m-g038-ai-r2.12,86.2m-g038-control,fit,ai,9,86180184,325556008.0,691562712.0,2.1242511119622773,0.6799232954831468,0.6853600227471839,0.6865117698345816,2.569318107103282,2.4737199931103,ok,ok
cosmopedia,86.2m-g038-ai-r4.3,86.2m-g038-control,fit,ai,9,86180184,325563169.0,1399868639.0,4.299837242952995,0.8113149604113477,0.6680363615268243,0.6689240386162708,2.7758624000030365,2.68628724027573,ok,ok
cosmopedia,86.2m-g038-ai-r8.66,86.2m-g038-control,fit,ai,9,86180184,325568463.0,2820683825.0,8.663873026915386,0.8965218192318085,0.6528058042931442,0.6540076148758321,2.767688383726511,2.633283639102562,ok,ok
cosmopedia,86.2m-g038-ai-r17.3,86.2m-g038-control,fit,ai,9,86180184,325578296.0,5645537736.0,17.340030970614823,0.9454744650321342,0.6426157206833528,0.6414726046752438,2.2712497279628705,2.3930525784755576,ok,ok
cosmopedia,86.2m-g038-ai-r34.5,86.2m-g038-control,fit,ai,9,86180184,325574334.0,11225014594.0,34.47757830320863,0.9718131832039517,0.6344886273921063,0.6312286220259931,,,below_range,below_range
cosmopedia,86.2m-g038-human-r4,86.2m-g038-control,fit,human,9,86180184,1630011392.0,0.0,0.0,0.0,0.7619003316097741,0.7687279155368026,0.2018016686674771,,ok,above_range
cosmopedia,86.2m-g039-control,86.2m-g039-control,fit,control,9,86180184,406847488.0,0.0,0.0,0.0,0.8438428794038185,0.8411146261058046,,,above_range,above_range
cosmopedia,86.2m-g039-ai-r0.025,86.2m-g039-control,fit,ai,9,86180184,406948626.0,10384622.0,0.025518262838415382,0.02488328464067162,0.8186181850806605,0.8154003969859804,,,above_range,above_range
cosmopedia,86.2m-g039-ai-r0.05,86.2m-g039-control,fit,ai,9,86180184,406840144.0,20978864.0,0.05156537354878136,0.04903677398083257,0.8052563954778349,0.79871570827175,,,above_range,above_range
cosmopedia,86.2m-g039-ai-r0.1,86.2m-g039-control,fit,ai,9,86180184,406878913.0,41911615.0,0.10300758692795663,0.09338792239394143,0.7875362247341864,0.7775830464653636,,,above_range,above_range
cosmopedia,86.2m-g039-ai-r0.25,86.2m-g039-control,fit,ai,9,86180184,406764310.0,104940778.0,0.25798914855632243,0.20508058344731567,0.7548977073706208,0.7458631212301177,0.7542911901974263,0.9337999527755635,ok,ok
cosmopedia,86.2m-g039-ai-r0.5,86.2m-g039-control,fit,ai,9,86180184,406902129.0,211233423.0,0.5191258731408603,0.3417267010715475,0.7367189188031842,0.7218368646522355,0.9680282329739351,1.4259196756071095,ok,ok
cosmopedia,86.2m-g039-ai-r1,86.2m-g039-control,fit,ai,9,86180184,406742232.0,425302824.0,1.0456323207667306,0.5111535979128515,0.707624158597191,0.6997790791969363,1.5767693292483613,1.9901298541668586,ok,ok
cosmopedia,86.2m-g039-ai-r2,86.2m-g039-control,fit,ai,9,86180184,406936840.0,861840120.0,2.117871952807222,0.6792684192499838,0.6798002253161888,0.6803096536687951,2.483112003462152,2.4402617371457986,ok,ok
cosmopedia,86.2m-g039-ai-r4,86.2m-g039-control,fit,ai,9,86180184,406833178.0,1743271910.0,4.284979702417486,0.8107845145474117,0.6594244443759693,0.6637474686218597,3.0968270529304696,2.6179244182778385,ok,ok
cosmopedia,86.2m-g039-ai-r8,86.2m-g039-control,fit,ai,9,86180184,406842277.0,3512210523.0,8.632855338679564,0.8961886206279231,0.6477976063803967,0.6497828586974509,2.7490226791110635,2.523858009043231,ok,ok
cosmopedia,86.2m-g039-ai-r16,86.2m-g039-control,fit,ai,9,86180184,406861055.0,7029115649.0,17.276452397244068,0.9452847862230204,0.6356427289379933,0.6381329103826952,,2.245759149204521,below_range,ok
cosmopedia,86.2m-g039-ai-r32,86.2m-g039-control,fit,ai,9,86180184,406846664.0,14013170488.0,34.44337075355742,0.9717859791904914,0.6332407449782086,0.6286977865730102,,,below_range,below_range
cosmopedia,86.2m-g039-human-r0.025,86.2m-g039-control,fit,human,9,86180184,417333248.0,0.0,0.0,0.0,0.8394889639872203,0.8396167290991908,,,above_range,above_range
cosmopedia,86.2m-g039-human-r0.05,86.2m-g039-control,fit,human,9,86180184,427819008.0,0.0,0.0,0.0,0.8391714338642071,0.838162652438321,,,above_range,above_range
cosmopedia,86.2m-g039-human-r4,86.2m-g039-control,fit,human,9,86180184,2150105088.0,0.0,0.0,0.0,0.7517254971279747,0.7563413651695201,0.19330383767805331,0.17362610317678867,ok,ok
cosmopedia,86.2m-g040-control,86.2m-g040-control,fit,control,9,86180184,1303904256.0,0.0,0.0,0.0,0.7763737148129073,0.7791755589046099,,,above_range,above_range
cosmopedia,86.2m-g040-ai-r0.05,86.2m-g040-control,fit,ai,9,86180184,1303257877.0,65658091.0,0.05037996866064597,0.0479635657226843,0.7355404626273836,0.7454109338802812,0.45028269946396615,0.3528858057822983,ok,ok
cosmopedia,86.2m-g040-ai-r0.1,86.2m-g040-control,fit,ai,9,86180184,1302983105.0,131468863.0,0.10089836352866602,0.09165093424724556,0.7242862937740819,0.7283941655650956,0.5753968091882343,0.5162880694734974,ok,ok
cosmopedia,86.2m-g040-ai-r0.25,86.2m-g040-control,fit,ai,9,86180184,1300606171.0,329405221.0,0.25327053518954895,0.2020876802559181,0.7038039315636376,0.7029366967664887,0.9003571162679271,0.9238704360343485,ok,ok
cosmopedia,86.2m-g040-ai-r0.5,86.2m-g040-control,fit,ai,9,86180184,1295254150.0,660864378.0,0.5102198499035884,0.337844751501684,0.6765154364305127,0.6839903406452325,1.8044317914556611,1.398080057009113,ok,ok
cosmopedia,86.2m-g040-ai-r1,86.2m-g040-control,fit,ai,9,86180184,1285225852.0,1323106948.0,1.029474271732903,0.5072615534336723,0.6652921472344595,0.667135253101204,2.034921192239505,1.8988294445791938,ok,ok
cosmopedia,86.2m-g040-ai-r2.08,86.2m-g040-control,fit,ai,9,86180184,1268565265.0,2643671791.0,2.0839856363243556,0.6757442744798745,0.6501345042309057,0.6531459845688953,2.4906460014127956,2.19454531326973,ok,ok
cosmopedia,86.2m-g040-ai-r4.22,86.2m-g040-control,fit,ai,9,86180184,1249424338.0,5271145518.0,4.218859323996937,0.808387247496425,0.6448509074643968,0.6419604022541057,1.8808367520320997,2.142947954039451,ok,ok
cosmopedia,86.2m-g041-control,86.2m-g041-control,fit,control,9,86180184,1303904256.0,0.0,0.0,0.0,0.7718886197773565,0.7791755589046099,,,above_range,above_range
cosmopedia,86.2m-g041-ai-r2.08,86.2m-g041-control,fit,ai,9,86180184,1303915408.0,2717373552.0,2.0840106155107265,0.6757469008146084,0.6460385063921994,0.6525704421523242,2.893442091091001,2.1867759002677025,ok,ok
cosmopedia,86.2m-g041-ai-r4.22,86.2m-g041-control,fit,ai,9,86180184,1303899561.0,5500834391.0,4.218756225963634,0.808383462131276,0.6404885947369311,0.641265792925471,2.1974551035942245,2.1199562003002765,ok,ok
cosmopedia,86.2m-g041-ai-r8,86.2m-g041-control,fit,ai,9,86180184,1303911820.0,11093402228.0,8.507785616975234,0.8948230386879363,0.6345961202454162,0.6324082782184804,,,below_range,below_range
cosmopedia,86.2m-g041-human-r2,86.2m-g041-control,fit,human,9,86180184,3912237056.0,0.0,0.0,0.0,0.7387843205974269,0.7316028971282504,0.14525236037148537,0.17419103050455143,ok,ok
cosmopedia,86.2m-g042-control,86.2m-g042-control,fit,control,9,86180184,1303904256.0,0.0,0.0,0.0,0.7694748342449438,0.7791755589046099,,,above_range,above_range
cosmopedia,86.2m-g042-ai-r1,86.2m-g042-control,fit,ai,9,86180184,1285432391.0,1322900409.0,1.0291481825589068,0.5071823691363311,0.6556863106955667,0.6671382521158121,2.965368152060708,1.898617007623498,ok,ok
cosmopedia,86.2m-g043-control,86.2m-g043-control,fit,control,9,86180184,1303904256.0,0.0,0.0,0.0,0.7650303615756882,0.7791755589046099,,,above_range,above_range
cosmopedia,86.2m-g043-ai-r1,86.2m-g043-control,fit,ai,9,86180184,1285225852.0,1323106948.0,1.029474271732903,0.5072615534336723,0.6590561867859774,0.667135253101204,2.590239206438434,1.8988294445791938,ok,ok
cosmopedia,86.2m-g044-control,86.2m-g044-control,fit,control,9,86180184,1626865664.0,0.0,0.0,0.0,0.7627614321555629,0.7688165241397107,0.19831852262330382,,ok,above_range
cosmopedia,86.2m-g044-ai-r0.025,86.2m-g044-control,fit,ai,9,86180184,1626798155.0,40961973.0,0.025179505443931365,0.024561069851886996,0.7363774183084598,0.7490460885698281,0.3618814707669439,0.26549680976334794,ok,ok
cosmopedia,86.2m-g044-ai-r0.05,86.2m-g044-control,fit,ai,9,86180184,1626868982.0,81785610.0,0.05027178642219635,0.04786550212250271,0.7227536960305951,0.7364121608737876,0.5032766228178857,0.3529117341237728,ok,ok
cosmopedia,86.2m-g044-ai-r0.1,86.2m-g044-control,fit,ai,9,86180184,1626995880.0,163971928.0,0.10078201796061094,0.09155492760258481,0.7127245519969517,0.7200517313698704,0.6329409179544614,0.5165360101892436,ok,ok
cosmopedia,86.2m-g044-ai-r0.25,86.2m-g044-control,fit,ai,9,86180184,1626862155.0,411045301.0,0.2526614192460578,0.2016996894485085,0.6945257220072734,0.6956339518152502,0.9552005160364981,0.9227771635389992,ok,ok
cosmopedia,86.2m-g044-ai-r0.5,86.2m-g044-control,fit,ai,9,86180184,1626742133.0,827449995.0,0.5086546774773921,0.3371577903618799,0.6732495363023528,0.6774608987999586,1.6142703091788146,1.3915927553799565,ok,ok
cosmopedia,86.2m-g044-ai-r1,86.2m-g044-control,fit,ai,9,86180184,1626772908.0,1670998612.0,1.0271861571965644,0.5067053923735747,0.6534404588539307,0.6613356477512633,2.571857858126512,1.8733022146722973,ok,ok
cosmopedia,86.2m-g044-ai-r2,86.2m-g044-control,fit,ai,9,86180184,1626867106.0,3384801886.0,2.0805644625283857,0.6753841667123414,0.6466942779026191,0.6481193219218992,2.255687343435238,2.119921837620902,ok,ok
cosmopedia,86.2m-g044-ai-r4,86.2m-g044-control,fit,ai,9,86180184,1626854154.0,6853504246.0,4.212734269478959,0.8081620991395836,0.631010220390839,0.6378553701796348,,1.995310751672813,below_range,ok
cosmopedia,86.2m-g044-ai-r8,86.2m-g044-control,fit,ai,9,86180184,1626845231.0,13839650769.0,8.507048184597714,0.8948148804357496,0.6265132986196267,0.6300312744760157,,,below_range,below_range
cosmopedia,86.2m-g044-human-r0.025,86.2m-g044-control,fit,human,9,86180184,1667760128.0,0.0,0.0,0.0,0.7596340478244058,0.7676801150468932,0.20760311542636148,,ok,above_range
cosmopedia,86.2m-g044-human-r0.05,86.2m-g044-control,fit,human,9,86180184,1708654592.0,0.0,0.0,0.0,0.7605489764942969,0.7665761618526685,0.19847442159416323,,ok,above_range
cosmopedia,86.2m-g044-human-r2,86.2m-g044-control,fit,human,9,86180184,5011668992.0,0.0,0.0,0.0,0.7273958293831498,0.7221281844521311,0.15168759551198344,0.17449604003451985,ok,ok
cosmopedia,86.2m-g045-control,86.2m-g045-control,fit,control,9,86180184,2608332800.0,0.0,0.0,0.0,0.7448765447435566,0.7480615050136936,0.1876112367347306,0.17378541480149223,ok,ok
cosmopedia,86.2m-g045-ai-r0.05,86.2m-g045-control,fit,ai,9,86180184,2607699478.0,130656746.0,0.05010421910281181,0.04771356803577065,0.7077321637215164,0.7184046150028873,0.47759871168740264,0.3533881181601163,ok,ok
cosmopedia,86.2m-g045-ai-r0.1,86.2m-g045-control,fit,ai,9,86180184,2607447056.0,261456880.0,0.10027313091491588,0.09113476290340312,0.6982428241165453,0.7034744846576069,0.6048352732205389,0.5165785448529601,ok,ok
cosmopedia,86.2m-g045-ai-r0.25,86.2m-g045-control,fit,ai,9,86180184,2602877869.0,657144915.0,0.2524685936388051,0.20157678597377557,0.6713431742202823,0.6811434746699931,1.301532529996016,0.9231678058950904,ok,ok
cosmopedia,86.2m-g045-ai-r0.5,86.2m-g045-control,fit,ai,9,86180184,2595252470.0,1316984586.0,0.5074591398038434,0.33663210259209814,0.6581287006635109,0.6648586167915296,1.791804514722424,1.3791609452016433,ok,ok
cosmopedia,86.2m-g045-ai-r1,86.2m-g045-control,fit,ai,9,86180184,2577902399.0,2638763201.0,1.0236086525322328,0.5058333048988227,0.6476472836265361,0.6508296221065819,2.078750933024189,1.8135693111675135,ok,ok
cosmopedia,86.2m-g046-control,86.2m-g046-control,fit,control,9,86180184,3254255616.0,0.0,0.0,0.0,0.7368149385218895,0.7389290357033013,0.18343106599024295,0.17399370514788995,ok,ok
cosmopedia,86.2m-g046-ai-r0.05,86.2m-g046-control,fit,ai,9,86180184,3254379963.0,162929221.0,0.05006459689783924,0.047677635305240204,0.7070401633763925,0.710451478460686,0.3904887779100334,0.353865258852825,ok,ok
cosmopedia,86.2m-g046-ai-r0.1,86.2m-g046-control,fit,ai,9,86180184,3254119469.0,326243283.0,0.10025547190504824,0.0911201756910692,0.694606602809876,0.6961141677336178,0.5423181366401442,0.5174703381381709,ok,ok
cosmopedia,86.2m-g046-ai-r0.25,86.2m-g046-control,fit,ai,9,86180184,3254283893.0,819433867.0,0.25180159259080354,0.2011513598330386,0.6753999542075192,0.6747445932088174,0.9010519796088701,0.9221465158385933,ok,ok
cosmopedia,86.2m-g046-ai-r0.5,86.2m-g046-control,fit,ai,9,86180184,3254383451.0,1649282213.0,0.5067879178445343,0.33633659511253333,0.6621930154958926,0.6591660280806574,1.2185923492780197,1.3718076004003181,ok,ok
cosmopedia,86.2m-g046-ai-r1,86.2m-g046-control,fit,ai,9,86180184,3254252614.0,3328707514.0,1.0228792625623746,0.5056551231172822,0.6456345966295131,0.6459090224456913,1.7993081992069486,1.7776213556789107,ok,ok
cosmopedia,86.2m-g047-control,86.2m-g047-control,fit,control,9,86180184,3912237056.0,0.0,0.0,0.0,0.7445593067974265,0.7316028971282504,0.12604739434611004,0.17419103050455143,ok,ok
cosmopedia,86.2m-g047-ai-r0.05,86.2m-g047-control,fit,ai,9,86180184,3912037492.0,195758988.0,0.050040161527163604,0.04765547391481284,0.7009801920858979,0.7040797477366316,0.3887328236609731,0.3543617935093576,ok,ok
cosmopedia,86.2m-g047-ai-r0.1,86.2m-g047-control,fit,ai,9,86180184,3911510493.0,391845411.0,0.10017751753478422,0.09105577594355534,0.6908791891311867,0.6902375578686808,0.5075940625128585,0.5181257986881385,ok,ok
cosmopedia,86.2m-g047-ai-r0.25,86.2m-g047-control,fit,ai,9,86180184,3907130198.0,983428266.0,0.25170092015449136,0.20108710962953125,0.6641850763872607,0.6696621228781692,1.131887037042811,0.9223903036880614,ok,ok
cosmopedia,86.2m-g047-ai-r0.5,86.2m-g047-control,fit,ai,9,86180184,3895919307.0,1972436277.0,0.5062826310226759,0.33611396732294535,0.6618606700599814,0.6548223181524545,1.03146103480839,1.3653313005542393,ok,ok
cosmopedia,86.2m-g047-ai-r1,86.2m-g047-control,fit,ai,9,86180184,3869836064.0,3955162336.0,1.0220490663141435,0.50545215907009,0.6404399365723467,0.6424330482602743,1.9152564355232171,1.7476143794343895,ok,ok
cosmopedia,86.2m-g047-ai-r2.07,86.2m-g047-control,fit,ai,9,86180184,3823103376.0,7914132080.0,2.0700805868033636,0.674275651167443,0.640840219891378,0.6334291884840392,1.2534197770696602,,ok,below_range
cosmopedia,86.2m-g047-ai-r4.2,86.2m-g047-control,fit,ai,9,86180184,3762827625.0,15799406231.0,4.198812118320196,0.8076483671190808,0.6244660319005977,0.6276319175830531,,,below_range,below_range
cosmopedia,86.2m-g048-control,86.2m-g048-control,fit,control,9,86180184,3912237056.0,0.0,0.0,0.0,0.7306439969347509,0.7316028971282504,0.17855174162782841,0.17419103050455143,ok,ok
cosmopedia,86.2m-g048-ai-r0.25,86.2m-g048-control,fit,ai,9,86180184,3906974806.0,983583658.0,0.2517507040202808,0.2011188835058981,0.6682556678032263,0.6696587885101285,0.9714255145183256,0.9225030183553747,ok,ok
cosmopedia,86.2m-g048-ai-r1,86.2m-g048-control,fit,ai,9,86180184,3869780602.0,3955217798.0,1.0220780464804242,0.5054592468670664,0.637302221112733,0.642432889916579,2.220209968318726,1.7476269802342042,ok,ok
cosmopedia,86.2m-g049-control,86.2m-g049-control,fit,control,9,86180184,4715970560.0,0.0,0.0,0.0,0.7323586854872789,0.724415455402593,0.14172631533990732,0.17441657989384085,ok,ok
cosmopedia,86.2m-g049-ai-r0.05,86.2m-g049-control,fit,ai,9,86180184,4715924924.0,235975236.0,0.05003795433618739,0.04765347207646448,0.6976965963016127,0.6978166089319322,0.3563288036186004,0.3550191201719838,ok,ok
cosmopedia,86.2m-g049-ai-r0.1,86.2m-g049-control,fit,ai,9,86180184,4716098026.0,472256022.0,0.10013702416625722,0.09102231991705435,0.6864560786687302,0.6844542956358166,0.4858320250418081,0.5190304843305789,ok,ok
cosmopedia,86.2m-g049-ai-r0.25,86.2m-g049-control,fit,ai,9,86180184,4715867425.0,1186566879.0,0.25161158532780425,0.201030086551896,0.6643780391651567,0.6646117389036413,0.9309762203450781,0.9227392795111604,ok,ok
cosmopedia,86.2m-g049-ai-r0.5,86.2m-g049-control,fit,ai,9,86180184,4716015950.0,2386513586.0,0.5060444263340543,0.3360089632719832,0.6555676727061466,0.6503724922851734,1.0942712640092631,1.3580943392018432,ok,ok
cosmopedia,86.2m-g049-ai-r1,86.2m-g049-control,fit,ai,9,86180184,4715916792.0,4817736200.0,1.0215905861979424,0.5053399996877084,0.6402889415589252,0.6386425022534128,1.5830546487733141,1.709908327426525,ok,ok
cosmopedia,86.2m-g049-ai-r2,86.2m-g049-control,fit,ai,9,86180184,4715903433.0,9760212535.0,2.069637912155272,0.6742286782293896,0.6342464817619171,0.6304296370639972,,,below_range,below_range
cosmopedia,86.2m-g049-ai-r4,86.2m-g049-control,fit,ai,9,86180184,4715968696.0,19806553928.0,4.199890882396986,0.8076882721933135,0.626275272254951,0.6256538433973129,,,below_range,below_range
cosmopedia,86.2m-g050-control,86.2m-g050-control,fit,control,9,86180184,5216665600.0,0.0,0.0,0.0,0.7313873892047746,0.7206341385000958,0.13136118827061516,0.1745501512608034,ok,ok
cosmopedia,86.2m-g050-ai-r0.05,86.2m-g050-control,fit,ai,9,86180184,5216204633.0,261032103.0,0.05004253501647469,0.04765762657004132,0.6927139571083945,0.6945231273133785,0.3762244011845806,0.35542888765630554,ok,ok
cosmopedia,86.2m-g050-ai-r0.1,86.2m-g050-control,fit,ai,9,86180184,5216159127.0,522173033.0,0.10010680661506591,0.090997352268991,0.681198193138303,0.6814213360498611,0.52349121402607,0.5195467146110265,ok,ok
cosmopedia,86.2m-g050-ai-r0.25,86.2m-g050-control,fit,ai,9,86180184,5210440397.0,1310129459.0,0.2514431332434643,0.20092254019707567,0.6621403710233085,0.662017019757891,0.9182866797506972,0.9226823419095146,ok,ok
cosmopedia,86.2m-g050-ai-r0.5,86.2m-g050-control,fit,ai,9,86180184,5196734044.0,2628264356.0,0.5057531006487659,0.33588049756022953,0.6604686441201402,0.6481851976002939,0.8166780218354834,1.3538786530105078,ok,ok
cosmopedia,86.2m-g050-ai-r1,86.2m-g050-control,fit,ai,9,86180184,5161724880.0,5271606320.0,1.0212877366683673,0.5052658847828008,0.6414723985854723,0.6369772226340429,1.3695846162710694,1.6912731879822496,ok,ok
cosmopedia,86.2m-g051-control,86.2m-g051-control,fit,control,9,86180184,6288310272.0,0.0,0.0,0.0,0.7295776432822229,0.7138128573870132,0.11419700662247885,0.1748216701199287,ok,ok
cosmopedia,86.2m-g051-ai-r0.05,86.2m-g051-control,fit,ai,9,86180184,6288142059.0,314216725.0,0.04996972429245177,0.047591585867987875,0.6916165473277364,0.6886025783705221,0.32316003649522296,0.35598056923915533,ok,ok
cosmopedia,86.2m-g051-ai-r0.1,86.2m-g051-control,fit,ai,9,86180184,6288216839.0,629239033.0,0.10006637002359899,0.09096393885893661,0.6861803891764366,0.6759390918585414,0.3677068638272641,0.5206664818375113,ok,ok
cosmopedia,86.2m-g051-ai-r0.25,86.2m-g051-control,fit,ai,9,86180184,6288381385.0,1581181495.0,0.25144491057296137,0.20092367506440206,0.662802136060655,0.6572312623277546,0.7416848660154236,0.9233565272683691,ok,ok
cosmopedia,86.2m-g051-ai-r0.5,86.2m-g051-control,fit,ai,9,86180184,6288366448.0,3179750544.0,0.5056560507874525,0.33583769050242,0.6473778550046659,0.644001330007105,1.158841836496966,1.3454671254166544,ok,ok
cosmopedia,86.2m-g051-ai-r1,86.2m-g051-control,fit,ai,9,86180184,6288366599.0,6421423097.0,1.0211591509345461,0.5052344098990825,0.6356214640868615,0.6334719606180159,,,below_range,below_range
cosmopedia,86.2m-g052-control,86.2m-g052-control,fit,control,9,86180184,6520569856.0,0.0,0.0,0.0,0.7264212637742794,0.7125152691169101,0.11961454979449339,0.17487829205845692,ok,ok
cosmopedia,86.2m-g052-ai-r0.05,86.2m-g052-control,fit,ai,9,86180184,6520688995.0,325987997.0,0.04999287609790382,0.0476125859860047,0.6938587220700033,0.6874631076223754,0.2903171258435215,0.3562283509469675,ok,ok
cosmopedia,86.2m-g052-ai-r0.1,86.2m-g052-control,fit,ai,9,86180184,6519990305.0,652793823.0,0.10012190087144615,0.09100982426777977,0.6779293991514,0.6748866583162747,0.46846007755302393,0.521099616026892,ok,ok
cosmopedia,86.2m-g052-ai-r0.25,86.2m-g052-control,fit,ai,9,86180184,6512978789.0,1637602459.0,0.2514367867688752,0.20091848779519092,0.6567933050647246,0.6563578103035789,0.907373906775818,0.9234731135198807,ok,ok
cosmopedia,86.2m-g052-ai-r0.5,86.2m-g052-control,fit,ai,9,86180184,6495718377.0,3285398551.0,0.5057790932921167,0.33589196154020257,0.6498006411014586,0.6433017415547543,1.0104805788759028,1.3440963747943624,ok,ok
cosmopedia,86.2m-g052-ai-r1,86.2m-g052-control,fit,ai,9,86180184,6451827283.0,6589836717.0,1.0213907514796068,0.5052910975930679,0.6356821198539949,0.6330276652145196,,,below_range,below_range
cosmopedia,86.2m-g053-control,86.2m-g053-control,fit,control,9,86180184,7540834304.0,0.0,0.0,0.0,0.7249500408673218,0.7073993045789726,0.10753838881850321,0.1751190987909951,ok,ok
cosmopedia,86.2m-g053-ai-r0.05,86.2m-g053-control,fit,ai,9,86180184,7540691136.0,376581952.0,0.04993997833993767,0.04756460309178614,0.6892935985884064,0.6830243597938357,0.2903024673919402,0.35675838231361023,ok,ok
cosmopedia,86.2m-g053-ai-r0.1,86.2m-g053-control,fit,ai,9,86180184,7540693279.0,754591457.0,0.10006924152470889,0.09096631170780826,0.6739164809688546,0.6707807996575308,0.4663612099760021,0.5220446270797912,ok,ok
cosmopedia,86.2m-g053-ai-r0.25,86.2m-g053-control,fit,ai,9,86180184,7540636584.0,1894974552.0,0.25130166808739024,0.20083220097636714,0.6581313712415371,0.6527823483825306,0.742847185525151,0.9237719320436819,ok,ok
cosmopedia,86.2m-g053-ai-r0.5,86.2m-g053-control,fit,ai,9,86180184,7540871733.0,3813109195.0,0.5056589383841732,0.33583896425230986,0.6493704297054006,0.6401707451667037,0.8866587277836487,1.336573829857506,ok,ok
cosmopedia,86.2m-g053-ai-r1,86.2m-g053-control,fit,ai,9,86180184,7540772160.0,7696609984.0,1.0206660300422072,0.5051136679032942,0.6402682912791767,0.6304231718878065,0.9914288098073126,,ok,below_range
cosmopedia,135m-g054-control,135m-g054-control,fit,control,12,135266786,550502400.0,0.0,0.0,0.0,0.7883296379283682,0.7886874913153671,,,above_range,above_range
cosmopedia,135m-g054-ai-r0.0025,135m-g054-control,fit,ai,12,135266786,550144948.0,1406028.0,0.0025557410008243864,0.0025492258398251842,0.7860644012108905,0.7856149723393959,,,above_range,above_range
cosmopedia,135m-g054-ai-r0.005,135m-g054-control,fit,ai,12,135266786,550334542.0,2789298.0,0.005068368032766513,0.005042809219721934,0.7805934828010602,0.7827288323080606,,,above_range,above_range
cosmopedia,135m-g054-ai-r0.01,135m-g054-control,fit,ai,12,135266786,550153635.0,5591645.0,0.010163788157102697,0.010061524948983823,0.7770332998964413,0.7774275319525252,,,above_range,above_range
cosmopedia,135m-g054-ai-r0.025,135m-g054-control,fit,ai,12,135266786,550015276.0,14118612.0,0.02566949067792801,0.02502705882473063,0.7652514679429898,0.7642924358529466,,,above_range,above_range
cosmopedia,135m-g054-ai-r0.05,135m-g054-control,fit,ai,12,135266786,549643924.0,28121452.0,0.051163036235073525,0.0486727885888406,0.7556565249098716,0.7488266457423934,,,above_range,above_range
cosmopedia,135m-g054-ai-r0.1,135m-g054-control,fit,ai,12,135266786,549253436.0,56299204.0,0.10250132326891806,0.09297161019725717,0.7364697280730057,0.7287916168634289,,,above_range,above_range
cosmopedia,135m-g054-ai-r0.25,135m-g054-control,fit,ai,12,135266786,547236621.0,140629235.0,0.2569806727170768,0.20444281944414464,0.7076946862948887,0.6988044716810493,0.7464365779717574,0.9312191034478078,ok,ok
cosmopedia,135m-g054-ai-r0.5,135m-g054-control,fit,ai,12,135266786,544441802.0,281311798.0,0.5166976469598857,0.34067280845036585,0.6822263593051513,0.6761140677253096,1.2021205506484158,1.42606423308524,ok,ok
cosmopedia,135m-g054-ai-r1,135m-g054-control,fit,ai,12,135266786,539345999.0,561658801.0,1.0413701075772697,0.5101329267592657,0.6563731591018602,0.6551505796863004,1.932548976667514,2.009115137200276,ok,ok
cosmopedia,135m-g054-ai-r2,135m-g054-control,fit,ai,12,135266786,550450444.0,1160301300.0,2.1079123700370745,0.6782406062536214,0.6318585931665762,0.6356321575615309,2.876164108573657,2.5056954249739163,ok,ok
cosmopedia,135m-g054-ai-r4,135m-g054-control,fit,ai,12,135266786,550497751.0,2347242025.0,4.263853977125512,0.8100251252512745,0.609498274093087,0.6193040835426165,4.176910153756997,2.7615779617907865,ok,ok
cosmopedia,135m-g054-ai-r8,135m-g054-control,fit,ai,12,135266786,550493279.0,4730659745.0,8.593492283127402,0.8957626721857321,0.6015419059411102,0.6053749848659192,3.2907099728609635,2.7556708594825325,ok,ok
cosmopedia,135m-g054-ai-r16,135m-g054-control,fit,ai,12,135266786,550515579.0,9460763781.0,17.18527893104366,0.9450104667741487,0.5949794819432853,0.5936699237712432,2.3878874057143467,2.551084173585379,ok,ok
cosmopedia,135m-g054-human-r0.0025,135m-g054-control,fit,human,12,135266786,551550976.0,0.0,0.0,0.0,0.7928389618885472,0.7885812314128804,,,above_range,above_range
cosmopedia,135m-g054-human-r0.005,135m-g054-control,fit,human,12,135266786,553123840.0,0.0,0.0,0.0,0.7896335275411231,0.7884222882773584,,,above_range,above_range
cosmopedia,135m-g054-human-r0.01,135m-g054-control,fit,human,12,135266786,555745280.0,0.0,0.0,0.0,0.7923956173668445,0.7881585661158533,,,above_range,above_range
cosmopedia,135m-g054-human-r0.025,135m-g054-control,fit,human,12,135266786,564133888.0,0.0,0.0,0.0,0.7951774454497,0.7873244311280342,,,above_range,above_range
cosmopedia,135m-g054-human-r0.05,135m-g054-control,fit,human,12,135266786,577765376.0,0.0,0.0,0.0,0.7848429783311469,0.785999741074461,,,above_range,above_range
cosmopedia,135m-g054-human-r8,135m-g054-control,fit,human,12,135266786,4954521600.0,0.0,0.0,0.0,0.6873293107635217,0.6874909234391874,0.17441840400048197,0.17366424557530474,ok,ok
cosmopedia,135m-g055-control,135m-g055-control,fit,control,12,135266786,550502400.0,0.0,0.0,0.0,0.7894580753776558,0.7886874913153671,,,above_range,above_range
cosmopedia,135m-g055-ai-r0.025,135m-g055-control,fit,ai,12,135266786,550148949.0,13984939.0,0.025420277591041984,0.024790106209680494,0.7648523583860749,0.7644630564727601,,,above_range,above_range
cosmopedia,135m-g055-ai-r0.05,135m-g055-control,fit,ai,12,135266786,549704771.0,28060605.0,0.05104668265649817,0.048567474212923414,0.7492315701905702,0.7488804143699376,,,above_range,above_range
cosmopedia,135m-g055-human-r0.025,135m-g055-control,fit,human,12,135266786,564133888.0,0.0,0.0,0.0,0.788520252412856,0.7873244311280342,,,above_range,above_range
cosmopedia,135m-g055-human-r0.05,135m-g055-control,fit,human,12,135266786,577765376.0,0.0,0.0,0.0,0.787630379970998,0.785999741074461,,,above_range,above_range
cosmopedia,135m-g056-control,135m-g056-control,fit,control,12,135266786,550502400.0,0.0,0.0,0.0,0.7898073110328533,0.7886874913153671,,,above_range,above_range
cosmopedia,135m-g056-ai-r0.025,135m-g056-control,fit,ai,12,135266786,550093654.0,14040234.0,0.02552335206542848,0.02488812372143827,0.7676803187704025,0.7643923964899726,,,above_range,above_range
cosmopedia,135m-g056-ai-r0.05,135m-g056-control,fit,ai,12,135266786,549661239.0,28104137.0,0.05112992331627735,0.048642819676338656,0.757069009384948,0.7488419392987447,,,above_range,above_range
cosmopedia,135m-g056-human-r0.025,135m-g056-control,fit,human,12,135266786,564133888.0,0.0,0.0,0.0,0.792111447163061,0.7873244311280342,,,above_range,above_range
cosmopedia,135m-g056-human-r0.05,135m-g056-control,fit,human,12,135266786,577765376.0,0.0,0.0,0.0,0.788884502487575,0.785999741074461,,,above_range,above_range
cosmopedia,135m-g057-control,135m-g057-control,fit,control,12,135266786,638582784.0,0.0,0.0,0.0,0.7758178487869407,0.7805090065190243,,,above_range,above_range
cosmopedia,135m-g057-ai-r0.0025,135m-g057-control,fit,ai,12,135266786,638534146.0,1621502.0,0.002539413138917711,0.0025329808540562933,0.7755316799350453,0.777506010421199,,,above_range,above_range
cosmopedia,135m-g057-ai-r0.005,135m-g057-control,fit,ai,12,135266786,638508364.0,3220148.0,0.005043235424242618,0.0050179288278218185,0.7706823955896557,0.7747257840023771,,,above_range,above_range
cosmopedia,135m-g057-ai-r0.01,135m-g057-control,fit,ai,12,135266786,638416779.0,6457461.0,0.010114804642376105,0.010013519845357755,0.7633407777092623,0.7695758622542491,,,above_range,above_range
cosmopedia,135m-g057-ai-r0.025,135m-g057-control,fit,ai,12,135266786,638477216.0,16358496.0,0.025621111591866107,0.024981068839446556,0.7479691432136204,0.7567613644783528,,,above_range,above_range
cosmopedia,135m-g057-ai-r0.05,135m-g057-control,fit,ai,12,135266786,638502962.0,32585678.0,0.05103449778514888,0.04855644404888153,0.7388819024020942,0.7417049321801137,,,above_range,above_range
cosmopedia,135m-g057-ai-r0.1,135m-g057-control,fit,ai,12,135266786,638386668.0,65207828.0,0.10214472085435218,0.09267813828947292,0.722445685116147,0.72223023784181,,,above_range,above_range
cosmopedia,135m-g057-ai-r0.25,135m-g057-control,fit,ai,12,135266786,638580891.0,163579749.0,0.2561613592035907,0.20392392850389668,0.6950456943393759,0.6929107266903936,0.8792416292206101,0.9293752773369968,ok,ok
cosmopedia,135m-g057-ai-r0.5,135m-g057-control,fit,ai,12,135266786,638660815.0,328650545.0,0.5145932508791854,0.339756730449232,0.6708898118443969,0.6707247865545711,1.414938210671633,1.4217734462929525,ok,ok
cosmopedia,135m-g057-ai-r1,135m-g057-control,fit,ai,12,135266786,638508246.0,662774570.0,1.0380047151340939,0.5093240007866207,0.6474600459332482,0.6501237835984668,2.1849907969246782,2.0003629958477718,ok,ok
cosmopedia,135m-g057-ai-r2,135m-g057-control,fit,ai,12,135266786,638513077.0,1342771275.0,2.1029659741800404,0.6777276939801925,0.6275154388476502,0.6318183210333157,2.923835096204909,2.4871465323922775,ok,ok
cosmopedia,135m-g057-ai-r4,135m-g057-control,fit,ai,12,135266786,638586406.0,2717381082.0,4.2553068096473075,0.8097161524110689,0.6039463762064,0.61606868232456,4.629669450905903,2.7235484630277065,ok,ok
cosmopedia,135m-g057-ai-r8,135m-g057-control,fit,ai,12,135266786,638587681.0,5476183263.0,8.5754602319051,0.8955663774083636,0.5923581205034052,0.6026923895318442,4.466614571121393,2.692944936153619,ok,ok
cosmopedia,135m-g057-ai-r16,135m-g057-control,fit,ai,12,135266786,638570429.0,10961301571.0,17.165376085712857,0.9449502176403326,0.5918331745713522,0.5914863039860465,2.419237835143956,2.463162924526788,ok,ok
cosmopedia,135m-g057-ai-r32,135m-g057-control,fit,ai,12,135266786,638574888.0,21962956504.0,34.39370529083505,0.9717463884670209,0.5805427513906664,0.5823159852852211,,,below_range,below_range
cosmopedia,135m-g057-human-r0.0025,135m-g057-control,fit,human,12,135266786,640155648.0,0.0,0.0,0.0,0.7762374444595336,0.7803752976344308,,,above_range,above_range
cosmopedia,135m-g057-human-r0.005,135m-g057-control,fit,human,12,135266786,641728512.0,0.0,0.0,0.0,0.7795486972746537,0.7802419763392601,,,above_range,above_range
cosmopedia,135m-g057-human-r0.01,135m-g057-control,fit,human,12,135266786,644874240.0,0.0,0.0,0.0,0.777565646617303,0.7799764882557422,,,above_range,above_range
cosmopedia,135m-g057-human-r0.025,135m-g057-control,fit,human,12,135266786,654835712.0,0.0,0.0,0.0,0.7809217645718727,0.7791457651705145,,,above_range,above_range
cosmopedia,135m-g057-human-r0.05,135m-g057-control,fit,human,12,135266786,671088640.0,0.0,0.0,0.0,0.7749674082471607,0.7778219264571573,,,above_range,above_range
cosmopedia,135m-g057-human-r0.5,135m-g057-control,fit,human,12,135266786,957874176.0,0.0,0.0,0.0,0.7501691007587221,0.7592575689087651,,,above_range,above_range
cosmopedia,135m-g057-human-r8,135m-g057-control,fit,human,12,135266786,6114770944.0,0.0,0.0,0.0,0.6779932252409993,0.6797532519682916,0.1826211470129596,0.17384285393979734,ok,ok
cosmopedia,135m-g058-control,135m-g058-control,fit,control,12,135266786,2202009600.0,0.0,0.0,0.0,0.7118551144656465,0.7202366068275897,,,above_range,above_range
cosmopedia,135m-g058-ai-r0.0025,135m-g058-control,fit,ai,12,135266786,2201786294.0,5466186.0,0.00248261423685654,0.002476466126793071,0.7034340460682207,0.7178910805952385,0.2583425293325347,,ok,above_range
cosmopedia,135m-g058-ai-r0.005,135m-g058-control,fit,ai,12,135266786,2201948906.0,11070742.0,0.005027701582826827,0.00500255025300164,0.6999054300243956,0.7156269702171391,0.28148890212773625,,ok,above_range
cosmopedia,135m-g058-ai-r0.01,135m-g058-control,fit,ai,12,135266786,2201876395.0,22153301.0,0.010061101091008336,0.009960883633812775,0.6944822163309301,0.7115373294064983,0.32178175434472334,,ok,above_range
cosmopedia,135m-g058-ai-r0.025,135m-g058-control,fit,ai,12,135266786,2201704625.0,55355215.0,0.025141980614225217,0.024525364378465038,0.6848498870734457,0.7015460063819543,0.40936599963818077,0.26483370852613103,ok,ok
cosmopedia,135m-g058-ai-r0.05,135m-g058-control,fit,ai,12,135266786,2201638542.0,110471538.0,0.05017696406225069,0.04777953219251568,0.6721141557237976,0.6895998306423112,0.5712488454100239,0.3517893712316935,ok,ok
cosmopedia,135m-g058-ai-r0.1,135m-g058-control,fit,ai,12,135266786,2200865978.0,221344582.0,0.1005715860086779,0.0913812307052282,0.6586581779194873,0.6741196180200585,0.8175063756400561,0.5146353123956566,ok,ok
cosmopedia,135m-g058-ai-r0.25,135m-g058-control,fit,ai,12,135266786,2198073564.0,554438436.0,0.2522383441030275,0.2014299795968192,0.6387551508239296,0.6509262686579351,1.3930529332453119,0.9211338024599304,ok,ok
cosmopedia,135m-g058-ai-r0.5,135m-g058-control,fit,ai,12,135266786,2190490412.0,1112523988.0,0.5078880883957961,0.33682081071157305,0.6219761912640337,0.6335593981804581,2.1761917223208345,1.3992883819468385,ok,ok
cosmopedia,135m-g058-ai-r1,135m-g058-control,fit,ai,12,135266786,2174864563.0,2229154637.0,1.0249625079757207,0.5061636963344756,0.6081116631501645,0.6179270946997267,2.9219032553230995,1.9220373545317726,ok,ok
cosmopedia,135m-g058-ai-r2,135m-g058-control,fit,ai,12,135266786,2202032535.0,4570719849.0,2.0756822509890847,0.6748688848861362,0.6006271405562317,0.6042267870460921,2.6794445299144805,2.2646302140226786,ok,ok
cosmopedia,135m-g058-ai-r2.07,135m-g058-control,fit,ai,12,135266786,2149048272.0,4456980528.0,2.073932254603167,0.6746837870279948,0.5949127234262759,0.6047162316369706,3.630926841920818,2.270240557812666,ok,ok
cosmopedia,135m-g058-ai-r4,135m-g058-control,fit,ai,12,135266786,2202021303.0,9257865801.0,4.204258055263692,0.8078496513083974,0.5857509107011101,0.5932981611653452,,2.2711923769506543,below_range,ok
cosmopedia,135m-g058-ai-r4.2,135m-g058-control,fit,ai,12,135266786,2116022196.0,8894025804.0,4.2031817155853695,0.8078099027361189,0.5876161886917016,0.5939216846924626,,2.2902143031075695,below_range,ok
cosmopedia,135m-g058-human-r0.0025,135m-g058-control,fit,human,12,135266786,2207252480.0,0.0,0.0,0.0,0.7081128319614073,0.7201333590887375,0.23026129210950472,,ok,above_range
cosmopedia,135m-g058-human-r0.005,135m-g058-control,fit,human,12,135266786,2213019648.0,0.0,0.0,0.0,0.7064440966022958,0.7200201207191333,0.23921656839804048,,ok,above_range
cosmopedia,135m-g058-human-r0.01,135m-g058-control,fit,human,12,135266786,2224029696.0,0.0,0.0,0.0,0.706367498789748,0.7198049034207149,0.23847988131552184,,ok,above_range
cosmopedia,135m-g058-human-r0.025,135m-g058-control,fit,human,12,135266786,2257059840.0,0.0,0.0,0.0,0.7038743437750983,0.7191667288221787,0.24989457461269632,,ok,above_range
cosmopedia,135m-g058-human-r0.05,135m-g058-control,fit,human,12,135266786,2312110080.0,0.0,0.0,0.0,0.7065173953103895,0.7181272464341548,0.22855336268041043,,ok,above_range
cosmopedia,135m-g058-human-r4,135m-g058-control,fit,human,12,135266786,11010048000.0,0.0,0.0,0.0,0.6716320760633175,0.6596294247829361,0.12165325419165847,0.1744897229229089,ok,ok
cosmopedia,135m-g059-control,135m-g059-control,fit,control,12,135266786,2202009600.0,0.0,0.0,0.0,0.7113821455814359,0.7202366068275897,,,above_range,above_range
cosmopedia,135m-g059-ai-r0.25,135m-g059-control,fit,ai,12,135266786,2197250444.0,555261556.0,0.2527074496747718,0.20172902279808408,0.644234049321752,0.6508901501749864,1.15181860577806,0.9222229009777899,ok,ok
cosmopedia,135m-g059-ai-r1,135m-g059-control,fit,ai,12,135266786,2174290112.0,2229729088.0,1.0254975063787624,0.5062941342308408,0.6095550644226875,0.6179223692613807,2.7414637908291,1.922409873527622,ok,ok
cosmopedia,135m-g060-control,135m-g060-control,fit,control,12,135266786,2202009600.0,0.0,0.0,0.0,0.7101656777315438,0.7202366068275897,,,above_range,above_range
cosmopedia,135m-g060-ai-r0.025,135m-g060-control,fit,ai,12,135266786,2202732537.0,54327303.0,0.02466359491560913,0.024069943577570366,0.685875192016577,0.7018034056354203,0.3981539833409486,0.26313120375199545,ok,ok
cosmopedia,135m-g060-ai-r0.05,135m-g060-control,fit,ai,12,135266786,2203268720.0,108841360.0,0.049399947910121464,0.04707447147153132,0.6764276006313598,0.6898834734520172,0.5047986077424658,0.3491542229654177,ok,ok
cosmopedia,135m-g060-ai-r0.25,135m-g060-control,fit,ai,12,135266786,2197680121.0,554831879.0,0.25246252796223023,0.20157291920979817,0.6396281618356489,0.6509089976654585,1.350862033007973,0.9216543929130868,ok,ok
cosmopedia,135m-g060-ai-r1,135m-g060-control,fit,ai,12,135266786,2174297180.0,2229722020.0,1.0254909220826933,0.5062925293332055,0.6135964548524262,0.617922427391931,2.3026509796969092,1.9224052904182205,ok,ok
cosmopedia,135m-g060-human-r0.025,135m-g060-control,fit,human,12,135266786,2257059840.0,0.0,0.0,0.0,0.7064832901697895,0.7191667288221787,0.2343236539096914,,ok,above_range
cosmopedia,135m-g060-human-r0.05,135m-g060-control,fit,human,12,135266786,2312110080.0,0.0,0.0,0.0,0.707188937120278,0.7181272464341548,0.22482764051570625,,ok,above_range
cosmopedia,135m-g061-control,135m-g061-control,fit,control,12,135266786,2202009600.0,0.0,0.0,0.0,0.7178215921203127,0.7202366068275897,,,above_range,above_range
cosmopedia,135m-g061-ai-r0.025,135m-g061-control,fit,ai,12,135266786,2202723312.0,54336528.0,0.02466788620431144,0.024074030753212107,0.6891756282434924,0.7018010868535518,0.3644518539717121,0.2631464828689229,ok,ok
cosmopedia,135m-g061-ai-r0.05,135m-g061-control,fit,ai,12,135266786,2203329924.0,108780156.0,0.049370797725343286,0.04704800041354432,0.6767512148242677,0.6898941720794419,0.5001930475317107,0.34905528674849445,ok,ok
cosmopedia,135m-g061-ai-r0.25,135m-g061-control,fit,ai,12,135266786,2197730660.0,554781340.0,0.2524337263420623,0.20155455816359746,0.6455246606544194,0.650911215489481,1.1024250756593525,0.9215875226929716,ok,ok
cosmopedia,135m-g061-ai-r1,135m-g061-control,fit,ai,12,135266786,2175391295.0,2228627905.0,1.024472199609496,0.5060440937678019,0.6118410026250389,0.6179314291741831,2.4821191642421754,1.9216957318110908,ok,ok
cosmopedia,135m-g061-human-r0.025,135m-g061-control,fit,human,12,135266786,2257059840.0,0.0,0.0,0.0,0.7133309025402582,0.7191667288221787,,,above_range,above_range
cosmopedia,135m-g061-human-r0.05,135m-g061-control,fit,human,12,135266786,2312110080.0,0.0,0.0,0.0,0.7077461327213811,0.7181272464341548,0.22179075706195547,,ok,above_range
cosmopedia,135m-g062-control,135m-g062-control,fit,control,12,135266786,2202009600.0,0.0,0.0,0.0,0.70723971227615,0.7202366068275897,0.2357763159098066,,ok,above_range
cosmopedia,135m-g062-ai-r0.25,135m-g062-control,fit,ai,12,135266786,2198426776.0,554085224.0,0.252037152225806,0.20130165608723957,0.6438826623920073,0.6509417841308884,1.1657183643012528,0.9206664249377601,ok,ok
cosmopedia,135m-g062-ai-r1,135m-g062-control,fit,ai,12,135266786,2175029112.0,2228990088.0,1.0248093120695665,0.5061263329642159,0.6095505366149957,0.617928448610803,2.7420086779488155,1.9219306379197338,ok,ok
cosmopedia,135m-g063-control,135m-g063-control,fit,control,12,135266786,2553806848.0,0.0,0.0,0.0,0.7092509423445172,0.7138861802685722,,,above_range,above_range
cosmopedia,135m-g063-ai-r0.0025,135m-g063-control,fit,ai,12,135266786,2553717761.0,6380543.0,0.002498531003481555,0.0024923039049050515,0.6927524617142266,0.7115859373413417,0.29240908972974383,,ok,above_range
cosmopedia,135m-g063-ai-r0.005,135m-g063-control,fit,ai,12,135266786,2553591780.0,12797980.0,0.005011756420989106,0.0049867639746193505,0.6906659153899078,0.709414657658455,0.30811913663376833,,ok,above_range
cosmopedia,135m-g063-ai-r0.01,135m-g063-control,fit,ai,12,135266786,2553831567.0,25665393.0,0.010049759479693988,0.009949766717305998,0.6887133409022101,0.7054235876025298,0.3228427043894263,0.21044252147584164,ok,ok
cosmopedia,135m-g063-ai-r0.025,135m-g063-control,fit,ai,12,135266786,2553609026.0,64160958.0,0.025125599630458073,0.024509776791756505,0.6796746823266389,0.695699326468521,0.4069644705496938,0.2649193502807041,ok,ok
cosmopedia,135m-g063-ai-r0.05,135m-g063-control,fit,ai,12,135266786,2554051985.0,128205423.0,0.050196872950493215,0.04779758371348675,0.6707044186344346,0.6840479264451093,0.5130440761801008,0.3520715529904472,ok,ok
cosmopedia,135m-g063-ai-r0.1,135m-g063-control,fit,ai,12,135266786,2553653594.0,256530086.0,0.10045610203464425,0.09128587850883825,0.6559685523561087,0.6690133874529989,0.7669305906118445,0.5146085276311464,ok,ok
cosmopedia,135m-g063-ai-r0.25,135m-g063-control,fit,ai,12,135266786,2554022343.0,643610169.0,0.25199864471193467,0.20127709065525037,0.6343319206997106,0.646419561394213,1.4052283587869967,0.9207495938402375,ok,ok
cosmopedia,135m-g063-ai-r0.5,135m-g063-control,fit,ai,12,135266786,2553919922.0,1295926862.0,0.5074265840665618,0.3366177759036761,0.617805370650528,0.6294877332264306,2.2097166629513882,1.3963362082955912,ok,ok
cosmopedia,135m-g063-ai-r1,135m-g063-control,fit,ai,12,135266786,2553803612.0,2614627492.0,1.023816976260115,0.5058841724670496,0.6102068058919747,0.6142570424260345,2.270301443191505,1.9079775393524867,ok,ok
cosmopedia,135m-g063-ai-r2,135m-g063-control,fit,ai,12,135266786,2553870961.0,5296817551.0,2.074034918712559,0.6746946516733742,0.5912557199811669,0.6014120590047024,3.683401091114111,2.227246793422877,ok,ok
cosmopedia,135m-g063-ai-r4,135m-g063-control,fit,ai,12,135266786,2553779147.0,10736397365.0,4.204121322555384,0.8078446027639937,0.5875211961522009,0.591063188700538,,2.1977900373977457,below_range,ok
cosmopedia,135m-g063-ai-r8,135m-g063-control,fit,ai,12,135266786,2553826118.0,21716513978.0,8.50352098168964,0.8947758412985364,0.5826007825038346,0.5828875640489752,,,below_range,below_range
cosmopedia,135m-g063-human-r0.0025,135m-g063-control,fit,human,12,135266786,2560098304.0,0.0,0.0,0.0,0.7039222570479597,0.7137821909967714,0.22005292786995692,,ok,above_range
cosmopedia,135m-g063-human-r0.005,135m-g063-control,fit,human,12,135266786,2566389760.0,0.0,0.0,0.0,0.7021371904573485,0.7136785032261325,0.22949098277592125,,ok,above_range
cosmopedia,135m-g063-human-r0.01,135m-g063-control,fit,human,12,135266786,2579496960.0,0.0,0.0,0.0,0.7004250491949704,0.7134634483765772,0.23835145878385125,,ok,above_range
cosmopedia,135m-g063-human-r0.025,135m-g063-control,fit,human,12,135266786,2617769984.0,0.0,0.0,0.0,0.7002158682375844,0.7128428036947956,0.23610859760068736,,ok,above_range
cosmopedia,135m-g063-human-r0.05,135m-g063-control,fit,human,12,135266786,2682257408.0,0.0,0.0,0.0,0.6999399938134764,0.711820932047387,0.23204218006789126,,ok,above_range
cosmopedia,135m-g063-human-r0.5,135m-g063-control,fit,human,12,135266786,3830448128.0,0.0,0.0,0.0,0.6959755334801871,0.6973643969375003,0.17976588190332465,0.17347579798544094,ok,ok
cosmopedia,135m-g063-human-r4,135m-g063-control,fit,human,12,135266786,13290176512.0,0.0,0.0,0.0,0.6762183890168278,0.6536296515330127,0.08834313634976243,0.1747537030539236,ok,ok
cosmopedia,135m-g064-control,135m-g064-control,fit,control,12,135266786,4404019200.0,0.0,0.0,0.0,0.6872214056320373,0.6919531374815573,0.19678960889649227,0.1735741770883072,ok,ok
cosmopedia,135m-g064-ai-r0.025,135m-g064-control,fit,ai,12,135266786,4404445325.0,109674355.0,0.024900832433423385,0.02429584565201426,0.669000224605258,0.6755904673358596,0.320484615941363,0.26477786844555223,ok,ok
cosmopedia,135m-g064-ai-r0.05,135m-g064-control,fit,ai,12,135266786,4403870947.0,220349213.0,0.0500353474595131,0.04765110772753519,0.6591346662220487,0.6649975940640678,0.42189753331084123,0.3525083283471915,ok,ok
cosmopedia,135m-g064-ai-r0.1,135m-g064-control,fit,ai,12,135266786,4402774976.0,441646144.0,0.1003108599479784,0.09116592737503382,0.646857658402906,0.6513799775697482,0.5988772497802335,0.5156715538754135,ok,ok
cosmopedia,135m-g064-ai-r0.25,135m-g064-control,fit,ai,12,135266786,4398144621.0,1106879379.0,0.2516696185284445,0.20106713049752373,0.6203867616554586,0.6310575584185362,1.391419556885892,0.9207787638611311,ok,ok
cosmopedia,135m-g064-ai-r0.5,135m-g064-control,fit,ai,12,135266786,4386036541.0,2219992259.0,0.5061499689407171,0.33605549206809393,0.6082466352448409,0.6160525649698614,1.9362946954574267,1.384534220476484,ok,ok
cosmopedia,135m-g064-ai-r1,135m-g064-control,fit,ai,12,135266786,4356511015.0,4451527385.0,1.0218101984989472,0.5053937304587591,0.5971648752564136,0.6028923272479485,2.4351959515125707,1.852187684291928,ok,ok
cosmopedia,135m-g064-human-r0.025,135m-g064-control,fit,human,12,135266786,4514119680.0,0.0,0.0,0.0,0.6922077069806395,0.6910097376507385,0.16821452344326168,0.17359250770691756,ok,ok
cosmopedia,135m-g064-human-r0.05,135m-g064-control,fit,human,12,135266786,4624220160.0,0.0,0.0,0.0,0.6887507313021016,0.6900931401470595,0.17990983962080984,0.17361067461888602,ok,ok
cosmopedia,135m-g065-control,135m-g065-control,fit,control,12,135266786,5107613696.0,0.0,0.0,0.0,0.6900554008590148,0.6863534417114747,0.1573369233049351,0.17368862860462336,ok,ok
cosmopedia,135m-g065-ai-r0.025,135m-g065-control,fit,ai,12,135266786,5107829429.0,127710539.0,0.025002898153747257,0.024393002399098484,0.6668870046961761,0.6703775964998632,0.2941977771931806,0.26536552582395523,ok,ok
cosmopedia,135m-g065-ai-r0.05,135m-g065-control,fit,ai,12,135266786,5107463868.0,255478084.0,0.05002053672873873,0.04763767467308212,0.6508272654006778,0.6601220613763487,0.47430290291939187,0.35279065912459767,ok,ok
cosmopedia,135m-g065-ai-r0.1,135m-g065-control,fit,ai,12,135266786,5107467202.0,511327294.0,0.10011367156695057,0.09100302464594712,0.6428961034659955,0.6469019782709261,0.5907022281981786,0.5155740478729098,ok,ok
cosmopedia,135m-g065-ai-r0.25,135m-g065-control,fit,ai,12,135266786,5107523042.0,1284596254.0,0.2515106135472232,0.20096562572038706,0.62140773438129,0.6271024558923456,1.1502683287536422,0.9206853053151062,ok,ok
cosmopedia,135m-g065-ai-r0.5,135m-g065-control,fit,ai,12,135266786,5107550699.0,2583754261.0,0.5058695279335885,0.3359318443927622,0.6075125076961084,0.6125155263317819,1.7183316540752125,1.3806768699616359,ok,ok
cosmopedia,135m-g065-ai-r1,135m-g065-control,fit,ai,12,135266786,5107655620.0,5217147964.0,1.0214369080740804,0.5053023935568942,0.5937297865822656,0.5997567330850431,2.466106687455076,1.832135030408598,ok,ok
cosmopedia,135m-g065-human-r0.025,135m-g065-control,fit,human,12,135266786,5235539968.0,0.0,0.0,0.0,0.6872922242979136,0.6854334103824794,0.1652207611185642,0.17370879853431326,ok,ok
cosmopedia,135m-g065-human-r0.05,135m-g065-control,fit,human,12,135266786,5362941952.0,0.0,0.0,0.0,0.6836851215657892,0.6845431756527371,0.1778393922579809,0.17372870704406615,ok,ok
cosmopedia,135m-g065-human-r0.5,135m-g065-control,fit,human,12,135266786,7661420544.0,0.0,0.0,0.0,0.6793667412972972,0.6717824503892905,0.14025212111825763,0.17406269958418022,ok,ok
cosmopedia,135m-g066-control,135m-g066-control,fit,control,12,135266786,6606028800.0,0.0,0.0,0.0,0.6798734553478807,0.6769848412640325,0.1603771421823546,0.17391467296753094,ok,ok
cosmopedia,135m-g066-ai-r0.05,135m-g066-control,fit,ai,12,135266786,6606211571.0,330118669.0,0.04997095013565075,0.04759269780672957,0.6507413012257642,0.6519715698202648,0.36774895116818546,0.3532797391613055,ok,ok
cosmopedia,135m-g066-ai-r0.1,135m-g066-control,fit,ai,12,135266786,6605086973.0,661544707.0,0.10015685027377155,0.09103870075330418,0.6381232416709763,0.6393499723441058,0.539609582614574,0.5167195678853853,ok,ok
cosmopedia,135m-g066-ai-r0.25,135m-g066-control,fit,ai,12,135266786,6598630264.0,1658905736.0,0.251401528746118,0.2008959738110739,0.6276001626718084,0.6205654992220557,0.6992703733308065,0.9209697708082822,ok,ok
cosmopedia,135m-g066-ai-r0.5,135m-g066-control,fit,ai,12,135266786,6580659240.0,3328383960.0,0.5057827549812471,0.33589357648577006,0.6134630472611211,0.60684873508529,1.0292154163688727,1.374002655244849,ok,ok
cosmopedia,135m-g066-ai-r1,135m-g066-control,fit,ai,12,135266786,6538825474.0,6673232126.0,1.0205551673667441,0.5050865147605775,0.5958922000022183,0.595116306663583,1.7287927278682185,1.7970280018120057,ok,ok
cosmopedia,135m-g066-human-r0.25,135m-g066-control,fit,human,12,135266786,8257536000.0,0.0,0.0,0.0,0.6787959105185828,0.6692052040014443,0.13222074608480047,0.17414302160491923,ok,ok
cosmopedia,135m-g067-control,135m-g067-control,fit,control,12,135266786,7402422272.0,0.0,0.0,0.0,0.6823702887804863,0.6729771174895522,0.1335689128355174,0.17402709868943447,ok,ok
cosmopedia,135m-g067-ai-r0.05,135m-g067-control,fit,ai,12,135266786,7402382458.0,369662854.0,0.04993836188516484,0.047563136749761654,0.6524870214026821,0.6484901495785653,0.3100613971883909,0.3534959512712765,ok,ok
cosmopedia,135m-g067-ai-r0.1,135m-g067-control,fit,ai,12,135266786,7402481320.0,740759896.0,0.10006913411569406,0.090966222951193,0.6360481022222698,0.6361351462259097,0.5185739246296353,0.5169531782120231,ok,ok
cosmopedia,135m-g067-ai-r0.25,135m-g067-control,fit,ai,12,135266786,7402417251.0,1860178845.0,0.2512934332023376,0.20082694157454492,0.6183835283771841,0.6177375378503199,0.8969399557418486,0.9209942555892282,ok,ok
cosmopedia,135m-g067-ai-r0.5,135m-g067-control,fit,ai,12,135266786,7402443635.0,3743394957.0,0.5056971915734148,0.33585583768338856,0.6127367338781943,0.6043160495781986,0.9437761558616535,1.3704663881687515,ok,ok
cosmopedia,135m-g067-ai-r1,135m-g067-control,fit,ai,12,135266786,7402521910.0,7555939018.0,1.0207249785769292,0.5051281047140628,0.592096349904674,0.5928783862203093,1.8506937950582818,1.7777319272916967,ok,ok
cosmopedia,135m-g067-human-r0.25,135m-g067-control,fit,human,12,135266786,9262596096.0,0.0,0.0,0.0,0.6816817548904722,0.6653219736731839,0.10878836745086787,0.17427384827130307,ok,ok
cosmopedia,135m-g068-control,135m-g068-control,fit,control,12,135266786,8808038400.0,0.0,0.0,0.0,0.6773499797568334,0.6670132657755625,0.1290980607149022,0.1742153502357745,ok,ok
cosmopedia,135m-g068-ai-r0.05,135m-g068-control,fit,ai,12,135266786,8807935507.0,440504813.0,0.05001226594471703,0.04763017306252131,0.6419173087093688,0.6432696904531631,0.37120052250560553,0.354299080509508,ok,ok
cosmopedia,135m-g068-ai-r0.1,135m-g068-control,fit,ai,12,135266786,8806314189.0,882528051.0,0.10021537184107843,0.09108704932324298,0.6286864628083206,0.6313114187307132,0.5718687692137684,0.5182534709572689,ok,ok
cosmopedia,135m-g068-ai-r0.25,135m-g068-control,fit,ai,12,135266786,8798426570.0,2211621430.0,0.2513655609221047,0.20087300527663457,0.6220310514021593,0.6135824900968954,0.6514353964972466,0.9216065655570496,ok,ok
cosmopedia,135m-g068-ai-r0.5,135m-g068-control,fit,ai,12,135266786,8775729541.0,4436328059.0,0.5055224227539808,0.33577874039846756,0.6080356837548786,0.6007612748931317,0.9772625728618278,1.3648159322197317,ok,ok
cosmopedia,135m-g068-ai-r1,135m-g068-control,fit,ai,12,135266786,8718297837.0,8897778963.0,1.0205867165076985,0.5050942422662462,0.5945873777089877,0.5900356456697432,1.3840484101493766,,ok,below_range
cosmopedia,135m-g068-human-r0.25,135m-g068-control,fit,human,12,135266786,11010048000.0,0.0,0.0,0.0,0.6686370599473321,0.6596294247829361,0.13281486369176929,0.1744897229229089,ok,ok
cosmopedia,135m-g069-control,135m-g069-control,fit,control,12,135266786,9869721600.0,0.0,0.0,0.0,0.6734670241375208,0.6632100243105343,0.12869221297049055,0.17435038984148465,ok,ok
cosmopedia,135m-g069-ai-r0.05,135m-g069-control,fit,ai,12,135266786,9869897079.0,492655241.0,0.049914931944752855,0.04754188213353214,0.646553581712275,0.6399844302570079,0.28284374715766225,0.3543600106056792,ok,ok
cosmopedia,135m-g069-ai-r0.1,135m-g069-control,fit,ai,12,135266786,9869756475.0,987723717.0,0.10007579411932754,0.09097172636131298,0.6328657859998826,0.6282703223931747,0.436652299682665,0.5184303139990102,ok,ok
cosmopedia,135m-g069-ai-r0.25,135m-g069-control,fit,ai,12,135266786,9869643433.0,2479436119.0,0.251218408834284,0.2007790223198005,0.6131519520620035,0.6109085571816606,0.8368582599501827,0.9216012107002967,ok,ok
cosmopedia,135m-g069-ai-r0.5,135m-g069-control,fit,ai,12,135266786,9869761180.0,4989085028.0,0.5054919705767389,0.33576530493423357,0.6064718816521163,0.5983761506057617,0.9319620515796692,1.3606787626930934,ok,ok
cosmopedia,135m-g069-ai-r1,135m-g069-control,fit,ai,12,135266786,9869780976.0,10074134544.0,1.0207049749631647,0.5051232058167081,0.5914746723268653,0.5879549240209155,1.4335024724010261,,ok,below_range
cosmopedia,135m-g069-human-r0.25,135m-g069-control,fit,human,12,135266786,12349079552.0,0.0,0.0,0.0,0.6747638165661034,0.6559464537137096,0.09909767583011105,0.1746468826994869,ok,ok
cosmopedia,135m-g070-control,135m-g070-control,fit,control,12,135266786,11010048000.0,0.0,0.0,0.0,0.6669434860369102,0.6596294247829361,0.13966256223650453,0.1744897229229089,ok,ok
cosmopedia,135m-g070-ai-r0.05,135m-g070-control,fit,ai,12,135266786,11010158232.0,550392168.0,0.04998948756252534,0.047609512432902845,0.6372584693001663,0.636842093749757,0.34978147422208505,0.35502437366986106,ok,ok
cosmopedia,135m-g070-ai-r0.1,135m-g070-control,fit,ai,12,135266786,11008301532.0,1102751268.0,0.10017451509612228,0.09105329538320567,0.6300039567217767,0.6253751717625057,0.4353401689483451,0.5193664794166956,ok,ok
cosmopedia,135m-g070-ai-r0.25,135m-g070-control,fit,ai,12,135266786,10998502750.0,2764057250.0,0.25131213882725995,0.20083888825916107,0.6177849887032161,0.6084238422755578,0.6186488355005648,0.9221457712097224,ok,ok
cosmopedia,135m-g070-ai-r0.5,135m-g070-control,fit,ai,12,135266786,10969425148.0,5545646852.0,0.5055549198957896,0.33579307749914744,0.5994551861127301,0.5962782284268209,1.162088779980207,1.3568014051754562,ok,ok
cosmopedia,135m-g070-ai-r1,135m-g070-control,fit,ai,12,135266786,10897156053.0,11122939947.0,1.0207195247000103,0.505126769065857,0.5915074064667233,0.5863429601327163,1.2961370006502304,,ok,below_range
cosmopedia,135m-g070-human-r0.25,135m-g070-control,fit,human,12,135266786,13762560000.0,0.0,0.0,0.0,0.6658437901561932,0.6525386665359851,0.11546657590258225,0.1748063008519402,ok,ok
cosmopedia,135m-g071-control,135m-g071-control,fit,control,12,135266786,11835801600.0,0.0,0.0,0.0,0.6789967238333068,0.6572997859649681,0.09173006433711621,0.17458739857567226,ok,ok
cosmopedia,135m-g071-ai-r0.05,135m-g071-control,fit,ai,12,135266786,11835671561.0,591002615.0,0.04993401616072438,0.04755919457045238,0.6380703772141422,0.6348291630288642,0.3161349809907741,0.35511968684177875,ok,ok
cosmopedia,135m-g071-ai-r0.1,135m-g071-control,fit,ai,12,135266786,11835922487.0,1184769993.0,0.10009950591525871,0.09099131976427724,0.6329732175389012,0.6235095268968808,0.3626738241360705,0.5195764582978858,ok,ok
cosmopedia,135m-g071-ai-r0.25,135m-g071-control,fit,ai,12,135266786,11835633334.0,2972881226.0,0.25118057835231006,0.20075485721101252,0.6053235181569419,0.6067839017917664,0.9850582531750441,0.9220892832197529,ok,ok
cosmopedia,135m-g071-ai-r0.5,135m-g071-control,fit,ai,12,135266786,11835727159.0,5982724809.0,0.505480122059985,0.33576007723590817,0.6013337534815155,0.5948012041865812,0.9849414761245672,1.3536922205388504,ok,ok
cosmopedia,135m-g071-ai-r1,135m-g071-control,fit,ai,12,135266786,11835746085.0,12079651035.0,1.0206074841626682,0.5050993288711904,0.5901096909342383,0.5850318464513119,,,below_range,below_range
cosmopedia,135m-g071-human-r0.25,135m-g071-control,fit,human,12,135266786,14808514560.0,0.0,0.0,0.0,0.6702270820409597,0.6502729250975283,0.09423420604427993,0.1749205321962112,ok,ok
cosmopedia,268m-g072-control,268m-g072-control,fit,control,16,268436282,1174405120.0,0.0,0.0,0.0,0.7003081945943488,0.7059147540524385,,,above_range,above_range
cosmopedia,268m-g072-ai-r0.0025,268m-g072-control,fit,ai,16,268436282,1174092320.0,2934240.0,0.0024991561140609454,0.002492925903048441,0.6990238027064991,0.7032766227548165,,,above_range,above_range
cosmopedia,268m-g072-ai-r0.005,268m-g072-control,fit,ai,16,268436282,1174287181.0,5885107.0,0.005011642037161947,0.004986650728745124,0.6968168273122044,0.7007666557655146,,,above_range,above_range
cosmopedia,268m-g072-ai-r0.01,268m-g072-control,fit,ai,16,268436282,1174087391.0,11852065.0,0.01009470427061251,0.009993819617044599,0.6894674566901793,0.6961437953598331,,,above_range,above_range
cosmopedia,268m-g072-ai-r0.025,268m-g072-control,fit,ai,16,268436282,1174108496.0,29656752.0,0.025258953581407353,0.024636657395844676,0.6829920008613191,0.6848884053757015,,,above_range,above_range
cosmopedia,268m-g072-ai-r0.05,268m-g072-control,fit,ai,16,268436282,1173730122.0,59395254.0,0.050603842303026454,0.04816643559202856,0.6732194896623863,0.6713797921372949,,,above_range,above_range
cosmopedia,268m-g072-ai-r0.1,268m-g072-control,fit,ai,16,268436282,1173210850.0,118634782.0,0.10111974501429133,0.09183355894955722,0.6611769057185931,0.6540267335663138,,,above_range,above_range
cosmopedia,268m-g072-ai-r0.25,268m-g072-control,fit,ai,16,268436282,1170835170.0,297171230.0,0.2538113285408056,0.2024318354470389,0.631477910312347,0.6278014995252398,0.8308737619005478,0.9236504964132279,ok,ok
cosmopedia,268m-g072-ai-r0.5,268m-g072-control,fit,ai,16,268436282,1166105596.0,595502084.0,0.5106759508252973,0.3380446683792841,0.6115344479799533,0.607895653053305,1.262273834825552,1.4190338742612687,ok,ok
cosmopedia,268m-g072-ai-r1,268m-g072-control,fit,ai,16,268436282,1156520664.0,1192289576.0,1.0309280353679873,0.5076142617634365,0.5944071478656088,0.5893787678216585,1.6813170740367231,2.0145379975053155,ok,ok
cosmopedia,268m-g072-human-r0.0025,268m-g072-control,fit,human,16,268436282,1177026560.0,0.0,0.0,0.0,0.7035267450356699,0.7058062512291547,,,above_range,above_range
cosmopedia,268m-g072-human-r0.005,268m-g072-control,fit,human,16,268436282,1180172288.0,0.0,0.0,0.0,0.7049651266675829,0.705676424105596,,,above_range,above_range
cosmopedia,268m-g072-human-r0.01,268m-g072-control,fit,human,16,268436282,1185939456.0,0.0,0.0,0.0,0.7045361483700523,0.7054394662436876,,,above_range,above_range
cosmopedia,268m-g072-human-r0.025,268m-g072-control,fit,human,16,268436282,1203765248.0,0.0,0.0,0.0,0.7000099949554673,0.7047155713104447,,,above_range,above_range
cosmopedia,268m-g072-human-r0.05,268m-g072-control,fit,human,16,268436282,1233125376.0,0.0,0.0,0.0,0.7002265605489725,0.7035504577797242,,,above_range,above_range
cosmopedia,268m-g072-human-r0.25,268m-g072-control,fit,human,16,268436282,1468006400.0,0.0,0.0,0.0,0.6906385821820419,0.6952706189844073,,,above_range,above_range
cosmopedia,268m-g072-human-r1,268m-g072-control,fit,human,16,268436282,2348810240.0,0.0,0.0,0.0,0.6653529251906467,0.6742129636128424,,,above_range,above_range
cosmopedia,268m-g073-control,268m-g073-control,fit,control,16,268436282,1174405120.0,0.0,0.0,0.0,0.7047626408352432,0.7059147540524385,,,above_range,above_range
cosmopedia,268m-g073-ai-r0.025,268m-g073-control,fit,ai,16,268436282,1174117444.0,29647804.0,0.025251140038423617,0.02462922405282795,0.678068810708445,0.6848930916899184,,,above_range,above_range
cosmopedia,268m-g073-ai-r0.05,268m-g073-control,fit,ai,16,268436282,1173762734.0,59362642.0,0.05057465216816127,0.04813998897059434,0.670462350690991,0.6713916300068943,,,above_range,above_range
cosmopedia,268m-g073-human-r0.025,268m-g073-control,fit,human,16,268436282,1203765248.0,0.0,0.0,0.0,0.7006711127864045,0.7047155713104447,,,above_range,above_range
cosmopedia,268m-g073-human-r0.05,268m-g073-control,fit,human,16,268436282,1233125376.0,0.0,0.0,0.0,0.702570764030268,0.7035504577797242,,,above_range,above_range
cosmopedia,268m-g074-control,268m-g074-control,fit,control,16,268436282,1174405120.0,0.0,0.0,0.0,0.709291274621692,0.7059147540524385,,,above_range,above_range
cosmopedia,268m-g074-ai-r0.025,268m-g074-control,fit,ai,16,268436282,1174081007.0,29684241.0,0.025282958180073856,0.02465949324365277,0.6825560496564326,0.6848740122520901,,,above_range,above_range
cosmopedia,268m-g074-ai-r0.05,268m-g074-control,fit,ai,16,268436282,1173763980.0,59361396.0,0.050573536938831605,0.048138978529949576,0.6700376096725025,0.6713920823716337,,,above_range,above_range
cosmopedia,268m-g074-human-r0.025,268m-g074-control,fit,human,16,268436282,1203765248.0,0.0,0.0,0.0,0.7014061217006055,0.7047155713104447,,,above_range,above_range
cosmopedia,268m-g074-human-r0.05,268m-g074-control,fit,human,16,268436282,1233125376.0,0.0,0.0,0.0,0.7038262137045722,0.7035504577797242,,,above_range,above_range
cosmopedia,268m-g075-control,268m-g075-control,fit,control,16,268436282,1266679808.0,0.0,0.0,0.0,0.7001474767605664,0.702258383996545,,,above_range,above_range
cosmopedia,268m-g075-ai-r0.0025,268m-g075-control,fit,ai,16,268436282,1266659413.0,3166123.0,0.0024995851035451155,0.00249335275613799,0.6959408838730748,0.6996438933948371,,,above_range,above_range
cosmopedia,268m-g075-ai-r0.005,268m-g075-control,fit,ai,16,268436282,1266638913.0,6332351.0,0.004999334013039279,0.004974465000963289,0.6935861609251589,0.6971890046587612,,,above_range,above_range
cosmopedia,268m-g075-ai-r0.01,268m-g075-control,fit,ai,16,268436282,1266497059.0,12765661.0,0.010079503074471806,0.009978920514466333,0.6874066877510523,0.6926277421665787,,,above_range,above_range
cosmopedia,268m-g075-ai-r0.025,268m-g075-control,fit,ai,16,268436282,1266723423.0,31937953.0,0.02521304368428024,0.02459297981000399,0.6762155408690976,0.6815353570139987,,,above_range,above_range
cosmopedia,268m-g075-ai-r0.05,268m-g075-control,fit,ai,16,268436282,1266615160.0,64027784.0,0.05055030606139279,0.04811792997415842,0.6654545270371622,0.6681965204501695,,,above_range,above_range
cosmopedia,268m-g075-ai-r0.1,268m-g075-control,fit,ai,16,268436282,1266621123.0,127984957.0,0.10104438863049026,0.09177140329117166,0.6529856462522065,0.6510620000558872,,,above_range,above_range
cosmopedia,268m-g075-ai-r0.25,268m-g075-control,fit,ai,16,268436282,1266715851.0,320828213.0,0.25327559669102145,0.20209090271903155,0.6327627270049468,0.6251733113224004,0.740761269212791,0.9224196016260747,ok,ok
cosmopedia,268m-g075-ai-r0.5,268m-g075-control,fit,ai,16,268436282,1266709899.0,645368437.0,0.5094840085401433,0.3375219648950617,0.6059756445437252,0.6054421435435494,1.39209166542149,1.416777688689335,ok,ok
cosmopedia,268m-g075-ai-r1,268m-g075-control,fit,ai,16,268436282,1266784579.0,1304323773.0,1.0296334472508606,0.5073001968141092,0.5835650587395009,0.5869717019118214,2.2860157902439706,2.0111257804942486,ok,ok
cosmopedia,268m-g075-ai-r2,268m-g075-control,fit,ai,16,268436282,1266710194.0,2640808270.0,2.084776993592269,0.6758274578430757,0.5692761439773759,0.5704629467066338,2.6681041168617523,2.5379998105798545,ok,ok
cosmopedia,268m-g075-ai-r4,268m-g075-control,fit,ai,16,268436282,1266630658.0,5346738174.0,4.221229085392942,0.8084742148553434,0.556583632720122,0.556081938347653,2.7764808923308095,2.8429373460824507,ok,ok
cosmopedia,268m-g075-human-r0.0025,268m-g075-control,fit,human,16,268436282,1269825536.0,0.0,0.0,0.0,0.6998346469603658,0.702139329230226,,,above_range,above_range
cosmopedia,268m-g075-human-r0.005,268m-g075-control,fit,human,16,268436282,1272971264.0,0.0,0.0,0.0,0.7004158426013853,0.7020206224202574,,,above_range,above_range
cosmopedia,268m-g075-human-r0.01,268m-g075-control,fit,human,16,268436282,1279262720.0,0.0,0.0,0.0,0.7027418648569254,0.7017842451918193,,,above_range,above_range
cosmopedia,268m-g075-human-r0.025,268m-g075-control,fit,human,16,268436282,1298661376.0,0.0,0.0,0.0,0.6992724093026754,0.7010639733703068,,,above_range,above_range
cosmopedia,268m-g075-human-r0.05,268m-g075-control,fit,human,16,268436282,1330642944.0,0.0,0.0,0.0,0.6963462749582747,0.6999038205086892,,,above_range,above_range
cosmopedia,268m-g075-human-r0.25,268m-g075-control,fit,human,16,268436282,1587544064.0,0.0,0.0,0.0,0.6863839862478968,0.6916374399810143,,,above_range,above_range
cosmopedia,268m-g075-human-r1,268m-g075-control,fit,human,16,268436282,2571108352.0,0.0,0.0,0.0,0.6621507607190001,0.6703635269907431,,,above_range,above_range
cosmopedia,268m-g076-control,268m-g076-control,fit,control,16,268436282,4697620480.0,0.0,0.0,0.0,0.6403208724595892,0.6462588757765577,,,above_range,above_range
cosmopedia,268m-g076-ai-r0.0025,268m-g076-control,fit,ai,16,268436282,4697437191.0,11717625.0,0.002494471884041419,0.002488264977016207,0.6334381277693161,0.6442028956528563,0.2450002952705404,,ok,above_range
cosmopedia,268m-g076-ai-r0.005,268m-g076-control,fit,ai,16,268436282,4697152793.0,23536359.0,0.005010771426272401,0.0049857887783245425,0.6353223566008911,0.6422568462533464,0.23180140786413178,,ok,above_range
cosmopedia,268m-g076-ai-r0.01,268m-g076-control,fit,ai,16,268436282,4697107968.0,47174144.0,0.010043231776102108,0.009943368224389435,0.6278505200217573,0.6386908737977162,0.2853949178634244,,ok,above_range
cosmopedia,268m-g076-ai-r0.025,268m-g076-control,fit,ai,16,268436282,4697755862.0,117305130.0,0.024970461098005863,0.024362127540003546,0.6191479127706134,0.6300488050975691,0.3643267284986538,0.2638920599618714,ok,ok
cosmopedia,268m-g076-ai-r0.05,268m-g076-control,fit,ai,16,268436282,4697584015.0,234917489.0,0.05000815062591275,0.04762644041963175,0.6063741561214756,0.6196075803914827,0.532623095670541,0.35071108439869875,ok,ok
cosmopedia,268m-g076-ai-r0.1,268m-g076-control,fit,ai,16,268436282,4697078222.0,470304306.0,0.10012699039100652,0.09101402953073576,0.588838258997619,0.6061323594263508,0.9340097675878021,0.5124660915144517,ok,ok
cosmopedia,268m-g076-ai-r0.25,268m-g076-control,fit,ai,16,268436282,4691245026.0,1180780574.0,0.2516987638581724,0.2010857333455767,0.5768446883578185,0.5858145937293844,1.3007475632525418,0.9194399082961527,ok,ok
cosmopedia,268m-g076-ai-r0.5,268m-g076-control,fit,ai,16,268436282,4678827711.0,2367603009.0,0.506024832552335,0.33600032457283563,0.5669566767470228,0.5705518433739534,1.6336486864519917,1.4021848510197732,ok,ok
cosmopedia,268m-g076-ai-r1,268m-g076-control,fit,ai,16,268436282,4647615246.0,4747625714.0,1.021518663380338,0.505322400374072,0.5554168203260488,0.5566059763892973,2.0652459398185936,1.9523292742537681,ok,ok
cosmopedia,268m-g076-human-r0.0025,268m-g076-control,fit,human,16,268436282,4709154816.0,0.0,0.0,0.0,0.6396171760287905,0.6461660861042502,,,above_range,above_range
cosmopedia,268m-g076-human-r0.005,268m-g076-control,fit,human,16,268436282,4720689152.0,0.0,0.0,0.0,0.6416408369653896,0.6460735645692791,,,above_range,above_range
cosmopedia,268m-g076-human-r0.01,268m-g076-control,fit,human,16,268436282,4744282112.0,0.0,0.0,0.0,0.6366228684335058,0.6458851451520902,0.22244005475602666,,ok,above_range
cosmopedia,268m-g076-human-r0.025,268m-g076-control,fit,human,16,268436282,4815060992.0,0.0,0.0,0.0,0.6376039158859896,0.6453264625208569,0.21329379059149833,,ok,above_range
cosmopedia,268m-g076-human-r0.05,268m-g076-control,fit,human,16,268436282,4932501504.0,0.0,0.0,0.0,0.63963007763255,0.6444205394597613,,,above_range,above_range
cosmopedia,268m-g076-human-r0.25,268m-g076-control,fit,human,16,268436282,5872025600.0,0.0,0.0,0.0,0.6336331873201668,0.6379826287248366,0.19540313099486648,0.17308171723544752,ok,ok
cosmopedia,268m-g077-control,268m-g077-control,fit,control,16,268436282,4697620480.0,0.0,0.0,0.0,0.642973159047966,0.6462588757765577,,,above_range,above_range
cosmopedia,268m-g077-ai-r0.25,268m-g077-control,fit,ai,16,268436282,4692018287.0,1180007313.0,0.25149247953048315,0.2009540477820805,0.571390473806991,0.5858285869216912,1.624710539749962,0.9189580516938133,ok,ok
cosmopedia,268m-g077-ai-r1,268m-g077-control,fit,ai,16,268436282,4645447812.0,4749793148.0,1.022461846569551,0.5055530952555792,0.555547027102566,0.5565982562440249,2.052510661645995,1.9530383261011695,ok,ok
cosmopedia,268m-g078-control,268m-g078-control,fit,control,16,268436282,4697620480.0,0.0,0.0,0.0,0.6349585424290285,0.6462588757765577,0.23532328438501726,,ok,above_range
cosmopedia,268m-g078-ai-r0.025,268m-g078-control,fit,ai,16,268436282,4698546837.0,116514155.0,0.02479791285307134,0.024197856515957503,0.6138085849393236,0.630129759352551,0.429766924742373,0.2632791277395516,ok,ok
cosmopedia,268m-g078-ai-r0.05,268m-g078-control,fit,ai,16,268436282,4699085033.0,233416471.0,0.04967274892043862,0.047322128702994105,0.6026634556417798,0.6197142645521047,0.6024256511697949,0.3495759211217024,ok,ok
cosmopedia,268m-g078-ai-r0.25,268m-g078-control,fit,ai,16,268436282,4691419121.0,1180606479.0,0.25165231426783025,0.2010560851437705,0.5695489822452363,0.5858177434175171,1.7551195876351167,0.9193314224594501,ok,ok
cosmopedia,268m-g078-ai-r0.5,268m-g078-control,fit,ai,16,268436282,4677857410.0,2368573310.0,0.5063372186028219,0.3361380256357647,0.5613611679168042,0.5705436716856973,2.0909510777613622,1.4026650358469521,ok,ok
cosmopedia,268m-g078-ai-r1,268m-g078-control,fit,ai,16,268436282,4646431153.0,4748809807.0,1.0220338256672326,0.5054484315216541,0.5458406949016947,0.5566017581978152,3.3241217635725016,1.9527166534717915,ok,ok
cosmopedia,268m-g078-human-r0.025,268m-g078-control,fit,human,16,268436282,4815060992.0,0.0,0.0,0.0,0.6365395798912016,0.6453264625208569,0.21967796507506687,,ok,above_range
cosmopedia,268m-g078-human-r0.05,268m-g078-control,fit,human,16,268436282,4932501504.0,0.0,0.0,0.0,0.6399685847152192,0.6444205394597613,,,above_range,above_range
cosmopedia,268m-g079-control,268m-g079-control,fit,control,16,268436282,4697620480.0,0.0,0.0,0.0,0.6437495990617685,0.6462588757765577,,,above_range,above_range
cosmopedia,268m-g079-ai-r0.025,268m-g079-control,fit,ai,16,268436282,4698474164.0,116586828.0,0.024813763773204395,0.0242129493673504,0.6180210721300767,0.6301223121632709,0.3770963227927801,0.26333544257160907,ok,ok
cosmopedia,268m-g079-ai-r0.05,268m-g079-control,fit,ai,16,268436282,4699013288.0,233488216.0,0.04968877542786808,0.04733667406095129,0.6117502543970438,0.6197091559668599,0.44772815962355333,0.349630179388882,ok,ok
cosmopedia,268m-g079-ai-r0.25,268m-g079-control,fit,ai,16,268436282,4691198153.0,1180827447.0,0.25171127044481506,0.201093715769904,0.5767272007255969,0.5858137457922503,1.3068690345024065,0.9194691166892109,ok,ok
cosmopedia,268m-g079-ai-r0.5,268m-g079-control,fit,ai,16,268436282,4678162788.0,2368267932.0,0.5062388889234181,0.3360946876662118,0.5614232968751653,0.5705462431095895,2.085096737577275,1.4025139127864554,ok,ok
cosmopedia,268m-g079-ai-r1,268m-g079-control,fit,ai,16,268436282,4645906694.0,4749334266.0,1.0222620854899158,0.5055042532937867,0.5463127518182322,0.5565998903296581,3.2436802747621334,1.9528882190225456,ok,ok
cosmopedia,268m-g079-human-r0.025,268m-g079-control,fit,human,16,268436282,4815060992.0,0.0,0.0,0.0,0.6379508915931019,0.6453264625208569,0.2112601322181559,,ok,above_range
cosmopedia,268m-g079-human-r0.05,268m-g079-control,fit,human,16,268436282,4932501504.0,0.0,0.0,0.0,0.6440805764637583,0.6444205394597613,,,above_range,above_range
cosmopedia,268m-g080-control,268m-g080-control,fit,control,16,268436282,4697620480.0,0.0,0.0,0.0,0.6407261120171764,0.6462588757765577,,,above_range,above_range
cosmopedia,268m-g080-ai-r0.25,268m-g080-control,fit,ai,16,268436282,4692742401.0,1179283199.0,0.2512993678810711,0.2008307319028037,0.5723621980808304,0.5858416989899058,1.5605381729522574,0.9185068081005261,ok,ok
cosmopedia,268m-g080-ai-r1,268m-g080-control,fit,ai,16,268436282,4648225243.0,4747015717.0,1.021253374962578,0.5052574742053236,0.5532544723409716,0.5566081499875691,2.291120146855112,1.9521296966718982,ok,ok
cosmopedia,268m-g081-control,268m-g081-control,fit,control,16,268436282,5067767808.0,0.0,0.0,0.0,0.6341569374037727,0.6434081751204854,0.2230986582625403,,ok,above_range
cosmopedia,268m-g081-ai-r0.0025,268m-g081-control,fit,ai,16,268436282,5067691263.0,12659457.0,0.002498071871984124,0.0024918470589369076,0.6321619301299497,0.6413765886091387,0.23545777690670572,,ok,above_range
cosmopedia,268m-g081-ai-r0.005,268m-g081-control,fit,ai,16,268436282,5067585524.0,25348108.0,0.005002008921201583,0.00497711335579407,0.6293948092358651,0.6394650381184352,0.2542344376032281,,ok,above_range
cosmopedia,268m-g081-ai-r0.01,268m-g081-control,fit,ai,16,268436282,5067941270.0,50682474.0,0.010000604051988157,0.009901582248433379,0.6223470971259563,0.6359667031008289,0.311150347814305,0.20997025481337264,ok,ok
cosmopedia,268m-g081-ai-r0.025,268m-g081-control,fit,ai,16,268436282,5067952437.0,126693067.0,0.024998866618210925,0.02438916513214296,0.6125825256882326,0.6274057022219419,0.4140604490838282,0.26404776283303133,ok,ok
cosmopedia,268m-g081-ai-r0.05,268m-g081-control,fit,ai,16,268436282,5068012779.0,253510421.0,0.05002166175477199,0.047638695063849386,0.605014731583743,0.6171157883210172,0.5163035188274818,0.3508378577328334,ok,ok
cosmopedia,268m-g081-ai-r0.1,268m-g081-control,fit,ai,16,268436282,5067952469.0,507326123.0,0.10010475159410971,0.09099565423115631,0.5895310804927423,0.6038333544028778,0.843994125158227,0.5125204391644256,ok,ok
cosmopedia,268m-g081-ai-r0.25,268m-g081-control,fit,ai,16,268436282,5067945831.0,1274366105.0,0.25145614169844904,0.20093084633168065,0.5769347198239446,0.5837870339043606,1.19997453146673,0.9189379492238984,ok,ok
cosmopedia,268m-g081-ai-r0.5,268m-g081-control,fit,ai,16,268436282,5067652554.0,2563883574.0,0.5059312071377654,0.33595904297604606,0.5651914119254823,0.568678531845513,1.6285476273596795,1.4012040106395642,ok,ok
cosmopedia,268m-g081-ai-r1,268m-g081-control,fit,ai,16,268436282,5067636186.0,5176427046.0,1.021467772351249,0.5053099467240774,0.5562822851747522,0.5548377876524984,1.8180676435740488,1.9471157196520352,ok,ok
cosmopedia,268m-g081-ai-r2,268m-g081-control,fit,ai,16,268436282,5067781790.0,10486794594.0,2.069306656946648,0.6741935193289543,0.5357224034595087,0.5428554317393105,3.4967971400795967,2.3506242906222927,ok,ok
cosmopedia,268m-g081-ai-r4,268m-g081-control,fit,ai,16,268436282,5067759676.0,21284003780.0,4.19988419750787,0.8076880249603892,0.5313040294711225,0.5328522757650984,,,below_range,below_range
cosmopedia,268m-g081-human-r0.0025,268m-g081-control,fit,human,16,268436282,5080350720.0,0.0,0.0,0.0,0.6364450106180995,0.643315627809096,0.20875456947848453,,ok,above_range
cosmopedia,268m-g081-human-r0.005,268m-g081-control,fit,human,16,268436282,5092933632.0,0.0,0.0,0.0,0.6359513538744133,0.6432233509260893,0.21111968258957178,,ok,above_range
cosmopedia,268m-g081-human-r0.01,268m-g081-control,fit,human,16,268436282,5118623744.0,0.0,0.0,0.0,0.634888097692424,0.6430357859036027,0.21639472599841214,,ok,above_range
cosmopedia,268m-g081-human-r0.025,268m-g081-control,fit,human,16,268436282,5194645504.0,0.0,0.0,0.0,0.63304001473446,0.6424871969071666,0.224615289819655,,ok,above_range
cosmopedia,268m-g081-human-r0.05,268m-g081-control,fit,human,16,268436282,5321523200.0,0.0,0.0,0.0,0.6348499749273852,0.6415924204669394,0.2083664823394786,,ok,above_range
cosmopedia,268m-g081-human-r0.25,268m-g081-control,fit,human,16,268436282,6342311936.0,0.0,0.0,0.0,0.6300411540585679,0.6352020911405158,0.20038997242084905,0.1731149305933482,ok,ok
cosmopedia,268m-g082-control,268m-g082-control,fit,control,16,268436282,9395240960.0,0.0,0.0,0.0,0.6197426874394185,0.621609446961247,0.1833689673608266,0.1733113582134792,ok,ok
cosmopedia,268m-g082-ai-r0.025,268m-g082-control,fit,ai,16,268436282,9396332712.0,233789272.0,0.024880906111533187,0.024276875452712853,0.5994968446685738,0.6073557768311005,0.3435233108529016,0.26418418730008447,ok,ok
cosmopedia,268m-g082-ai-r0.05,268m-g082-control,fit,ai,16,268436282,9395769204.0,469233804.0,0.0499409674516309,0.04756550034698175,0.5874256340930362,0.5981375649537657,0.5154027308347522,0.3513879455112532,ok,ok
cosmopedia,268m-g082-ai-r0.1,268m-g082-control,fit,ai,16,268436282,9393779762.0,940985294.0,0.10017110447984974,0.09105047757749433,0.5790976372737446,0.5862497693457122,0.6759561429677244,0.5139736456532866,ok,ok
cosmopedia,268m-g082-ai-r0.25,268m-g082-control,fit,ai,16,268436282,9385285244.0,2358765956.0,0.2513259740835214,0.20084772416523525,0.5644781405758211,0.5684537047450083,1.0918916741933626,0.9192862499467559,ok,ok
cosmopedia,268m-g082-ai-r0.5,268m-g082-control,fit,ai,16,268436282,9360479324.0,4732382116.0,0.5055704897361728,0.33579994638760885,0.5604608553982462,0.5551773836200509,1.089008236063435,1.3926071589411737,ok,ok
cosmopedia,268m-g082-ai-r1,268m-g082-control,fit,ai,16,268436282,9299697574.0,9490784346.0,1.0205476329181111,0.5050846692706857,0.5425305661819171,0.5432868409757825,1.980063780051505,1.9014382126415905,ok,ok
cosmopedia,268m-g082-human-r0.025,268m-g082-control,fit,human,16,268436282,9630121984.0,0.0,0.0,0.0,0.6236310008070018,0.6207872611576017,0.15916768436514422,0.1733253750994972,ok,ok
cosmopedia,268m-g082-human-r0.05,268m-g082-control,fit,human,16,268436282,9865003008.0,0.0,0.0,0.0,0.6239840250920446,0.6199884339471627,0.15375715479107635,0.17333926327247068,ok,ok
cosmopedia,268m-g082-human-r0.25,268m-g082-control,fit,human,16,268436282,11744051200.0,0.0,0.0,0.0,0.6213937142861824,0.6143115961512298,0.13955176715430131,0.17344620106085765,ok,ok
cosmopedia,268m-g082-human-r1,268m-g082-control,fit,human,16,268436282,18790481920.0,0.0,0.0,0.0,0.6107975429377727,0.5998740090360501,0.12115261084731677,0.17379977143268638,ok,ok
cosmopedia,268m-g083-control,268m-g083-control,fit,control,16,268436282,10135535616.0,0.0,0.0,0.0,0.6229548705344234,0.6190957486675612,0.15430739595946727,0.17335510550862882,ok,ok
cosmopedia,268m-g083-ai-r0.025,268m-g083-control,fit,ai,16,268436282,10135357509.0,252884923.0,0.024950764960727147,0.024343379032146176,0.5970504102649234,0.6050108822272631,0.34649840559137013,0.26451742220231367,ok,ok
cosmopedia,268m-g083-ai-r0.05,268m-g083-control,fit,ai,16,268436282,10135505136.0,505968400.0,0.04992039303525839,0.04754683628055024,0.5851042349130925,0.5959540503267973,0.5210696448666186,0.3514429400408779,ok,ok
cosmopedia,268m-g083-ai-r0.1,268m-g083-control,fit,ai,16,268436282,10135597602.0,1014435294.0,0.10008638205998108,0.09098047543554082,0.5747355305754839,0.5842347613714877,0.7457320340611877,0.5139027672311578,ok,ok
cosmopedia,268m-g083-ai-r0.25,268m-g083-control,fit,ai,16,268436282,10135498541.0,2545979603.0,0.2511943139946233,0.20076363134407813,0.5615790945667084,0.5666687685690233,1.1504688159272616,0.9190819142082244,ok,ok
cosmopedia,268m-g083-ai-r0.5,268m-g083-control,fit,ai,16,268436282,10135468827.0,5123933413.0,0.5055447853926885,0.3357886064218463,0.5518531139923774,0.5535400625937835,1.5104599813186532,1.3912785772485108,ok,ok
cosmopedia,268m-g083-ai-r1,268m-g083-control,fit,ai,16,268436282,10135612449.0,10344649695.0,1.0206240369836381,0.5051033830653686,0.5459661027910273,0.5417621533159346,1.5150191937931952,1.893660111160584,ok,ok
cosmopedia,268m-g083-human-r0.025,268m-g083-control,fit,human,16,268436282,10388242432.0,0.0,0.0,0.0,0.6162792792543944,0.6182869534945752,0.1844273445252483,0.17336976014955632,ok,ok
cosmopedia,268m-g083-human-r0.05,268m-g083-control,fit,human,16,268436282,10641473536.0,0.0,0.0,0.0,0.6236416626810087,0.6174994695691198,0.14399494535679339,0.1733843107582805,ok,ok
cosmopedia,268m-g083-human-r0.25,268m-g083-control,fit,human,16,268436282,12681478144.0,0.0,0.0,0.0,0.6171723225681294,0.6118676047051282,0.14696564376341756,0.1734971159656436,ok,ok
cosmopedia,268m-g083-human-r1,268m-g083-control,fit,human,16,268436282,20480262144.0,0.0,0.0,0.0,0.6105619667273441,0.5973597666141466,0.11199735916161385,0.17387660308826916,ok,ok
cosmopedia,268m-g084-control,268m-g084-control,fit,control,16,268436282,14092861440.0,0.0,0.0,0.0,0.6146616092501578,0.6085643729080487,0.14296419965465268,0.17357118011331665,ok,ok
cosmopedia,268m-g084-ai-r0.05,268m-g084-control,fit,ai,16,268436282,14092839732.0,704664780.0,0.05000161737452731,0.047620514623161886,0.5817405588183425,0.5867495713650548,0.4259517728209848,0.35233787922237214,ok,ok
cosmopedia,268m-g084-ai-r0.1,268m-g084-control,fit,ai,16,268436282,14090697257.0,1411450327.0,0.10016894843857477,0.09104869627591336,0.5688376399882276,0.5757366666596303,0.6851493015542224,0.5150983361751833,ok,ok
cosmopedia,268m-g084-ai-r0.25,268m-g084-control,fit,ai,16,268436282,14077793043.0,3538283757.0,0.25133795803024434,0.2008553775719234,0.5590264646344463,0.559271104571144,0.930317660162318,0.9199069416873051,ok,ok
cosmopedia,268m-g084-ai-r0.5,268m-g084-control,fit,ai,16,268436282,14041122882.0,7098169278.0,0.5055271816686036,0.3357808399768103,0.5461782060117163,0.5470865963982321,1.4517196815329347,1.3852297074257176,ok,ok
cosmopedia,268m-g084-ai-r1,268m-g084-control,fit,ai,16,268436282,13949505755.0,14236217125.0,1.0205535145857934,0.5050861099291415,0.5412870229079004,0.5363532304090769,1.4119623064410851,1.8608011343299191,ok,ok
cosmopedia,268m-g084-human-r0.25,268m-g084-control,fit,human,16,268436282,17616076800.0,0.0,0.0,0.0,0.6090735807634916,0.6017843130587075,0.13658899924412496,0.17374484856046193,ok,ok
cosmopedia,268m-g085-control,268m-g085-control,fit,control,16,268436282,14690025472.0,0.0,0.0,0.0,0.6124596287729684,0.6072825403337231,0.14698944778835182,0.17360167136019847,ok,ok
cosmopedia,268m-g085-ai-r0.05,268m-g085-control,fit,ai,16,268436282,14690040880.0,733463504.0,0.049929303123899815,0.047554919150597105,0.5778468655062756,0.5856527156899046,0.4758569147004024,0.35217904847116804,ok,ok
cosmopedia,268m-g085-ai-r0.1,268m-g085-control,fit,ai,16,268436282,14689954422.0,1470174602.0,0.10008026980657163,0.09097542475165822,0.5688914906381897,0.574715235032218,0.6557515348274237,0.5149580126645931,ok,ok
cosmopedia,268m-g085-ai-r0.25,268m-g085-control,fit,ai,16,268436282,14690155775.0,3690857217.0,0.25124697610635105,0.2007972693673835,0.5591462300156763,0.5583530082667147,0.8867007589918647,0.9197689082330368,ok,ok
cosmopedia,268m-g085-ai-r0.5,268m-g085-control,fit,ai,16,268436282,14690161898.0,7425354518.0,0.5054644441332488,0.33575315983252146,0.5467629453550622,0.5462260252483697,1.3463214375402723,1.3842028560961206,ok,ok
cosmopedia,268m-g085-ai-r1,268m-g085-control,fit,ai,16,268436282,14689978907.0,14992061925.0,1.0205638837136828,0.5050886497277897,0.5364241568975514,0.5355125122046078,1.7598106485703278,1.8548833532103377,ok,ok
cosmopedia,268m-g085-human-r0.25,268m-g085-control,fit,human,16,268436282,18381012992.0,0.0,0.0,0.0,0.6127181942165632,0.600523636624297,0.1165163974276606,0.17378077140794404,ok,ok
cosmopedia,268m-g086-control,268m-g086-control,fit,control,16,268436282,18790481920.0,0.0,0.0,0.0,0.6111663082936079,0.5998740090360501,0.11973441266231354,0.17379977143268638,ok,ok
cosmopedia,268m-g086-ai-r0.05,268m-g086-control,fit,ai,16,268436282,18791031735.0,938974281.0,0.049969277591664925,0.04759118067366736,0.5744598937167846,0.5791832021546766,0.4261812390537531,0.3528842844751516,ok,ok
cosmopedia,268m-g086-ai-r0.1,268m-g086-control,fit,ai,16,268436282,18789382436.0,1880147676.0,0.10006436786329298,0.09096228437764305,0.5641776965921328,0.5687501403042139,0.628655916628114,0.515775587204379,ok,ok
cosmopedia,268m-g086-ai-r0.25,268m-g086-control,fit,ai,16,268436282,18771926731.0,4716175669.0,0.25123556769544053,0.2007899824636323,0.55201195283981,0.5531702764304329,0.9736752370870629,0.9201973095876301,ok,ok
cosmopedia,268m-g086-ai-r0.5,268m-g086-control,fit,ai,16,268436282,18723672523.0,9462050357.0,0.5053522670500084,0.3357036609380018,0.5439064622326505,0.5417278602695017,1.2265200715412967,1.3785291105760107,ok,ok
cosmopedia,268m-g086-ai-r1,268m-g086-control,fit,ai,16,268436282,18600458178.0,18980505662.0,1.0204321571201675,0.5050563828753574,0.5355453785515019,0.5318016589262375,1.4622262237385544,,ok,below_range
cosmopedia,268m-g086-human-r0.25,268m-g086-control,fit,human,16,268436282,23488102400.0,0.0,0.0,0.0,0.6099758636354844,0.593438891027557,0.0995077944332993,0.1740077716462291,ok,ok
cosmopedia,268m-g087-control,268m-g087-control,fit,control,16,268436282,19586875392.0,0.0,0.0,0.0,0.6115110627311844,0.5986571302982644,0.1136111307838749,0.17383628933149203,ok,ok
cosmopedia,268m-g087-ai-r0.05,268m-g087-control,fit,ai,16,268436282,19586924402.0,978272398.0,0.04994517658423747,0.047569318568349415,0.5780840217134715,0.578129754535999,0.35354625639727133,0.35290695194249033,ok,ok
cosmopedia,268m-g087-ai-r0.1,268m-g087-control,fit,ai,16,268436282,19587068098.0,1960120126.0,0.10007215557698215,0.09096871970593132,0.5661037341885772,0.5677669992703426,0.5543197559429438,0.5159601226954436,ok,ok
cosmopedia,268m-g087-ai-r0.25,268m-g087-control,fit,ai,16,268436282,19586752951.0,4921089609.0,0.25124580992628254,0.2007965244983196,0.5517265236052901,0.552295237601976,0.946330296726714,0.9203071959772046,ok,ok
cosmopedia,268m-g087-ai-r0.5,268m-g087-control,fit,ai,16,268436282,19586923960.0,9899557448.0,0.5054166477705568,0.33573207026709345,0.550248803251441,0.5409132649283057,0.8462379674915106,1.377496736212706,ok,ok
cosmopedia,268m-g087-ai-r1,268m-g087-control,fit,ai,16,268436282,19586800243.0,19990128013.0,1.0205918151508255,0.5050954910824699,0.5321485944975044,0.5310136394478768,,,below_range,below_range
cosmopedia,268m-g087-human-r0.25,268m-g087-control,fit,human,16,268436282,24507842560.0,0.0,0.0,0.0,0.6087651998755328,0.5922425526356802,0.09916273599397944,0.17405080387260324,ok,ok
cosmopedia,268m-g088-control,268m-g088-control,fit,control,16,268436282,23488102400.0,0.0,0.0,0.0,0.6085704261283953,0.593438891027557,0.1041222924991215,0.1740077716462291,ok,ok
cosmopedia,268m-g088-ai-r0.05,268m-g088-control,fit,ai,16,268436282,23488797122.0,1173710398.0,0.049968944425029034,0.04759087846392677,0.5782645563701917,0.5735747912789836,0.2927119733726519,0.35348200746258324,ok,ok
cosmopedia,268m-g088-ai-r0.1,268m-g088-control,fit,ai,16,268436282,23486821631.0,2350091009.0,0.10005998452758463,0.09095866219563918,0.5633812217490232,0.5635674530548647,0.5209607144276851,0.5166757088645636,ok,ok
cosmopedia,268m-g088-ai-r0.25,268m-g088-control,fit,ai,16,268436282,23465157832.0,5894970168.0,0.25122226793466895,0.2007814873286656,0.5541717417223964,0.5486562447806219,0.7014048576668617,0.9206485199211506,ok,ok
cosmopedia,268m-g088-ai-r0.5,268m-g088-control,fit,ai,16,268436282,23403617983.0,11828535617.0,0.5054148305442369,0.33573126841159096,0.5445817536092471,0.537774892602071,0.9468128688909572,1.3727362203485474,ok,ok
cosmopedia,268m-g088-ai-r1,268m-g088-control,fit,ai,16,268436282,23248135764.0,23728069036.0,1.0206439465457346,0.505108259320259,0.5312994933123804,0.528474038448398,,,below_range,below_range
cosmopedia,268m-g088-human-r0.1,268m-g088-control,fit,human,16,268436282,25836912640.0,0.0,0.0,0.0,0.6059208009978183,0.5907687396918869,0.10320875059738441,0.17410590790820446,ok,ok
cosmopedia,477m-g089-control,477m-g089-control,held_out,control,20,477103346,2175795200.0,0.0,0.0,0.0,0.6548033894043805,0.6488321434252424,,,above_range,above_range
cosmopedia,477m-g089-ai-r0.0025,477m-g089-control,held_out,ai,20,477103346,2175599082.0,5438997.0,0.002499999675951325,0.002493765263600425,0.647760283228438,0.6464649804678309,,,above_range,above_range
cosmopedia,477m-g089-ai-r0.025,477m-g089-control,held_out,ai,20,477103346,2174900074.0,54372501.0,0.024999999609177447,0.024390243530448493,0.6285348713540861,0.6301875406562781,,,above_range,above_range
cosmopedia,477m-g089-ai-r0.05,477m-g089-control,held_out,ai,20,477103346,2175046217.0,108752310.0,0.049999999609203705,0.04761904726458386,0.6184211298608637,0.6181855168726677,,,above_range,above_range
cosmopedia,477m-g089-ai-r0.1,477m-g089-control,held_out,ai,20,477103346,2175318574.0,217531857.0,0.09999999981611889,0.09090909075712304,0.6051334177015854,0.6026763293012708,,,above_range,above_range
cosmopedia,477m-g089-ai-r0.25,477m-g089-control,held_out,ai,20,477103346,2175166054.0,543791513.0,0.24999999977013249,0.1999999998528848,0.5805214902755307,0.5792772139525767,0.8785119207485529,0.9145663794836452,ok,ok
cosmopedia,477m-g089-ai-r0.5,477m-g089-control,held_out,ai,20,477103346,2175445674.0,1087722837.0,0.5,0.3333333333333333,0.5639290156056782,0.5614666475501021,1.2844171408536986,1.403403429857751,ok,ok
cosmopedia,477m-g089-ai-r1,477m-g089-control,held_out,ai,20,477103346,2175795200.0,2175795200.0,1.0,0.5,0.5447074280179593,0.5448072842246392,2.00480704209367,1.9966547063602933,ok,ok
cosmopedia,477m-g089-human-r0.0025,477m-g089-control,held_out,human,20,477103346,2181038080.0,0.0,0.0,0.0,0.655760574719162,0.6487274261239415,,,above_range,above_range
cosmopedia,477m-g089-human-r0.025,477m-g089-control,held_out,human,20,477103346,2229272576.0,0.0,0.0,0.0,0.6533443663931807,0.647777765529939,,,above_range,above_range
cosmopedia,477m-g089-human-r0.05,477m-g089-control,held_out,human,20,477103346,2283798528.0,0.0,0.0,0.0,0.6454860047407391,0.6467330446880794,,,above_range,above_range
cosmopedia,477m-g090-control,477m-g090-control,held_out,control,20,477103346,2251292672.0,0.0,0.0,0.0,0.6468713610482146,0.6473522624939781,,,above_range,above_range
cosmopedia,477m-g090-ai-r0.0025,477m-g090-control,held_out,ai,20,477103346,2250903126.0,5632426.0,0.0025022960495013325,0.0024960501929641213,0.646723212644172,0.6450011653743639,,,above_range,above_range
cosmopedia,477m-g090-ai-r0.025,477m-g090-control,held_out,ai,20,477103346,2251437784.0,56477992.0,0.025085299892079985,0.02447142681172088,0.6245564487237488,0.6287548649972274,,,above_range,above_range
cosmopedia,477m-g090-ai-r0.05,477m-g090-control,held_out,ai,20,477103346,2251480810.0,113058070.0,0.05021498273396343,0.04781400337980486,0.6162571414987268,0.6167931579972988,,,above_range,above_range
cosmopedia,477m-g090-ai-r0.1,477m-g090-control,held_out,ai,20,477103346,2251260174.0,226524914.0,0.10062138379924096,0.09142234130678568,0.6053163980073809,0.6013251649276451,,,above_range,above_range
cosmopedia,477m-g090-ai-r0.25,477m-g090-control,held_out,ai,20,477103346,2250972069.0,567600219.0,0.2521578240871544,0.201378627547196,0.5755816613139415,0.5780015974205918,0.9959486832729655,0.9196659829775254,ok,ok
cosmopedia,477m-g090-ai-r0.5,477m-g090-control,held_out,ai,20,477103346,2251038617.0,1143201895.0,0.5078553012669174,0.33680639040112903,0.560440188965808,0.5601424443415268,1.400569440104288,1.4158978455421325,ok,ok
cosmopedia,477m-g090-ai-r1,477m-g090-control,held_out,ai,20,477103346,2251256739.0,2306903133.0,1.0247179244534845,0.5061040414951027,0.5434281738941307,0.5434277698880216,2.0170628630428173,2.0170964506572786,ok,ok
cosmopedia,477m-g090-human-r0.0025,477m-g090-control,held_out,human,20,477103346,2256535552.0,0.0,0.0,0.0,0.6498244421446338,0.6472516767616706,,,above_range,above_range
cosmopedia,477m-g090-human-r0.025,477m-g090-control,held_out,human,20,477103346,2307915776.0,0.0,0.0,0.0,0.6485320491812835,0.6462803158007983,,,above_range,above_range
cosmopedia,477m-g090-human-r0.05,477m-g090-control,held_out,human,20,477103346,2364538880.0,0.0,0.0,0.0,0.6462545743290274,0.6452390008347934,,,above_range,above_range
cosmopedia,477m-g091-control,477m-g091-control,held_out,control,20,477103346,8703180800.0,0.0,0.0,0.0,0.5925513050236669,0.5954929828757733,,,above_range,above_range
cosmopedia,477m-g091-ai-r0.0025,477m-g091-control,held_out,ai,20,477103346,8702396329.0,21755990.0,0.0024999999054858032,0.0024937654919915207,0.5894530108075539,0.5936524606632296,0.20685660278210816,,ok,above_range
cosmopedia,477m-g091-ai-r0.025,477m-g091-control,held_out,ai,20,477103346,8702669299.0,217566732.0,0.024999999945419044,0.024390243850488085,0.5676050772467216,0.5809881331416109,0.41272752518799816,0.26378844408031604,ok,ok
cosmopedia,477m-g091-ai-r0.05,477m-g091-control,held_out,ai,20,477103346,8703180800.0,435159040.0,0.05,0.047619047619047616,0.5618233435078458,0.5716635026597917,0.49470045047533245,0.35036554882772686,ok,ok
cosmopedia,477m-g091-ai-r0.1,477m-g091-control,held_out,ai,20,477103346,8703180800.0,870318080.0,0.1,0.09090909090909091,0.546094374596192,0.5596271338224892,0.8613679484630733,0.5115731196652549,ok,ok
cosmopedia,477m-g091-ai-r0.25,477m-g091-control,held_out,ai,20,477103346,8703180800.0,2175795200.0,0.25,0.2,0.5320775968334547,0.5415101032524291,1.3784006494054095,0.9151792669802283,ok,ok
cosmopedia,477m-g091-ai-r0.5,477m-g091-control,held_out,ai,20,477103346,8703180800.0,4351590400.0,0.5,0.3333333333333333,0.5214337070333998,0.5278255461397613,1.8989422845278494,1.396332944067891,ok,ok
cosmopedia,477m-g091-ai-r1,477m-g091-control,held_out,ai,20,477103346,8703180800.0,8703180800.0,1.0,0.5,0.508837397404904,0.5152088865880791,2.763147044626419,1.9560020863426413,ok,ok
cosmopedia,477m-g091-human-r0.0025,477m-g091-control,held_out,human,20,477103346,8724152320.0,0.0,0.0,0.0,0.591967453638724,0.5954115609236263,,,above_range,above_range
cosmopedia,477m-g091-human-r0.025,477m-g091-control,held_out,human,20,477103346,8920236032.0,0.0,0.0,0.0,0.5923235510004479,0.5946612789609719,,,above_range,above_range
cosmopedia,477m-g091-human-r0.05,477m-g091-control,held_out,human,20,477103346,9138339840.0,0.0,0.0,0.0,0.5939055588327059,0.5938493004964434,,,above_range,above_range
cosmopedia,477m-g092-control,477m-g092-control,held_out,control,20,477103346,9007267840.0,0.0,0.0,0.0,0.5927684209074434,0.5943344847565785,,,above_range,above_range
cosmopedia,477m-g092-ai-r0.0025,477m-g092-control,held_out,ai,20,477103346,9007784045.0,22552467.0,0.0025036642627459882,0.0024974115826172216,0.5871999219016506,0.5924978919427789,0.21420093617856728,,ok,above_range
cosmopedia,477m-g092-ai-r0.025,477m-g092-control,held_out,ai,20,477103346,9006830431.0,224832673.0,0.02496246317974008,0.02435451450807189,0.5711871506719621,0.5799363228460622,0.35249093242932306,0.263674999493846,ok,ok
cosmopedia,477m-g092-ai-r0.05,477m-g092-control,held_out,ai,20,477103346,9007470387.0,449636557.0,0.04991818320590167,0.04754483159199854,0.5580912571417279,0.5706781526823055,0.5480766043382379,0.3501179023061906,ok,ok
cosmopedia,477m-g092-ai-r0.1,477m-g092-control,held_out,ai,20,477103346,9007611810.0,901431390.0,0.10007440473836317,0.090970578269353,0.5475480290906614,0.5586775728265072,0.7849799896805982,0.51184518822957,ok,ok
cosmopedia,477m-g092-ai-r0.25,477m-g092-control,held_out,ai,20,477103346,9007186651.0,2262908197.0,0.25123362984253983,0.20078874468404118,0.5366915637960384,0.5405927416780181,1.084809246627949,0.9180968452623656,ok,ok
cosmopedia,477m-g092-ai-r0.5,477m-g092-control,held_out,ai,20,477103346,9007021193.0,4553163639.0,0.5055127040822984,0.3357744525911784,0.5191376337874538,0.5268897079042698,2.050694379538269,1.4046665616798177,ok,ok
cosmopedia,477m-g092-ai-r1,477m-g092-control,held_out,ai,20,477103346,9007405771.0,9193776437.0,1.0206908260533831,0.5051197406814071,0.5091467333343753,0.5142233062733007,2.597165113719096,1.970433300972085,ok,ok
cosmopedia,477m-g092-human-r0.0025,477m-g092-control,held_out,human,20,477103346,9030336512.0,0.0,0.0,0.0,0.5892940653743459,0.5942484897600651,0.20081769002011962,,ok,above_range
cosmopedia,477m-g092-human-r0.025,477m-g092-control,held_out,human,20,477103346,9231663104.0,0.0,0.0,0.0,0.593376192777559,0.5935088333212701,,,above_range,above_range
cosmopedia,477m-g092-human-r0.05,477m-g092-control,held_out,human,20,477103346,9457106944.0,0.0,0.0,0.0,0.5992708607384022,0.5927028641554077,,,above_range,above_range
cosmopedia,477m-g093-control,477m-g093-control,held_out,control,20,477103346,17406361600.0,0.0,0.0,0.0,0.5826954067180581,0.5734535815790174,0.12800537543365936,0.1731461811165516,ok,ok
cosmopedia,477m-g093-ai-r0.05,477m-g093-control,held_out,ai,20,477103346,17406361600.0,870318080.0,0.05,0.047619047619047616,0.5430973997742898,0.5524488119477164,0.509964511889257,0.35108672133233043,ok,ok
cosmopedia,477m-g093-ai-r0.25,477m-g093-control,held_out,ai,20,477103346,17406361600.0,4351590400.0,0.25,0.2,0.5205626303886806,0.5259383303060703,1.189770837016853,0.9157534518420364,ok,ok
cosmopedia,477m-g093-ai-r1,477m-g093-control,held_out,ai,20,477103346,17406361600.0,17406361600.0,1.0,0.5,0.4950251386256426,0.5031544053065317,,1.9183848067973441,below_range,ok
cosmopedia,477m-g094-control,477m-g094-control,held_out,control,20,477103346,18014535680.0,0.0,0.0,0.0,0.5831474230364706,0.572432038072071,0.12192105766491798,0.17316196385212118,ok,ok
cosmopedia,477m-g094-ai-r0.05,477m-g094-control,held_out,ai,20,477103346,18014228305.0,899985583.0,0.049959707835511416,0.04758250003564726,0.5425838481912735,0.5515697055734762,0.5033645261990938,0.35099453829123395,ok,ok
cosmopedia,477m-g094-ai-r0.1,477m-g094-control,held_out,ai,20,477103346,18014384010.0,1802653814.0,0.1000674690291561,0.09096484701749137,0.5327818872327162,0.5410155059148195,0.7331117006406742,0.5129279623710047,ok,ok
cosmopedia,477m-g094-ai-r0.25,477m-g094-control,held_out,ai,20,477103346,18014802090.0,4526436182.0,0.2512620543587665,0.20080690010817165,0.5225133783587992,0.5251288173234754,1.0428182483744122,0.9187334547645305,ok,ok
cosmopedia,477m-g094-ai-r0.5,477m-g094-control,held_out,ai,20,477103346,18014313383.0,9105007705.0,0.5054318480765602,0.3357387773630095,0.5046226024672901,0.5131872449430219,2.2579298040820586,1.3975330689844114,ok,ok
cosmopedia,477m-g094-ai-r1,477m-g094-control,held_out,ai,20,477103346,18014673411.0,18387691005.0,1.0207063200919442,0.505123535242618,0.5005977644788238,0.5023040018767727,2.1413155927707836,1.9304467577437177,ok,ok
cosmopedia,477m-g095-control,477m-g095-control,held_out,control,20,477103346,26109542400.0,0.0,0.0,0.0,0.5764148402324548,0.5617897972309697,0.10459114259836501,0.1733554973926293,ok,ok
cosmopedia,477m-g095-ai-r0.25,477m-g095-control,held_out,ai,20,477103346,26109542400.0,6527385600.0,0.25,0.2,0.5197623102714296,0.5177107990697798,0.8256186707021765,0.9162261920754784,ok,ok
cosmopedia,477m-g095-ai-r0.5,477m-g095-control,held_out,ai,20,477103346,26109542400.0,13054771200.0,0.5,0.3333333333333333,0.5070055952043675,0.5067237182581479,1.3621280245113687,1.3842689079403026,ok,ok
cosmopedia,477m-g095-ai-r1,477m-g095-control,held_out,ai,20,477103346,26109542400.0,26109542400.0,1.0,0.5,0.5000435839915187,0.49685516078477976,1.5445324596048844,1.887827726697815,ok,ok
cosmopedia,477m-g096-control,477m-g096-control,held_out,control,20,477103346,34812723200.0,0.0,0.0,0.0,0.5669040151328086,0.5540196205577139,0.10837706609652024,0.17353903036474883,ok,ok
cosmopedia,477m-g096-ai-r0.05,477m-g096-control,held_out,ai,20,477103346,34812723200.0,1740636160.0,0.05,0.047619047619047616,0.5327187899920328,0.5355080994386727,0.398575493855983,0.3521957232444822,ok,ok
cosmopedia,477m-g096-ai-r0.25,477m-g096-control,held_out,ai,20,477103346,34812723200.0,8703180800.0,0.25,0.2,0.5120604924109589,0.5122372291700212,0.9254554267301779,0.9166437005973095,ok,ok
cosmopedia,477m-g096-ai-r0.5,477m-g096-control,held_out,ai,20,477103346,34812723200.0,17406361600.0,0.5,0.3333333333333333,0.5031795002942318,0.501893370339596,1.2770124438231691,1.379472266218182,ok,ok
cosmopedia,973m-g097-control,973m-g097-control,held_out,control,26,972949562,4591714304.0,0.0,0.0,0.0,0.591791573264157,0.5904220452860326,,,above_range,above_range
cosmopedia,973m-g098-control,973m-g098-control,held_out,control,26,972949562,18367905792.0,0.0,0.0,0.0,0.5466062431678383,0.5438431162521649,,,above_range,above_range
cosmopedia,973m-g098-ai-r0.05,973m-g098-control,held_out,ai,26,972949562,18368055588.0,918402779.0,0.04999999997822306,0.04761904759929529,0.5115706907209338,0.5230325799005052,0.5572660630951352,0.3500788204330285,ok,ok
cosmopedia,973m-g098-ai-r0.1,973m-g098-control,held_out,ai,26,972949562,18368191767.0,1836819176.0,0.09999999996189064,0.09090909087759558,0.5016550110910787,0.5125169682482159,0.8232195336476537,0.5111203785755688,ok,ok
cosmopedia,973m-g098-ai-r0.25,973m-g098-control,held_out,ai,26,972949562,18367696076.0,4591924019.0,0.25,0.2,0.49068348095780295,0.4966711920506006,1.2280211199199431,0.9149203995603413,ok,ok
cosmopedia,973m-g098-ai-r0.5,973m-g098-control,held_out,ai,26,972949562,18368255317.0,9184127658.0,0.4999999999727791,0.33333333332123516,0.47930890682403104,0.4846605227864713,1.8779940824987937,1.3994506114682619,ok,ok
cosmopedia,973m-g098-ai-r1,973m-g098-control,held_out,ai,26,972949562,18368430080.0,18368430080.0,1.0,0.5,0.4710983643975827,0.473512686725017,2.2871752537156866,1.9742502491490552,ok,ok
cosmopedia,973m-g099-control,973m-g099-control,held_out,control,26,972949562,36736860160.0,0.0,0.0,0.0,0.5383516781240362,0.5245971522797214,0.10440263191656465,0.17299718991865204,ok,ok
cosmopedia,973m-g099-ai-r0.05,973m-g099-control,held_out,ai,26,972949562,36736111177.0,1836805558.0,0.049999999976862004,0.04761904759806077,0.5018816861805568,0.5062532055645916,0.42675933527533144,0.3506349569741466,ok,ok
cosmopedia,973m-g099-ai-r0.1,973m-g099-control,held_out,ai,26,972949562,36736383534.0,3673638353.0,0.09999999998911162,0.09090909090009223,0.4869534843321762,0.4969911434097208,0.8451738825412354,0.5119400740262491,ok,ok
cosmopedia,973m-g099-ai-r0.25,973m-g099-control,held_out,ai,26,972949562,36736231014.0,9184057753.0,0.24999999998638947,0.19999999999128926,0.4742533299408274,0.483060387704357,1.5109220295794799,0.9153458395443748,ok,ok
cosmopedia,973m-g099-ai-r0.5,973m-g099-control,held_out,ai,26,972949562,36736510634.0,18368255317.0,0.5,0.3333333333333333,0.4672404736870004,0.4725551150474014,1.945734183260186,1.3946007073407556,ok,ok
