target,n_params,human_tpp,ratio,value
c4,268436282.0,5.0,0.01,1.6752676959120067
c4,268436282.0,5.0,0.010592537251772886,1.6721772550277896
c4,268436282.0,5.0,0.011220184543019636,1.6689158334620529
c4,268436282.0,5.0,0.011885022274370183,1.6654747002552308
c4,268436282.0,5.0,0.012589254117941675,1.6618447635168838
c4,268436282.0,5.0,0.01333521432163324,1.6580165655993624
c4,268436282.0,5.0,0.01412537544622754,1.6539802795746739
c4,268436282.0,5.0,0.014962356560944336,1.6497257072251152
c4,268436282.0,5.0,0.015848931924611134,1.645242278758563
c4,268436282.0,5.0,0.016788040181225608,1.6405190544876096
c4,268436282.0,5.0,0.01778279410038923,1.635544728725283
c4,268436282.0,5.0,0.018836490894898,1.6303076361674909
c4,268436282.0,5.0,0.0199526231496888,1.6247957610435502
c4,268436282.0,5.0,0.021134890398366465,1.618996749339274
c4,268436282.0,5.0,0.0223872113856834,1.6128979243996688
c4,268436282.0,5.0,0.023713737056616554,1.6064863062407801
c4,268436282.0,5.0,0.025118864315095794,1.5997486348963417
c4,268436282.0,5.0,0.0266072505979881,1.5926713981394602
c4,268436282.0,5.0,0.028183829312644536,1.585240863918155
c4,268436282.0,5.0,0.029853826189179603,1.5774431178318309
c4,268436282.0,5.0,0.03162277660168379,1.5692641059800352
c4,268436282.0,5.0,0.03349654391578276,1.560689683483522
c4,268436282.0,5.0,0.03548133892335755,1.5517056689675748
c4,268436282.0,5.0,0.03758374042884443,1.5422979052534527
c4,268436282.0,5.0,0.039810717055349734,1.532452326472202
c4,268436282.0,5.0,0.042169650342858224,1.5221550317583905
c4,268436282.0,5.0,0.0446683592150963,1.5113923656223098
c4,268436282.0,5.0,0.04731512589614805,1.5001510050247853
c4,268436282.0,5.0,0.05011872336272725,1.4884180530987805
c4,268436282.0,5.0,0.053088444423098846,1.476181139359228
c4,268436282.0,5.0,0.056234132519034905,1.4634285261467037
c4,268436282.0,5.0,0.059566214352901034,1.450149220921816
c4,268436282.0,5.0,0.06309573444801933,1.4363330939120171
c4,268436282.0,5.0,0.06683439175686148,1.421971000468743
c4,268436282.0,5.0,0.0707945784384138,1.4070549073594383
c4,268436282.0,5.0,0.07498942093324558,1.3915780220699923
c4,268436282.0,5.0,0.07943282347242814,1.3755349240515473
c4,268436282.0,5.0,0.08413951416451952,1.3589216967010214
c4,268436282.0,5.0,0.08912509381337459,1.3417360587304277
c4,268436282.0,5.0,0.09440608762859236,1.3239774934551036
c4,268436282.0,5.0,0.1,1.3056473744177135
c4,268436282.0,5.0,0.10592537251772892,1.2867490856780444
c4,268436282.0,5.0,0.11220184543019636,1.2672881350249208
c4,268436282.0,5.0,0.11885022274370183,1.247272258329162
c4,268436282.0,5.0,0.12589254117941676,1.2267115132427524
c4,268436282.0,5.0,0.1333521432163324,1.2056183604698383
c4,268436282.0,5.0,0.14125375446227548,1.184007730889377
c4,268436282.0,5.0,0.14962356560944334,1.1618970768946433
c4,268436282.0,5.0,0.1584893192461114,1.1393064064326632
c4,268436282.0,5.0,0.16788040181225605,1.1162582983711191
c4,268436282.0,5.0,0.1778279410038923,1.0927778979873972
c4,268436282.0,5.0,0.18836490894898011,1.0688928915573435
c4,268436282.0,5.0,0.19952623149688797,1.044633459212938
c4,268436282.0,5.0,0.21134890398366477,1.0200322054260047
c4,268436282.0,5.0,0.223872113856834,0.9951240666561508
c4,268436282.0,5.0,0.23713737056616552,0.969946195860744
c4,268436282.0,5.0,0.25118864315095807,0.9445378236975159
c4,268436282.0,5.0,0.26607250597988097,0.9189400963532821
c4,268436282.0,5.0,0.2818382931264455,0.8931958899993581
c4,268436282.0,5.0,0.298538261891796,0.8673496019123703
c4,268436282.0,5.0,0.31622776601683794,0.8414469183155218
c4,268436282.0,5.0,0.3349654391578278,0.815534559006061
c4,268436282.0,5.0,0.35481338923357547,0.7896599988633178
c4,268436282.0,5.0,0.3758374042884443,0.7638711664099299
c4,268436282.0,5.0,0.3981071705534973,0.7382161197617596
c4,268436282.0,5.0,0.4216965034285822,0.7127427005961589
c4,268436282.0,5.0,0.44668359215096326,0.687498167233693
c4,268436282.0,5.0,0.4731512589614805,0.6625288086090332
c4,268436282.0,5.0,0.5011872336272725,0.6378795418336097
c4,268436282.0,5.0,0.5308844442309885,0.6135934972393079
c4,268436282.0,5.0,0.5623413251903491,0.5897115962304657
c4,268436282.0,5.0,0.5956621435290106,0.566272128913484
c4,268436282.0,5.0,0.6309573444801932,0.5433103402355838
c4,268436282.0,5.0,0.6683439175686149,0.5208580351142982
c4,268436282.0,5.0,0.707945784384138,0.4989432146035206
c4,268436282.0,5.0,0.7498942093324558,0.4775897563109444
c4,268436282.0,5.0,0.7943282347242817,0.456817152826552
c4,268436282.0,5.0,0.8413951416451951,0.4366403216241515
c4,268436282.0,5.0,0.8912509381337459,0.41706949857605774
c4,268436282.0,5.0,0.9440608762859236,0.3981102247734001
c4,268436282.0,5.0,1.0,0.37976343277797325
c4,268436282.0,5.0,1.0592537251772887,0.3620256338918148
c4,268436282.0,5.0,1.1220184543019642,0.34488920280676166
c4,268436282.0,5.0,1.188502227437019,0.32834275050957873
c4,268436282.0,5.0,1.2589254117941675,0.3123715710841301
c4,268436282.0,5.0,1.333521432163324,0.29695814361610834
c4,268436282.0,5.0,1.412537544622754,0.28208266727169007
c4,268436282.0,5.0,1.4962356560944343,0.2677236061684611
c4,268436282.0,5.0,1.584893192461114,0.2538582210761567
c4,268436282.0,5.0,1.6788040181225607,0.2404630672378081
c4,268436282.0,5.0,1.7782794100389228,0.22751444141859847
c4,268436282.0,5.0,1.8836490894898001,0.21498876620372892
c4,268436282.0,5.0,1.9952623149688808,0.20286290498834605
c4,268436282.0,5.0,2.1134890398366477,0.19111440641136712
c4,268436282.0,5.0,2.23872113856834,0.1797216816258935
c4,268436282.0,5.0,2.371373705661655,0.16866412136371145
c4,268436282.0,5.0,2.5118864315095824,0.15792216202766937
c4,268436282.0,5.0,2.6607250597988115,0.14747731102647882
c4,268436282.0,5.0,2.818382931264455,0.137312141420428
c4,268436282.0,5.0,2.9853826189179604,0.12741026496095062
c4,268436282.0,5.0,3.1622776601683795,0.11775629111749726
c4,268436282.0,5.0,3.3496543915782793,0.10833577800851536
c4,268436282.0,5.0,3.548133892335757,0.0991351795416179
c4,268436282.0,5.0,3.758374042884443,0.09014179168269063
c4,268436282.0,5.0,3.981071705534973,0.08134369968877436
c4,268436282.0,5.0,4.216965034285822,0.07272972735756832
c4,268436282.0,5.0,4.4668359215096345,0.06428938882545605
c4,268436282.0,5.0,4.731512589614808,0.0560128431250223
c4,268436282.0,5.0,5.011872336272725,0.0478908515300938
c4,268436282.0,5.0,5.308844442309884,0.03991473762077448
c4,268436282.0,5.0,5.62341325190349,0.032076349955622724
c4,268436282.0,5.0,5.95662143529011,0.024368027219761824
c4,268436282.0,5.0,6.309573444801936,0.016782565712302376
c4,268436282.0,5.0,6.683439175686149,0.009313189037323946
c4,268436282.0,5.0,7.07945784384138,0.001953519865899252
c4,268436282.0,5.0,7.498942093324558,-0.005302446358706604
c4,268436282.0,5.0,7.943282347242821,-0.01246036589563019
c4,268436282.0,5.0,8.413951416451956,-0.019525569478341994
c4,268436282.0,5.0,8.91250938133746,-0.02650308349603981
c4,268436282.0,5.0,9.440608762859236,-0.03339764969110777
c4,268436282.0,5.0,10.0,-0.04021374347360535
c4,268436282.0,5.0,10.592537251772898,-0.046955590948297106
c4,268436282.0,5.0,11.220184543019641,-0.053627184744246645
c4,268436282.0,5.0,11.88502227437019,-0.06023229873158733
c4,268436282.0,5.0,12.589254117941675,-0.06677450170498943
c4,268436282.0,5.0,13.33521432163324,-0.07325717010818203
c4,268436282.0,5.0,14.125375446227554,-0.07968349986913106
c4,268436282.0,5.0,14.962356560944343,-0.08605651741073354
c4,268436282.0,5.0,15.848931924611142,-0.09237908989756505
c4,268436282.0,5.0,16.788040181225607,-0.09865393477486206
c4,268436282.0,5.0,17.78279410038923,-0.10488362865207111
c4,268436282.0,5.0,18.83649089489802,-0.11107061557943992
c4,268436282.0,5.0,19.952623149688808,-0.11721721476261095
c4,268436282.0,5.0,21.134890398366476,-0.12332562775687338
c4,268436282.0,5.0,22.3872113856834,-0.12939794517962336
c4,268436282.0,5.0,23.71373705661655,-0.13543615297663888
c4,268436282.0,5.0,25.11886431509582,-0.14144213827513086
c4,268436282.0,5.0,26.607250597988113,-0.14741769485398545
c4,268436282.0,5.0,28.183829312644548,-0.15336452825929933
c4,268436282.0,5.0,29.853826189179603,-0.15928426059112324
c4,268436282.0,5.0,31.622776601683793,-0.16517843498535367
c4,268436282.0,5.0,33.496543915782794,-0.17104851981285304
c4,268436282.0,5.0,35.48133892335757,-0.1768959126161722
c4,268436282.0,5.0,37.58374042884443,-0.18272194380264578
c4,268436282.0,5.0,39.810717055349734,-0.18852788011123792
c4,268436282.0,5.0,42.169650342858226,-0.19431492786910054
c4,268436282.0,5.0,44.668359215096345,-0.20008423605263267
c4,268436282.0,5.0,47.315125896148075,-0.20583689916665476
c4,268436282.0,5.0,50.118723362727245,-0.21157395995429024
c4,268436282.0,5.0,53.08844442309885,-0.21729641194916666
c4,268436282.0,5.0,56.23413251903491,-0.2230052018806747
c4,268436282.0,5.0,59.56621435290109,-0.2287012319422107
c4,268436282.0,5.0,63.095734448019364,-0.23438536193155682
c4,268436282.0,5.0,66.83439175686149,-0.24005841127191757
c4,268436282.0,5.0,70.79457843841381,-0.2457211609214154
c4,268436282.0,5.0,74.98942093324558,-0.251374355178355
c4,268436282.0,5.0,79.43282347242821,-0.2570187033889616
c4,268436282.0,5.0,84.13951416451955,-0.2626548815638457
c4,268436282.0,5.0,89.12509381337459,-0.26828353390896853
c4,268436282.0,5.0,94.40608762859236,-0.2739052742764748
c4,268436282.0,5.0,100.0,-0.2795206875403779
c4,268436282.0,10.0,0.01,1.34764054496826
c4,268436282.0,10.0,0.010592537251772886,1.3289339727767706
c4,268436282.0,10.0,0.011220184543019636,1.3095231924102855
c4,268436282.0,10.0,0.011885022274370183,1.2894042118159292
c4,268436282.0,10.0,0.012589254117941675,1.2685756480384172
c4,268436282.0,10.0,0.01333521432163324,1.2470389874802708
c4,268436282.0,10.0,0.01412537544622754,1.2247988467461526
c4,268436282.0,10.0,0.014962356560944336,1.2018632302617607
c4,268436282.0,10.0,0.015848931924611134,1.178243780257946
c4,268436282.0,10.0,0.016788040181225608,1.1539560141326082
c4,268436282.0,10.0,0.01778279410038923,1.1290195436027006
c4,268436282.0,10.0,0.018836490894898,1.1034582695071251
c4,268436282.0,10.0,0.0199526231496888,1.0773005456143419
c4,268436282.0,10.0,0.021134890398366465,1.0505793043888882
c4,268436282.0,10.0,0.0223872113856834,1.0233321373413358
c4,268436282.0,10.0,0.023713737056616554,0.9956013224683672
c4,268436282.0,10.0,0.025118864315095794,0.9674337913158345
c4,268436282.0,10.0,0.0266072505979881,0.9388810284775186
c4,268436282.0,10.0,0.028183829312644536,0.9099988968968834
c4,268436282.0,10.0,0.029853826189179603,0.8808473831926793
c4,268436282.0,10.0,0.03162277660168379,0.851490258444277
c4,268436282.0,10.0,0.03349654391578276,0.8219946514405901
c4,268436282.0,10.0,0.03548133892335755,0.7924305333678151
c4,268436282.0,10.0,0.03758374042884443,0.7628701152514183
c4,268436282.0,10.0,0.039810717055349734,0.7333871621799104
c4,268436282.0,10.0,0.042169650342858224,0.7040562313501758
c4,268436282.0,10.0,0.0446683592150963,0.6749518442396151
c4,268436282.0,10.0,0.04731512589614805,0.6461476065797938
c4,268436282.0,10.0,0.05011872336272725,0.6177152931820611
c4,268436282.0,10.0,0.053088444423098846,0.5897239178254065
c4,268436282.0,10.0,0.056234132519034905,0.5622388111972195
c4,268436282.0,10.0,0.059566214352901034,0.5353207320193512
c4,268436282.0,10.0,0.06309573444801933,0.5090250377886871
c4,268436282.0,10.0,0.06683439175686148,0.4834009417743254
c4,268436282.0,10.0,0.0707945784384138,0.4584908818632593
c4,268436282.0,10.0,0.07498942093324558,0.43433002439838186
c4,268436282.0,10.0,0.07943282347242814,0.4109459222572683
c4,268436282.0,10.0,0.08413951416451952,0.38835834113860723
c4,268436282.0,10.0,0.08912509381337459,0.36657926153485987
c4,268436282.0,10.0,0.09440608762859236,0.3456130564875642
c4,268436282.0,10.0,0.1,0.3254568373767969
c4,268436282.0,10.0,0.10592537251772892,0.30610095222467454
c4,268436282.0,10.0,0.11220184543019636,0.2875296138739909
c4,268436282.0,10.0,0.11885022274370183,0.2697216295323801
c4,268436282.0,10.0,0.12589254117941676,0.25265119905676003
c4,268436282.0,10.0,0.1333521432163324,0.23628874738560243
c4,268436282.0,10.0,0.14125375446227548,0.22060175689345404
c4,268436282.0,10.0,0.14962356560944334,0.20555556810445633
c4,268436282.0,10.0,0.1584893192461114,0.19111412188533577
c4,268436282.0,10.0,0.16788040181225605,0.17724062245131386
c4,268436282.0,10.0,0.1778279410038923,0.16389810761804607
c4,268436282.0,10.0,0.18836490894898011,0.15104992000482476
c4,268436282.0,10.0,0.19952623149688797,0.13866007964876195
c4,268436282.0,10.0,0.21134890398366477,0.1266935641536119
c4,268436282.0,10.0,0.223872113856834,0.11511650668275344
c4,268436282.0,10.0,0.23713737056616552,0.10389632465036074
c4,268436282.0,10.0,0.25118864315095807,0.09300179292275246
c4,268436282.0,10.0,0.26607250597988097,0.08240307495408909
c4,268436282.0,10.0,0.2818382931264455,0.0720717239015789
c4,268436282.0,10.0,0.298538261891796,0.061980663794530266
c4,268436282.0,10.0,0.31622776601683794,0.05210415864397065
c4,268436282.0,10.0,0.3349654391578278,0.04241777526943988
c4,268436282.0,10.0,0.35481338923357547,0.03289834378624692
c4,268436282.0,10.0,0.3758374042884443,0.02352391823182973
c4,268436282.0,10.0,0.3981071705534973,0.014273738728787988
c4,268436282.0,10.0,0.4216965034285822,0.005128195837248728
c4,268436282.0,10.0,0.44668359215096326,-0.003931202725312895
c4,268436282.0,10.0,0.4731512589614805,-0.012921863102709043
c4,268436282.0,10.0,0.5011872336272725,-0.02186013431666025
c4,268436282.0,10.0,0.5308844442309885,-0.03076133561729358
c4,268436282.0,10.0,0.5623413251903491,-0.03963978253287397
c4,268436282.0,10.0,0.5956621435290106,-0.04850881198806467
c4,268436282.0,10.0,0.6309573444801932,-0.057380806849223295
c4,268436282.0,10.0,0.6683439175686149,-0.06626722023530077
c4,268436282.0,10.0,0.707945784384138,-0.07517859990669033
c4,268436282.0,10.0,0.7498942093324558,-0.08412461301283675
c4,268436282.0,10.0,0.7943282347242817,-0.09311407144368614
c4,268436282.0,10.0,0.8413951416451951,-0.1021549579908483
c4,268436282.0,10.0,0.8912509381337459,-0.11125445348199885
c4,268436282.0,10.0,0.9440608762859236,-0.12041896500799362
c4,268436282.0,10.0,1.0,-0.12965415531682212
c4,268436282.0,10.0,1.0592537251772887,-0.13896497340334568
c4,268436282.0,10.0,1.1220184543019642,-0.1483556862792627
c4,268436282.0,10.0,1.188502227437019,-0.15782991186579157
c4,268436282.0,10.0,1.2589254117941675,-0.1673906529120733
c4,268436282.0,10.0,1.333521432163324,-0.17704033180698114
c4,268436282.0,10.0,1.412537544622754,-0.1867808261214881
c4,268436282.0,10.0,1.4962356560944343,-0.19661350469319228
c4,268436282.0,10.0,1.584893192461114,-0.20653926404499262
c4,268436282.0,10.0,1.6788040181225607,-0.216558564916046
c4,268436282.0,10.0,1.7782794100389228,-0.22667146867564725
c4,268436282.0,10.0,1.8836490894898001,-0.2368776733884678
c4,268436282.0,10.0,1.9952623149688808,-0.2471765493035585
c4,268436282.0,10.0,2.1134890398366477,-0.25756717354824
c4,268436282.0,10.0,2.23872113856834,-0.26804836382129726
c4,268436282.0,10.0,2.371373705661655,-0.27861871089717355
c4,268436282.0,10.0,2.5118864315095824,-0.28927660977315683
c4,268436282.0,10.0,2.6607250597988115,-0.3000202893141915
c4,268436282.0,10.0,2.818382931264455,-0.31084784027420964
c4,268436282.0,10.0,2.9853826189179604,-0.3217572415979622
c4,268436282.0,10.0,3.1622776601683795,-0.332746384932561
c4,268436282.0,10.0,3.3496543915782793,-0.3438130973025916
c4,268436282.0,10.0,3.548133892335757,-0.3549551619264809
c4,268436282.0,10.0,3.758374042884443,-0.36617033717386555
c4,268436282.0,10.0,3.981071705534973,-0.37745637368419027
c4,268436282.0,10.0,4.216965034285822,-0.3888110296849094
c4,268436282.0,10.0,4.4668359215096345,-0.40023208456370385
c4,268436282.0,10.0,4.731512589614808,-0.411717350762599
c4,268436282.0,10.0,5.011872336272725,-0.42326468407323375
c4,268436282.0,10.0,5.308844442309884,-0.43487199242115604
c4,268436282.0,10.0,5.62341325190349,-0.44653724323381727
c4,268436282.0,10.0,5.95662143529011,-0.4582584694913254
c4,268436282.0,10.0,6.309573444801936,-0.47003377456167095
c4,268436282.0,10.0,6.683439175686149,-0.4818613359229903
c4,268436282.0,10.0,7.07945784384138,-0.4937394078747803
c4,268436282.0,10.0,7.498942093324558,-0.5056663233380996
c4,268436282.0,10.0,7.943282347242821,-0.5176404948416692
c4,268436282.0,10.0,8.413951416451956,-0.529660414787017
c4,268436282.0,10.0,8.91250938133746,-0.5417246550810819
c4,268436282.0,10.0,9.440608762859236,-0.5538318662196903
c4,268436282.0,10.0,10.0,-0.565980775899801
c4,268436282.0,10.0,10.592537251772898,-0.5781701872327526
c4,268436282.0,10.0,11.220184543019641,-0.5903989766249859
c4,268436282.0,10.0,11.88502227437019,-0.6026660913868859
c4,268436282.0,10.0,12.589254117941675,-0.614970547124874
c4,268436282.0,10.0,13.33521432163324,-0.6273114249662043
c4,268436282.0,10.0,14.125375446227554,-0.639687868660782
c4,268436282.0,10.0,14.962356560944343,-0.6520990815992278
c4,268436282.0,10.0,15.848931924611142,-0.6645443237817966
c4,268436282.0,10.0,16.788040181225607,-0.6770229087682196
c4,268436282.0,10.0,17.78279410038923,-0.6895342006346286
c4,268436282.0,10.0,18.83649089489802,-0.702077610959809
c4,268436282.0,10.0,19.952623149688808,-0.7146525958597721
c4,268436282.0,10.0,21.134890398366476,-0.7272586530863895
c4,268436282.0,10.0,22.3872113856834,-0.7398953192031399
c4,268436282.0,10.0,23.71373705661655,-0.7525621668484473
c4,268436282.0,10.0,25.11886431509582,-0.765258802094911
c4,268436282.0,10.0,26.607250597988113,-0.777984861910711
c4,268436282.0,10.0,28.183829312644548,-0.7907400117277917
c4,268436282.0,10.0,29.853826189179603,-0.80352394311985
c4,268436282.0,10.0,31.622776601683793,-0.816336371591909
c4,268436282.0,10.0,33.496543915782794,-0.8291770344820893
c4,268436282.0,10.0,35.48133892335757,-0.8420456889752872
c4,268436282.0,10.0,37.58374042884443,-0.8549421102275598
c4,268436282.0,10.0,39.810717055349734,-0.8678660895994613
c4,268436282.0,10.0,42.169650342858226,-0.8808174329959164
c4,268436282.0,10.0,44.668359215096345,-0.8937959593098682
c4,268436282.0,10.0,47.315125896148075,-0.9068014989664656
c4,268436282.0,10.0,50.118723362727245,-0.9198338925643832
c4,268436282.0,10.0,53.08844442309885,-0.9328929896105768
c4,268436282.0,10.0,56.23413251903491,-0.9459786473447371
c4,268436282.0,10.0,59.56621435290109,-0.9590907296494734
c4,268436282.0,10.0,63.095734448019364,-0.9722291060423333
c4,268436282.0,10.0,66.83439175686149,-0.9853936507457253
c4,268436282.0,10.0,70.79457843841381,-0.9985842418307668
c4,268436282.0,10.0,74.98942093324558,-1.0118007604312373
c4,268436282.0,10.0,79.43282347242821,-1.025043090023809
c4,268436282.0,10.0,84.13951416451955,-1.0383111157708391
c4,268436282.0,10.0,89.12509381337459,-1.0516047239221353
c4,268436282.0,10.0,94.40608762859236,-1.0649238012721878
c4,268436282.0,10.0,100.0,-1.0782682346694707
c4,268436282.0,20.0,0.01,0.33806031342458936
c4,268436282.0,20.0,0.010592537251772886,0.31909442689186185
c4,268436282.0,20.0,0.011220184543019636,0.3009979148885343
c4,268436282.0,20.0,0.011885022274370183,0.2837527594429276
c4,268436282.0,20.0,0.012589254117941675,0.2673359316083313
c4,268436282.0,20.0,0.01333521432163324,0.2517202609791269
c4,268436282.0,20.0,0.01412537544622754,0.23687530977102203
c4,268436282.0,20.0,0.014962356560944336,0.22276821711609693
c4,268436282.0,20.0,0.015848931924611134,0.2093644840361477
c4,268436282.0,20.0,0.016788040181225608,0.19662867608115994
c4,268436282.0,20.0,0.01778279410038923,0.18452502810542679
c4,268436282.0,20.0,0.018836490894898,0.17301794344845636
c4,268436282.0,20.0,0.0199526231496888,0.16207238707307603
c4,268436282.0,20.0,0.021134890398366465,0.15165417841094847
c4,268436282.0,20.0,0.0223872113856834,0.14173019432789705
c4,268436282.0,20.0,0.023713737056616554,0.1322684955597906
c4,268436282.0,20.0,0.025118864315095794,0.12323839119886028
c4,268436282.0,20.0,0.0266072505979881,0.11461045558941205
c4,268436282.0,20.0,0.028183829312644536,0.10635651066953888
c4,268436282.0,20.0,0.029853826189179603,0.09844958479025984
c4,268436282.0,20.0,0.03162277660168379,0.09086385677413197
c4,268436282.0,20.0,0.03349654391578276,0.0835745917449285
c4,268436282.0,20.0,0.03548133892335755,0.0765580733045408
c4,268436282.0,20.0,0.03758374042884443,0.06979153505814695
c4,268436282.0,20.0,0.039810717055349734,0.06325309332219702
c4,268436282.0,20.0,0.042169650342858224,0.056921682037853395
c4,268436282.0,20.0,0.0446683592150963,0.05077699040528219
c4,268436282.0,20.0,0.04731512589614805,0.04479940344267505
c4,268436282.0,20.0,0.05011872336272725,0.03896994551462936
c4,268436282.0,20.0,0.053088444423098846,0.03327022679671609
c4,268436282.0,20.0,0.056234132519034905,0.027682392609141054
c4,268436282.0,20.0,0.059566214352901034,0.02218907555187456
c4,268436282.0,20.0,0.06309573444801933,0.016773350375771073
c4,268436282.0,20.0,0.06683439175686148,0.01141869153804287
c4,268436282.0,20.0,0.0707945784384138,0.006108933402813899
c4,268436282.0,20.0,0.07498942093324558,0.000828233060830996
c4,268436282.0,20.0,0.07943282347242814,-0.00443896424379357
c4,268436282.0,20.0,0.08413951416451952,-0.00970795707961336
c4,268436282.0,20.0,0.08912509381337459,-0.014993817172868974
c4,268436282.0,20.0,0.09440608762859236,-0.020311416107213865
c4,268436282.0,20.0,0.1,-0.025675449342112588
c4,268436282.0,20.0,0.10592537251772892,-0.031100457505890026
c4,268436282.0,20.0,0.11220184543019636,-0.03660084490743048
c4,268436282.0,20.0,0.11885022274370183,-0.042190895208930164
c4,268436282.0,20.0,0.12589254117941676,-0.04788478419124942
c4,268436282.0,20.0,0.1333521432163324,-0.053696589544978295
c4,268436282.0,20.0,0.14125375446227548,-0.05964029761674693
c4,268436282.0,20.0,0.14962356560944334,-0.06572980704313486
c4,268436282.0,20.0,0.1584893192461114,-0.07197892920926413
c4,268436282.0,20.0,0.16788040181225605,-0.07840138547717956
c4,268436282.0,20.0,0.1778279410038923,-0.08501080113911555
c4,268436282.0,20.0,0.18836490894898011,-0.09182069606841405
c4,268436282.0,20.0,0.19952623149688797,-0.0988444720562797
c4,268436282.0,20.0,0.21134890398366477,-0.10609539684862848
c4,268436282.0,20.0,0.223872113856834,-0.1135865849214124
c4,268436282.0,20.0,0.23713737056616552,-0.121330975065412
c4,268436282.0,20.0,0.25118864315095807,-0.12934130488510648
c4,268436282.0,20.0,0.26607250597988097,-0.13763008235441465
c4,268436282.0,20.0,0.2818382931264455,-0.14620955461387317
c4,268436282.0,20.0,0.298538261891796,-0.1550916742364969
c4,268436282.0,20.0,0.31622776601683794,-0.16428806323619377
c4,268436282.0,20.0,0.3349654391578278,-0.17380997513808202
c4,268436282.0,20.0,0.35481338923357547,-0.1836682554772241
c4,268436282.0,20.0,0.3758374042884443,-0.1938733011363146
c4,268436282.0,20.0,0.3981071705534973,-0.20443501897671892
c4,268436282.0,20.0,0.4216965034285822,-0.21536278425417044
c4,268436282.0,20.0,0.44668359215096326,-0.22666539934559235
c4,268436282.0,20.0,0.4731512589614805,-0.238351053338118
c4,268436282.0,20.0,0.5011872336272725,-0.25042728305155487
c4,268436282.0,20.0,0.5308844442309885,-0.2629009360736626
c4,268436282.0,20.0,0.5623413251903491,-0.275778136386857
c4,268436282.0,20.0,0.5956621435290106,-0.2890642531524137
c4,268436282.0,20.0,0.6309573444801932,-0.30276387319438935
c4,268436282.0,20.0,0.6683439175686149,-0.31688077768900735
c4,268436282.0,20.0,0.707945784384138,-0.3314179235177406
c4,268436282.0,20.0,0.7498942093324558,-0.34637742968288016
c4,268436282.0,20.0,0.7943282347242817,-0.36176056911525467
c4,268436282.0,20.0,0.8413951416451951,-0.37756776612500503
c4,268436282.0,20.0,0.8912509381337459,-0.3937985996609848
c4,268436282.0,20.0,0.9440608762859236,-0.4104518124531275
c4,268436282.0,20.0,1.0,-0.42752532601827864
c4,268436282.0,20.0,1.0592537251772887,-0.44501626141536726
c4,268436282.0,20.0,1.1220184543019642,-0.4629209655427459
c4,268436282.0,20.0,1.188502227437019,-0.481235042682242
c4,268436282.0,20.0,1.2589254117941675,-0.49995339091227664
c4,268436282.0,20.0,1.333521432163324,-0.519070242939
c4,268436282.0,20.0,1.412537544622754,-0.5385792108316587
c4,268436282.0,20.0,1.4962356560944343,-0.5584733340970031
c4,268436282.0,20.0,1.584893192461114,-0.5787451304899099
c4,268436282.0,20.0,1.6788040181225607,-0.59938664893203
c4,268436282.0,20.0,1.7782794100389228,-0.6203895238998158
c4,268436282.0,20.0,1.8836490894898001,-0.6417450306449213
c4,268436282.0,20.0,1.9952623149688808,-0.6634441406252062
c4,268436282.0,20.0,2.1134890398366477,-0.685477576550531
c4,268436282.0,20.0,2.23872113856834,-0.7078358664842633
c4,268436282.0,20.0,2.371373705661655,-0.7305093964865192
c4,268436282.0,20.0,2.5118864315095824,-0.7534884613370723
c4,268436282.0,20.0,2.6607250597988115,-0.7767633129334125
c4,268436282.0,20.0,2.818382931264455,-0.8003242060194556
c4,268436282.0,20.0,2.9853826189179604,-0.8241614409632109
c4,268436282.0,20.0,3.1622776601683795,-0.8482654033634776
c4,268436282.0,20.0,3.3496543915782793,-0.8726266003266457
c4,268436282.0,20.0,3.548133892335757,-0.8972356933128126
c4,268436282.0,20.0,3.758374042884443,-0.9220835275049057
c4,268436282.0,20.0,3.981071705534973,-0.9471611577043849
c4,268436282.0,20.0,4.216965034285822,-0.9724598708018859
c4,268436282.0,20.0,4.4668359215096345,-0.9979712049106056
c4,268436282.0,20.0,4.731512589614808,-1.023686965283679
c4,268436282.0,20.0,5.011872336272725,-1.0495992371648495
c4,268436282.0,20.0,5.308844442309884,-1.075700395743805
c4,268436282.0,20.0,5.62341325190349,-1.101983113404911
c4,268436282.0,20.0,5.95662143529011,-1.12844036446953
c4,268436282.0,20.0,6.309573444801936,-1.1550654276401648
c4,268436282.0,20.0,6.683439175686149,-1.1818518863574383
c4,268436282.0,20.0,7.07945784384138,-1.2087936272810798
c4,268436282.0,20.0,7.498942093324558,-1.2358848371025808
c4,268436282.0,20.0,7.943282347242821,-1.263119997891395
c4,268436282.0,20.0,8.413951416451956,-1.2904938811683395
c4,268436282.0,20.0,8.91250938133746,-1.3180015408905386
c4,268436282.0,20.0,9.440608762859236,-1.3456383055209673
c4,268436282.0,20.0,10.0,-1.3733997693442737
c4,268436282.0,20.0,10.592537251772898,-1.4012817831778204
c4,268436282.0,20.0,11.220184543019641,-1.4292804446149017
c4,268436282.0,20.0,11.88502227437019,-1.4573920879239313
c4,268436282.0,20.0,12.589254117941675,-1.4856132737155054
c4,268436282.0,20.0,13.33521432163324,-1.5139407784770873
c4,268436282.0,20.0,14.125375446227554,-1.5423715840634427
c4,268436282.0,20.0,14.962356560944343,-1.5709028672202927
c4,268436282.0,20.0,15.848931924611142,-1.5995319892081608
c4,268436282.0,20.0,16.788040181225607,-1.628256485584065
c4,268436282.0,20.0,17.78279410038923,-1.6570740561896213
c4,268436282.0,20.0,18.83649089489802,-1.685982555386316
c4,268436282.0,20.0,19.952623149688808,-1.7149799825712224
c4,268436282.0,20.0,21.134890398366476,-1.744064472999747
c4,268436282.0,20.0,22.3872113856834,-1.7732342889361732
c4,268436282.0,20.0,23.71373705661655,-1.802487811147471
c4,268436282.0,20.0,25.11886431509582,-1.8318235307509303
c4,268436282.0,20.0,26.607250597988113,-1.8612400414225423
c4,268436282.0,20.0,28.183829312644548,-1.8907360319689022
c4,268436282.0,20.0,29.853826189179603,-1.9203102792629514
c4,268436282.0,20.0,31.622776601683793,-1.9499616415406236
c4,268436282.0,20.0,33.496543915782794,-1.9796890520538837
c4,268436282.0,20.0,35.48133892335757,-2.009491513073175
c4,268436282.0,20.0,37.58374042884443,-2.0393680902313087
c4,268436282.0,20.0,39.810717055349734,-2.0693179071991743
c4,268436282.0,20.0,42.169650342858226,-2.0993401406829593
c4,268436282.0,20.0,44.668359215096345,-2.1294340157316998
c4,268436282.0,20.0,47.315125896148075,-2.159598801343401
c4,268436282.0,20.0,50.118723362727245,-2.189833806357767
c4,268436282.0,20.0,53.08844442309885,-2.2201383756230895
c4,268436282.0,20.0,56.23413251903491,-2.2505118864249885
c4,268436282.0,20.0,59.56621435290109,-2.2809537451646658
c4,268436282.0,20.0,63.095734448019364,-2.311463384274175
c4,268436282.0,20.0,66.83439175686149,-2.3420402593568888
c4,268436282.0,20.0,70.79457843841381,-2.3726838465410465
c4,268436282.0,20.0,74.98942093324558,-2.4033936400349813
c4,268436282.0,20.0,79.43282347242821,-2.4341691498725946
c4,268436282.0,20.0,84.13951416451955,-2.4650098998384435
c4,268436282.0,20.0,89.12509381337459,-2.495915425561668
c4,268436282.0,20.0,94.40608762859236,-2.5268852727688698
c4,268436282.0,20.0,100.0,-2.5579189956861685
c4,268436282.0,40.0,0.01,0.02027413218026171
c4,268436282.0,40.0,0.010592537251772886,0.017408588113147404
c4,268436282.0,40.0,0.011220184543019636,0.014600886093564068
c4,268436282.0,40.0,0.011885022274370183,0.011841840172762014
c4,268436282.0,40.0,0.012589254117941675,0.009122440118064951
c4,268436282.0,40.0,0.01333521432163324,0.00643382325407768
c4,268436282.0,40.0,0.01412537544622754,0.0037672470027853753
c4,268436282.0,40.0,0.014962356560944336,0.001114062041826708
c4,268436282.0,40.0,0.015848931924611134,-0.0015343139828425624
c4,268436282.0,40.0,0.016788040181225608,-0.004186422243708318
c4,268436282.0,40.0,0.01778279410038923,-0.006850788072211457
c4,268436282.0,40.0,0.018836490894898,-0.009535945911286396
c4,268436282.0,40.0,0.0199526231496888,-0.01225046391470672
c4,268436282.0,40.0,0.021134890398366465,-0.015002968236910486
c4,268436282.0,40.0,0.0223872113856834,-0.017802167048368043
c4,268436282.0,40.0,0.023713737056616554,-0.020656874304809187
c4,268436282.0,40.0,0.025118864315095794,-0.02357603329161457
c4,268436282.0,40.0,0.0266072505979881,-0.026568739959999393
c4,268436282.0,40.0,0.028183829312644536,-0.02964426606452278
c4,268436282.0,40.0,0.029853826189179603,-0.0328120821066079
c4,268436282.0,40.0,0.03162277660168379,-0.0360818800735273
c4,268436282.0,40.0,0.03349654391578276,-0.03946359596434631
c4,268436282.0,40.0,0.03548133892335755,-0.04296743207568042
c4,268436282.0,40.0,0.03758374042884443,-0.04660387901819056
c4,268436282.0,40.0,0.039810717055349734,-0.05038373741899722
c4,268436282.0,40.0,0.042169650342858224,-0.0543181392574528
c4,268436282.0,40.0,0.0446683592150963,-0.058418568769752675
c4,268436282.0,40.0,0.04731512589614805,-0.06269688284282222
c4,268436282.0,40.0,0.05011872336272725,-0.06716533080810293
c4,268436282.0,40.0,0.053088444423098846,-0.0718365735303564
c4,268436282.0,40.0,0.056234132519034905,-0.07672370167137618
c4,268436282.0,40.0,0.059566214352901034,-0.08184025299541943
c4,268436282.0,40.0,0.06309573444801933,-0.08720022856434453
c4,268436282.0,40.0,0.06683439175686148,-0.09281810765694826
c4,268436282.0,40.0,0.0707945784384138,-0.0987088612293389
c4,268436282.0,40.0,0.07498942093324558,-0.10488796371600492
c4,268436282.0,40.0,0.07943282347242814,-0.11137140295460217
c4,268436282.0,40.0,0.08413951416451952,-0.11817568800331513
c4,268436282.0,40.0,0.08912509381337459,-0.125317854599604
c4,268436282.0,40.0,0.09440608762859236,-0.1328154679997448
c4,268436282.0,40.0,0.1,-0.14068662292083836
c4,268436282.0,40.0,0.10592537251772892,-0.14894994029707198
c4,268436282.0,40.0,0.11220184543019636,-0.15762456055450752
c4,268436282.0,40.0,0.11885022274370183,-0.16673013309964277
c4,268436282.0,40.0,0.12589254117941676,-0.17628680171621303
c4,268436282.0,40.0,0.1333521432163324,-0.18631518556505325
c4,268436282.0,40.0,0.14125375446227548,-0.19683635549033748
c4,268436282.0,40.0,0.14962356560944334,-0.2078718053441391
c4,268436282.0,40.0,0.1584893192461114,-0.21944341806208323
c4,268436282.0,40.0,0.16788040181225605,-0.23157342624681704
c4,268436282.0,40.0,0.1778279410038923,-0.24428436704922893
c4,268436282.0,40.0,0.18836490894898011,-0.25759903117657723
c4,268436282.0,40.0,0.19952623149688797,-0.27154040590773504
c4,268436282.0,40.0,0.21134890398366477,-0.2861316120525351
c4,268436282.0,40.0,0.223872113856834,-0.3013958348598002
c4,268436282.0,40.0,0.23713737056616552,-0.31735624895346476
c4,268436282.0,40.0,0.25118864315095807,-0.33403593746206184
c4,268436282.0,40.0,0.26607250597988097,-0.35145780559752365
c4,268436282.0,40.0,0.2818382931264455,-0.3696444890394006
c4,268436282.0,40.0,0.298538261891796,-0.38861825758387286
c4,268436282.0,40.0,0.31622776601683794,-0.40840091462763617
c4,268436282.0,40.0,0.3349654391578278,-0.4290136931648426
c4,268436282.0,40.0,0.35481338923357547,-0.45047714908736497
c4,268436282.0,40.0,0.3758374042884443,-0.47281105268395357
c4,268436282.0,40.0,0.3981071705534973,-0.49603427933609756
c4,268436282.0,40.0,0.4216965034285822,-0.5201647004988739
c4,268436282.0,40.0,0.44668359215096326,-0.545219076135514
c4,268436282.0,40.0,0.4731512589614805,-0.5712129498370881
c4,268436282.0,40.0,0.5011872336272725,-0.5981605479039821
c4,268436282.0,40.0,0.5308844442309885,-0.6260746836894426
c4,268436282.0,40.0,0.5623413251903491,-0.6549666685043921
c4,268436282.0,40.0,0.5956621435290106,-0.6848462303559656
c4,268436282.0,40.0,0.6309573444801932,-0.715721441739084
c4,268436282.0,40.0,0.6683439175686149,-0.7475986576178458
c4,268436282.0,40.0,0.707945784384138,-0.7804824646257786
c4,268436282.0,40.0,0.7498942093324558,-0.8143756423781605
c4,268436282.0,40.0,0.7943282347242817,-0.8492791376315586
c4,268436282.0,40.0,0.8413951416451951,-0.8851920518462176
c4,268436282.0,40.0,0.8912509381337459,-0.9221116425100984
c4,268436282.0,40.0,0.9440608762859236,-0.9600333383757164
c4,268436282.0,40.0,1.0,-0.9989507685443474
c4,268436282.0,40.0,1.0592537251772887,-1.0388558051160384
c4,268436282.0,40.0,1.1220184543019642,-1.0797386189097757
c4,268436282.0,40.0,1.188502227437019,-1.1215877475557814
c4,268436282.0,40.0,1.2589254117941675,-1.164390175073334
c4,268436282.0,40.0,1.333521432163324,-1.208131421879096
c4,268436282.0,40.0,1.412537544622754,-1.2527956440270769
c4,268436282.0,40.0,1.4962356560944343,-1.298365740364018
c4,268436282.0,40.0,1.584893192461114,-1.3448234661970713
c4,268436282.0,40.0,1.6788040181225607,-1.3921495520142078
c4,268436282.0,40.0,1.7782794100389228,-1.4403238257731779
c4,268436282.0,40.0,1.8836490894898001,-1.4893253372802016
c4,268436282.0,40.0,1.9952623149688808,-1.5391324832145379
c4,268436282.0,40.0,2.1134890398366477,-1.5897231314164113
c4,268436282.0,40.0,2.23872113856834,-1.6410747431403718
c4,268436282.0,40.0,2.371373705661655,-1.6931644920808582
c4,268436282.0,40.0,2.5118864315095824,-1.745969379097391
c4,268436282.0,40.0,2.6607250597988115,-1.7994663416990264
c4,268436282.0,40.0,2.818382931264455,-1.853632357487974
c4,268436282.0,40.0,2.9853826189179604,-1.908444540905933
c4,268436282.0,40.0,3.1622776601683795,-1.9638802327706404
c4,268436282.0,40.0,3.3496543915782793,-2.019917082230702
c4,268436282.0,40.0,3.548133892335757,-2.0765331209014892
c4,268436282.0,40.0,3.758374042884443,-2.133706829069923
c4,268436282.0,40.0,3.981071705534973,-2.1914171939726215
c4,268436282.0,40.0,4.216965034285822,-2.2496437602542745
c4,268436282.0,40.0,4.4668359215096345,-2.308366672804828
c4,268436282.0,40.0,4.731512589614808,-2.3675667122513073
c4,268436282.0,40.0,5.011872336272725,-2.4272253234448056
c4,268436282.0,40.0,5.308844442309884,-2.4873246373349787
c4,268436282.0,40.0,5.62341325190349,-2.547847486662996
c4,268436282.0,40.0,5.95662143529011,-2.6087774159327908
c4,268436282.0,40.0,6.309573444801936,-2.6700986861365483
c4,268436282.0,40.0,6.683439175686149,-2.731796274719382
c4,268436282.0,40.0,7.07945784384138,-2.7938558712666146
c4,268436282.0,40.0,7.498942093324558,-2.856263869390601
c4,268436282.0,40.0,7.943282347242821,-2.919007355279678
c4,268436282.0,40.0,8.413951416451956,-2.9820740933539094
c4,268436282.0,40.0,8.91250938133746,-3.0454525094502207
c4,268436282.0,40.0,9.440608762859236,-3.109131671934106
c4,268436282.0,40.0,10.0,-3.173101271108215
c4,268436282.0,40.0,10.592537251772898,-3.2373515972603073
c4,268436282.0,40.0,11.220184543019641,-3.301873517663344
c4,268436282.0,40.0,11.88502227437019,-3.3666584528124117
c4,268436282.0,40.0,12.589254117941675,-3.431698352154462
c4,268436282.0,40.0,13.33521432163324,-3.496985669539178
c4,268436282.0,40.0,14.125375446227554,-3.5625133385928813
c4,268436282.0,40.0,14.962356560944343,-3.6282747481927347
c4,268436282.0,40.0,15.848931924611142,-3.694263718194065
c4,268436282.0,40.0,16.788040181225607,-3.7604744755426287
c4,268436282.0,40.0,17.78279410038923,-3.8269016308826154
c4,268436282.0,40.0,18.83649089489802,-3.8935401557531293
c4,268436282.0,40.0,19.952623149688808,-3.9603853604486954
c4,268436282.0,40.0,21.134890398366476,-4.027432872604277
c4,268436282.0,40.0,22.3872113856834,-4.094678616551649
c4,268436282.0,40.0,23.71373705661655,-4.162118793481509
c4,268436282.0,40.0,25.11886431509582,-4.229749862435555
c4,268436282.0,40.0,26.607250597988113,-4.2975685221425675
c4,268436282.0,40.0,28.183829312644548,-4.365571693705584
c4,268436282.0,40.0,29.853826189179603,-4.433756504138393
c4,268436282.0,40.0,31.622776601683793,-4.502120270745663
c4,268436282.0,40.0,33.496543915782794,-4.570660486334152
c4,268436282.0,40.0,35.48133892335757,-4.639374805239344
c4,268436282.0,40.0,37.58374042884443,-4.708261030148028
c4,268436282.0,40.0,39.810717055349734,-4.777317099694042
c4,268436282.0,40.0,42.169650342858226,-4.846541076803468
c4,268436282.0,40.0,44.668359215096345,-4.915931137762147
c4,268436282.0,40.0,47.315125896148075,-4.9854855619788765
c4,268436282.0,40.0,50.118723362727245,-5.055202722415414
c4,268436282.0,40.0,53.08844442309885,-5.125081076654965
c4,268436282.0,40.0,56.23413251903491,-5.195119158579817
c4,268436282.0,40.0,59.56621435290109,-5.26531557062961
c4,268436282.0,40.0,63.095734448019364,-5.335668976611057
c4,268436282.0,40.0,66.83439175686149,-5.406178095031555
c4,268436282.0,40.0,70.79457843841381,-5.47684169292835
c4,268436282.0,40.0,74.98942093324558,-5.547658580166777
c4,268436282.0,40.0,79.43282347242821,-5.61862760418134
c4,268436282.0,40.0,84.13951416451955,-5.689747645133758
c4,268436282.0,40.0,89.12509381337459,-5.76101761146459
c4,268436282.0,40.0,94.40608762859236,-5.832436435813681
c4,268436282.0,40.0,100.0,-5.904003071287984
c4,268436282.0,60.0,0.01,-0.015437546940718087
c4,268436282.0,60.0,0.010592537251772886,-0.017414776459568352
c4,268436282.0,60.0,0.011220184543019636,-0.019448327773168912
c4,268436282.0,60.0,0.011885022274370183,-0.021544745020969924
c4,268436282.0,60.0,0.012589254117941675,-0.02371075719495483
c4,268436282.0,60.0,0.01333521432163324,-0.025953297653126872
c4,268436282.0,60.0,0.01412537544622754,-0.028279523986167385
c4,268436282.0,60.0,0.014962356560944336,-0.030696838261259483
c4,268436282.0,60.0,0.015848931924611134,-0.033212907671824644
c4,268436282.0,60.0,0.016788040181225608,-0.035835685616164806
c4,268436282.0,60.0,0.01778279410038923,-0.03857343323021161
c4,268436282.0,60.0,0.018836490894898,-0.0414347413724694
c4,268436282.0,60.0,0.0199526231496888,-0.04442855309503123
c4,268436282.0,60.0,0.021134890398366465,-0.04756418659034417
c4,268436282.0,60.0,0.0223872113856834,-0.050851358617888254
c4,268436282.0,60.0,0.023713737056616554,-0.05430020841067457
c4,268436282.0,60.0,0.025118864315095794,-0.057921322044464714
c4,268436282.0,60.0,0.0266072505979881,-0.06172575724960676
c4,268436282.0,60.0,0.028183829312644536,-0.06572506864070214
c4,268436282.0,60.0,0.029853826189179603,-0.06993133332242421
c4,268436282.0,60.0,0.03162277660168379,-0.07435717682719219
c4,268436282.0,60.0,0.03349654391578276,-0.07901579932036867
c4,268436282.0,60.0,0.03548133892335755,-0.08392100200762452
c4,268436282.0,60.0,0.03758374042884443,-0.08908721365418065
c4,268436282.0,60.0,0.039810717055349734,-0.09452951711482532
c4,268436282.0,60.0,0.042169650342858224,-0.10026367576354896
c4,268436282.0,60.0,0.0446683592150963,-0.10630615968321692
c4,268436282.0,60.0,0.04731512589614805,-0.11267417146585236
c4,268436282.0,60.0,0.05011872336272725,-0.11938567144949035
c4,268436282.0,60.0,0.053088444423098846,-0.126459402199803
c4,268436282.0,60.0,0.056234132519034905,-0.1339149120157225
c4,268436282.0,60.0,0.059566214352901034,-0.14177257722570288
c4,268436282.0,60.0,0.06309573444801933,-0.150053623003056
c4,268436282.0,60.0,0.06683439175686148,-0.1587801424161367
c4,268436282.0,60.0,0.0707945784384138,-0.16797511339327004
c4,268436282.0,60.0,0.07498942093324558,-0.17766241326421636
c4,268436282.0,60.0,0.07943282347242814,-0.18786683050553432
c4,268436282.0,60.0,0.08413951416451952,-0.1986140733000127
c4,268436282.0,60.0,0.08912509381337459,-0.209930774486912
c4,268436282.0,60.0,0.09440608762859236,-0.2218444924660681
c4,268436282.0,60.0,0.1,-0.23438370758770535
c4,268436282.0,60.0,0.10592537251772892,-0.2475778135504241
c4,268436282.0,60.0,0.11220184543019636,-0.261457103310965
c4,268436282.0,60.0,0.11885022274370183,-0.2760527490008831
c4,268436282.0,60.0,0.12589254117941676,-0.2913967753418353
c4,268436282.0,60.0,0.1333521432163324,-0.3075220260538928
c4,268436282.0,60.0,0.14125375446227548,-0.3244621227627825
c4,268436282.0,60.0,0.14962356560944334,-0.3422514159310009
c4,268436282.0,60.0,0.1584893192461114,-0.36092492736736104
c4,268436282.0,60.0,0.16788040181225605,-0.3805182839134389
c4,268436282.0,60.0,0.1778279410038923,-0.40106764195529115
c4,268436282.0,60.0,0.18836490894898011,-0.4226096024775151
c4,268436282.0,60.0,0.19952623149688797,-0.4451811164580484
c4,268436282.0,60.0,0.21134890398366477,-0.4688193804935841
c4,268436282.0,60.0,0.223872113856834,-0.4935617226598786
c4,268436282.0,60.0,0.23713737056616552,-0.5194454787292831
c4,268436282.0,60.0,0.25118864315095807,-0.5465078590110983
c4,268436282.0,60.0,0.26607250597988097,-0.5747858062263055
c4,268436282.0,60.0,0.2818382931264455,-0.6043158449925896
c4,268436282.0,60.0,0.298538261891796,-0.6351339236648063
c4,268436282.0,60.0,0.31622776601683794,-0.6672752494549641
c4,268436282.0,60.0,0.3349654391578278,-0.7007741179329512
c4,268436282.0,60.0,0.35481338923357547,-0.7356637381927481
c4,268436282.0,60.0,0.3758374042884443,-0.7719760551397047
c4,268436282.0,60.0,0.3981071705534973,-0.8097415705209148
c4,268436282.0,60.0,0.4216965034285822,-0.8489891644700979
c4,268436282.0,60.0,0.44668359215096326,-0.8897459194673955
c4,268436282.0,60.0,0.4731512589614805,-0.9320369487177763
c4,268436282.0,60.0,0.5011872336272725,-0.9758852310266687
c4,268436282.0,60.0,0.5308844442309885,-1.0213114542878703
c4,268436282.0,60.0,0.5623413251903491,-1.0683338696987357
c4,268436282.0,60.0,0.5956621435290106,-1.116968158774103
c4,268436282.0,60.0,0.6309573444801932,-1.167227315142895
c4,268436282.0,60.0,0.6683439175686149,-1.2191215429782152
c4,268436282.0,60.0,0.707945784384138,-1.2726581737356346
c4,268436282.0,60.0,0.7498942093324558,-1.3278416026531092
c4,268436282.0,60.0,0.7943282347242817,-1.3846732462092
c4,268436282.0,60.0,0.8413951416451951,-1.4431515214425652
c4,268436282.0,60.0,0.8912509381337459,-1.5032718477169467
c4,268436282.0,60.0,0.9440608762859236,-1.5650266711756142
c4,268436282.0,60.0,1.0,-1.6284055117780982
c4,268436282.0,60.0,1.0592537251772887,-1.6933950324588747
c4,268436282.0,60.0,1.1220184543019642,-1.7599791295994216
c4,268436282.0,60.0,1.188502227437019,-1.8281390436754728
c4,268436282.0,60.0,1.2589254117941675,-1.8978534886337062
c4,268436282.0,60.0,1.333521432163324,-1.9690987982780697
c4,268436282.0,60.0,1.412537544622754,-2.0418490877115745
c4,268436282.0,60.0,1.4962356560944343,-2.1160764276882733
c4,268436282.0,60.0,1.584893192461114,-2.191751029588473
c4,268436282.0,60.0,1.6788040181225607,-2.2688414386384324
c4,268436282.0,60.0,1.7782794100389228,-2.3473147329556467
c4,268436282.0,60.0,1.8836490894898001,-2.4271367260096017
c4,268436282.0,60.0,1.9952623149688808,-2.5082721701453163
c4,268436282.0,60.0,2.1134890398366477,-2.5906849589158565
c4,268436282.0,60.0,2.23872113856834,-2.6743383261094187
c4,268436282.0,60.0,2.371373705661655,-2.75919503952581
c4,268436282.0,60.0,2.5118864315095824,-2.845217587754292
c4,268436282.0,60.0,2.6607250597988115,-2.9323683584208746
c4,268436282.0,60.0,2.818382931264455,-3.0206098066001137
c4,268436282.0,60.0,2.9853826189179604,-3.109904612322339
c4,268436282.0,60.0,3.1622776601683795,-3.2002158263402616
c4,268436282.0,60.0,3.3496543915782793,-3.291507003549385
c4,268436282.0,60.0,3.548133892335757,-3.3837423236743316
c4,268436282.0,60.0,3.758374042884443,-3.4768866990393725
c4,268436282.0,60.0,3.981071705534973,-3.570905869428717
c4,268436282.0,60.0,4.216965034285822,-3.665766484211884
c4,268436282.0,60.0,4.4668359215096345,-3.7614361720559475
c4,268436282.0,60.0,4.731512589614808,-3.857883598675104
c4,268436282.0,60.0,5.011872336272725,-3.955078513171584
c4,268436282.0,60.0,5.308844442309884,-4.0529917836065055
c4,268436282.0,60.0,5.62341325190349,-4.151595422503626
c4,268436282.0,60.0,5.95662143529011,-4.250862603034106
c4,268436282.0,60.0,6.309573444801936,-4.350767666657995
c4,268436282.0,60.0,6.683439175686149,-4.451286123012193
c4,268436282.0,60.0,7.07945784384138,-4.552394642832577
c4,268436282.0,60.0,7.498942093324558,-4.654071044686832
c4,268436282.0,60.0,7.943282347242821,-4.75629427627173
c4,268436282.0,60.0,8.413951416451956,-4.859044390999649
c4,268436282.0,60.0,8.91250938133746,-4.962302520561459
c4,268436282.0,60.0,9.440608762859236,-5.066050844114187
c4,268436282.0,60.0,10.0,-5.17027255469602
c4,268436282.0,60.0,10.592537251772898,-5.274951823426222
c4,268436282.0,60.0,11.220184543019641,-5.3800737619999754
c4,268436282.0,60.0,11.88502227437019,-5.485624383941855
c4,268436282.0,60.0,12.589254117941675,-5.5915905650344255
c4,268436282.0,60.0,13.33521432163324,-5.697960003294357
c4,268436282.0,60.0,14.125375446227554,-5.8047211788246775
c4,268436282.0,60.0,14.962356560944343,-5.911863313832064
c4,268436282.0,60.0,15.848931924611142,-6.019376333057573
c4,268436282.0,60.0,16.788040181225607,-6.1272508248364375
c4,268436282.0,60.0,17.78279410038923,-6.235478002966211
c4,268436282.0,60.0,18.83649089489802,-6.344049669535369
c4,268436282.0,60.0,19.952623149688808,-6.4529581788346135
c4,268436282.0,60.0,21.134890398366476,-6.5621964024499055
c4,268436282.0,60.0,22.3872113856834,-6.671757695612899
c4,268436282.0,60.0,23.71373705661655,-6.781635864865269
c4,268436282.0,60.0,25.11886431509582,-6.89182513707615
c4,268436282.0,60.0,26.607250597988113,-7.002320129835744
c4,268436282.0,60.0,28.183829312644548,-7.1131158232354945
c4,268436282.0,60.0,29.853826189179603,-7.224207533034136
c4,268436282.0,60.0,31.622776601683793,-7.335590885197446
c4,268436282.0,60.0,33.496543915782794,-7.4472617917940145
c4,268436282.0,60.0,35.48133892335757,-7.5592164282191625
c4,268436282.0,60.0,37.58374042884443,-7.671451211716686
c4,268436282.0,60.0,39.810717055349734,-7.783962781161066
c4,268436282.0,60.0,42.169650342858226,-7.89674797806051
c4,268436282.0,60.0,44.668359215096345,-8.009803828738109
c4,268436282.0,60.0,47.315125896148075,-8.12312752764626
c4,268436282.0,60.0,50.118723362727245,-8.236716421768316
c4,268436282.0,60.0,53.08844442309885,-8.350567996060583
c4,268436282.0,60.0,56.23413251903491,-8.464679859887564
c4,268436282.0,60.0,59.56621435290109,-8.579049734402954
c4,268436282.0,60.0,63.095734448019364,-8.693675440830065
c4,268436282.0,60.0,66.83439175686149,-8.808554889595431
c4,268436282.0,60.0,70.79457843841381,-8.923686070270799
c4,268436282.0,60.0,74.98942093324558,-9.039067042279054
c4,268436282.0,60.0,79.43282347242821,-9.154695926321944
c4,268436282.0,60.0,84.13951416451955,-9.27057089648823
c4,268436282.0,60.0,89.12509381337459,-9.386690173001659
c4,268436282.0,60.0,94.40608762859236,-9.503052015571877
c4,268436282.0,60.0,100.0,-9.619654717310164
c4,268436282.0,80.0,0.01,-0.03140531182102973
c4,268436282.0,80.0,0.010592537251772886,-0.03366877706492632
c4,268436282.0,80.0,0.011220184543019636,-0.03604162777300204
c4,268436282.0,80.0,0.011885022274370183,-0.03853145150641218
c4,268436282.0,80.0,0.012589254117941675,-0.04114619028930414
c4,268436282.0,80.0,0.01333521432163324,-0.043894162988325804
c4,268436282.0,80.0,0.01412537544622754,-0.046784088481232305
c4,268436282.0,80.0,0.014962356560944336,-0.04982510963524125
c4,268436282.0,80.0,0.015848931924611134,-0.05302681811968155
c4,268436282.0,80.0,0.016788040181225608,-0.05639928007175833
c4,268436282.0,80.0,0.01778279410038923,-0.059953062627607516
c4,268436282.0,80.0,0.018836490894898,-0.06369926132704576
c4,268436282.0,80.0,0.0199526231496888,-0.06764952839206709
c4,268436282.0,80.0,0.021134890398366465,-0.07181610188656597
c4,268436282.0,80.0,0.0223872113856834,-0.07621183573675737
c4,268436282.0,80.0,0.023713737056616554,-0.08085023059851337
c4,268436282.0,80.0,0.025118864315095794,-0.08574546554560215
c4,268436282.0,80.0,0.0266072505979881,-0.09091243053871335
c4,268436282.0,80.0,0.028183829312644536,-0.09636675963126234
c4,268436282.0,80.0,0.029853826189179603,-0.10212486484446597
c4,268436282.0,80.0,0.03162277660168379,-0.10820397063906924
c4,268436282.0,80.0,0.03349654391578276,-0.11462214889535179
c4,268436282.0,80.0,0.03548133892335755,-0.12139835428715941
c4,268436282.0,80.0,0.03758374042884443,-0.1285524599267798
c4,268436282.0,80.0,0.039810717055349734,-0.13610529313075112
c4,268436282.0,80.0,0.042169650342858224,-0.14407867113648729
c4,268436282.0,80.0,0.0446683592150963,-0.15249543657632145
c4,268436282.0,80.0,0.04731512589614805,-0.16137949248533628
c4,268436282.0,80.0,0.05011872336272725,-0.17075583659582055
c4,268436282.0,80.0,0.053088444423098846,-0.18065059464023603
c4,268436282.0,80.0,0.056234132519034905,-0.19109105234986912
c4,268436282.0,80.0,0.059566214352901034,-0.20210568580995458
c4,268436282.0,80.0,0.06309573444801933,-0.2137241897889806
c4,268436282.0,80.0,0.06683439175686148,-0.2259775036312805
c4,268436282.0,80.0,0.0707945784384138,-0.2388978342628142
c4,268436282.0,80.0,0.07498942093324558,-0.25251867582124354
c4,268436282.0,80.0,0.07943282347242814,-0.26687482538944735
c4,268436282.0,80.0,0.08413951416451952,-0.2820023942701713
c4,268436282.0,80.0,0.08912509381337459,-0.29793881420555685
c4,268436282.0,80.0,0.09440608762859236,-0.3147228379197015
c4,268436282.0,80.0,0.1,-0.3323945333196248
c4,268436282.0,80.0,0.10592537251772892,-0.35099527067809577
c4,268436282.0,80.0,0.11220184543019636,-0.37056770209378637
c4,268436282.0,80.0,0.11885022274370183,-0.3911557325124212
c4,268436282.0,80.0,0.12589254117941676,-0.4128044815895017
c4,268436282.0,80.0,0.1333521432163324,-0.43556023567760577
c4,268436282.0,80.0,0.14125375446227548,-0.45947038923657246
c4,268436282.0,80.0,0.14962356560944334,-0.4845833749955773
c4,268436282.0,80.0,0.1584893192461114,-0.5109485822346779
c4,268436282.0,80.0,0.16788040181225605,-0.5386162626161287
c4,268436282.0,80.0,0.1778279410038923,-0.5676374230673323
c4,268436282.0,80.0,0.18836490894898011,-0.5980637053157993
c4,268436282.0,80.0,0.19952623149688797,-0.6299472517862628
c4,268436282.0,80.0,0.21134890398366477,-0.6633405577078056
c4,268436282.0,80.0,0.223872113856834,-0.6982963094300686
c4,268436282.0,80.0,0.23713737056616552,-0.734867209127559
c4,268436282.0,80.0,0.25118864315095807,-0.7731057862597367
c4,268436282.0,80.0,0.26607250597988097,-0.8130641963724357
c4,268436282.0,80.0,0.2818382931264455,-0.8547940080521432
c4,268436282.0,80.0,0.298538261891796,-0.898345979086664
c4,268436282.0,80.0,0.31622776601683794,-0.9437698231356095
c4,268436282.0,80.0,0.3349654391578278,-0.9911139684712635
c4,268436282.0,80.0,0.35481338923357547,-1.0404253106003485
c4,268436282.0,80.0,0.3758374042884443,-1.091748960828198
c4,268436282.0,80.0,0.3981071705534973,-1.1451279930556533
c4,268436282.0,80.0,0.4216965034285822,-1.200603191313271
c4,268436282.0,80.0,0.44668359215096326,-1.2582128007184887
c4,268436282.0,80.0,0.4731512589614805,-1.3179922846895602
c4,268436282.0,80.0,0.5011872336272725,-1.3799740913527894
c4,268436282.0,80.0,0.5308844442309885,-1.4441874321338624
c4,268436282.0,80.0,0.5623413251903491,-1.5106580755228431
c4,268436282.0,80.0,0.5956621435290106,-1.5794081589411209
c4,268436282.0,80.0,0.6309573444801932,-1.650456021514612
c4,268436282.0,80.0,0.6683439175686149,-1.7238160603700534
c4,268436282.0,80.0,0.707945784384138,-1.7994986128207704
c4,268436282.0,80.0,0.7498942093324558,-1.8775098664977599
c4,268436282.0,80.0,0.7943282347242817,-1.9578517991165747
c4,268436282.0,80.0,0.8413951416451951,-2.0405221491569443
c4,268436282.0,80.0,0.8912509381337459,-2.125514418280319
c4,268436282.0,80.0,0.9440608762859236,-2.2128179058309425
c4,268436282.0,80.0,1.0,-2.3024177752672936
c4,268436282.0,80.0,1.0592537251772887,-2.394295151874118
c4,268436282.0,80.0,1.1220184543019642,-2.4884272506108327
c4,268436282.0,80.0,1.188502227437019,-2.584787532487567
c4,268436282.0,80.0,1.2589254117941675,-2.683345887423774
c4,268436282.0,80.0,1.333521432163324,-2.7840688411586823
c4,268436282.0,80.0,1.412537544622754,-2.886919783450074
c4,268436282.0,80.0,1.4962356560944343,-2.9918592145280547
c4,268436282.0,80.0,1.584893192461114,-3.0988450065707926
c4,268436282.0,80.0,1.6788040181225607,-3.2078326768388905
c4,268436282.0,80.0,1.7782794100389228,-3.3187756690478603
c4,268436282.0,80.0,1.8836490894898001,-3.4316256395722413
c4,268436282.0,80.0,1.9952623149688808,-3.5463327451533284
c4,268436282.0,80.0,2.1134890398366477,-3.6628459289261652
c4,268436282.0,80.0,2.23872113856834,-3.781113201773725
c4,268436282.0,80.0,2.371373705661655,-3.901081916260482
c4,268436282.0,80.0,2.5118864315095824,-4.022699030672459
c4,268436282.0,80.0,2.6607250597988115,-4.145911360998145
c4,268436282.0,80.0,2.818382931264455,-4.27066581900543
c4,268436282.0,80.0,2.9853826189179604,-4.396909634902807
c4,268436282.0,80.0,3.1622776601683795,-4.52459056340331
c4,268436282.0,80.0,3.3496543915782793,-4.653657072333671
c4,268436282.0,80.0,3.548133892335757,-4.784058513242034
c4,268436282.0,80.0,3.758374042884443,-4.9157452737454514
c4,268436282.0,80.0,3.981071705534973,-5.048668911626597
c4,268436282.0,80.0,4.216965034285822,-5.182782270925797
c4,268436282.0,80.0,4.4668359215096345,-5.3180395804850935
c4,268436282.0,80.0,4.731512589614808,-5.4543965355798445
c4,268436282.0,80.0,5.011872336272725,-5.591810363421361
c4,268436282.0,80.0,5.308844442309884,-5.7302398734338755
c4,268436282.0,80.0,5.62341325190349,-5.869645493299179
c4,268436282.0,80.0,5.95662143529011,-6.009989291826457
c4,268436282.0,80.0,6.309573444801936,-6.151234989744964
c4,268436282.0,80.0,6.683439175686149,-6.293347959534301
c4,268436282.0,80.0,7.07945784384138,-6.436295215407841
c4,268436282.0,80.0,7.498942093324558,-6.580045394545933
c4,268436282.0,80.0,7.943282347242821,-6.724568730644813
c4,268436282.0,80.0,8.413951416451956,-6.8698370208055355
c4,268436282.0,80.0,8.91250938133746,-7.015823586735762
c4,268436282.0,80.0,9.440608762859236,-7.162503231179285
c4,268436282.0,80.0,10.0,-7.309852190425799
c4,268436282.0,80.0,10.592537251772898,-7.457848083690213
c4,268436282.0,80.0,11.220184543019641,-7.606469860081183
c4,268436282.0,80.0,11.88502227437019,-7.755697743814944
c4,268436282.0,80.0,12.589254117941675,-7.905513178263202
c4,268436282.0,80.0,13.33521432163324,-8.055898769362138
c4,268436282.0,80.0,14.125375446227554,-8.206838228846323
c4,268436282.0,80.0,14.962356560944343,-8.358316317715529
c4,268436282.0,80.0,15.848931924611142,-8.510318790288135
c4,268436282.0,80.0,16.788040181225607,-8.66283233914178
c4,268436282.0,80.0,17.78279410038923,-8.815844541199622
c4,268436282.0,80.0,18.83649089489802,-8.969343805172693
c4,268436282.0,80.0,19.952623149688808,-9.123319320534264
c4,268436282.0,80.0,21.134890398366476,-9.277761008164985
c4,268436282.0,80.0,22.3872113856834,-9.432659472775635
c4,268436282.0,80.0,23.71373705661655,-9.588005957188226
c4,268436282.0,80.0,25.11886431509582,-9.74379229852984
c4,268436282.0,80.0,26.607250597988113,-9.900010886372101
c4,268436282.0,80.0,28.183829312644548,-10.056654622831903
c4,268436282.0,80.0,29.853826189179603,-10.213716884630728
c4,268436282.0,80.0,31.622776601683793,-10.371191487097214
c4,268436282.0,80.0,33.496543915782794,-10.52907265008577
c4,268436282.0,80.0,35.48133892335757,-10.687354965774526
c4,268436282.0,80.0,37.58374042884443,-10.846033368296846
c4,268436282.0,80.0,39.810717055349734,-11.005103105156255
c4,268436282.0,80.0,42.169650342858226,-11.164559710366207
c4,268436282.0,80.0,44.668359215096345,-11.324398979256898
c4,268436282.0,80.0,47.315125896148075,-11.48461694488334
c4,268436282.0,80.0,50.118723362727245,-11.64520985597115
c4,268436282.0,80.0,53.08844442309885,-11.806174156333356
c4,268436282.0,80.0,56.23413251903491,-11.96750646569099
c4,268436282.0,80.0,59.56621435290109,-12.129203561831293
c4,268436282.0,80.0,63.095734448019364,-12.29126236403774
c4,268436282.0,80.0,66.83439175686149,-12.453679917726113
c4,268436282.0,80.0,70.79457843841381,-12.616453380222957
c4,268436282.0,80.0,74.98942093324558,-12.779580007625725
c4,268436282.0,80.0,79.43282347242821,-12.94305714268164
c4,268436282.0,80.0,84.13951416451955,-13.106882203629688
c4,268436282.0,80.0,89.12509381337459,-13.271052673947128
c4,268436282.0,80.0,94.40608762859236,-13.435566092948068
c4,268436282.0,80.0,100.0,-13.600420047181125
c4,268436282.0,100.0,0.01,-0.04408161221566015
c4,268436282.0,100.0,0.010592537251772886,-0.04687591654523318
c4,268436282.0,100.0,0.011220184543019636,-0.049822628187015404
c4,268436282.0,100.0,0.011885022274370183,-0.052931151321176866
c4,268436282.0,100.0,0.012589254117941675,-0.05621138296861528
c4,268436282.0,100.0,0.01333521432163324,-0.05967374062766127
c4,268436282.0,100.0,0.01412537544622754,-0.06332919104885237
c4,268436282.0,100.0,0.014962356560944336,-0.06718928014201654
c4,268436282.0,100.0,0.015848931924611134,-0.07126616406828476
c4,268436282.0,100.0,0.016788040181225608,-0.07557264151188413
c4,268436282.0,100.0,0.01778279410038923,-0.08012218716753627
c4,268436282.0,100.0,0.018836490894898,-0.08492898642873511
c4,268436282.0,100.0,0.0199526231496888,-0.09000797129798835
c4,268436282.0,100.0,0.021134890398366465,-0.0953748574920612
c4,268436282.0,100.0,0.0223872113856834,-0.10104618274918167
c4,268436282.0,100.0,0.023713737056616554,-0.10703934628390305
c4,268436282.0,100.0,0.025118864315095794,-0.11337264937624285
c4,268436282.0,100.0,0.0266072505979881,-0.12006533702791851
c4,268436282.0,100.0,0.028183829312644536,-0.12713764062622443
c4,268436282.0,100.0,0.029853826189179603,-0.13461082152728415
c4,268436282.0,100.0,0.03162277660168379,-0.14250721546347353
c4,268436282.0,100.0,0.03349654391578276,-0.15085027765190892
c4,268436282.0,100.0,0.03548133892335755,-0.1596646284529192
c4,268436282.0,100.0,0.03758374042884443,-0.1689760994202686
c4,268436282.0,100.0,0.039810717055349734,-0.17881177954078883
c4,268436282.0,100.0,0.042169650342858224,-0.18920006144108492
c4,268436282.0,100.0,0.0446683592150963,-0.20017068730273707
c4,268436282.0,100.0,0.04731512589614805,-0.21175479419779228
c4,268436282.0,100.0,0.05011872336272725,-0.22398495851691888
c4,268436282.0,100.0,0.053088444423098846,-0.23689523912318947
c4,268436282.0,100.0,0.056234132519034905,-0.25052121882336986
c4,268436282.0,100.0,0.059566214352901034,-0.26490004371056336
c4,268436282.0,100.0,0.06309573444801933,-0.2800704598780806
c4,268436282.0,100.0,0.06683439175686148,-0.2960728469641222
c4,268436282.0,100.0,0.0707945784384138,-0.3129492479393585
c4,268436282.0,100.0,0.07498942093324558,-0.3307433944952175
c4,268436282.0,100.0,0.07943282347242814,-0.34950072735079135
c4,268436282.0,100.0,0.08413951416451952,-0.3692684107430366
c4,268436282.0,100.0,0.08912509381337459,-0.39009534031979237
c4,268436282.0,100.0,0.09440608762859236,-0.4120321436169615
c4,268436282.0,100.0,0.1,-0.4351311722572963
c4,268436282.0,100.0,0.10592537251772892,-0.4594464849773891
c4,268436282.0,100.0,0.11220184543019636,-0.48503382056552036
c4,268436282.0,100.0,0.11885022274370183,-0.5119505597710364
c4,268436282.0,100.0,0.12589254117941676,-0.5402556752433735
c4,268436282.0,100.0,0.1333521432163324,-0.5700096685625273
c4,268436282.0,100.0,0.14125375446227548,-0.6012744934431904
c4,268436282.0,100.0,0.14962356560944334,-0.6341134642318746
c4,268436282.0,100.0,0.1584893192461114,-0.6685911488737034
c4,268436282.0,100.0,0.16788040181225605,-0.7047732455977286
c4,268436282.0,100.0,0.1778279410038923,-0.7427264426740685
c4,268436282.0,100.0,0.18836490894898011,-0.7825182607145904
c4,268436282.0,100.0,0.19952623149688797,-0.8242168771424567
c4,268436282.0,100.0,0.21134890398366477,-0.8678909326267247
c4,268436282.0,100.0,0.223872113856834,-0.9136093194849573
c4,268436282.0,100.0,0.23713737056616552,-0.9614409522828709
c4,268436282.0,100.0,0.25118864315095807,-1.0114545211154102
c4,268436282.0,100.0,0.26607250597988097,-1.0637182283336133
c4,268436282.0,100.0,0.2818382931264455,-1.1182995097785824
c4,268436282.0,100.0,0.298538261891796,-1.175264741899159
c4,268436282.0,100.0,0.31622776601683794,-1.2346789364621795
c4,268436282.0,100.0,0.3349654391578278,-1.2966054248903076
c4,268436282.0,100.0,0.35481338923357547,-1.3611055346019145
c4,268436282.0,100.0,0.3758374042884443,-1.428238260044788
c4,268436282.0,100.0,0.3981071705534973,-1.4980599314219019
c4,268436282.0,100.0,0.4216965034285822,-1.5706238843847309
c4,268436282.0,100.0,0.44668359215096326,-1.6459801342071165
c4,268436282.0,100.0,0.4731512589614805,-1.72417505814644
c4,268436282.0,100.0,0.5011872336272725,-1.8052510898329384
c4,268436282.0,100.0,0.5308844442309885,-1.889246429600293
c4,268436282.0,100.0,0.5623413251903491,-1.9761947746671988
c4,268436282.0,100.0,0.5956621435290106,-2.0661250730003777
c4,268436282.0,100.0,0.6309573444801932,-2.159061304527995
c4,268436282.0,100.0,0.6683439175686149,-2.255022293125325
c4,268436282.0,100.0,0.707945784384138,-2.3540215524697317
c4,268436282.0,100.0,0.7498942093324558,-2.4560671684520936
c4,268436282.0,100.0,0.7943282347242817,-2.5611617203574584
c4,268436282.0,100.0,0.8413951416451951,-2.669302242485078
c4,268436282.0,100.0,0.8912509381337459,-2.780480227286542
c4,268436282.0,100.0,0.9440608762859236,-2.8946816704739136
c4,268436282.0,100.0,1.0,-3.011887157898847
c4,268436282.0,100.0,1.0592537251772887,-3.132071993350663
c4,268436282.0,100.0,1.1220184543019642,-3.2552063657781933
c4,268436282.0,100.0,1.188502227437019,-3.3812555538298366
c4,268436282.0,100.0,1.2589254117941675,-3.5101801650370326
c4,268436282.0,100.0,1.333521432163324,-3.6419364064618778
c4,268436282.0,100.0,1.412537544622754,-3.776476383192181
c4,268436282.0,100.0,1.4962356560944343,-3.913748420718113
c4,268436282.0,100.0,1.584893192461114,-4.053697406959926
c4,268436282.0,100.0,1.6788040181225607,-4.1962651495467815
c4,268436282.0,100.0,1.7782794100389228,-4.341390743873419
c4,268436282.0,100.0,1.8836490894898001,-4.489010947477204
c4,268436282.0,100.0,1.9952623149688808,-4.63906055638332
c4,268436282.0,100.0,2.1134890398366477,-4.791472779251414
c4,268436282.0,100.0,2.23872113856834,-4.9461796054107205
c4,268436282.0,100.0,2.371373705661655,-5.10311216318796
c4,268436282.0,100.0,2.5118864315095824,-5.262201065294855
c4,268436282.0,100.0,2.6607250597988115,-5.423376738440249
c4,268436282.0,100.0,2.818382931264455,-5.586569734755392
c4,268436282.0,100.0,2.9853826189179604,-5.751711023053875
c4,268436282.0,100.0,3.1622776601683795,-5.918732258380374
c4,268436282.0,100.0,3.3496543915782793,-6.087566028727423
c4,268436282.0,100.0,3.548133892335757,-6.258146078204294
c4,268436282.0,100.0,3.758374042884443,-6.430407506319269
c4,268436282.0,100.0,3.981071705534973,-6.6042869433889075
c4,268436282.0,100.0,4.216965034285822,-6.7797227023944995
c4,268436282.0,100.0,4.4668359215096345,-6.956654907884584
c4,268436282.0,100.0,4.731512589614808,-7.1350256027539825
c4,268436282.0,100.0,5.011872336272725,-7.314778833924318
c4,268436282.0,100.0,5.308844442309884,-7.495860718108382
c4,268436282.0,100.0,5.62341325190349,-7.6782194889565805
c4,268436282.0,100.0,5.95662143529011,-7.8618055269695795
c4,268436282.0,100.0,6.309573444801936,-8.046571373612638
c4,268436282.0,100.0,6.683439175686149,-8.232471731090893
c4,268436282.0,100.0,7.07945784384138,-8.419463449242645
c4,268436282.0,100.0,7.498942093324558,-8.607505500987324
c4,268436282.0,100.0,7.943282347242821,-8.79655894772174
c4,268436282.0,100.0,8.413951416451956,-8.98658689600394
c4,268436282.0,100.0,8.91250938133746,-9.177554446798334
c4,268436282.0,100.0,9.440608762859236,-9.36942863847746
c4,268436282.0,100.0,10.0,-9.562178384697672
c4,268436282.0,100.0,10.592537251772898,-9.755774408178501
c4,268436282.0,100.0,11.220184543019641,-9.950189171329374
c4,268436282.0,100.0,11.88502227437019,-10.145396804581171
c4,268436282.0,100.0,12.589254117941675,-10.341373033192758
c4,268436282.0,100.0,13.33521432163324,-10.538095103220718
c4,268436282.0,100.0,14.125375446227554,-10.735541707261769
c4,268436282.0,100.0,14.962356560944343,-10.933692910499094
c4,268436282.0,100.0,15.848931924611142,-11.132530077515833
c4,268436282.0,100.0,16.788040181225607,-11.332035800270214
c4,268436282.0,100.0,17.78279410038923,-11.532193827568154
c4,268436282.0,100.0,18.83649089489802,-11.732988996310976
c4,268436282.0,100.0,19.952623149688808,-11.934407164746771
c4,268436282.0,100.0,21.134890398366476,-12.136435147907042
c4,268436282.0,100.0,22.3872113856834,-12.339060655369147
c4,268436282.0,100.0,23.71373705661655,-12.5422722314502
c4,268436282.0,100.0,25.11886431509582,-12.74605919790167
c4,268436282.0,100.0,26.607250597988113,-12.95041159915099
c4,268436282.0,100.0,28.183829312644548,-13.155320150107377
c4,268436282.0,100.0,29.853826189179603,-13.360776186530114
c4,268436282.0,100.0,31.622776601683793,-13.566771617939446
c4,268436282.0,100.0,33.496543915782794,-13.773298883033103
c4,268436282.0,100.0,35.48133892335757,-13.980350907561725
c4,268436282.0,100.0,37.58374042884443,-14.187921064602849
c4,268436282.0,100.0,39.810717055349734,-14.396003137167636
c4,268436282.0,100.0,42.169650342858226,-14.604591283064034
c4,268436282.0,100.0,44.668359215096345,-14.81368000194093
c4,268436282.0,100.0,47.315125896148075,-15.023264104426078
c4,268436282.0,100.0,50.118723362727245,-15.233338683277058
c4,268436282.0,100.0,53.08844442309885,-15.443899086454774
c4,268436282.0,100.0,56.23413251903491,-15.654940892034643
c4,268436282.0,100.0,59.56621435290109,-15.86645988486712
c4,268436282.0,100.0,63.095734448019364,-16.07845203490194
c4,268436282.0,100.0,66.83439175686149,-16.290913477089255
c4,268436282.0,100.0,70.79457843841381,-16.50384049277715
c4,268436282.0,100.0,74.98942093324558,-16.717229492522
c4,268436282.0,100.0,79.43282347242821,-16.93107700023253
c4,268436282.0,100.0,84.13951416451955,-17.14537963857351
c4,268436282.0,100.0,89.12509381337459,-17.36013411555323
c4,268436282.0,100.0,94.40608762859236,-17.57533721222482
c4,268436282.0,100.0,100.0,-17.790985771432684
fw22,268436282.0,5.0,0.01,1.5879847042387543
fw22,268436282.0,5.0,0.010592537251772886,1.5856024078246425
fw22,268436282.0,5.0,0.011220184543019636,1.5830869840547739
fw22,268436282.0,5.0,0.011885022274370183,1.580431477925869
fw22,268436282.0,5.0,0.012589254117941675,1.577628627783729
fw22,268436282.0,5.0,0.01333521432163324,1.5746708585384928
fw22,268436282.0,5.0,0.01412537544622754,1.5715502756079585
fw22,268436282.0,5.0,0.014962356560944336,1.5682586597315895
fw22,268436282.0,5.0,0.015848931924611134,1.564787462811638
fw22,268436282.0,5.0,0.016788040181225608,1.5611278049399488
fw22,268436282.0,5.0,0.01778279410038923,1.55727047279948
fw22,268436282.0,5.0,0.018836490894898,1.5532059196317372
fw22,268436282.0,5.0,0.0199526231496888,1.548924266979807
fw22,268436282.0,5.0,0.021134890398366465,1.54441530843403
fw22,268436282.0,5.0,0.0223872113856834,1.539668515615784
fw22,268436282.0,5.0,0.023713737056616554,1.5346730466514162
fw22,268436282.0,5.0,0.025118864315095794,1.5294177573990944
fw22,268436282.0,5.0,0.0266072505979881,1.5238912157018822
fw22,268436282.0,5.0,0.028183829312644536,1.5180817189495275
fw22,268436282.0,5.0,0.029853826189179603,1.5119773152331828
fw22,268436282.0,5.0,0.03162277660168379,1.505565828385609
fw22,268436282.0,5.0,0.03349654391578276,1.4988348871928616
fw22,268436282.0,5.0,0.03548133892335755,1.4917719590592686
fw22,268436282.0,5.0,0.03758374042884443,1.4843643883972972
fw22,268436282.0,5.0,0.039810717055349734,1.476599439995252
fw22,268436282.0,5.0,0.042169650342858224,1.4684643475907886
fw22,268436282.0,5.0,0.0446683592150963,1.4599463678507025
fw22,268436282.0,5.0,0.04731512589614805,1.451032839912494
fw22,268436282.0,5.0,0.05011872336272725,1.4417112506005223
fw22,268436282.0,5.0,0.053088444423098846,1.4319693053674003
fw22,268436282.0,5.0,0.056234132519034905,1.421795004948258
fw22,268436282.0,5.0,0.059566214352901034,1.4111767276357805
fw22,268436282.0,5.0,0.06309573444801933,1.4001033170029331
fw22,268436282.0,5.0,0.06683439175686148,1.3885641747991087
fw22,268436282.0,5.0,0.0707945784384138,1.3765493586486162
fw22,268436282.0,5.0,0.07498942093324558,1.3640496840676255
fw22,268436282.0,5.0,0.07943282347242814,1.351056830200093
fw22,268436282.0,5.0,0.08413951416451952,1.337563448555584
fw22,268436282.0,5.0,0.08912509381337459,1.3235632739122505
fw22,268436282.0,5.0,0.09440608762859236,1.3090512364286173
fw22,268436282.0,5.0,0.1,1.2940235738964265
fw22,268436282.0,5.0,0.10592537251772892,1.2784779429620172
fw22,268436282.0,5.0,0.11220184543019636,1.262413528050611
fw22,268436282.0,5.0,0.11885022274370183,1.2458311466524188
fw22,268436282.0,5.0,0.12589254117941676,1.2287333495736468
fw22,268436282.0,5.0,0.1333521432163324,1.2111245147197334
fw22,268436282.0,5.0,0.14125375446227548,1.1930109329750727
fw22,268436282.0,5.0,0.14962356560944334,1.174400884760504
fw22,268436282.0,5.0,0.1584893192461114,1.155304705904465
fw22,268436282.0,5.0,0.16788040181225605,1.1357348415431567
fw22,268436282.0,5.0,0.1778279410038923,1.1157058868755239
fw22,268436282.0,5.0,0.18836490894898011,1.095234613735167
fw22,268436282.0,5.0,0.19952623149688797,1.0743399820996042
fw22,268436282.0,5.0,0.21134890398366477,1.0530431358307848
fw22,268436282.0,5.0,0.223872113856834,1.0313673821239728
fw22,268436282.0,5.0,0.23713737056616552,1.0093381543243545
fw22,268436282.0,5.0,0.25118864315095807,0.9869829579419533
fw22,268436282.0,5.0,0.26607250597988097,0.9643312998481475
fw22,268436282.0,5.0,0.2818382931264455,0.9414146007565184
fw22,268436282.0,5.0,0.298538261891796,0.9182660911711437
fw22,268436282.0,5.0,0.31622776601683794,0.8949206910176204
fw22,268436282.0,5.0,0.3349654391578278,0.8714148731506167
fw22,268436282.0,5.0,0.35481338923357547,0.84778651085777
fw22,268436282.0,5.0,0.3758374042884443,0.8240747093555516
fw22,268436282.0,5.0,0.3981071705534973,0.8003196211114724
fw22,268436282.0,5.0,0.4216965034285822,0.7765622446453502
fw22,268436282.0,5.0,0.44668359215096326,0.7528442062880277
fw22,268436282.0,5.0,0.4731512589614805,0.7292075242434437
fw22,268436282.0,5.0,0.5011872336272725,0.7056943542520846
fw22,268436282.0,5.0,0.5308844442309885,0.6823467162391474
fw22,268436282.0,5.0,0.5623413251903491,0.6592062016013722
fw22,268436282.0,5.0,0.5956621435290106,0.636313661292745
fw22,268436282.0,5.0,0.6309573444801932,0.6137088756536042
fw22,268436282.0,5.0,0.6683439175686149,0.591430208017536
fw22,268436282.0,5.0,0.707945784384138,0.5695142455276376
fw22,268436282.0,5.0,0.7498942093324558,0.5479954322670686
fw22,268436282.0,5.0,0.7943282347242817,0.5269057016835007
fw22,268436282.0,5.0,0.8413951416451951,0.5062741172411434
fw22,268436282.0,5.0,0.8912509381337459,0.4861265320956168
fw22,268436282.0,5.0,0.9440608762859236,0.4664852801435255
fw22,268436282.0,5.0,1.0,0.44736891180925553
fw22,268436282.0,5.0,1.0592537251772887,0.42879198815475417
fw22,268436282.0,5.0,1.1220184543019642,0.4107649461239061
fw22,268436282.0,5.0,1.188502227437019,0.3932940458204849
fw22,268436282.0,5.0,1.2589254117941675,0.3763814076359281
fw22,268436282.0,5.0,1.333521432163324,0.3600251428949416
fw22,268436282.0,5.0,1.412537544622754,0.3442195767295047
fw22,268436282.0,5.0,1.4962356560944343,0.3289555565242888
fw22,268436282.0,5.0,1.584893192461114,0.31422083400510115
fw22,268436282.0,5.0,1.6788040181225607,0.30000050442044024
fw22,268436282.0,5.0,1.7782794100389228,0.28627748282021837
fw22,268436282.0,5.0,1.8836490894898001,0.273032995578795
fw22,268436282.0,5.0,1.9952623149688808,0.2602470652736314
fw22,268436282.0,5.0,2.1134890398366477,0.24789896882050502
fw22,268436282.0,5.0,2.23872113856834,0.23596765214874865
fw22,268436282.0,5.0,2.371373705661655,0.22443208924006625
fw22,268436282.0,5.0,2.5118864315095824,0.21327157848098408
fw22,268436282.0,5.0,2.6607250597988115,0.20246597438013794
fw22,268436282.0,5.0,2.818382931264455,0.19199585722030268
fw22,268436282.0,5.0,2.9853826189179604,0.1818426467340106
fw22,268436282.0,5.0,3.1622776601683795,0.17198866818427502
fw22,268436282.0,5.0,3.3496543915782793,0.16241718027498903
fw22,268436282.0,5.0,3.548133892335757,0.1531123742620436
fw22,268436282.0,5.0,3.758374042884443,0.1440593527586508
fw22,268436282.0,5.0,3.981071705534973,0.1352440953505983
fw22,268436282.0,5.0,4.216965034285822,0.12665341656690776
fw22,268436282.0,5.0,4.4668359215096345,0.11827492023414196
fw22,268436282.0,5.0,4.731512589614808,0.11009695293676514
fw22,268436282.0,5.0,5.011872336272725,0.10210855828411003
fw22,268436282.0,5.0,5.308844442309884,0.09429943294984276
fw22,268436282.0,5.0,5.62341325190349,0.08665988496310471
fw22,268436282.0,5.0,5.95662143529011,0.0791807944324308
fw22,268436282.0,5.0,6.309573444801936,0.0718535767161861
fw22,268436282.0,5.0,6.683439175686149,0.06467014796717274
fw22,268436282.0,5.0,7.07945784384138,0.05762289294025784
fw22,268436282.0,5.0,7.498942093324558,0.05070463493742806
fw22,268436282.0,5.0,7.943282347242821,0.04390860776230071
fw22,268436282.0,5.0,8.413951416451956,0.03722842955888362
fw22,268436282.0,5.0,8.91250938133746,0.03065807841431093
fw22,268436282.0,5.0,9.440608762859236,0.024191869610972784
fw22,268436282.0,5.0,10.0,0.01782443441931522
fw22,268436282.0,5.0,10.592537251772898,0.011550700328530636
fw22,268436282.0,5.0,11.220184543019641,0.005365872618084446
fw22,268436282.0,5.0,11.88502227437019,-0.0007345828212257993
fw22,268436282.0,5.0,12.589254117941675,-0.006754955502554328
fw22,268436282.0,5.0,13.33521432163324,-0.012699305275146584
fw22,268436282.0,5.0,14.125375446227554,-0.01857147624879711
fw22,268436282.0,5.0,14.962356560944343,-0.02437510978114225
fw22,268436282.0,5.0,15.848931924611142,-0.030113656593694433
fw22,268436282.0,5.0,16.788040181225607,-0.035790388078076524
fw22,268436282.0,5.0,17.78279410038923,-0.04140840684972658
fw22,268436282.0,5.0,18.83649089489802,-0.04697065660235659
fw22,268436282.0,5.0,19.952623149688808,-0.05247993131278643
fw22,268436282.0,5.0,21.134890398366476,-0.05793888384217841
fw22,268436282.0,5.0,22.3872113856834,-0.0633500339764675
fw22,268436282.0,5.0,23.71373705661655,-0.06871577594572989
fw22,268436282.0,5.0,25.11886431509582,-0.07403838545925372
fw22,268436282.0,5.0,26.607250597988113,-0.0793200262905423
fw22,268436282.0,5.0,28.183829312644548,-0.08456275644385128
fw22,268436282.0,5.0,29.853826189179603,-0.0897685339316287
fw22,268436282.0,5.0,31.622776601683793,-0.09493922219003555
fw22,268436282.0,5.0,33.496543915782794,-0.10007659515771439
fw22,268436282.0,5.0,35.48133892335757,-0.10518234204116297
fw22,268436282.0,5.0,37.58374042884443,-0.1102580717882953
fw22,268436282.0,5.0,39.810717055349734,-0.11530531729021229
fw22,268436282.0,5.0,42.169650342858226,-0.12032553932974484
fw22,268436282.0,5.0,44.668359215096345,-0.1253201302939324
fw22,268436282.0,5.0,47.315125896148075,-0.13029041766637392
fw22,268436282.0,5.0,50.118723362727245,-0.13523766731420214
fw22,268436282.0,5.0,53.08844442309885,-0.14016308658338075
fw22,268436282.0,5.0,56.23413251903491,-0.14506782721498807
fw22,268436282.0,5.0,59.56621435290109,-0.14995298809430407
fw22,268436282.0,5.0,63.095734448019364,-0.1548196178435676
fw22,268436282.0,5.0,66.83439175686149,-0.15966871726859763
fw22,268436282.0,5.0,70.79457843841381,-0.16450124166866237
fw22,268436282.0,5.0,74.98942093324558,-0.16931810301835185
fw22,268436282.0,5.0,79.43282347242821,-0.17412017202958793
fw22,268436282.0,5.0,84.13951416451955,-0.17890828010131724
fw22,268436282.0,5.0,89.12509381337459,-0.18368322116391986
fw22,268436282.0,5.0,94.40608762859236,-0.18844575342488754
fw22,268436282.0,5.0,100.0,-0.19319660102182462
fw22,268436282.0,10.0,0.01,1.3642609411896531
fw22,268436282.0,10.0,0.010592537251772886,1.350546993945952
fw22,268436282.0,10.0,0.011220184543019636,1.3362362050312842
fw22,268436282.0,10.0,0.011885022274370183,1.3213149370734958
fw22,268436282.0,10.0,0.012589254117941675,1.3057706584081368
fw22,268436282.0,10.0,0.01333521432163324,1.2895921317849044
fw22,268436282.0,10.0,0.01412537544622754,1.2727696145311165
fw22,268436282.0,10.0,0.014962356560944336,1.2552950692997138
fw22,268436282.0,10.0,0.015848931924611134,1.2371623841849524
fw22,268436282.0,10.0,0.016788040181225608,1.2183676006316526
fw22,268436282.0,10.0,0.01778279410038923,1.1989091471447706
fw22,268436282.0,10.0,0.018836490894898,1.17878807636482
fw22,268436282.0,10.0,0.0199526231496888,1.1580083026021855
fw22,268436282.0,10.0,0.021134890398366465,1.1365768364186228
fw22,268436282.0,10.0,0.0223872113856834,1.114504012326298
fw22,268436282.0,10.0,0.023713737056616554,1.0918037051568887
fw22,268436282.0,10.0,0.025118864315095794,1.0684935301393617
fw22,268436282.0,10.0,0.0266072505979881,1.0445950212340496
fw22,268436282.0,10.0,0.028183829312644536,1.0201337818418375
fw22,268436282.0,10.0,0.029853826189179603,0.9951396016313029
fw22,268436282.0,10.0,0.03162277660168379,0.9696465329662823
fw22,268436282.0,10.0,0.03349654391578276,0.9436929202746972
fw22,268436282.0,10.0,0.03548133892335755,0.9173213757237362
fw22,268436282.0,10.0,0.03758374042884443,0.8905786947871921
fw22,268436282.0,10.0,0.039810717055349734,0.8635157057436954
fw22,268436282.0,10.0,0.042169650342858224,0.8361870478525943
fw22,268436282.0,10.0,0.0446683592150963,0.808650873973312
fw22,268436282.0,10.0,0.04731512589614805,0.7809684747112952
fw22,268436282.0,10.0,0.05011872336272725,0.7532038228416658
fw22,268436282.0,10.0,0.053088444423098846,0.7254230387560882
fw22,268436282.0,10.0,0.056234132519034905,0.6976937799982311
fw22,268436282.0,10.0,0.059566214352901034,0.6700845605644502
fw22,268436282.0,10.0,0.06309573444801933,0.6426640084879819
fw22,268436282.0,10.0,0.06683439175686148,0.615500073209607
fw22,268436282.0,10.0,0.0707945784384138,0.5886591972611275
fw22,268436282.0,10.0,0.07498942093324558,0.562205469687993
fw22,268436282.0,10.0,0.07943282347242814,0.5361997812574845
fw22,268436282.0,10.0,0.08413951416451952,0.5106990036335216
fw22,268436282.0,10.0,0.08912509381337459,0.4857552161437391
fw22,268436282.0,10.0,0.09440608762859236,0.461415004313515
fw22,268436282.0,10.0,0.1,0.43771885380860454
fw22,268436282.0,10.0,0.10592537251772892,0.4147006616665391
fw22,268436282.0,10.0,0.11220184543019636,0.39238738363286024
fw22,268436282.0,10.0,0.11885022274370183,0.37079883205635544
fw22,268436282.0,10.0,0.12589254117941676,0.3499476332614456
fw22,268436282.0,10.0,0.1333521432163324,0.3298393468375236
fw22,268436282.0,10.0,0.14125375446227548,0.31047274222150606
fw22,268436282.0,10.0,0.14962356560944334,0.2918402207583002
fw22,268436282.0,10.0,0.1584893192461114,0.2739283646254384
fw22,268436282.0,10.0,0.16788040181225605,0.2567185881546784
fw22,268436282.0,10.0,0.1778279410038923,0.2401878626803125
fw22,268436282.0,10.0,0.18836490894898011,0.22430948350203697
fw22,268436282.0,10.0,0.19952623149688797,0.20905384711454014
fw22,268436282.0,10.0,0.21134890398366477,0.19438920857505165
fw22,268436282.0,10.0,0.223872113856834,0.1802823925749688
fw22,268436282.0,10.0,0.23713737056616552,0.16669943706714824
fw22,268436282.0,10.0,0.25118864315095807,0.15360615462515073
fw22,268436282.0,10.0,0.26607250597988097,0.14096860342604736
fw22,268436282.0,10.0,0.2818382931264455,0.1287534662000779
fw22,268436282.0,10.0,0.298538261891796,0.1169283411006719
fw22,268436282.0,10.0,0.31622776601683794,0.10546195279485043
fw22,268436282.0,10.0,0.3349654391578278,0.09432429493237478
fw22,268436282.0,10.0,0.35481338923357547,0.08348671650711453
fw22,268436282.0,10.0,0.3758374042884443,0.07292196464597872
fw22,268436282.0,10.0,0.3981071705534973,0.06260419535058713
fw22,268436282.0,10.0,0.4216965034285822,0.05250896203749189
fw22,268436282.0,10.0,0.44668359215096326,0.04261318973637509
fw22,268436282.0,10.0,0.4731512589614805,0.032895140813846736
fw22,268436282.0,10.0,0.5011872336272725,0.023334376307397747
fw22,268436282.0,10.0,0.5308844442309885,0.013911715497828391
fw22,268436282.0,10.0,0.5623413251903491,0.004609195252962059
fw22,268436282.0,10.0,0.5956621435290106,-0.004589970087263307
fw22,268436282.0,10.0,0.6309573444801932,-0.01370142800294318
fw22,268436282.0,10.0,0.6683439175686149,-0.02273972626816729
fw22,268436282.0,10.0,0.707945784384138,-0.03171835075928866
fw22,268436282.0,10.0,0.7498942093324558,-0.04064976281069332
fw22,268436282.0,10.0,0.7943282347242817,-0.04954543634172065
fw22,268436282.0,10.0,0.8413951416451951,-0.05841589496014097
fw22,268436282.0,10.0,0.8912509381337459,-0.06727074921637267
fw22,268436282.0,10.0,0.9440608762859236,-0.07611873414312154
fw22,268436282.0,10.0,1.0,-0.08496774717416664
fw22,268436282.0,10.0,1.0592537251772887,-0.09382488649361494
fw22,268436282.0,10.0,1.1220184543019642,-0.10269648982584806
fw22,268436282.0,10.0,1.188502227437019,-0.11158817363733345
fw22,268436282.0,10.0,1.2589254117941675,-0.12050487268532985
fw22,268436282.0,10.0,1.333521432163324,-0.12945087981606015
fw22,268436282.0,10.0,1.412537544622754,-0.13842988588699132
fw22,268436282.0,10.0,1.4962356560944343,-0.14744501966484638
fw22,268436282.0,10.0,1.584893192461114,-0.1564988875331069
fw22,268436282.0,10.0,1.6788040181225607,-0.16559361283062055
fw22,268436282.0,10.0,1.7782794100389228,-0.17473087463591908
fw22,268436282.0,10.0,1.8836490894898001,-0.1839119458104201
fw22,268436282.0,10.0,1.9952623149688808,-0.19313773011719712
fw22,268436282.0,10.0,2.1134890398366477,-0.2024087982400196
fw22,268436282.0,10.0,2.23872113856834,-0.2117254225393867
fw22,268436282.0,10.0,2.371373705661655,-0.221087610397763
fw22,268436282.0,10.0,2.5118864315095824,-0.23049513602442337
fw22,268436282.0,10.0,2.6607250597988115,-0.23994757061036176
fw22,268436282.0,10.0,2.818382931264455,-0.2494443107452327
fw22,268436282.0,10.0,2.9853826189179604,-0.2589846050303865
fw22,268436282.0,10.0,3.1622776601683795,-0.2685675788440856
fw22,268436282.0,10.0,3.3496543915782793,-0.2781922572365769
fw22,268436282.0,10.0,3.548133892335757,-0.2878575859532154
fw22,268436282.0,10.0,3.758374042884443,-0.2975624506028677
fw22,268436282.0,10.0,3.981071705534973,-0.3073056940062477
fw22,268436282.0,10.0,4.216965034285822,-0.31708613177420214
fw22,268436282.0,10.0,4.4668359215096345,-0.3269025661793185
fw22,268436282.0,10.0,4.731512589614808,-0.33675379839532316
fw22,268436282.0,10.0,5.011872336272725,-0.346638639187837
fw22,268436282.0,10.0,5.308844442309884,-0.3565559181468782
fw22,268436282.0,10.0,5.62341325190349,-0.36650449155646153
fw22,268436282.0,10.0,5.95662143529011,-0.37648324899971836
fw22,268436282.0,10.0,6.309573444801936,-0.38649111879933645
fw22,268436282.0,10.0,6.683439175686149,-0.39652707239300805
fw22,268436282.0,10.0,7.07945784384138,-0.4065901277421598
fw22,268436282.0,10.0,7.498942093324558,-0.41667935186978117
fw22,268436282.0,10.0,7.943282347242821,-0.4267938626196044
fw22,268436282.0,10.0,8.413951416451956,-0.43693282972491754
fw22,268436282.0,10.0,8.91250938133746,-0.44709547527040927
fw22,268436282.0,10.0,9.440608762859236,-0.45728107362538023
fw22,268436282.0,10.0,10.0,-0.4674889509213397
fw22,268436282.0,10.0,10.592537251772898,-0.47771848414136253
fw22,268436282.0,10.0,11.220184543019641,-0.487969099883136
fw22,268436282.0,10.0,11.88502227437019,-0.49824027285207007
fw22,268436282.0,10.0,12.589254117941675,-0.5085315241355226
fw22,268436282.0,10.0,13.33521432163324,-0.5188424193039612
fw22,268436282.0,10.0,14.125375446227554,-0.5291725663800342
fw22,268436282.0,10.0,14.962356560944343,-0.539521613711753
fw22,268436282.0,10.0,15.848931924611142,-0.5498892477817443
fw22,268436282.0,10.0,16.788040181225607,-0.5602751909802961
fw22,268436282.0,10.0,17.78279410038923,-0.5706791993663638
fw22,268436282.0,10.0,18.83649089489802,-0.5811010604371032
fw22,268436282.0,10.0,19.952623149688808,-0.5915405909234391
fw22,268436282.0,10.0,21.134890398366476,-0.6019976346263571
fw22,268436282.0,10.0,22.3872113856834,-0.6124720603060324
fw22,268436282.0,10.0,23.71373705661655,-0.6229637596336102
fw22,268436282.0,10.0,25.11886431509582,-0.6334726452135045
fw22,268436282.0,10.0,26.607250597988113,-0.643998648682264
fw22,268436282.0,10.0,28.183829312644548,-0.6545417188884226
fw22,268436282.0,10.0,29.853826189179603,-0.6651018201565432
fw22,268436282.0,10.0,31.622776601683793,-0.675678930637311
fw22,268436282.0,10.0,33.496543915782794,-0.6862730407446871
fw22,268436282.0,10.0,35.48133892335757,-0.6968841516801288
fw22,268436282.0,10.0,37.58374042884443,-0.7075122740432754
fw22,268436282.0,10.0,39.810717055349734,-0.7181574265278232
fw22,268436282.0,10.0,42.169650342858226,-0.7288196347008153
fw22,268436282.0,10.0,44.668359215096345,-0.739498929863245
fw22,268436282.0,10.0,47.315125896148075,-0.7501953479894458
fw22,268436282.0,10.0,50.118723362727245,-0.7609089287425674
fw22,268436282.0,10.0,53.08844442309885,-0.7716397145632399
fw22,268436282.0,10.0,56.23413251903491,-0.7823877498283623
fw22,268436282.0,10.0,59.56621435290109,-0.7931530800769031
fw22,268436282.0,10.0,63.095734448019364,-0.8039357512995614
fw22,268436282.0,10.0,66.83439175686149,-0.8147358092890724
fw22,268436282.0,10.0,70.79457843841381,-0.8255532990480471
fw22,268436282.0,10.0,74.98942093324558,-0.8363882642511477
fw22,268436282.0,10.0,79.43282347242821,-0.8472407467586056
fw22,268436282.0,10.0,84.13951416451955,-0.8581107861780614
fw22,268436282.0,10.0,89.12509381337459,-0.8689984194717943
fw22,268436282.0,10.0,94.40608762859236,-0.8799036806065765
fw22,268436282.0,10.0,100.0,-0.8908266002434186
fw22,268436282.0,20.0,0.01,0.5043379502286116
fw22,268436282.0,20.0,0.010592537251772886,0.4796073899433329
fw22,268436282.0,20.0,0.011220184543019636,0.45555704987444284
fw22,268436282.0,20.0,0.011885022274370183,0.43222984034616146
fw22,268436282.0,20.0,0.012589254117941675,0.40966144794061204
fw22,268436282.0,20.0,0.01333521432163324,0.3878800105028564
fw22,268436282.0,20.0,0.01412537544622754,0.36690596505700035
fw22,268436282.0,20.0,0.014962356560944336,0.3467520744175264
fw22,268436282.0,20.0,0.015848931924611134,0.32742363049850004
fw22,268436282.0,20.0,0.016788040181225608,0.3089188242385594
fw22,268436282.0,20.0,0.01778279410038923,0.2912292642725301
fw22,268436282.0,20.0,0.018836490894898,0.2743406195717416
fw22,268436282.0,20.0,0.0199526231496888,0.25823335581334883
fw22,268436282.0,20.0,0.021134890398366465,0.2428835317108491
fw22,268436282.0,20.0,0.0223872113856834,0.2282636202654509
fw22,268436282.0,20.0,0.023713737056616554,0.21434332097117983
fw22,268436282.0,20.0,0.025118864315095794,0.2010903323394238
fw22,268436282.0,20.0,0.0266072505979881,0.18847105931915042
fw22,268436282.0,20.0,0.028183829312644536,0.17645123675109564
fw22,268436282.0,20.0,0.029853826189179603,0.16499645723371273
fw22,268436282.0,20.0,0.03162277660168379,0.15407259896524717
fw22,268436282.0,20.0,0.03349654391578276,0.14364615563893698
fw22,268436282.0,20.0,0.03548133892335755,0.13368447573868883
fw22,268436282.0,20.0,0.03758374042884443,0.12415592232761104
fw22,268436282.0,20.0,0.039810717055349734,0.11502996653211328
fw22,268436282.0,20.0,0.042169650342858224,0.10627722849607359
fw22,268436282.0,20.0,0.0446683592150963,0.09786947892067699
fw22,268436282.0,20.0,0.04731512589614805,0.08977961276117075
fw22,268436282.0,20.0,0.05011872336272725,0.08198160463180953
fw22,268436282.0,20.0,0.053088444423098846,0.07445045332115258
fw22,268436282.0,20.0,0.056234132519034905,0.06716212081655232
fw22,268436282.0,20.0,0.059566214352901034,0.06009346953450844
fw22,268436282.0,20.0,0.06309573444801933,0.05322220013277793
fw22,268436282.0,20.0,0.06683439175686148,0.046526791325437404
fw22,268436282.0,20.0,0.0707945784384138,0.039986442485283616
fw22,268436282.0,20.0,0.07498942093324558,0.033581019425136215
fw22,268436282.0,20.0,0.07943282347242814,0.027291003523581124
fw22,268436282.0,20.0,0.08413951416451952,0.0210974442444024
fw22,268436282.0,20.0,0.08912509381337459,0.014981915051197081
fw22,268436282.0,20.0,0.09440608762859236,0.008926472694650023
fw22,268436282.0,20.0,0.1,0.0029136198561291616
fw22,268436282.0,20.0,0.10592537251772892,-0.003073728868930734
fw22,268436282.0,20.0,0.11220184543019636,-0.009052277651191844
fw22,268436282.0,20.0,0.11885022274370183,-0.015038376770404057
fw22,268436282.0,20.0,0.12589254117941676,-0.021048046611084482
fw22,268436282.0,20.0,0.1333521432163324,-0.027096998297452574
fw22,268436282.0,20.0,0.14125375446227548,-0.033200650951088526
fw22,268436282.0,20.0,0.14962356560944334,-0.03937414555417732
fw22,268436282.0,20.0,0.1584893192461114,-0.045632355404362376
fw22,268436282.0,20.0,0.16788040181225605,-0.051989893152329034
fw22,268436282.0,20.0,0.1778279410038923,-0.05846111442160769
fw22,268436282.0,20.0,0.18836490894898011,-0.06506011802275628
fw22,268436282.0,20.0,0.19952623149688797,-0.07180074278835195
fw22,268436282.0,20.0,0.21134890398366477,-0.07869656107546595
fw22,268436282.0,20.0,0.223872113856834,-0.08576086900409773
fw22,268436282.0,20.0,0.23713737056616552,-0.09300667352654432
fw22,268436282.0,20.0,0.25118864315095807,-0.10044667645188528
fw22,268436282.0,20.0,0.26607250597988097,-0.10809325558280411
fw22,268436282.0,20.0,0.2818382931264455,-0.11595844315691022
fw22,268436282.0,20.0,0.298538261891796,-0.12405390182229305
fw22,268436282.0,20.0,0.31622776601683794,-0.13239089841615195
fw22,268436282.0,20.0,0.3349654391578278,-0.14098027585464815
fw22,268436282.0,20.0,0.35481338923357547,-0.14983242348201153
fw22,268436282.0,20.0,0.3758374042884443,-0.15895724626459612
fw22,268436282.0,20.0,0.3981071705534973,-0.16836413325150426
fw22,268436282.0,20.0,0.4216965034285822,-0.17806192575545
fw22,268436282.0,20.0,0.44668359215096326,-0.18805888573457188
fw22,268436282.0,20.0,0.4731512589614805,-0.19836266487687393
fw22,268436282.0,20.0,0.5011872336272725,-0.20898027490276788
fw22,268436282.0,20.0,0.5308844442309885,-0.21991805960656716
fw22,268436282.0,20.0,0.5623413251903491,-0.23118166915346194
fw22,268436282.0,20.0,0.5956621435290106,-0.24277603713490184
fw22,268436282.0,20.0,0.6309573444801932,-0.25470536086066803
fw22,268436282.0,20.0,0.6683439175686149,-0.2669730853310532
fw22,268436282.0,20.0,0.707945784384138,-0.2795818912871547
fw22,268436282.0,20.0,0.7498942093324558,-0.2925336876822541
fw22,268436282.0,20.0,0.7943282347242817,-0.3058296088531551
fw22,268436282.0,20.0,0.8413951416451951,-0.31947001659883817
fw22,268436282.0,20.0,0.8912509381337459,-0.3334545072958389
fw22,268436282.0,20.0,0.9440608762859236,-0.34778192409792397
fw22,268436282.0,20.0,1.0,-0.3624503741835197
fw22,268436282.0,20.0,1.0592537251772887,-0.3774572509298458
fw22,268436282.0,20.0,1.1220184543019642,-0.3927992608107735
fw22,268436282.0,20.0,1.188502227437019,-0.40847245473752286
fw22,268436282.0,20.0,1.2589254117941675,-0.4244722634898003
fw22,268436282.0,20.0,1.333521432163324,-0.4407935368217114
fw22,268436282.0,20.0,1.412537544622754,-0.45743058577288503
fw22,268436282.0,20.0,1.4962356560944343,-0.47437722767291024
fw22,268436282.0,20.0,1.584893192461114,-0.4916268332956424
fw22,268436282.0,20.0,1.6788040181225607,-0.5091723756015258
fw22,268436282.0,20.0,1.7782794100389228,-0.5270064794992042
fw22,268436282.0,20.0,1.8836490894898001,-0.5451214720627477
fw22,268436282.0,20.0,1.9952623149688808,-0.5635094326573845
fw22,268436282.0,20.0,2.1134890398366477,-0.5821622424528269
fw22,268436282.0,20.0,2.23872113856834,-0.6010716328385509
fw22,268436282.0,20.0,2.371373705661655,-0.6202292322980988
fw22,268436282.0,20.0,2.5118864315095824,-0.6396266113478122
fw22,268436282.0,20.0,2.6607250597988115,-0.6592553251981447
fw22,268436282.0,20.0,2.818382931264455,-0.6791069538509397
fw22,268436282.0,20.0,2.9853826189179604,-0.6991731394022701
fw22,268436282.0,20.0,3.1622776601683795,-0.7194456203765124
fw22,268436282.0,20.0,3.3496543915782793,-0.7399162629715249
fw22,268436282.0,20.0,3.548133892335757,-0.7605770891464247
fw22,268436282.0,20.0,3.758374042884443,-0.7814203015313588
fw22,268436282.0,20.0,3.981071705534973,-0.8024383051824279
fw22,268436282.0,20.0,4.216965034285822,-0.8236237262436582
fw22,268436282.0,20.0,4.4668359215096345,-0.8449694276116749
fw22,268436282.0,20.0,4.731512589614808,-0.8664685217274716
fw22,268436282.0,20.0,5.011872336272725,-0.8881143806425946
fw22,268436282.0,20.0,5.308844442309884,-0.9099006435257836
fw22,268436282.0,20.0,5.62341325190349,-0.9318212217893813
fw22,268436282.0,20.0,5.95662143529011,-0.9538703020238988
fw22,268436282.0,20.0,6.309573444801936,-0.9760423469343164
fw22,268436282.0,20.0,6.683439175686149,-0.9983320944730862
fw22,268436282.0,20.0,7.07945784384138,-1.0207345553631961
fw22,268436282.0,20.0,7.498942093324558,-1.0432450092003662
fw22,268436282.0,20.0,7.943282347242821,-1.065858999316993
fw22,268436282.0,20.0,8.413951416451956,-1.0885723265821576
fw22,268436282.0,20.0,8.91250938133746,-1.111381042302547
fw22,268436282.0,20.0,9.440608762859236,-1.1342814403784116
fw22,268436282.0,20.0,10.0,-1.157270048857579
fw22,268436282.0,20.0,10.592537251772898,-1.180343621018838
fw22,268436282.0,20.0,11.220184543019641,-1.2034991261043946
fw22,268436282.0,20.0,11.88502227437019,-1.2267337398094176
fw22,268436282.0,20.0,12.589254117941675,-1.2500448346253865
fw22,268436282.0,20.0,13.33521432163324,-1.2734299701229372
fw22,268436282.0,20.0,14.125375446227554,-1.2968868832495501
fw22,268436282.0,20.0,14.962356560944343,-1.3204134787075863
fw22,268436282.0,20.0,15.848931924611142,-1.3440078194688692
fw22,268436282.0,20.0,16.788040181225607,-1.3676681174736667
fw22,268436282.0,20.0,17.78279410038923,-1.3913927245539417
fw22,268436282.0,20.0,18.83649089489802,-1.4151801236136852
fw22,268436282.0,20.0,19.952623149688808,-1.439028920092761
fw22,268436282.0,20.0,21.134890398366476,-1.4629378337346828
fw22,268436282.0,20.0,22.3872113856834,-1.486905690673938
fw22,268436282.0,20.0,23.71373705661655,-1.5109314158534435
fw22,268436282.0,20.0,25.11886431509582,-1.5350140257792322
fw22,268436282.0,20.0,26.607250597988113,-1.559152621615518
fw22,268436282.0,20.0,28.183829312644548,-1.583346382620614
fw22,268436282.0,20.0,29.853826189179603,-1.6075945599213932
fw22,268436282.0,20.0,31.622776601683793,-1.631896470622004
fw22,268436282.0,20.0,33.496543915782794,-1.6562514922405163
fw22,268436282.0,20.0,35.48133892335757,-1.6806590574658749
fw22,268436282.0,20.0,37.58374042884443,-1.705118649226292
fw22,268436282.0,20.0,39.810717055349734,-1.7296297960591114
fw22,268436282.0,20.0,42.169650342858226,-1.7541920677717082
fw22,268436282.0,20.0,44.668359215096345,-1.7788050713822006
fw22,268436282.0,20.0,47.315125896148075,-1.8034684473285916
fw22,268436282.0,20.0,50.118723362727245,-1.8281818659345488
fw22,268436282.0,20.0,53.08844442309885,-1.8529450241201915
fw22,268436282.0,20.0,56.23413251903491,-1.8777576423459403
fw22,268436282.0,20.0,59.56621435290109,-1.9026194617778873
fw22,268436282.0,20.0,63.095734448019364,-1.927530241663199
fw22,268436282.0,20.0,66.83439175686149,-1.9524897569041624
fw22,268436282.0,20.0,70.79457843841381,-1.9774977958201128
fw22,268436282.0,20.0,74.98942093324558,-2.0025541580863973
fw22,268436282.0,20.0,79.43282347242821,-2.0276586528402314
fw22,268436282.0,20.0,84.13951416451955,-2.052811096943404
fw22,268436282.0,20.0,89.12509381337459,-2.0780113133924454
fw22,268436282.0,20.0,94.40608762859236,-2.103259129866943
fw22,268436282.0,20.0,100.0,-2.1285543774074953
fw22,268436282.0,40.0,0.01,0.04964051285641898
fw22,268436282.0,40.0,0.010592537251772886,0.04538745256975743
fw22,268436282.0,40.0,0.011220184543019636,0.04128421477564342
fw22,268436282.0,40.0,0.011885022274370183,0.037317304507326135
fw22,268436282.0,40.0,0.012589254117941675,0.033473691326292854
fw22,268436282.0,40.0,0.01333521432163324,0.02974076763301784
fw22,268436282.0,40.0,0.01412537544622754,0.02610630855348043
fw22,268436282.0,40.0,0.014962356560944336,0.022558433289820014
fw22,268436282.0,40.0,0.015848931924611134,0.01908556783048794
fw22,268436282.0,40.0,0.016788040181225608,0.015676408917909706
fw22,268436282.0,40.0,0.01778279410038923,0.012319889181254574
fw22,268436282.0,40.0,0.018836490894898,0.009005143351747449
fw22,268436282.0,40.0,0.0199526231496888,0.005721475480429321
fw22,268436282.0,40.0,0.021134890398366465,0.0024583270832489825
fw22,268436282.0,40.0,0.0223872113856834,-0.0007947538445469048
fw22,268436282.0,40.0,0.023713737056616554,-0.004048143012411477
fw22,268436282.0,40.0,0.025118864315095794,-0.007312169258940205
fw22,268436282.0,40.0,0.0266072505979881,-0.010597143265017416
fw22,268436282.0,40.0,0.028183829312644536,-0.013913385590852196
fw22,268436282.0,40.0,0.029853826189179603,-0.017271254064597848
fw22,268436282.0,40.0,0.03162277660168379,-0.020681170542785655
fw22,268436282.0,40.0,0.03349654391578276,-0.02415364705042834
fw22,268436282.0,40.0,0.03548133892335755,-0.027699311308087178
fw22,268436282.0,40.0,0.03758374042884443,-0.03132893163093712
fw22,268436282.0,40.0,0.039810717055349734,-0.03505344118879232
fw22,268436282.0,40.0,0.042169650342858224,-0.038883961591744856
fw22,268436282.0,40.0,0.0446683592150963,-0.04283182576658403
fw22,268436282.0,40.0,0.04731512589614805,-0.046908600067064765
fw22,268436282.0,40.0,0.05011872336272725,-0.05112610555813488
fw22,268436282.0,40.0,0.053088444423098846,-0.05549643839293908
fw22,268436282.0,40.0,0.056234132519034905,-0.06003198919369739
fw22,268436282.0,40.0,0.059566214352901034,-0.06474546133038696
fw22,268436282.0,40.0,0.06309573444801933,-0.06964988797812113
fw22,268436282.0,40.0,0.06683439175686148,-0.07475864781895458
fw22,268436282.0,40.0,0.0707945784384138,-0.0800854792381529
fw22,268436282.0,40.0,0.07498942093324558,-0.08564449285183444
fw22,268436282.0,40.0,0.07943282347242814,-0.09145018218499172
fw22,268436282.0,40.0,0.08413951416451952,-0.09751743230905492
fw22,268436282.0,40.0,0.08912509381337459,-0.1038615262282556
fw22,268436282.0,40.0,0.09440608762859236,-0.11049814879631534
fw22,268436282.0,40.0,0.1,-0.11744338793151697
fw22,268436282.0,40.0,0.10592537251772892,-0.12471373288693999
fw22,268436282.0,40.0,0.11220184543019636,-0.13232606932803825
fw22,268436282.0,40.0,0.11885022274370183,-0.1402976709612434
fw22,268436282.0,40.0,0.12589254117941676,-0.14864618745874209
fw22,268436282.0,40.0,0.1333521432163324,-0.15738962842387233
fw22,268436282.0,40.0,0.14125375446227548,-0.1665463431496075
fw22,268436282.0,40.0,0.14962356560944334,-0.17613499593308055
fw22,268436282.0,40.0,0.1584893192461114,-0.18617453672618717
fw22,268436282.0,40.0,0.16788040181225605,-0.19668416692487437
fw22,268436282.0,40.0,0.1778279410038923,-0.20768330013047723
fw22,268436282.0,40.0,0.18836490894898011,-0.21919151775130394
fw22,268436282.0,40.0,0.19952623149688797,-0.2312285193590761
fw22,268436282.0,40.0,0.21134890398366477,-0.24381406776501774
fw22,268436282.0,40.0,0.223872113856834,-0.2569679288414441
fw22,268436282.0,40.0,0.23713737056616552,-0.27070980618150126
fw22,268436282.0,40.0,0.25118864315095807,-0.2850592707640666
fw22,268436282.0,40.0,0.26607250597988097,-0.3000356858738722
fw22,268436282.0,40.0,0.2818382931264455,-0.3156581276121633
fw22,268436282.0,40.0,0.298538261891796,-0.33194530142667883
fw22,268436282.0,40.0,0.31622776601683794,-0.34891545518421285
fw22,268436282.0,40.0,0.3349654391578278,-0.36658628940485577
fw22,268436282.0,40.0,0.35481338923357547,-0.3849748653733119
fw22,268436282.0,40.0,0.3758374042884443,-0.40409751193417914
fw22,268436282.0,40.0,0.3981071705534973,-0.42396973186462106
fw22,268436282.0,40.0,0.4216965034285822,-0.4446061087955672
fw22,268436282.0,40.0,0.44668359215096326,-0.4660202157189616
fw22,268436282.0,40.0,0.4731512589614805,-0.4882245261698385
fw22,268436282.0,40.0,0.5011872336272725,-0.5112303292078236
fw22,268436282.0,40.0,0.5308844442309885,-0.5350476493373234
fw22,268436282.0,40.0,0.5623413251903491,-0.5596851724997651
fw22,268436282.0,40.0,0.5956621435290106,-0.585150179242447
fw22,268436282.0,40.0,0.6309573444801932,-0.6114484861146391
fw22,268436282.0,40.0,0.6683439175686149,-0.6385843962642456
fw22,268436282.0,40.0,0.707945784384138,-0.6665606601065454
fw22,268436282.0,40.0,0.7498942093324558,-0.6953784468122876
fw22,268436282.0,40.0,0.7943282347242817,-0.7250373272176449
fw22,268436282.0,40.0,0.8413951416451951,-0.7555352685960129
fw22,268436282.0,40.0,0.8912509381337459,-0.7868686415550409
fw22,268436282.0,40.0,0.9440608762859236,-0.8190322391360189
fw22,268436282.0,40.0,1.0,-0.8520193080012145
fw22,268436282.0,40.0,1.0592537251772887,-0.885821591402641
fw22,268436282.0,40.0,1.1220184543019642,-0.9204293834391435
fw22,268436282.0,40.0,1.188502227437019,-0.9558315939312853
fw22,268436282.0,40.0,1.2589254117941675,-0.9920158230807441
fw22,268436282.0,40.0,1.333521432163324,-1.028968444936978
fw22,268436282.0,40.0,1.412537544622754,-1.0666746985719717
fw22,268436282.0,40.0,1.4962356560944343,-1.1051187857669833
fw22,268436282.0,40.0,1.584893192461114,-1.1442839739451327
fw22,268436282.0,40.0,1.6788040181225607,-1.1841527030415577
fw22,268436282.0,40.0,1.7782794100389228,-1.2247066949886172
fw22,268436282.0,40.0,1.8836490894898001,-1.2659270645065261
fw22,268436282.0,40.0,1.9952623149688808,-1.3077944299282183
fw22,268436282.0,40.0,2.1134890398366477,-1.350289022848652
fw22,268436282.0,40.0,2.23872113856834,-1.393390795470801
fw22,268436282.0,40.0,2.371373705661655,-1.437079524618973
fw22,268436282.0,40.0,2.5118864315095824,-1.481334911502398
fw22,268436282.0,40.0,2.6607250597988115,-1.5261366764334787
fw22,268436282.0,40.0,2.818382931264455,-1.5714646478326326
fw22,268436282.0,40.0,2.9853826189179604,-1.617298844981629
fw22,268436282.0,40.0,3.1622776601683795,-1.6636195541162146
fw22,268436282.0,40.0,3.3496543915782793,-1.7104073975743033
fw22,268436282.0,40.0,3.548133892335757,-1.7576433958343294
fw22,268436282.0,40.0,3.758374042884443,-1.805309022389873
fw22,268436282.0,40.0,3.981071705534973,-1.853386251506198
fw22,268436282.0,40.0,4.216965034285822,-1.901857598994942
fw22,268436282.0,40.0,4.4668359215096345,-1.9507061562203958
fw22,268436282.0,40.0,4.731512589614808,-1.9999156176168855
fw22,268436282.0,40.0,5.011872336272725,-2.0494703020506897
fw22,268436282.0,40.0,5.308844442309884,-2.099355168401987
fw22,268436282.0,40.0,5.62341325190349,-2.149555825773928
fw22,268436282.0,40.0,5.95662143529011,-2.2000585387566676
fw22,268436282.0,40.0,6.309573444801936,-2.250850228186264
fw22,268436282.0,40.0,6.683439175686149,-2.301918467842069
fw22,268436282.0,40.0,7.07945784384138,-2.3532514775221522
fw22,268436282.0,40.0,7.498942093324558,-2.404838112927423
fw22,268436282.0,40.0,7.943282347242821,-2.45666785276963
fw22,268436282.0,40.0,8.413951416451956,-2.5087307835004213
fw22,268436282.0,40.0,8.91250938133746,-2.561017582036101
fw22,268436282.0,40.0,9.440608762859236,-2.613519496829023
fw22,268436282.0,40.0,10.0,-2.666228327610856
fw22,268436282.0,40.0,10.592537251772898,-2.7191364041063633
fw22,268436282.0,40.0,11.220184543019641,-2.772236563989536
fw22,268436282.0,40.0,11.88502227437019,-2.825522130327611
fw22,268436282.0,40.0,12.589254117941675,-2.8789868887323813
fw22,268436282.0,40.0,13.33521432163324,-2.9326250644131786
fw22,268436282.0,40.0,14.125375446227554,-2.986431299302197
fw22,268436282.0,40.0,14.962356560944343,-3.040400629400344
fw22,268436282.0,40.0,15.848931924611142,-3.094528462470658
fw22,268436282.0,40.0,16.788040181225607,-3.1488105561870143
fw22,268436282.0,40.0,17.78279410038923,-3.2032429968279508
fw22,268436282.0,40.0,18.83649089489802,-3.257822178589145
fw22,268436282.0,40.0,19.952623149688808,-3.3125447835733346
fw22,268436282.0,40.0,21.134890398366476,-3.3674077625034933
fw22,268436282.0,40.0,22.3872113856834,-3.4224083161927563
fw22,268436282.0,40.0,23.71373705661655,-3.4775438777949716
fw22,268436282.0,40.0,25.11886431509582,-3.5328120958500002
fw22,268436282.0,40.0,26.607250597988113,-3.588210818130165
fw22,268436282.0,40.0,28.183829312644548,-3.6437380762876734
fw22,268436282.0,40.0,29.853826189179603,-3.699392071296521
fw22,268436282.0,40.0,31.622776601683793,-3.7551711596779023
fw22,268436282.0,40.0,33.496543915782794,-3.8110738404938207
fw22,268436282.0,40.0,35.48133892335757,-3.867098743090327
fw22,268436282.0,40.0,37.58374042884443,-3.923244615568982
fw22,268436282.0,40.0,39.810717055349734,-3.9795103139632544
fw22,268436282.0,40.0,42.169650342858226,-4.035894792094603
fw22,268436282.0,40.0,44.668359215096345,-4.092397092082184
fw22,268436282.0,40.0,47.315125896148075,-4.149016335479026
fw22,268436282.0,40.0,50.118723362727245,-4.205751715007223
fw22,268436282.0,40.0,53.08844442309885,-4.262602486864582
fw22,268436282.0,40.0,56.23413251903491,-4.319567963574986
fw22,268436282.0,40.0,59.56621435290109,-4.376647507355302
fw22,268436282.0,40.0,63.095734448019364,-4.433840523971797
fw22,268436282.0,40.0,66.83439175686149,-4.491146457059986
fw22,268436282.0,40.0,70.79457843841381,-4.548564782882013
fw22,268436282.0,40.0,74.98942093324558,-4.606095005496892
fw22,268436282.0,40.0,79.43282347242821,-4.663736652319652
fw22,268436282.0,40.0,84.13951416451955,-4.721489270045988
fw22,268436282.0,40.0,89.12509381337459,-4.779352420920441
fw22,268436282.0,40.0,94.40608762859236,-4.837325679326785
fw22,268436282.0,40.0,100.0,-4.895408628680222
fw22,268436282.0,60.0,0.01,-0.0033832624016270608
fw22,268436282.0,60.0,0.010592537251772886,-0.005626444441148502
fw22,268436282.0,60.0,0.011220184543019636,-0.007887278403074
fw22,268436282.0,60.0,0.011885022274370183,-0.010173086412501742
fw22,268436282.0,60.0,0.012589254117941675,-0.012491252810003541
fw22,268436282.0,60.0,0.01333521432163324,-0.01484924618789329
fw22,268436282.0,60.0,0.01412537544622754,-0.017254641418910043
fw22,268436282.0,60.0,0.014962356560944336,-0.01971514172492307
fw22,268436282.0,60.0,0.015848931924611134,-0.022238600814000437
fw22,268436282.0,60.0,0.016788040181225608,-0.024833045128368144
fw22,268436282.0,60.0,0.01778279410038923,-0.027506696220544868
fw22,268436282.0,60.0,0.018836490894898,-0.0302679932961174
fw22,268436282.0,60.0,0.0199526231496888,-0.03312561593720858
fw22,268436282.0,60.0,0.021134890398366465,-0.03608850702199443
fw22,268436282.0,60.0,0.0223872113856834,-0.039165895853427744
fw22,268436282.0,60.0,0.023713737056616554,-0.0423673214980245
fw22,268436282.0,60.0,0.025118864315095794,-0.04570265633672985
fw22,268436282.0,60.0,0.0266072505979881,-0.0491821298132482
fw22,268436282.0,60.0,0.028183829312644536,-0.05281635236664825
fw22,268436282.0,60.0,0.029853826189179603,-0.05661633951861821
fw22,268436282.0,60.0,0.03162277660168379,-0.06059353608178646
fw22,268436282.0,60.0,0.03349654391578276,-0.0647598404414307
fw22,268436282.0,60.0,0.03548133892335755,-0.06912762885376347
fw22,268436282.0,60.0,0.03758374042884443,-0.07370977968977385
fw22,268436282.0,60.0,0.039810717055349734,-0.07851969754342591
fw22,268436282.0,60.0,0.042169650342858224,-0.08357133710412776
fw22,268436282.0,60.0,0.0446683592150963,-0.08887922668162355
fw22,268436282.0,60.0,0.04731512589614805,-0.09445849125353757
fw22,268436282.0,60.0,0.05011872336272725,-0.10032487488682942
fw22,268436282.0,60.0,0.053088444423098846,-0.1064947623677722
fw22,268436282.0,60.0,0.056234132519034905,-0.11298519985624084
fw22,268436282.0,60.0,0.059566214352901034,-0.11981391435323273
fw22,268436282.0,60.0,0.06309573444801933,-0.12699933175732359
fw22,268436282.0,60.0,0.06683439175686148,-0.1345605932592422
fw22,268436282.0,60.0,0.0707945784384138,-0.1425175697993741
fw22,268436282.0,60.0,0.07498942093324558,-0.15089087429567505
fw22,268436282.0,60.0,0.07943282347242814,-0.1597018713227543
fw22,268436282.0,60.0,0.08413951416451952,-0.1689726839005652
fw22,268436282.0,60.0,0.08912509381337459,-0.17872619703439688
fw22,268436282.0,60.0,0.09440608762859236,-0.18898605762304926
fw22,268436282.0,60.0,0.1,-0.1997766703372936
fw22,268436282.0,60.0,0.10592537251772892,-0.2111231890563451
fw22,268436282.0,60.0,0.11220184543019636,-0.2230515034367468
fw22,268436282.0,60.0,0.11885022274370183,-0.23558822018210854
fw22,268436282.0,60.0,0.12589254117941676,-0.24876063858121172
fw22,268436282.0,60.0,0.1333521432163324,-0.2625967198831763
fw22,268436282.0,60.0,0.14125375446227548,-0.2771250500930411
fw22,268436282.0,60.0,0.14962356560944334,-0.2923747957878614
fw22,268436282.0,60.0,0.1584893192461114,-0.30837565258210764
fw22,268436282.0,60.0,0.16788040181225605,-0.3251577859099598
fw22,268436282.0,60.0,0.1778279410038923,-0.34275176383990036
fw22,268436282.0,60.0,0.18836490894898011,-0.36118848169829587
fw22,268436282.0,60.0,0.19952623149688797,-0.38049907835090996
fw22,268436282.0,60.0,0.21134890398366477,-0.40071484407526214
fw22,268436282.0,60.0,0.223872113856834,-0.42186712005716365
fw22,268436282.0,60.0,0.23713737056616552,-0.44398718965156936
fw22,268436282.0,60.0,0.25118864315095807,-0.4671061616724057
fw22,268436282.0,60.0,0.26607250597988097,-0.49125484610734377
fw22,268436282.0,60.0,0.2818382931264455,-0.5164636227973317
fw22,268436282.0,60.0,0.298538261891796,-0.5427623037684056
fw22,268436282.0,60.0,0.31622776601683794,-0.5701799900601692
fw22,268436282.0,60.0,0.3349654391578278,-0.5987449240505401
fw22,268436282.0,60.0,0.35481338923357547,-0.6284843384330534
fw22,268436282.0,60.0,0.3758374042884443,-0.6594243031515371
fw22,268436282.0,60.0,0.3981071705534973,-0.6915895717398097
fw22,268436282.0,60.0,0.4216965034285822,-0.7250034286379877
fw22,268436282.0,60.0,0.44668359215096326,-0.7596875391668785
fw22,268436282.0,60.0,0.4731512589614805,-0.7956618039256069
fw22,268436282.0,60.0,0.5011872336272725,-0.8329442194346128
fw22,268436282.0,60.0,0.5308844442309885,-0.8715507468716379
fw22,268436282.0,60.0,0.5623413251903491,-0.9114951907386639
fw22,268436282.0,60.0,0.5956621435290106,-0.95278908925025
fw22,268436282.0,60.0,0.6309573444801932,-0.9954416181476143
fw22,268436282.0,60.0,0.6683439175686149,-1.0394595095164791
fw22,268436282.0,60.0,0.707945784384138,-1.084846987021782
fw22,268436282.0,60.0,0.7498942093324558,-1.1316057187704638
fw22,268436282.0,60.0,0.7943282347242817,-1.1797347887789866
fw22,268436282.0,60.0,0.8413951416451951,-1.2292306877570855
fw22,268436282.0,60.0,0.8912509381337459,-1.2800873236344046
fw22,268436282.0,60.0,0.9440608762859236,-1.3322960519519387
fw22,268436282.0,60.0,1.0,-1.385845725931006
fw22,268436282.0,60.0,1.0592537251772887,-1.440722765719144
fw22,268436282.0,60.0,1.1220184543019642,-1.4969112460099483
fw22,268436282.0,60.0,1.188502227437019,-1.5543930009454445
fw22,268436282.0,60.0,1.2589254117941675,-1.6131477449452505
fw22,268436282.0,60.0,1.333521432163324,-1.67315320787314
fw22,268436282.0,60.0,1.412537544622754,-1.7343852827532713
fw22,268436282.0,60.0,1.4962356560944343,-1.7968181840911108
fw22,268436282.0,60.0,1.584893192461114,-1.8604246147406462
fw22,268436282.0,60.0,1.6788040181225607,-1.9251759391904493
fw22,268436282.0,60.0,1.7782794100389228,-1.9910423611187111
fw22,268436282.0,60.0,1.8836490894898001,-2.057993103088237
fw22,268436282.0,60.0,1.9952623149688808,-2.12599658631435
fw22,268436282.0,60.0,2.1134890398366477,-2.195020608539681
fw22,268436282.0,60.0,2.23872113856834,-2.2650325181817834
fw22,268436282.0,60.0,2.371373705661655,-2.335999383080523
fw22,268436282.0,60.0,2.5118864315095824,-2.4078881523542828
fw22,268436282.0,60.0,2.6607250597988115,-2.480665810071309
fw22,268436282.0,60.0,2.818382931264455,-2.554299519650153
fw22,268436282.0,60.0,2.9853826189179604,-2.628756758113947
fw22,268436282.0,60.0,3.1622776601683795,-2.7040054395335376
fw22,268436282.0,60.0,3.3496543915782793,-2.780014027196863
fw22,268436282.0,60.0,3.548133892335757,-2.8567516342364745
fw22,268436282.0,60.0,3.758374042884443,-2.9341881126262006
fw22,268436282.0,60.0,3.981071705534973,-3.012294130621057
fw22,268436282.0,60.0,4.216965034285822,-3.091041238861138
fw22,268436282.0,60.0,4.4668359215096345,-3.170401925486014
fw22,268436282.0,60.0,4.731512589614808,-3.250349660713219
fw22,268436282.0,60.0,5.011872336272725,-3.3308589314222745
fw22,268436282.0,60.0,5.308844442309884,-3.4119052663542684
fw22,268436282.0,60.0,5.62341325190349,-3.4934652525874217
fw22,268436282.0,60.0,5.95662143529011,-3.5755165439844436
fw22,268436282.0,60.0,6.309573444801936,-3.6580378623253638
fw22,268436282.0,60.0,6.683439175686149,-3.7410089918464924
fw22,268436282.0,60.0,7.07945784384138,-3.8244107678999666
fw22,268436282.0,60.0,7.498942093324558,-3.9082250604325455
fw22,268436282.0,60.0,7.943282347242821,-3.992434752958729
fw22,268436282.0,60.0,8.413951416451956,-4.077023717672796
fw22,268436282.0,60.0,8.91250938133746,-4.161976787308549
fw22,268436282.0,60.0,9.440608762859236,-4.247279724316817
fw22,268436282.0,60.0,10.0,-4.332919187888445
fw22,268436282.0,60.0,10.592537251772898,-4.4188826993085595
fw22,268436282.0,60.0,11.220184543019641,-4.505158606083086
fw22,268436282.0,60.0,11.88502227437019,-4.591736045236369
fw22,268436282.0,60.0,12.589254117941675,-4.678604906136377
fw22,268436282.0,60.0,13.33521432163324,-4.765755793162972
fw22,268436282.0,60.0,14.125375446227554,-4.853179988496705
fw22,268436282.0,60.0,14.962356560944343,-4.940869415268179
fw22,268436282.0,60.0,15.848931924611142,-5.028816601274932
fw22,268436282.0,60.0,16.788040181225607,-5.117014643440122
fw22,268436282.0,60.0,17.78279410038923,-5.205457173159537
fw22,268436282.0,60.0,18.83649089489802,-5.294138322655387
fw22,268436282.0,60.0,19.952623149688808,-5.383052692433166
fw22,268436282.0,60.0,21.134890398366476,-5.472195319915271
fw22,268436282.0,60.0,22.3872113856834,-5.561561649306027
fw22,268436282.0,60.0,23.71373705661655,-5.651147502726767
fw22,268436282.0,60.0,25.11886431509582,-5.740949052643723
fw22,268436282.0,60.0,26.607250597988113,-5.830962795599009
fw22,268436282.0,60.0,28.183829312644548,-5.921185527244459
fw22,268436282.0,60.0,29.853826189179603,-6.011614318667768
fw22,268436282.0,60.0,31.622776601683793,-6.102246493992645
fw22,268436282.0,60.0,33.496543915782794,-6.193079609228482
fw22,268436282.0,60.0,35.48133892335757,-6.284111432338824
fw22,268436282.0,60.0,37.58374042884443,-6.375339924494549
fw22,268436282.0,60.0,39.810717055349734,-6.46676322247278
fw22,268436282.0,60.0,42.169650342858226,-6.558379622161466
fw22,268436282.0,60.0,44.668359215096345,-6.650187563126659
fw22,268436282.0,60.0,47.315125896148075,-6.742185614198486
fw22,268436282.0,60.0,50.118723362727245,-6.834372460031076
fw22,268436282.0,60.0,53.08844442309885,-6.926746888591679
fw22,268436282.0,60.0,56.23413251903491,-7.019307779534033
fw22,268436282.0,60.0,59.56621435290109,-7.112054093411393
fw22,268436282.0,60.0,63.095734448019364,-7.204984861685631
fw22,268436282.0,60.0,66.83439175686149,-7.298099177489686
fw22,268436282.0,60.0,70.79457843841381,-7.391396187101752
fw22,268436282.0,60.0,74.98942093324558,-7.484875082090293
fw22,268436282.0,60.0,79.43282347242821,-7.578535092091801
fw22,268436282.0,60.0,84.13951416451955,-7.672375478182563
fw22,268436282.0,60.0,89.12509381337459,-7.766395526809112
fw22,268436282.0,60.0,94.40608762859236,-7.860594544242655
fw22,268436282.0,60.0,100.0,-7.954971851523829
fw22,268436282.0,80.0,0.01,-0.022654498381266173
fw22,268436282.0,80.0,0.010592537251772886,-0.024826697446834897
fw22,268436282.0,80.0,0.011220184543019636,-0.027079353451034408
fw22,268436282.0,80.0,0.011885022274370183,-0.029419690862893647
fw22,268436282.0,80.0,0.012589254117941675,-0.031855195761455665
fw22,268436282.0,80.0,0.01333521432163324,-0.034393637208312
fw22,268436282.0,80.0,0.01412537544622754,-0.03704308915675868
fw22,268436282.0,80.0,0.014962356560944336,-0.03981195291635802
fw22,268436282.0,80.0,0.015848931924611134,-0.04270898021742674
fw22,268436282.0,80.0,0.016788040181225608,-0.045743296870214764
fw22,268436282.0,80.0,0.01778279410038923,-0.048924427056276684
fw22,268436282.0,80.0,0.018836490894898,-0.052262318247798256
fw22,268436282.0,80.0,0.0199526231496888,-0.055767366775309093
fw22,268436282.0,80.0,0.021134890398366465,-0.05945044403242536
fw22,268436282.0,80.0,0.0223872113856834,-0.06332292331714096
fw22,268436282.0,80.0,0.023713737056616554,-0.0673967073004263
fw22,268436282.0,80.0,0.025118864315095794,-0.07168425609188878
fw22,268436282.0,80.0,0.0266072505979881,-0.07619861587852028
fw22,268436282.0,80.0,0.028183829312644536,-0.0809534480922454
fw22,268436282.0,80.0,0.029853826189179603,-0.0859630590561109
fw22,268436282.0,80.0,0.03162277660168379,-0.09124243004183628
fw22,268436282.0,80.0,0.03349654391578276,-0.09680724766160763
fw22,268436282.0,80.0,0.03548133892335755,-0.1026739345005575
fw22,268436282.0,80.0,0.03758374042884443,-0.10885967987483755
fw22,268436282.0,80.0,0.039810717055349734,-0.11538247059214896
fw22,268436282.0,80.0,0.042169650342858224,-0.1222611215629857
fw22,268436282.0,80.0,0.0446683592150963,-0.12951530609097628
fw22,268436282.0,80.0,0.04731512589614805,-0.13716558565488082
fw22,268436282.0,80.0,0.05011872336272725,-0.1452334389577363
fw22,268436282.0,80.0,0.053088444423098846,-0.15374129000763892
fw22,268436282.0,80.0,0.056234132519034905,-0.16271253495266655
fw22,268436282.0,80.0,0.059566214352901034,-0.17217156737604447
fw22,268436282.0,80.0,0.06309573444801933,-0.18214380171884145
fw22,268436282.0,80.0,0.06683439175686148,-0.19265569447238987
fw22,268436282.0,80.0,0.0707945784384138,-0.2037347627484541
fw22,268436282.0,80.0,0.07498942093324558,-0.21540959980325947
fw22,268436282.0,80.0,0.07943282347242814,-0.22770988706201747
fw22,268436282.0,80.0,0.08413951416451952,-0.24066640215843493
fw22,268436282.0,80.0,0.08912509381337459,-0.254311022473935
fw22,268436282.0,80.0,0.09440608762859236,-0.26867672363445166
fw22,268436282.0,80.0,0.1,-0.28379757239855763
fw22,268436282.0,80.0,0.10592537251772892,-0.29970871334924154
fw22,268436282.0,80.0,0.11220184543019636,-0.31644634878656314
fw22,268436282.0,80.0,0.11885022274370183,-0.33404771120739807
fw22,268436282.0,80.0,0.12589254117941676,-0.3525510277579538
fw22,268436282.0,80.0,0.1333521432163324,-0.37199547604935523
fw22,268436282.0,80.0,0.14125375446227548,-0.3924211307417785
fw22,268436282.0,80.0,0.14962356560944334,-0.4138689003321406
fw22,268436282.0,80.0,0.1584893192461114,-0.4363804536188654
fw22,268436282.0,80.0,0.16788040181225605,-0.45999813537021056
fw22,268436282.0,80.0,0.1778279410038923,-0.48476487079339237
fw22,268436282.0,80.0,0.18836490894898011,-0.510724058486921
fw22,268436282.0,80.0,0.19952623149688797,-0.5379194516596454
fw22,268436282.0,80.0,0.21134890398366477,-0.5663950275217225
fw22,268436282.0,80.0,0.223872113856834,-0.5961948448896062
fw22,268436282.0,80.0,0.23713737056616552,-0.6273628902042385
fw22,268436282.0,80.0,0.25118864315095807,-0.6599429123308318
fw22,268436282.0,80.0,0.26607250597988097,-0.6939782467002178
fw22,268436282.0,80.0,0.2818382931264455,-0.7295116295492833
fw22,268436282.0,80.0,0.298538261891796,-0.7665850032308172
fw22,268436282.0,80.0,0.31622776601683794,-0.8052393137822578
fw22,268436282.0,80.0,0.3349654391578278,-0.8455143021624292
fw22,268436282.0,80.0,0.35481338923357547,-0.8874482907859919
fw22,268436282.0,80.0,0.3758374042884443,-0.9310779671973254
fw22,268436282.0,80.0,0.3981071705534973,-0.9764381669229426
fw22,268436282.0,80.0,0.4216965034285822,-1.023561657720951
fw22,268436282.0,80.0,0.44668359215096326,-1.0724789275983633
fw22,268436282.0,80.0,0.4731512589614805,-1.1232179790858279
fw22,268436282.0,80.0,0.5011872336272725,-1.1758041323405446
fw22,268436282.0,80.0,0.5308844442309885,-1.2302598396830042
fw22,268436282.0,80.0,0.5623413251903491,-1.2866045141604887
fw22,268436282.0,80.0,0.5956621435290106,-1.344854374663129
fw22,268436282.0,80.0,0.6309573444801932,-1.4050223099963444
fw22,268436282.0,80.0,0.6683439175686149,-1.4671177641358077
fw22,268436282.0,80.0,0.707945784384138,-1.5311466446582809
fw22,268436282.0,80.0,0.7498942093324558,-1.59711125605678
fw22,268436282.0,80.0,0.7943282347242817,-1.6650102593171732
fw22,268436282.0,80.0,0.8413951416451951,-1.734838658760716
fw22,268436282.0,80.0,0.8912509381337459,-1.8065878167523668
fw22,268436282.0,80.0,0.9440608762859236,-1.8802454964482966
fw22,268436282.0,80.0,1.0,-1.9557959323162115
fw22,268436282.0,80.0,1.0592537251772887,-2.0332199277227905
fw22,268436282.0,80.0,1.1220184543019642,-2.1124949784542952
fw22,268436282.0,80.0,1.188502227437019,-2.193595420629839
fw22,268436282.0,80.0,1.2589254117941675,-2.2764926010944877
fw22,268436282.0,80.0,1.333521432163324,-2.361155068048499
fw22,268436282.0,80.0,1.412537544622754,-2.4475487793899893
fw22,268436282.0,80.0,1.4962356560944343,-2.535637326026555
fw22,268436282.0,80.0,1.584893192461114,-2.6253821672507938
fw22,268436282.0,80.0,1.6788040181225607,-2.7167428751774514
fw22,268436282.0,80.0,1.7782794100389228,-2.809677385208828
fw22,268436282.0,80.0,1.8836490894898001,-2.9041422495231832
fw22,268436282.0,80.0,1.9952623149688808,-3.000092890670321
fw22,268436282.0,80.0,2.1134890398366477,-3.097483852499225
fw22,268436282.0,80.0,2.23872113856834,-3.1962690458297125
fw22,268436282.0,80.0,2.371373705661655,-3.296401986507397
fw22,268436282.0,80.0,2.5118864315095824,-3.39783602373785
fw22,268436282.0,80.0,2.6607250597988115,-3.5005245568744043
fw22,268436282.0,80.0,2.818382931264455,-3.6044212391266788
fw22,268436282.0,80.0,2.9853826189179604,-3.709480166955444
fw22,268436282.0,80.0,3.1622776601683795,-3.8156560542143008
fw22,268436282.0,80.0,3.3496543915782793,-3.9229043903860465
fw22,268436282.0,80.0,3.548133892335757,-4.0311815825355195
fw22,268436282.0,80.0,3.758374042884443,-4.140445080851875
fw22,268436282.0,80.0,3.981071705534973,-4.250653487886568
fw22,268436282.0,80.0,4.216965034285822,-4.361766651797207
fw22,268436282.0,80.0,4.4668359215096345,-4.473745744086151
fw22,268436282.0,80.0,4.731512589614808,-4.586553322474739
fw22,268436282.0,80.0,5.011872336272725,-4.700153379675808
fw22,268436282.0,80.0,5.308844442309884,-4.814511378926192
fw22,268436282.0,80.0,5.62341325190349,-4.929594277210784
fw22,268436282.0,80.0,5.95662143529011,-5.045370537159151
fw22,268436282.0,80.0,6.309573444801936,-5.161810128622911
fw22,268436282.0,80.0,6.683439175686149,-5.278884520949932
fw22,268436282.0,80.0,7.07945784384138,-5.396566666963155
fw22,268436282.0,80.0,7.498942093324558,-5.514830979630748
fw22,268436282.0,80.0,7.943282347242821,-5.6336533023794075
fw22,268436282.0,80.0,8.413951416451956,-5.753010873960239
fw22,268436282.0,80.0,8.91250938133746,-5.8728822887267365
fw22,268436282.0,80.0,9.440608762859236,-5.993247453128512
fw22,268436282.0,80.0,10.0,-6.11408753916636
fw22,268436282.0,80.0,10.592537251772898,-6.235384935492763
fw22,268436282.0,80.0,11.220184543019641,-6.357123196781071
fw22,268436282.0,80.0,11.88502227437019,-6.479286991925752
fw22,268436282.0,80.0,12.589254117941675,-6.601862051576681
fw22,268436282.0,80.0,13.33521432163324,-6.724835115452677
fw22,268436282.0,80.0,14.125375446227554,-6.8481938798253585
fw22,268436282.0,80.0,14.962356560944343,-6.971926945512929
fw22,268436282.0,80.0,15.848931924611142,-7.096023766674591
fw22,268436282.0,80.0,16.788040181225607,-7.220474600652906
fw22,268436282.0,80.0,17.78279410038923,-7.345270459069278
fw22,268436282.0,80.0,18.83649089489802,-7.470403060341206
fw22,268436282.0,80.0,19.952623149688808,-7.595864783756041
fw22,268436282.0,80.0,21.134890398366476,-7.721648625205516
fw22,268436282.0,80.0,22.3872113856834,-7.847748154658688
fw22,268436282.0,80.0,23.71373705661655,-7.974157475426702
fw22,268436282.0,80.0,25.11886431509582,-8.100871185252414
fw22,268436282.0,80.0,26.607250597988113,-8.227884339239095
fw22,268436282.0,80.0,28.183829312644548,-8.355192414617935
fw22,268436282.0,80.0,29.853826189179603,-8.482791277338526
fw22,268436282.0,80.0,31.622776601683793,-8.610677150458383
fw22,268436282.0,80.0,33.496543915782794,-8.73884658429496
fw22,268436282.0,80.0,35.48133892335757,-8.867296428298259
fw22,268436282.0,80.0,37.58374042884443,-8.99602380459475
fw22,268436282.0,80.0,39.810717055349734,-9.125026083148713
fw22,268436282.0,80.0,42.169650342858226,-9.254300858483644
fw22,268436282.0,80.0,44.668359215096345,-9.383845927903222
fw22,268436282.0,80.0,47.315125896148075,-9.51365927115006
fw22,268436282.0,80.0,50.118723362727245,-9.643739031438916
fw22,268436282.0,80.0,53.08844442309885,-9.774083497801183
fw22,268436282.0,80.0,56.23413251903491,-9.904691088676799
fw22,268436282.0,80.0,59.56621435290109,-10.035560336691786
fw22,268436282.0,80.0,63.095734448019364,-10.166689874558527
fw22,268436282.0,80.0,66.83439175686149,-10.298078422039882
fw22,268436282.0,80.0,70.79457843841381,-10.429724773916714
fw22,268436282.0,80.0,74.98942093324558,-10.561627788903152
fw22,268436282.0,80.0,79.43282347242821,-10.693786379454124
fw22,268436282.0,80.0,84.13951416451955,-10.826199502411017
fw22,268436282.0,80.0,89.12509381337459,-10.958866150436544
fw22,268436282.0,80.0,94.40608762859236,-11.091785344187935
fw22,268436282.0,80.0,100.0,-11.224956125183041
fw22,268436282.0,100.0,0.01,-0.03549001004300079
fw22,268436282.0,100.0,0.010592537251772886,-0.037999486037231224
fw22,268436282.0,100.0,0.011220184543019636,-0.04063237955429233
fw22,268436282.0,100.0,0.011885022274370183,-0.04339710126038554
fw22,268436282.0,100.0,0.012589254117941675,-0.046302460875271054
fw22,268436282.0,100.0,0.01333521432163324,-0.04935769188236574
fw22,268436282.0,100.0,0.01412537544622754,-0.05257247711190491
fw22,268436282.0,100.0,0.014962356560944336,-0.055956975227683024
fw22,268436282.0,100.0,0.015848931924611134,-0.059521848146816395
fw22,268436282.0,100.0,0.016788040181225608,-0.06327828939848701
fw22,268436282.0,100.0,0.01778279410038923,-0.06723805344073785
fw22,268436282.0,100.0,0.018836490894898,-0.07141348593964779
fw22,268436282.0,100.0,0.0199526231496888,-0.07581755501849273
fw22,268436282.0,100.0,0.021134890398366465,-0.08046388345781294
fw22,268436282.0,100.0,0.0223872113856834,-0.08536678184779473
fw22,268436282.0,100.0,0.023713737056616554,-0.09054128265478889
fw22,268436282.0,100.0,0.025118864315095794,-0.09600317517954958
fw22,268436282.0,100.0,0.0266072505979881,-0.1017690413529071
fw22,268436282.0,100.0,0.028183829312644536,-0.10785629231523056
fw22,268436282.0,100.0,0.029853826189179603,-0.11428320570381036
fw22,268436282.0,100.0,0.03162277660168379,-0.12106896355891032
fw22,268436282.0,100.0,0.03349654391578276,-0.1282336907441188
fw22,268436282.0,100.0,0.03548133892335755,-0.13579849374503858
fw22,268436282.0,100.0,0.03758374042884443,-0.1437854997101248
fw22,268436282.0,100.0,0.039810717055349734,-0.15221789555073476
fw22,268436282.0,100.0,0.042169650342858224,-0.16111996690747235
fw22,268436282.0,100.0,0.0446683592150963,-0.17051713675847194
fw22,268436282.0,100.0,0.04731512589614805,-0.1804360034100527
fw22,268436282.0,100.0,0.05011872336272725,-0.19090437758805864
fw22,268436282.0,100.0,0.053088444423098846,-0.20195131830738886
fw22,268436282.0,100.0,0.056234132519034905,-0.21360716716079328
fw22,268436282.0,100.0,0.059566214352901034,-0.2259035806403235
fw22,268436282.0,100.0,0.06309573444801933,-0.2388735600511435
fw22,268436282.0,100.0,0.06683439175686148,-0.2525514785512507
fw22,268436282.0,100.0,0.0707945784384138,-0.26697310480271874
fw22,268436282.0,100.0,0.07498942093324558,-0.2821756226767304
fw22,268436282.0,100.0,0.07943282347242814,-0.2981976464207637
fw22,268436282.0,100.0,0.08413951416451952,-0.31507923065116045
fw22,268436282.0,100.0,0.08912509381337459,-0.3328618744942106
fw22,268436282.0,100.0,0.09440608762859236,-0.3515885191712797
fw22,268436282.0,100.0,0.1,-0.3713035382804028
fw22,268436282.0,100.0,0.10592537251772892,-0.3920527200111704
fw22,268436282.0,100.0,0.11220184543019636,-0.4138832405001413
fw22,268436282.0,100.0,0.11885022274370183,-0.43684362752584743
fw22,268436282.0,100.0,0.12589254117941676,-0.4609837137399018
fw22,268436282.0,100.0,0.1333521432163324,-0.4863545786347811
fw22,268436282.0,100.0,0.14125375446227548,-0.5130084784738146
fw22,268436282.0,100.0,0.14962356560944334,-0.5409987634417139
fw22,268436282.0,100.0,0.1584893192461114,-0.5703797813286118
fw22,268436282.0,100.0,0.16788040181225605,-0.6012067671263978
fw22,268436282.0,100.0,0.1778279410038923,-0.6335357180142007
fw22,268436282.0,100.0,0.18836490894898011,-0.6674232533122196
fw22,268436282.0,100.0,0.19952623149688797,-0.7029264591251397
fw22,268436282.0,100.0,0.21134890398366477,-0.740102717547396
fw22,268436282.0,100.0,0.223872113856834,-0.7790095204867058
fw22,268436282.0,100.0,0.23713737056616552,-0.8197042683636513
fw22,268436282.0,100.0,0.25118864315095807,-0.8622440541690499
fw22,268436282.0,100.0,0.26607250597988097,-0.9066854336099994
fw22,268436282.0,100.0,0.2818382931264455,-0.9530841823322479
fw22,268436282.0,100.0,0.298538261891796,-1.0014950414873685
fw22,268436282.0,100.0,0.31622776601683794,-1.0519714531968938
fw22,268436282.0,100.0,0.3349654391578278,-1.1045652877530916
fw22,268436282.0,100.0,0.35481338923357547,-1.1593265646861268
fw22,268436282.0,100.0,0.3758374042884443,-1.2163031701008573
fw22,268436282.0,100.0,0.3981071705534973,-1.2755405729471248
fw22,268436282.0,100.0,0.4216965034285822,-1.3370815431217478
fw22,268436282.0,100.0,0.44668359215096326,-1.4009658744962656
fw22,268436282.0,100.0,0.4731512589614805,-1.4672301161235768
fw22,268436282.0,100.0,0.5011872336272725,-1.5359073149806213
fw22,268436282.0,100.0,0.5308844442309885,-1.607026773649184
fw22,268436282.0,100.0,0.5623413251903491,-1.6806138263228494
fw22,268436282.0,100.0,0.5956621435290106,-1.7566896364372084
fw22,268436282.0,100.0,0.6309573444801932,-1.8352710190635912
fw22,268436282.0,100.0,0.6683439175686149,-1.9163702909740856
fw22,268436282.0,100.0,0.707945784384138,-1.9999951509804257
fw22,268436282.0,100.0,0.7498942093324558,-2.0861485927781787
fw22,268436282.0,100.0,0.7943282347242817,-2.1748288520953594
fw22,268436282.0,100.0,0.8413951416451951,-2.2660293894563397
fw22,268436282.0,100.0,0.8912509381337459,-2.359738909345107
fw22,268436282.0,100.0,0.9440608762859236,-2.4559414159936344
fw22,268436282.0,100.0,1.0,-2.5546163054478854
fw22,268436282.0,100.0,1.0592537251772887,-2.655738492989125
fw22,268436282.0,100.0,1.1220184543019642,-2.759278574429209
fw22,268436282.0,100.0,1.188502227437019,-2.865203019268597
fw22,268436282.0,100.0,1.2589254117941675,-2.9734743932168732
fw22,268436282.0,100.0,1.333521432163324,-3.084051607146635
fw22,268436282.0,100.0,1.412537544622754,-3.196890189185362
fw22,268436282.0,100.0,1.4962356560944343,-3.3119425763597135
fw22,268436282.0,100.0,1.584893192461114,-3.4291584219986624
fw22,268436282.0,100.0,1.6788040181225607,-3.548484914973824
fw22,268436282.0,100.0,1.7782794100389228,-3.669867106814509
fw22,268436282.0,100.0,1.8836490894898001,-3.7932482427728855
fw22,268436282.0,100.0,1.9952623149688808,-3.9185700930301626
fw22,268436282.0,100.0,2.1134890398366477,-4.045773280419156
fw22,268436282.0,100.0,2.23872113856834,-4.174797601283365
fw22,268436282.0,100.0,2.371373705661655,-4.305582336388224
fw22,268436282.0,100.0,2.5118864315095824,-4.438066549137179
fw22,268436282.0,100.0,2.6607250597988115,-4.572189368707498
fw22,268436282.0,100.0,2.818382931264455,-4.707890256103712
fw22,268436282.0,100.0,2.9853826189179604,-4.845109251516595
fw22,268436282.0,100.0,3.1622776601683795,-4.983787201760274
fw22,268436282.0,100.0,3.3496543915782793,-5.123865966935822
fw22,268436282.0,100.0,3.548133892335757,-5.265288605827
fw22,268436282.0,100.0,3.758374042884443,-5.407999539862675
fw22,268436282.0,100.0,3.981071705534973,-5.551944695784266
fw22,268436282.0,100.0,4.216965034285822,-5.697071627423564
fw22,268436282.0,100.0,4.4668359215096345,-5.843329617228971
fw22,268436282.0,100.0,4.731512589614808,-5.990669758378097
fw22,268436282.0,100.0,5.011872336272725,-6.13904501847174
fw22,268436282.0,100.0,5.308844442309884,-6.288410285935631
fw22,268436282.0,100.0,5.62341325190349,-6.438722400345749
fw22,268436282.0,100.0,5.95662143529011,-6.589940167959753
fw22,268436282.0,100.0,6.309573444801936,-6.74202436377002
fw22,268436282.0,100.0,6.683439175686149,-6.894937721405909
fw22,268436282.0,100.0,7.07945784384138,-7.048644912202336
fw22,268436282.0,100.0,7.498942093324558,-7.2031125147216715
fw22,268436282.0,100.0,7.943282347242821,-7.358308975973785
fw22,268436282.0,100.0,8.413951416451956,-7.514204565521316
fw22,268436282.0,100.0,8.91250938133746,-7.670771323592552
fw22,268436282.0,100.0,9.440608762859236,-7.827983004252455
fw22,268436282.0,100.0,10.0,-7.985815014604272
fw22,268436282.0,100.0,10.592537251772898,-8.1442443509169
fw22,268436282.0,100.0,11.220184543019641,-8.303249532490517
fw22,268436282.0,100.0,11.88502227437019,-8.462810533996185
fw22,268436282.0,100.0,12.589254117941675,-8.622908716945513
fw22,268436282.0,100.0,13.33521432163324,-8.783526760872011
fw22,268436282.0,100.0,14.125375446227554,-8.944648594735817
fw22,268436282.0,100.0,14.962356560944343,-9.106259328993758
fw22,268436282.0,100.0,15.848931924611142,-9.268345188716072
fw22,268436282.0,100.0,16.788040181225607,-9.430893448071503
fw22,268436282.0,100.0,17.78279410038923,-9.593892366449378
fw22,268436282.0,100.0,18.83649089489802,-9.75733112643933
fw22,268436282.0,100.0,19.952623149688808,-9.921199773843341
fw22,268436282.0,100.0,21.134890398366476,-10.085489159857852
fw22,268436282.0,100.0,22.3872113856834,-10.250190885525823
fw22,268436282.0,100.0,23.71373705661655,-10.415297248530049
fw22,268436282.0,100.0,25.11886431509582,-10.580801192369579
fw22,268436282.0,100.0,26.607250597988113,-10.746696257938371
fw22,268436282.0,100.0,28.183829312644548,-10.91297653750565
fw22,268436282.0,100.0,29.853826189179603,-11.079636631077857
fw22,268436282.0,100.0,31.622776601683793,-11.246671605109757
fw22,268436282.0,100.0,33.496543915782794,-11.414076953518348
fw22,268436282.0,100.0,35.48133892335757,-11.581848560943804
fw22,268436282.0,100.0,37.58374042884443,-11.749982668193086
fw22,268436282.0,100.0,39.810717055349734,-11.918475839797022
fw22,268436282.0,100.0,42.169650342858226,-12.0873249336044
fw22,268436282.0,100.0,44.668359215096345,-12.25652707233491
fw22,268436282.0,100.0,47.315125896148075,-12.426079617010185
fw22,268436282.0,100.0,50.118723362727245,-12.595980142180057
fw22,268436282.0,100.0,53.08844442309885,-12.766226412861185
fw22,268436282.0,100.0,56.23413251903491,-12.936816363105955
fw22,268436282.0,100.0,59.56621435290109,-13.107748076118806
fw22,268436282.0,100.0,63.095734448019364,-13.279019765840244
fw22,268436282.0,100.0,66.83439175686149,-13.450629759918787
fw22,268436282.0,100.0,70.79457843841381,-13.622576483995763
fw22,268436282.0,100.0,74.98942093324558,-13.794858447225907
fw22,268436282.0,100.0,79.43282347242821,-13.967474228964104
fw22,268436282.0,100.0,84.13951416451955,-14.140422466548012
fw22,268436282.0,100.0,89.12509381337459,-14.31370184410935
fw22,268436282.0,100.0,94.40608762859236,-14.487311082351374
fw22,268436282.0,100.0,100.0,-14.661248929230885
fw26_human,268436282.0,5.0,0.01,1.63853751906565
fw26_human,268436282.0,5.0,0.010592537251772886,1.6362485733771552
fw26_human,268436282.0,5.0,0.011220184543019636,1.6338314393652849
fw26_human,268436282.0,5.0,0.011885022274370183,1.631279387079198
fw26_human,268436282.0,5.0,0.012589254117941675,1.6285853858377843
fw26_human,268436282.0,5.0,0.01333521432163324,1.6257420970286434
fw26_human,268436282.0,5.0,0.01412537544622754,1.6227418675489653
fw26_human,268436282.0,5.0,0.014962356560944336,1.619576724014408
fw26_human,268436282.0,5.0,0.015848931924611134,1.6162383678750236
fw26_human,268436282.0,5.0,0.016788040181225608,1.6127181716015102
fw26_human,268436282.0,5.0,0.01778279410038923,1.609007176098455
fw26_human,268436282.0,5.0,0.018836490894898,1.6050960895443733
fw26_human,268436282.0,5.0,0.0199526231496888,1.6009752878387724
fw26_human,268436282.0,5.0,0.021134890398366465,1.596634816880978
fw26_human,268436282.0,5.0,0.0223872113856834,1.5920643969008128
fw26_human,268436282.0,5.0,0.023713737056616554,1.5872534290759683
fw26_human,268436282.0,5.0,0.025118864315095794,1.5821910046952607
fw26_human,268436282.0,5.0,0.0266072505979881,1.5768659171221149
fw26_human,268436282.0,5.0,0.028183829312644536,1.5712666768309576
fw26_human,268436282.0,5.0,0.029853826189179603,1.5653815297958151
fw26_human,268436282.0,5.0,0.03162277660168379,1.5591984795085265
fw26_human,268436282.0,5.0,0.03349654391578276,1.5527053129136883
fw26_human,268436282.0,5.0,0.03548133892335755,1.5458896305315248
fw26_human,268436282.0,5.0,0.03758374042884443,1.5387388810459028
fw26_human,268436282.0,5.0,0.039810717055349734,1.5312404006065092
fw26_human,268436282.0,5.0,0.042169650342858224,1.5233814570858926
fw26_human,268436282.0,5.0,0.0446683592150963,1.5151492994974711
fw26_human,268436282.0,5.0,0.04731512589614805,1.506531212748821
fw26_human,268436282.0,5.0,0.05011872336272725,1.4975145778618713
fw26_human,268436282.0,5.0,0.053088444423098846,1.4880869377387698
fw26_human,268436282.0,5.0,0.056234132519034905,1.4782360684928608
fw26_human,268436282.0,5.0,0.059566214352901034,1.4679500562929528
fw26_human,268436282.0,5.0,0.06309573444801933,1.4572173795907857
fw26_human,268436282.0,5.0,0.06683439175686148,1.4460269965119508
fw26_human,268436282.0,5.0,0.0707945784384138,1.4343684370964667
fw26_human,268436282.0,5.0,0.07498942093324558,1.4222318999675119
fw26_human,268436282.0,5.0,0.07943282347242814,1.4096083529001533
fw26_human,268436282.0,5.0,0.08413951416451952,1.3964896366454926
fw26_human,268436282.0,5.0,0.08912509381337459,1.3828685712501478
fw26_human,268436282.0,5.0,0.09440608762859236,1.368739063994542
fw26_human,268436282.0,5.0,0.1,1.3540962179623512
fw26_human,268436282.0,5.0,0.10592537251772892,1.3389364401469361
fw26_human,268436282.0,5.0,0.11220184543019636,1.3232575479071993
fw26_human,268436282.0,5.0,0.11885022274370183,1.3070588725049943
fw26_human,268436282.0,5.0,0.12589254117941676,1.2903413583950096
fw26_human,268436282.0,5.0,0.1333521432163324,1.2731076568977253
fw26_human,268436282.0,5.0,0.14125375446227548,1.255362212874108
fw26_human,268436282.0,5.0,0.14962356560944334,1.2371113430330274
fw26_human,268436282.0,5.0,0.1584893192461114,1.2183633045496525
fw26_human,268436282.0,5.0,0.16788040181225605,1.1991283527479755
fw26_human,268436282.0,5.0,0.1778279410038923,1.1794187867103008
fw26_human,268436282.0,5.0,0.18836490894898011,1.159248981813171
fw26_human,268436282.0,5.0,0.19952623149688797,1.1386354083547356
fw26_human,268436282.0,5.0,0.21134890398366477,1.1175966356250355
fw26_human,268436282.0,5.0,0.223872113856834,1.0961533209724377
fw26_human,268436282.0,5.0,0.23713737056616552,1.0743281836288154
fw26_human,268436282.0,5.0,0.25118864315095807,1.052145963262745
fw26_human,268436282.0,5.0,0.26607250597988097,1.0296333634239918
fw26_human,268436282.0,5.0,0.2818382931264455,1.0068189802109515
fw26_human,268436282.0,5.0,0.298538261891796,0.9837332166260864
fw26_human,268436282.0,5.0,0.31622776601683794,0.9604081831691734
fw26_human,268436282.0,5.0,0.3349654391578278,0.9368775852463351
fw26_human,268436282.0,5.0,0.35481338923357547,0.9131765979371825
fw26_human,268436282.0,5.0,0.3758374042884443,0.88934172855661
fw26_human,268436282.0,5.0,0.3981071705534973,0.8654106672770746
fw26_human,268436282.0,5.0,0.4216965034285822,0.8414221258435618
fw26_human,268436282.0,5.0,0.44668359215096326,0.8174156641341735
fw26_human,268436282.0,5.0,0.4731512589614805,0.7934315040144904
fw26_human,268436282.0,5.0,0.5011872336272725,0.7695103296346949
fw26_human,268436282.0,5.0,0.5308844442309885,0.7456930730644872
fw26_human,268436282.0,5.0,0.5623413251903491,0.7220206839996575
fw26_human,268436282.0,5.0,0.5956621435290106,0.6985338822605518
fw26_human,268436282.0,5.0,0.6309573444801932,0.6752728919940403
fw26_human,268436282.0,5.0,0.6683439175686149,0.6522771569441569
fw26_human,268436282.0,5.0,0.707945784384138,0.6295850369196815
fw26_human,268436282.0,5.0,0.7498942093324558,0.607233486692984
fw26_human,268436282.0,5.0,0.7943282347242817,0.585257720017969
fw26_human,268436282.0,5.0,0.8413951416451951,0.5636908632263384
fw26_human,268436282.0,5.0,0.8912509381337459,0.5425636048735187
fw26_human,268436282.0,5.0,0.9440608762859236,0.5219038500303673
fw26_human,268436282.0,5.0,1.0,0.5017363898728985
fw26_human,268436282.0,5.0,1.0592537251772887,0.4820825989813369
fw26_human,268436282.0,5.0,1.1220184543019642,0.4629601739653805
fw26_human,268436282.0,5.0,1.188502227437019,0.44438292742234486
fw26_human,268436282.0,5.0,1.2589254117941675,0.42636065058250744
fw26_human,268436282.0,5.0,1.333521432163324,0.40889905614623895
fw26_human,268436282.0,5.0,1.412537544622754,0.39199980973194015
fw26_human,268436282.0,5.0,1.4962356560944343,0.37566065413941835
fw26_human,268436282.0,5.0,1.584893192461114,0.35987562555889013
fw26_human,268436282.0,5.0,1.6788040181225607,0.3446353553399217
fw26_human,268436282.0,5.0,1.7782794100389228,0.3299274455106247
fw26_human,268436282.0,5.0,1.8836490894898001,0.31573690148462474
fw26_human,268436282.0,5.0,1.9952623149688808,0.302046601859821
fw26_human,268436282.0,5.0,2.1134890398366477,0.2888377833252289
fw26_human,268436282.0,5.0,2.23872113856834,0.2760905186827917
fw26_human,268436282.0,5.0,2.371373705661655,0.2637841678536868
fw26_human,268436282.0,5.0,2.5118864315095824,0.2518977852196382
fw26_human,268436282.0,5.0,2.6607250597988115,0.24041047128896695
fw26_human,268436282.0,5.0,2.818382931264455,0.2293016618793782
fw26_human,268436282.0,5.0,2.9853826189179604,0.21855135314585947
fw26_human,268436282.0,5.0,3.1622776601683795,0.20814026528853394
fw26_human,268436282.0,5.0,3.3496543915782793,0.19804995123901115
fw26_human,268436282.0,5.0,3.548133892335757,0.1882628588309217
fw26_human,268436282.0,5.0,3.758374042884443,0.17876235590646142
fw26_human,268436282.0,5.0,3.981071705534973,0.16953272766691124
fw26_human,268436282.0,5.0,4.216965034285822,0.16055915462838444
fw26_human,268436282.0,5.0,4.4668359215096345,0.15182767812556372
fw26_human,268436282.0,5.0,4.731512589614808,0.14332515872416363
fw26_human,268436282.0,5.0,5.011872336272725,0.13503923139734308
fw26_human,268436282.0,5.0,5.308844442309884,0.12695826004239508
fw26_human,268436282.0,5.0,5.62341325190349,0.11907129292514886
fw26_human,268436282.0,5.0,5.95662143529011,0.11136801993765454
fw26_human,268436282.0,5.0,6.309573444801936,0.1038387320951908
fw26_human,268436282.0,5.0,6.683439175686149,0.09647428342160606
fw26_human,268436282.0,5.0,7.07945784384138,0.08926605521863853
fw26_human,268436282.0,5.0,7.498942093324558,0.08220592263809931
fw26_human,268436282.0,5.0,7.943282347242821,0.07528622344214697
fw26_human,268436282.0,5.0,8.413951416451956,0.06849972882572589
fw26_human,268436282.0,5.0,8.91250938133746,0.061839616174478466
fw26_human,268436282.0,5.0,9.440608762859236,0.055299443635251924
fw26_human,268436282.0,5.0,10.0,0.04887312638194399
fw26_human,268436282.0,5.0,10.592537251772898,0.042554914465436425
fw26_human,268436282.0,5.0,11.220184543019641,0.03633937214254456
fw26_human,268436282.0,5.0,11.88502227437019,0.030221358585017545
fw26_human,268436282.0,5.0,12.589254117941675,0.02419600987542152
fw26_human,268436282.0,5.0,13.33521432163324,0.018258722202514267
fw26_human,268436282.0,5.0,14.125375446227554,0.012405136174085129
fw26_human,268436282.0,5.0,14.962356560944343,0.006631122170537812
fw26_human,268436282.0,5.0,15.848931924611142,0.0009327666674164526
fw26_human,268436282.0,5.0,16.788040181225607,-0.004693640540151466
fw26_human,268436282.0,5.0,17.78279410038923,-0.010251618273660567
fw26_human,268436282.0,5.0,18.83649089489802,-0.015744505126377893
fw26_human,268436282.0,5.0,19.952623149688808,-0.021175469891775548
fw26_human,268436282.0,5.0,21.134890398366476,-0.026547521315784056
fw26_human,268436282.0,5.0,22.3872113856834,-0.03186351721988388
fw26_human,268436282.0,5.0,23.71373705661655,-0.037126173038773226
fw26_human,268436282.0,5.0,25.11886431509582,-0.04233806981320474
fw26_human,268436282.0,5.0,26.607250597988113,-0.04750166167574375
fw26_human,268436282.0,5.0,28.183829312644548,-0.05261928286448079
fw26_human,268436282.0,5.0,29.853826189179603,-0.057693154297203786
fw26_human,268436282.0,5.0,31.622776601683793,-0.06272538973624715
fw26_human,268436282.0,5.0,33.496543915782794,-0.06771800157201067
fw26_human,268436282.0,5.0,35.48133892335757,-0.07267290625115708
fw26_human,268436282.0,5.0,37.58374042884443,-0.07759192937360543
fw26_human,268436282.0,5.0,39.810717055349734,-0.08247681048071961
fw26_human,268436282.0,5.0,42.169650342858226,-0.08732920755544488
fw26_human,268436282.0,5.0,44.668359215096345,-0.09215070125370238
fw26_human,268436282.0,5.0,47.315125896148075,-0.09694279888492349
fw26_human,268436282.0,5.0,50.118723362727245,-0.10170693815833262
fw26_human,268436282.0,5.0,53.08844442309885,-0.10644449071043718
fw26_human,268436282.0,5.0,56.23413251903491,-0.11115676542803453
fw26_human,268436282.0,5.0,59.56621435290109,-0.11584501158005586
fw26_human,268436282.0,5.0,63.095734448019364,-0.12051042177062596
fw26_human,268436282.0,5.0,66.83439175686149,-0.1251541347248403
fw26_human,268436282.0,5.0,70.79457843841381,-0.12977723791794493
fw26_human,268436282.0,5.0,74.98942093324558,-0.13438077005788904
fw26_human,268436282.0,5.0,79.43282347242821,-0.13896572343048236
fw26_human,268436282.0,5.0,84.13951416451955,-0.1435330461157915
fw26_human,268436282.0,5.0,89.12509381337459,-0.14808364408378485
fw26_human,268436282.0,5.0,94.40608762859236,-0.15261838317671758
fw26_human,268436282.0,5.0,100.0,-0.15713809098520076
fw26_human,268436282.0,10.0,0.01,1.4549187782468478
fw26_human,268436282.0,10.0,0.010592537251772886,1.4430716256081162
fw26_human,268436282.0,10.0,0.011220184543019636,1.4306754285979284
fw26_human,268436282.0,10.0,0.011885022274370183,1.4177135805953454
fw26_human,268436282.0,10.0,0.012589254117941675,1.4041699849755502
fw26_human,268436282.0,10.0,0.01333521432163324,1.390029197926446
fw26_human,268436282.0,10.0,0.01412537544622754,1.3752765835840486
fw26_human,268436282.0,10.0,0.014962356560944336,1.3598984814795563
fw26_human,268436282.0,10.0,0.015848931924611134,1.3438823861103222
fw26_human,268436282.0,10.0,0.016788040181225608,1.3272171382276063
fw26_human,268436282.0,10.0,0.01778279410038923,1.309893127159406
fw26_human,268436282.0,10.0,0.018836490894898,1.2919025032075089
fw26_human,268436282.0,10.0,0.0199526231496888,1.2732393988255926
fw26_human,268436282.0,10.0,0.021134890398366465,1.2539001569049906
fw26_human,268436282.0,10.0,0.0223872113856834,1.233883564105797
fw26_human,268436282.0,10.0,0.023713737056616554,1.2131910867343536
fw26_human,268436282.0,10.0,0.025118864315095794,1.191827106202759
fw26_human,268436282.0,10.0,0.0266072505979881,1.169799150629031
fw26_human,268436282.0,10.0,0.028183829312644536,1.1471181186442818
fw26_human,268436282.0,10.0,0.029853826189179603,1.1237984909815504
fw26_human,268436282.0,10.0,0.03162277660168379,1.099858524937551
fw26_human,268436282.0,10.0,0.03349654391578276,1.0753204263554044
fw26_human,268436282.0,10.0,0.03548133892335755,1.0502104933753755
fw26_human,268436282.0,10.0,0.03758374042884443,1.0245592258741174
fw26_human,268436282.0,10.0,0.039810717055349734,0.9984013942837199
fw26_human,268436282.0,10.0,0.042169650342858224,0.9717760613775264
fw26_human,268436282.0,10.0,0.0446683592150963,0.9447265506626528
fw26_human,268436282.0,10.0,0.04731512589614805,0.9173003552530846
fw26_human,268436282.0,10.0,0.05011872336272725,0.8895489815507152
fw26_human,268436282.0,10.0,0.053088444423098846,0.8615277227663226
fw26_human,268436282.0,10.0,0.056234132519034905,0.8332953582852299
fw26_human,268436282.0,10.0,0.059566214352901034,0.8049137761594335
fw26_human,268436282.0,10.0,0.06309573444801933,0.7764475175911777
fw26_human,268436282.0,10.0,0.06683439175686148,0.7479632441826385
fw26_human,268436282.0,10.0,0.0707945784384138,0.719529130931667
fw26_human,268436282.0,10.0,0.07498942093324558,0.6912141904471494
fw26_human,268436282.0,10.0,0.07943282347242814,0.66308753657425
fw26_human,268436282.0,10.0,0.08413951416451952,0.6352175984924232
fw26_human,268436282.0,10.0,0.08912509381337459,0.6076712992675636
fw26_human,268436282.0,10.0,0.09440608762859236,0.5805132156779133
fw26_human,268436282.0,10.0,0.1,0.5538047387216927
fw26_human,268436282.0,10.0,0.10592537251772892,0.527603256372233
fw26_human,268436282.0,10.0,0.11220184543019636,0.5019613816736128
fw26_human,268436282.0,10.0,0.11885022274370183,0.4769262499539978
fw26_human,268436282.0,10.0,0.12589254117941676,0.45253890859558116
fw26_human,268436282.0,10.0,0.1333521432163324,0.42883382127220604
fw26_human,268436282.0,10.0,0.14125375446227548,0.40583850576226216
fw26_human,268436282.0,10.0,0.14962356560944334,0.3835733203443268
fw26_human,268436282.0,10.0,0.1584893192461114,0.3620514084826998
fw26_human,268436282.0,10.0,0.16788040181225605,0.34127880521516096
fw26_human,268436282.0,10.0,0.1778279410038923,0.32125470169694853
fw26_human,268436282.0,10.0,0.18836490894898011,0.3019718571708156
fw26_human,268436282.0,10.0,0.19952623149688797,0.28341714073816365
fw26_human,268436282.0,10.0,0.21134890398366477,0.26557217925478466
fw26_human,268436282.0,10.0,0.223872113856834,0.24841408298678863
fw26_human,268436282.0,10.0,0.23713737056616552,0.2319162177793037
fw26_human,268436282.0,10.0,0.25118864315095807,0.2160489916927952
fw26_human,268436282.0,10.0,0.26607250597988097,0.2007806254375584
fw26_human,268436282.0,10.0,0.2818382931264455,0.18607787934626935
fw26_human,268436282.0,10.0,0.298538261891796,0.17190671471406793
fw26_human,268436282.0,10.0,0.31622776601683794,0.15823287357005647
fw26_human,268436282.0,10.0,0.3349654391578278,0.14502236768252302
fw26_human,268436282.0,10.0,0.35481338923357547,0.13224187417306063
fw26_human,268436282.0,10.0,0.3758374042884443,0.11985904092366632
fw26_human,268436282.0,10.0,0.3981071705534973,0.10784270954916925
fw26_human,268436282.0,10.0,0.4216965034285822,0.09616306681622416
fw26_human,268436282.0,10.0,0.44668359215096326,0.08479173697451452
fw26_human,268436282.0,10.0,0.4731512589614805,0.07370182767053499
fw26_human,268436282.0,10.0,0.5011872336272725,0.06286794123032947
fw26_human,268436282.0,10.0,0.5308844442309885,0.052266161485913364
fw26_human,268436282.0,10.0,0.5623413251903491,0.04187402435106889
fw26_human,268436282.0,10.0,0.5956621435290106,0.031670478341640315
fw26_human,268436282.0,10.0,0.6309573444801932,0.02163583941294615
fw26_human,268436282.0,10.0,0.6683439175686149,0.011751742985444307
fw26_human,268436282.0,10.0,0.707945784384138,0.002001094892115253
fw26_human,268436282.0,10.0,0.7498942093324558,-0.007631977813464297
fw26_human,268436282.0,10.0,0.7943282347242817,-0.017162175758388097
fw26_human,268436282.0,10.0,0.8413951416451951,-0.026603075727567572
fw26_human,268436282.0,10.0,0.8912509381337459,-0.03596717873381451
fw26_human,268436282.0,10.0,0.9440608762859236,-0.045265957757279214
fw26_human,268436282.0,10.0,1.0,-0.05450990523812801
fw26_human,268436282.0,10.0,1.0592537251772887,-0.06370858038642084
fw26_human,268436282.0,10.0,1.1220184543019642,-0.07287065634166426
fw26_human,268436282.0,10.0,1.188502227437019,-0.08200396717888908
fw26_human,268436282.0,10.0,1.2589254117941675,-0.09111555472330272
fw26_human,268436282.0,10.0,1.333521432163324,-0.1002117151036716
fw26_human,268436282.0,10.0,1.412537544622754,-0.10929804494646983
fw26_human,268436282.0,10.0,1.4962356560944343,-0.11837948709014537
fw26_human,268436282.0,10.0,1.584893192461114,-0.12746037568054933
fw26_human,268436282.0,10.0,1.6788040181225607,-0.136544480496324
fw26_human,268436282.0,10.0,1.7782794100389228,-0.14563505034586022
fw26_human,268436282.0,10.0,1.8836490894898001,-0.15473485537524848
fw26_human,268436282.0,10.0,1.9952623149688808,-0.16384622812980018
fw26_human,268436282.0,10.0,2.1134890398366477,-0.172971103218846
fw26_human,268436282.0,10.0,2.23872113856834,-0.18211105544473818
fw26_human,268436282.0,10.0,2.371373705661655,-0.1912673362714846
fw26_human,268436282.0,10.0,2.5118864315095824,-0.20044090852542007
fw26_human,268436282.0,10.0,2.6607250597988115,-0.20963247923929032
fw26_human,268436282.0,10.0,2.818382931264455,-0.2188425305712047
fw26_human,268436282.0,10.0,2.9853826189179604,-0.22807134875081264
fw26_human,268436282.0,10.0,3.1622776601683795,-0.23731905102557257
fw26_human,268436282.0,10.0,3.3496543915782793,-0.24658561060025194
fw26_human,268436282.0,10.0,3.548133892335757,-0.2558708795818583
fw26_human,268436282.0,10.0,3.758374042884443,-0.26517460996000863
fw26_human,268436282.0,10.0,3.981071705534973,-0.27449647266864163
fw26_human,268436282.0,10.0,4.216965034285822,-0.2838360747893035
fw26_human,268436282.0,10.0,4.4668359215096345,-0.29319297496821156
fw26_human,268436282.0,10.0,4.731512589614808,-0.30256669712945256
fw26_human,268436282.0,10.0,5.011872336272725,-0.3119567425745555
fw26_human,268436282.0,10.0,5.308844442309884,-0.3213626005647745
fw26_human,268436282.0,10.0,5.62341325190349,-0.3307837574863423
fw26_human,268436282.0,10.0,5.95662143529011,-0.34021970470139273
fw26_human,268436282.0,10.0,6.309573444801936,-0.34966994518790495
fw26_human,268436282.0,10.0,6.683439175686149,-0.3591339990713299
fw26_human,268436282.0,10.0,7.07945784384138,-0.36861140814872706
fw26_human,268436282.0,10.0,7.498942093324558,-0.3781017395031421
fw26_human,268436282.0,10.0,7.943282347242821,-0.38760458830238975
fw26_human,268436282.0,10.0,8.413951416451956,-0.39711957987167906
fw26_human,268436282.0,10.0,8.91250938133746,-0.4066463711248709
fw26_human,268436282.0,10.0,9.440608762859236,-0.4161846514335493
fw26_human,268436282.0,10.0,10.0,-0.4257341430077751
fw26_human,268436282.0,10.0,10.592537251772898,-0.4352946008566494
fw26_human,268436282.0,10.0,11.220184543019641,-0.44486581239123907
fw26_human,268436282.0,10.0,11.88502227437019,-0.45444759672680174
fw26_human,268436282.0,10.0,12.589254117941675,-0.4640398037359387
fw26_human,268436282.0,10.0,13.33521432163324,-0.4736423128990629
fw26_human,268436282.0,10.0,14.125375446227554,-0.48325503199361547
fw26_human,268436282.0,10.0,14.962356560944343,-0.49287789565886353
fw26_human,268436282.0,10.0,15.848931924611142,-0.5025108638687213
fw26_human,268436282.0,10.0,16.788040181225607,-0.5121539203409712
fw26_human,268436282.0,10.0,17.78279410038923,-0.5218070709075726
fw26_human,268436282.0,10.0,18.83649089489802,-0.5314703418673032
fw26_human,268436282.0,10.0,19.952623149688808,-0.5411437783388857
fw26_human,268436282.0,10.0,21.134890398366476,-0.550827442629911
fw26_human,268436282.0,10.0,22.3872113856834,-0.5605214126344005
fw26_human,268436282.0,10.0,23.71373705661655,-0.5702257802695292
fw26_human,268436282.0,10.0,25.11886431509582,-0.5799406499600663
fw26_human,268436282.0,10.0,26.607250597988113,-0.5896661371773028
fw26_human,268436282.0,10.0,28.183829312644548,-0.5994023670376926
fw26_human,268436282.0,10.0,29.853826189179603,-0.6091494729650575
fw26_human,268436282.0,10.0,31.622776601683793,-0.6189075954190519
fw26_human,268436282.0,10.0,33.496543915782794,-0.628676880691553
fw26_human,268436282.0,10.0,35.48133892335757,-0.6384574797718017
fw26_human,268436282.0,10.0,37.58374042884443,-0.6482495472803678
fw26_human,268436282.0,10.0,39.810717055349734,-0.6580532404713896
fw26_human,268436282.0,10.0,42.169650342858226,-0.6678687183020892
fw26_human,268436282.0,10.0,44.668359215096345,-0.6776961405680522
fw26_human,268436282.0,10.0,47.315125896148075,-0.6875356671025324
fw26_human,268436282.0,10.0,50.118723362727245,-0.6973874570376801
fw26_human,268436282.0,10.0,53.08844442309885,-0.7072516681254661
fw26_human,268436282.0,10.0,56.23413251903491,-0.7171284561158995
fw26_human,268436282.0,10.0,59.56621435290109,-0.727017974189974
fw26_human,268436282.0,10.0,63.095734448019364,-0.7369203724448578
fw26_human,268436282.0,10.0,66.83439175686149,-0.7468357974286332
fw26_human,268436282.0,10.0,70.79457843841381,-0.7567643917220283
fw26_human,268436282.0,10.0,74.98942093324558,-0.7667062935645336
fw26_human,268436282.0,10.0,79.43282347242821,-0.7766616365223435
fw26_human,268436282.0,10.0,84.13951416451955,-0.7866305491956316
fw26_human,268436282.0,10.0,89.12509381337459,-0.7966131549627278
fw26_human,268436282.0,10.0,94.40608762859236,-0.8066095717588325
fw26_human,268436282.0,10.0,100.0,-0.8166199118869747
fw26_human,268436282.0,20.0,0.01,0.6915860106242119
fw26_human,268436282.0,20.0,0.010592537251772886,0.6630753023597377
fw26_human,268436282.0,20.0,0.011220184543019636,0.6348540414029775
fw26_human,268436282.0,20.0,0.011885022274370183,0.6069964798975434
fw26_human,268436282.0,20.0,0.012589254117941675,0.5795743848128247
fw26_human,268436282.0,20.0,0.01333521432163324,0.552656072202593
fw26_human,268436282.0,20.0,0.01412537544622754,0.526305470365523
fw26_human,268436282.0,20.0,0.014962356560944336,0.5005812400508833
fw26_human,268436282.0,20.0,0.015848931924611134,0.47553598014134474
fw26_human,268436282.0,20.0,0.016788040181225608,0.4512155461879349
fw26_human,268436282.0,20.0,0.01778279410038923,0.42765850661867094
fw26_human,268436282.0,20.0,0.018836490894898,0.4048957573280783
fw26_human,268436282.0,20.0,0.0199526231496888,0.3829503097908748
fw26_human,268436282.0,20.0,0.021134890398366465,0.36183726099946395
fw26_human,268436282.0,20.0,0.0223872113856834,0.3415639457804206
fw26_human,268436282.0,20.0,0.023713737056616554,0.32213026380798016
fw26_human,268436282.0,20.0,0.025118864315095794,0.3035291655171293
fw26_human,268436282.0,20.0,0.0266072505979881,0.2857472736848326
fw26_human,268436282.0,20.0,0.028183829312644536,0.26876561133236615
fw26_human,268436282.0,20.0,0.029853826189179603,0.2525604023059446
fw26_human,268436282.0,20.0,0.03162277660168379,0.23710390881938587
fw26_human,268436282.0,20.0,0.03349654391578276,0.2223652705760877
fw26_human,268436282.0,20.0,0.03548133892335755,0.2083113127830919
fw26_human,268436282.0,20.0,0.03758374042884443,0.1949072951389908
fw26_human,268436282.0,20.0,0.039810717055349734,0.18211758023130836
fw26_human,268436282.0,20.0,0.042169650342858224,0.1699062070469129
fw26_human,268436282.0,20.0,0.0446683592150963,0.15823736276789888
fw26_human,268436282.0,20.0,0.04731512589614805,0.14707575297980963
fw26_human,268436282.0,20.0,0.05011872336272725,0.13638687628073567
fw26_human,268436282.0,20.0,0.053088444423098846,0.12613721364401642
fw26_human,268436282.0,20.0,0.056234132519034905,0.11629434558008483
fw26_human,268436282.0,20.0,0.059566214352901034,0.10682701121546391
fw26_human,268436282.0,20.0,0.06309573444801933,0.0977051230966263
fw26_human,268436282.0,20.0,0.06683439175686148,0.08889975018984766
fw26_human,268436282.0,20.0,0.0707945784384138,0.08038307959121707
fw26_human,268436282.0,20.0,0.07498942093324558,0.07212836526767996
fw26_human,268436282.0,20.0,0.07943282347242814,0.06410987002184436
fw26_human,268436282.0,20.0,0.08413951416451952,0.056302805019664684
fw26_human,268436282.0,20.0,0.08912509381337459,0.04868326973476187
fw26_human,268436282.0,20.0,0.09440608762859236,0.04122819407147215
fw26_human,268436282.0,20.0,0.1,0.03391528367293651
fw26_human,268436282.0,20.0,0.10592537251772892,0.02672296894554939
fw26_human,268436282.0,20.0,0.11220184543019636,0.019630358049363607
fw26_human,268436282.0,20.0,0.11885022274370183,0.012617193949489834
fw26_human,268436282.0,20.0,0.12589254117941676,0.005663815548931212
fw26_human,268436282.0,20.0,0.1333521432163324,-0.001248877109993085
fw26_human,268436282.0,20.0,0.14125375446227548,-0.008139453601764608
fw26_human,268436282.0,20.0,0.14962356560944334,-0.015025979863102185
fw26_human,268436282.0,20.0,0.1584893192461114,-0.02192604095994917
fw26_human,268436282.0,20.0,0.16788040181225605,-0.02885675991461087
fw26_human,268436282.0,20.0,0.1778279410038923,-0.03583481263647363
fw26_human,268436282.0,20.0,0.18836490894898011,-0.042876439008874175
fw26_human,268436282.0,20.0,0.19952623149688797,-0.04999745019825266
fw26_human,268436282.0,20.0,0.21134890398366477,-0.05721323226730859
fw26_human,268436282.0,20.0,0.223872113856834,-0.06453874619329794
fw26_human,268436282.0,20.0,0.23713737056616552,-0.07198852441595709
fw26_human,268436282.0,20.0,0.25118864315095807,-0.07957666406587692
fw26_human,268436282.0,20.0,0.26607250597988097,-0.0873168170527416
fw26_human,268436282.0,20.0,0.2818382931264455,-0.0952221772252423
fw26_human,268436282.0,20.0,0.298538261891796,-0.10330546484809647
fw26_human,268436282.0,20.0,0.31622776601683794,-0.11157890867653784
fw26_human,268436282.0,20.0,0.3349654391578278,-0.12005422594491254
fw26_human,268436282.0,20.0,0.35481338923357547,-0.1287426006215034
fw26_human,268436282.0,20.0,0.3758374042884443,-0.13765466031566076
fw26_human,268436282.0,20.0,0.3981071705534973,-0.1468004522558874
fw26_human,268436282.0,20.0,0.4216965034285822,-0.15618941878558026
fw26_human,268436282.0,20.0,0.44668359215096326,-0.1658303728469597
fw26_human,268436282.0,20.0,0.4731512589614805,-0.1757314739420704
fw26_human,268436282.0,20.0,0.5011872336272725,-0.18590020506995866
fw26_human,268436282.0,20.0,0.5308844442309885,-0.19634335114321716
fw26_human,268436282.0,20.0,0.5623413251903491,-0.2070669793802733
fw26_human,268436282.0,20.0,0.5956621435290106,-0.21807642215545306
fw26_human,268436282.0,20.0,0.6309573444801932,-0.22937626276346437
fw26_human,268436282.0,20.0,0.6683439175686149,-0.24097032452003078
fw26_human,268436282.0,20.0,0.707945784384138,-0.2528616635760924
fw26_human,268436282.0,20.0,0.7498942093324558,-0.2650525657689393
fw26_human,268436282.0,20.0,0.7943282347242817,-0.27754454777197857
fw26_human,268436282.0,20.0,0.8413951416451951,-0.2903383627356461
fw26_human,268436282.0,20.0,0.8912509381337459,-0.30343401053764624
fw26_human,268436282.0,20.0,0.9440608762859236,-0.316830752682363
fw26_human,268436282.0,20.0,1.0,-0.33052713180911
fw26_human,268436282.0,20.0,1.0592537251772887,-0.3445209956893277
fw26_human,268436282.0,20.0,1.1220184543019642,-0.35880952551487133
fw26_human,268436282.0,20.0,1.188502227437019,-0.3733892682065268
fw26_human,268436282.0,20.0,1.2589254117941675,-0.38825617240497795
fw26_human,268436282.0,20.0,1.333521432163324,-0.40340562774712124
fw26_human,268436282.0,20.0,1.412537544622754,-0.41883250698135105
fw26_human,268436282.0,20.0,1.4962356560944343,-0.4345312104358541
fw26_human,268436282.0,20.0,1.584893192461114,-0.4504957123263785
fw26_human,268436282.0,20.0,1.6788040181225607,-0.4667196083733437
fw26_human,268436282.0,20.0,1.7782794100389228,-0.483196164193377
fw26_human,268436282.0,20.0,1.8836490894898001,-0.4999183639370135
fw26_human,268436282.0,20.0,1.9952623149688808,-0.5168789586607748
fw26_human,268436282.0,20.0,2.1134890398366477,-0.5340705139486527
fw26_human,268436282.0,20.0,2.23872113856834,-0.5514854563321627
fw26_human,268436282.0,20.0,2.371373705661655,-0.5691161180999635
fw26_human,268436282.0,20.0,2.5118864315095824,-0.5869547801345217
fw26_human,268436282.0,20.0,2.6607250597988115,-0.6049937124638805
fw26_human,268436282.0,20.0,2.818382931264455,-0.6232252122695792
fw26_human,268436282.0,20.0,2.9853826189179604,-0.6416416391450752
fw26_human,268436282.0,20.0,3.1622776601683795,-0.6602354474522316
fw26_human,268436282.0,20.0,3.3496543915782793,-0.678999215674699
fw26_human,268436282.0,20.0,3.548133892335757,-0.697925672715596
fw26_human,268436282.0,20.0,3.758374042884443,-0.7170077211317275
fw26_human,268436282.0,20.0,3.981071705534973,-0.7362384573375346
fw26_human,268436282.0,20.0,4.216965034285822,-0.7556111888478901
fw26_human,268436282.0,20.0,4.4668359215096345,-0.7751194486601891
fw26_human,268436282.0,20.0,4.731512589614808,-0.7947570069022468
fw26_human,268436282.0,20.0,5.011872336272725,-0.8145178798937988
fw26_human,268436282.0,20.0,5.308844442309884,-0.8343963367857823
fw26_human,268436282.0,20.0,5.62341325190349,-0.8543869039535521
fw26_human,268436282.0,20.0,5.95662143529011,-0.8744843673277244
fw26_human,268436282.0,20.0,6.309573444801936,-0.8946837728505324
fw26_human,268436282.0,20.0,6.683439175686149,-0.9149804252459328
fw26_human,268436282.0,20.0,7.07945784384138,-0.9353698852895571
fw26_human,268436282.0,20.0,7.498942093324558,-0.955847965759755
fw26_human,268436282.0,20.0,7.943282347242821,-0.9764107262441929
fw26_human,268436282.0,20.0,8.413951416451956,-0.997054466968185
fw26_human,268436282.0,20.0,8.91250938133746,-1.01777572180122
fw26_human,268436282.0,20.0,9.440608762859236,-1.0385712505878053
fw26_human,268436282.0,20.0,10.0,-1.0594380309375608
fw26_human,268436282.0,20.0,10.592537251772898,-1.080373249598409
fw26_human,268436282.0,20.0,11.220184543019641,-1.1013742935251256
fw26_human,268436282.0,20.0,11.88502227437019,-1.1224387407444296
fw26_human,268436282.0,20.0,12.589254117941675,-1.1435643511068891
fw26_human,268436282.0,20.0,13.33521432163324,-1.1647490570052728
fw26_human,268436282.0,20.0,14.125375446227554,-1.1859909541292095
fw26_human,268436282.0,20.0,14.962356560944343,-1.2072882923165043
fw26_human,268436282.0,20.0,15.848931924611142,-1.2286394665527778
fw26_human,268436282.0,20.0,16.788040181225607,-1.2500430081630338
fw26_human,268436282.0,20.0,17.78279410038923,-1.271497576231347
fw26_human,268436282.0,20.0,18.83649089489802,-1.2930019492781595
fw26_human,268436282.0,20.0,19.952623149688808,-1.3145550172186489
fw26_human,268436282.0,20.0,21.134890398366476,-1.3361557736201235
fw26_human,268436282.0,20.0,22.3872113856834,-1.3578033082717225
fw26_human,268436282.0,20.0,23.71373705661655,-1.379496800075246
fw26_human,268436282.0,20.0,25.11886431509582,-1.401235510262547
fw26_human,268436282.0,20.0,26.607250597988113,-1.423018775941292
fw26_human,268436282.0,20.0,28.183829312644548,-1.4448460039685165
fw26_human,268436282.0,20.0,29.853826189179603,-1.4667166651488395
fw26_human,268436282.0,20.0,31.622776601683793,-1.488630288752247
fw26_human,268436282.0,20.0,33.496543915782794,-1.510586457344762
fw26_human,268436282.0,20.0,35.48133892335757,-1.5325848019240453
fw26_human,268436282.0,20.0,37.58374042884443,-1.5546249973506991
fw26_human,268436282.0,20.0,39.810717055349734,-1.5767067580654706
fw26_human,268436282.0,20.0,42.169650342858226,-1.5988298340817437
fw26_human,268436282.0,20.0,44.668359215096345,-1.6209940072423608
fw26_human,268436282.0,20.0,47.315125896148075,-1.6431990877294556
fw26_human,268436282.0,20.0,50.118723362727245,-1.6654449108159715
fw26_human,268436282.0,20.0,53.08844442309885,-1.687731333847263
fw26_human,268436282.0,20.0,56.23413251903491,-1.7100582334415009
fw26_human,268436282.0,20.0,59.56621435290109,-1.7324255028975606
fw26_human,268436282.0,20.0,63.095734448019364,-1.7548330497993285
fw26_human,268436282.0,20.0,66.83439175686149,-1.7772807938056472
fw26_human,268436282.0,20.0,70.79457843841381,-1.799768664615387
fw26_human,268436282.0,20.0,74.98942093324558,-1.8222966000974772
fw26_human,268436282.0,20.0,79.43282347242821,-1.844864544576116
fw26_human,268436282.0,20.0,84.13951416451955,-1.8674724472616608
fw26_human,268436282.0,20.0,89.12509381337459,-1.890120260818276
fw26_human,268436282.0,20.0,94.40608762859236,-1.9128079400595475
fw26_human,268436282.0,20.0,100.0,-1.93553544076394
fw26_human,268436282.0,40.0,0.01,0.0936981887049539
fw26_human,268436282.0,40.0,0.010592537251772886,0.08713087726868876
fw26_human,268436282.0,40.0,0.011220184543019636,0.08085067822791604
fw26_human,268436282.0,40.0,0.011885022274370183,0.07483687539204155
fw26_human,268436282.0,40.0,0.012589254117941675,0.0690696455155569
fw26_human,268436282.0,40.0,0.01333521432163324,0.06352999496550897
fw26_human,268436282.0,40.0,0.01412537544622754,0.05819969874266545
fw26_human,268436282.0,40.0,0.014962356560944336,0.05306124197318715
fw26_human,268436282.0,40.0,0.015848931924611134,0.04809776384945141
fw26_human,268436282.0,40.0,0.016788040181225608,0.043293003911392014
fw26_human,268436282.0,40.0,0.01778279410038923,0.03863125055258643
fw26_human,268436282.0,40.0,0.018836490894898,0.03409729161274198
fw26_human,268436282.0,40.0,0.0199526231496888,0.029676366932980213
fw26_human,268436282.0,40.0,0.021134890398366465,0.025354122742385445
fw26_human,268436282.0,40.0,0.0223872113856834,0.02111656777504389
fw26_human,268436282.0,40.0,0.023713737056616554,0.016950030998948075
fw26_human,268436282.0,40.0,0.025118864315095794,0.012841120875733015
fw26_human,268436282.0,40.0,0.0266072505979881,0.008776686054738941
fw26_human,268436282.0,40.0,0.028183829312644536,0.004743777431022106
fw26_human,268436282.0,40.0,0.029853826189179603,0.0007296115011861595
fw26_human,268436282.0,40.0,0.03162277660168379,-0.0032784650405592915
fw26_human,268436282.0,40.0,0.03349654391578276,-0.00729300951212663
fw26_human,268436282.0,40.0,0.03548133892335755,-0.011326516291272435
fw26_human,268436282.0,40.0,0.03758374042884443,-0.015391448731125164
fw26_human,268436282.0,40.0,0.039810717055349734,-0.019500269951336486
fw26_human,268436282.0,40.0,0.042169650342858224,-0.023665472510654987
fw26_human,268436282.0,40.0,0.0446683592150963,-0.027899606948347592
fw26_human,268436282.0,40.0,0.04731512589614805,-0.03221530917268703
fw26_human,268436282.0,40.0,0.05011872336272725,-0.03662532666109476
fw26_human,268436282.0,40.0,0.053088444423098846,-0.041142543422105056
fw26_human,268436282.0,40.0,0.056234132519034905,-0.04578000365796823
fw26_human,268436282.0,40.0,0.059566214352901034,-0.05055093405031602
fw26_human,268436282.0,40.0,0.06309573444801933,-0.055468764577312986
fw26_human,268436282.0,40.0,0.06683439175686148,-0.06054714775901888
fw26_human,268436282.0,40.0,0.0707945784384138,-0.0657999762071841
fw26_human,268436282.0,40.0,0.07498942093324558,-0.07124139834845657
fw26_human,268436282.0,40.0,0.07943282347242814,-0.07688583216809888
fw26_human,268436282.0,40.0,0.08413951416451952,-0.08274797681319465
fw26_human,268436282.0,40.0,0.08912509381337459,-0.08884282187770087
fw26_human,268436282.0,40.0,0.09440608762859236,-0.09518565418004331
fw26_human,268436282.0,40.0,0.1,-0.101792061833383
fw26_human,268436282.0,40.0,0.10592537251772892,-0.10867793539925863
fw26_human,268436282.0,40.0,0.11220184543019636,-0.11585946590643076
fw26_human,268436282.0,40.0,0.11885022274370183,-0.12335313951480348
fw26_human,268436282.0,40.0,0.12589254117941676,-0.13117572859890506
fw26_human,268436282.0,40.0,0.1333521432163324,-0.13934427903100577
fw26_human,268436282.0,40.0,0.14125375446227548,-0.1478760934465238
fw26_human,268436282.0,40.0,0.14962356560944334,-0.15678871028675898
fw26_human,268436282.0,40.0,0.1584893192461114,-0.16609987842904583
fw26_human,268436282.0,40.0,0.16788040181225605,-0.17582752723588588
fw26_human,268436282.0,40.0,0.1778279410038923,-0.1859897318821977
fw26_human,268436282.0,40.0,0.18836490894898011,-0.1966046738538208
fw26_human,268436282.0,40.0,0.19952623149688797,-0.2076905965516777
fw26_human,268436282.0,40.0,0.21134890398366477,-0.2192657559841852
fw26_human,268436282.0,40.0,0.223872113856834,-0.23134836658595367
fw26_human,268436282.0,40.0,0.23713737056616552,-0.24395654226291238
fw26_human,268436282.0,40.0,0.25118864315095807,-0.2571082328334403
fw26_human,268436282.0,40.0,0.26607250597988097,-0.2708211561102634
fw26_human,268436282.0,40.0,0.2818382931264455,-0.28511272594792897
fw26_human,268436282.0,40.0,0.298538261891796,-0.2999999766659807
fw26_human,268436282.0,40.0,0.31622776601683794,-0.3154994843440511
fw26_human,268436282.0,40.0,0.3349654391578278,-0.3316272855746327
fw26_human,268436282.0,40.0,0.35481338923357547,-0.3483987943452334
fw26_human,268436282.0,40.0,0.3758374042884443,-0.36582871780650783
fw26_human,268436282.0,40.0,0.3981071705534973,-0.38393097176057095
fw26_human,268436282.0,40.0,0.4216965034285822,-0.40271859677405136
fw26_human,268436282.0,40.0,0.44668359215096326,-0.422203675879618
fw26_human,268436282.0,40.0,0.4731512589614805,-0.4423972548749199
fw26_human,268436282.0,40.0,0.5011872336272725,-0.4633092662586037
fw26_human,268436282.0,40.0,0.5308844442309885,-0.48494845785318763
fw26_human,268436282.0,40.0,0.5623413251903491,-0.5073223271574007
fw26_human,268436282.0,40.0,0.5956621435290106,-0.5304370624398936
fw26_human,268436282.0,40.0,0.6309573444801932,-0.5542974915338477
fw26_human,268436282.0,40.0,0.6683439175686149,-0.5789070392175759
fw26_human,268436282.0,40.0,0.707945784384138,-0.6042676939692516
fw26_human,268436282.0,40.0,0.7498942093324558,-0.6303799847657963
fw26_human,268436282.0,40.0,0.7943282347242817,-0.6572429684605412
fw26_human,268436282.0,40.0,0.8413951416451951,-0.6848542281212243
fw26_human,268436282.0,40.0,0.8912509381337459,-0.7132098825455372
fw26_human,268436282.0,40.0,0.9440608762859236,-0.7423046069976514
fw26_human,268436282.0,40.0,1.0,-0.7721316650317372
fw26_human,268436282.0,40.0,1.0592537251772887,-0.8026829510908442
fw26_human,268436282.0,40.0,1.1220184543019642,-0.833949043397495
fw26_human,268436282.0,40.0,1.188502227437019,-0.8659192664896445
fw26_human,268436282.0,40.0,1.2589254117941675,-0.8985817626067594
fw26_human,268436282.0,40.0,1.333521432163324,-0.9319235710004128
fw26_human,268436282.0,40.0,1.412537544622754,-0.9659307141334245
fw26_human,268436282.0,40.0,1.4962356560944343,-1.000588289645479
fw26_human,268436282.0,40.0,1.584893192461114,-1.0358805669019986
fw26_human,268436282.0,40.0,1.6788040181225607,-1.0717910869078706
fw26_human,268436282.0,40.0,1.7782794100389228,-1.1083027643581762
fw26_human,268436282.0,40.0,1.8836490894898001,-1.1453979906145777
fw26_human,268436282.0,40.0,1.9952623149688808,-1.1830587364347216
fw26_human,268436282.0,40.0,2.1134890398366477,-1.2212666533431025
fw26_human,268436282.0,40.0,2.23872113856834,-1.260003172610935
fw26_human,268436282.0,40.0,2.371373705661655,-1.2992496009066643
fw26_human,268436282.0,40.0,2.5118864315095824,-1.3389872117854347
fw26_human,268436282.0,40.0,2.6607250597988115,-1.3791973323005366
fw26_human,268436282.0,40.0,2.818382931264455,-1.4198614241392862
fw26_human,268436282.0,40.0,2.9853826189179604,-1.4609611588078752
fw26_human,268436282.0,40.0,3.1622776601683795,-1.502478486509332
fw26_human,268436282.0,40.0,3.3496543915782793,-1.544395698475236
fw26_human,268436282.0,40.0,3.548133892335757,-1.5866954826219637
fw26_human,268436282.0,40.0,3.758374042884443,-1.6293609725034404
fw26_human,268436282.0,40.0,3.981071705534973,-1.6723757896256377
fw26_human,268436282.0,40.0,4.216965034285822,-1.7157240792688428
fw26_human,268436282.0,40.0,4.4668359215096345,-1.7593905400353231
fw26_human,268436282.0,40.0,4.731512589614808,-1.8033604473985974
fw26_human,268436282.0,40.0,5.011872336272725,-1.8476196715793376
fw26_human,268436282.0,40.0,5.308844442309884,-1.8921546901098687
fw26_human,268436282.0,40.0,5.62341325190349,-1.9369525954764513
fw26_human,268436282.0,40.0,5.95662143529011,-1.982001098246509
fw26_human,268436282.0,40.0,6.309573444801936,-2.0272885260965445
fw26_human,268436282.0,40.0,6.683439175686149,-2.072803819158897
fw26_human,268436282.0,40.0,7.07945784384138,-2.1185365220998653
fw26_human,268436282.0,40.0,7.498942093324558,-2.1644767733316983
fw26_human,268436282.0,40.0,7.943282347242821,-2.2106152917457704
fw26_human,268436282.0,40.0,8.413951416451956,-2.2569433613357153
fw26_human,268436282.0,40.0,8.91250938133746,-2.3034528140579447
fw26_human,268436282.0,40.0,9.440608762859236,-2.3501360112534573
fw26_human,268436282.0,40.0,10.0,-2.396985823930559
fw26_human,268436282.0,40.0,10.592537251772898,-2.443995612182611
fw26_human,268436282.0,40.0,11.220184543019641,-2.491159203989654
fw26_human,268436282.0,40.0,11.88502227437019,-2.538470873627625
fw26_human,268436282.0,40.0,12.589254117941675,-2.5859253198846215
fw26_human,268436282.0,40.0,13.33521432163324,-2.633517644260185
fw26_human,268436282.0,40.0,14.125375446227554,-2.6812433293011186
fw26_human,268436282.0,40.0,14.962356560944343,-2.729098217206775
fw26_human,268436282.0,40.0,15.848931924611142,-2.777078488817008
fw26_human,268436282.0,40.0,16.788040181225607,-2.8251806430779136
fw26_human,268436282.0,40.0,17.78279410038923,-2.873401477064451
fw26_human,268436282.0,40.0,18.83649089489802,-2.9217380666233157
fw26_human,268436282.0,40.0,19.952623149688808,-2.970187747686745
fw26_human,268436282.0,40.0,21.134890398366476,-3.0187480982953745
fw26_human,268436282.0,40.0,22.3872113856834,-3.067416921357455
fw26_human,268436282.0,40.0,23.71373705661655,-3.116192228162999
fw26_human,268436282.0,40.0,25.11886431509582,-3.165072222662163
fw26_human,268436282.0,40.0,26.607250597988113,-3.214055286511113
fw26_human,268436282.0,40.0,28.183829312644548,-3.2631399648815025
fw26_human,268436282.0,40.0,29.853826189179603,-3.312324953025525
fw26_human,268436282.0,40.0,31.622776601683793,-3.361609083583055
fw26_human,268436282.0,40.0,33.496543915782794,-3.410991314614953
fw26_human,268436282.0,40.0,35.48133892335757,-3.4604707183426164
fw26_human,268436282.0,40.0,37.58374042884443,-3.510046470572368
fw26_human,268436282.0,40.0,39.810717055349734,-3.5597178407810484
fw26_human,268436282.0,40.0,42.169650342858226,-3.6094841828378734
fw26_human,268436282.0,40.0,44.668359215096345,-3.6593449263369875
fw26_human,268436282.0,40.0,47.315125896148075,-3.7092995685141164
fw26_human,268436282.0,40.0,50.118723362727245,-3.7593476667208576
fw26_human,268436282.0,40.0,53.08844442309885,-3.8094888314299094
fw26_human,268436282.0,40.0,56.23413251903491,-3.8597227197446755
fw26_human,268436282.0,40.0,59.56621435290109,-3.910049029387296
fw26_human,268436282.0,40.0,63.095734448019364,-3.960467493139264
fw26_human,268436282.0,40.0,66.83439175686149,-4.0109778737099635
fw26_human,268436282.0,40.0,70.79457843841381,-4.061579959008596
fw26_human,268436282.0,40.0,74.98942093324558,-4.112273557796103
fw26_human,268436282.0,40.0,79.43282347242821,-4.1630584956946475
fw26_human,268436282.0,40.0,84.13951416451955,-4.213934611532667
fw26_human,268436282.0,40.0,89.12509381337459,-4.2649017540047565
fw26_human,268436282.0,40.0,94.40608762859236,-4.315959778626573
fw26_human,268436282.0,40.0,100.0,-4.367108544965721
fw26_human,268436282.0,60.0,0.01,0.013321420176317295
fw26_human,268436282.0,60.0,0.010592537251772886,0.01039288229350415
fw26_human,268436282.0,60.0,0.011220184543019636,0.0074993218162379615
fw26_human,268436282.0,60.0,0.011885022274370183,0.0046313039494915555
fw26_human,268436282.0,60.0,0.012589254117941675,0.0017794972809792018
fw26_human,268436282.0,60.0,0.01333521432163324,-0.0010653549379544928
fw26_human,268436282.0,60.0,0.01412537544622754,-0.003912462989583783
fw26_human,268436282.0,60.0,0.014962356560944336,-0.006771018455889542
fw26_human,268436282.0,60.0,0.015848931924611134,-0.009650221595907772
fw26_human,268436282.0,60.0,0.016788040181225608,-0.012559308393360832
fw26_human,268436282.0,60.0,0.01778279410038923,-0.015507577329866067
fw26_human,268436282.0,60.0,0.018836490894898,-0.018504415919316286
fw26_human,268436282.0,60.0,0.0199526231496888,-0.021559327050765884
fw26_human,268436282.0,60.0,0.021134890398366465,-0.02468195516406451
fw26_human,268436282.0,60.0,0.0223872113856834,-0.027882112293058953
fw26_human,268436282.0,60.0,0.023713737056616554,-0.031169803995280996
fw26_human,268436282.0,60.0,0.025118864315095794,-0.034555255174847664
fw26_human,268436282.0,60.0,0.0266072505979881,-0.038048935816397185
fw26_human,268436282.0,60.0,0.028183829312644536,-0.04166158661678806
fw26_human,268436282.0,60.0,0.029853826189179603,-0.04540424451039928
fw26_human,268436282.0,60.0,0.03162277660168379,-0.0492882680642287
fw26_human,268436282.0,60.0,0.03349654391578276,-0.053325362714746374
fw26_human,268436282.0,60.0,0.03548133892335755,-0.05752760580161435
fw26_human,268436282.0,60.0,0.03758374042884443,-0.061907471348255645
fw26_human,268436282.0,60.0,0.039810717055349734,-0.06647785452053188
fw26_human,268436282.0,60.0,0.042169650342858224,-0.07125209568391411
fw26_human,268436282.0,60.0,0.0446683592150963,-0.0762440039655275
fw26_human,268436282.0,60.0,0.04731512589614805,-0.0814678802098362
fw26_human,268436282.0,60.0,0.05011872336272725,-0.08693853920096296
fw26_human,268436282.0,60.0,0.053088444423098846,-0.09267133100960562
fw26_human,268436282.0,60.0,0.056234132519034905,-0.09868216129874956
fw26_human,268436282.0,60.0,0.059566214352901034,-0.10498751040886424
fw26_human,268436282.0,60.0,0.06309573444801933,-0.1116044510208007
fw26_human,268436282.0,60.0,0.06683439175686148,-0.11855066417329459
fw26_human,268436282.0,60.0,0.0707945784384138,-0.12584445339493075
fw26_human,268436282.0,60.0,0.07498942093324558,-0.13350475668513856
fw26_human,268436282.0,60.0,0.07943282347242814,-0.14155115606161378
fw26_human,268436282.0,60.0,0.08413951416451952,-0.15000388437046244
fw26_human,268436282.0,60.0,0.08912509381337459,-0.15888382903515513
fw26_human,268436282.0,60.0,0.09440608762859236,-0.16821253240558065
fw26_human,268436282.0,60.0,0.1,-0.17801218834813312
fw26_human,268436282.0,60.0,0.10592537251772892,-0.18830563470999187
fw26_human,268436282.0,60.0,0.11220184543019636,-0.19911634127624545
fw26_human,268436282.0,60.0,0.11885022274370183,-0.21046839283560176
fw26_human,268436282.0,60.0,0.12589254117941676,-0.2223864669669473
fw26_human,268436282.0,60.0,0.1333521432163324,-0.23489580616542627
fw26_human,268436282.0,60.0,0.14125375446227548,-0.2480221839354981
fw26_human,268436282.0,60.0,0.14962356560944334,-0.26179186449934805
fw26_human,268436282.0,60.0,0.1584893192461114,-0.2762315557917857
fw26_human,268436282.0,60.0,0.16788040181225605,-0.2913683554519532
fw26_human,268436282.0,60.0,0.1778279410038923,-0.30722968956579366
fw26_human,268436282.0,60.0,0.18836490894898011,-0.32384324396851677
fw26_human,268436282.0,60.0,0.19952623149688797,-0.341236887985266
fw26_human,268436282.0,60.0,0.21134890398366477,-0.3594385905648959
fw26_human,268436282.0,60.0,0.223872113856834,-0.37847632885218313
fw26_human,268436282.0,60.0,0.23713737056616552,-0.3983779893452496
fw26_human,268436282.0,60.0,0.25118864315095807,-0.4191712618962245
fw26_human,268436282.0,60.0,0.26607250597988097,-0.44088352693428323
fw26_human,268436282.0,60.0,0.2818382931264455,-0.463541736421983
fw26_human,268436282.0,60.0,0.298538261891796,-0.4871722891891397
fw26_human,268436282.0,60.0,0.31622776601683794,-0.5118009014326522
fw26_human,268436282.0,60.0,0.3349654391578278,-0.5374524733097362
fw26_human,268436282.0,60.0,0.35481338923357547,-0.564150952695206
fw26_human,268436282.0,60.0,0.3758374042884443,-0.5919191973067313
fw26_human,268436282.0,60.0,0.3981071705534973,-0.620778836529432
fw26_human,268436282.0,60.0,0.4216965034285822,-0.6507501343835879
fw26_human,268436282.0,60.0,0.44668359215096326,-0.6818518551746177
fw26_human,268436282.0,60.0,0.4731512589614805,-0.7141011334385592
fw26_human,268436282.0,60.0,0.5011872336272725,-0.7475133498437093
fw26_human,268436282.0,60.0,0.5308844442309885,-0.7821020147291535
fw26_human,268436282.0,60.0,0.5623413251903491,-0.8178786609462357
fw26_human,268436282.0,60.0,0.5956621435290106,-0.8548527476224251
fw26_human,268436282.0,60.0,0.6309573444801932,-0.89303157638248
fw26_human,268436282.0,60.0,0.6683439175686149,-0.9324202214423866
fw26_human,268436282.0,60.0,0.707945784384138,-0.9730214748364033
fw26_human,268436282.0,60.0,0.7498942093324558,-1.0148358078486217
fw26_human,268436282.0,60.0,0.7943282347242817,-1.0578613495023559
fw26_human,268436282.0,60.0,0.8413951416451951,-1.102093882716048
fw26_human,268436282.0,60.0,0.8912509381337459,-1.1475268584704332
fw26_human,268436282.0,60.0,0.9440608762859236,-1.1941514280526677
fw26_human,268436282.0,60.0,1.0,-1.2419564931589715
fw26_human,268436282.0,60.0,1.0592537251772887,-1.290928773352189
fw26_human,268436282.0,60.0,1.1220184543019642,-1.3410528900940497
fw26_human,268436282.0,60.0,1.188502227437019,-1.3923114663121468
fw26_human,268436282.0,60.0,1.2589254117941675,-1.4446852402216117
fw26_human,268436282.0,60.0,1.333521432163324,-1.4981531919127375
fw26_human,268436282.0,60.0,1.412537544622754,-1.5526926810390929
fw26_human,268436282.0,60.0,1.4962356560944343,-1.608279593802129
fw26_human,268436282.0,60.0,1.584893192461114,-1.664888497330327
fw26_human,268436282.0,60.0,1.6788040181225607,-1.722492799494835
fw26_human,268436282.0,60.0,1.7782794100389228,-1.781064912188439
fw26_human,268436282.0,60.0,1.8836490894898001,-1.8405764161208797
fw26_human,268436282.0,60.0,1.9952623149688808,-1.9009982252464752
fw26_human,268436282.0,60.0,2.1134890398366477,-1.9623007490378164
fw26_human,268436282.0,60.0,2.23872113856834,-2.0244540509461113
fw26_human,268436282.0,60.0,2.371373705661655,-2.0874280015407836
fw26_human,268436282.0,60.0,2.5118864315095824,-2.151192424991304
fw26_human,268436282.0,60.0,2.6607250597988115,-2.215717237739064
fw26_human,268436282.0,60.0,2.818382931264455,-2.2809725783989214
fw26_human,268436282.0,60.0,2.9853826189179604,-2.3469289281257133
fw26_human,268436282.0,60.0,3.1622776601683795,-2.4135572208736362
fw26_human,268436282.0,60.0,3.3496543915782793,-2.4808289431631643
fw26_human,268436282.0,60.0,3.548133892335757,-2.5487162231469975
fw26_human,268436282.0,60.0,3.758374042884443,-2.617191908929592
fw26_human,268436282.0,60.0,3.981071705534973,-2.686229636243716
fw26_human,268436282.0,60.0,4.216965034285822,-2.755803885718062
fw26_human,268436282.0,60.0,4.4668359215096345,-2.8258900300844556
fw26_human,268436282.0,60.0,4.731512589614808,-2.8964643717675846
fw26_human,268436282.0,60.0,5.011872336272725,-2.9675041713781614
fw26_human,268436282.0,60.0,5.308844442309884,-3.0389876676902694
fw26_human,268436282.0,60.0,5.62341325190349,-3.1108940897271156
fw26_human,268436282.0,60.0,5.95662143529011,-3.1832036616081276
fw26_human,268436282.0,60.0,6.309573444801936,-3.255897600824701
fw26_human,268436282.0,60.0,6.683439175686149,-3.32895811061502
fw26_human,268436282.0,60.0,7.07945784384138,-3.402368367100099
fw26_human,268436282.0,60.0,7.498942093324558,-3.4761125018266177
fw26_human,268436282.0,60.0,7.943282347242821,-3.5501755803379766
fw26_human,268436282.0,60.0,8.413951416451956,-3.6245435773653454
fw26_human,268436282.0,60.0,8.91250938133746,-3.6992033491957352
fw26_human,268436282.0,60.0,9.440608762859236,-3.774142603737279
fw26_human,268436282.0,60.0,10.0,-3.849349868761863
fw26_human,268436282.0,60.0,10.592537251772898,-3.924814458765159
fw26_human,268436282.0,60.0,11.220184543019641,-4.000526440843154
fw26_human,268436282.0,60.0,11.88502227437019,-4.076476599944051
fw26_human,268436282.0,60.0,12.589254117941675,-4.152656403815568
fw26_human,268436282.0,60.0,13.33521432163324,-4.229057967929396
fw26_human,268436282.0,60.0,14.125375446227554,-4.305674020629847
fw26_human,268436282.0,60.0,14.962356560944343,-4.382497868718987
fw26_human,268436282.0,60.0,15.848931924611142,-4.459523363660301
fw26_human,268436282.0,60.0,16.788040181225607,-4.536744868553305
fw26_human,268436282.0,60.0,17.78279410038923,-4.614157226005409
fw26_human,268436282.0,60.0,18.83649089489802,-4.691755727003322
fw26_human,268436282.0,60.0,19.952623149688808,-4.769536080864595
fw26_human,268436282.0,60.0,21.134890398366476,-4.847494386330266
fw26_human,268436282.0,60.0,22.3872113856834,-4.925627103842907
fw26_human,268436282.0,60.0,23.71373705661655,-5.003931029038939
fw26_human,268436282.0,60.0,25.11886431509582,-5.08240326747055
fw26_human,268436282.0,60.0,26.607250597988113,-5.161041210561897
fw26_human,268436282.0,60.0,28.183829312644548,-5.239842512793784
fw26_human,268436282.0,60.0,29.853826189179603,-5.318805070102938
fw26_human,268436282.0,60.0,31.622776601683793,-5.3979269994749535
fw26_human,268436282.0,60.0,33.496543915782794,-5.47720661970471
fw26_human,268436282.0,60.0,35.48133892335757,-5.556642433292318
fw26_human,268436282.0,60.0,37.58374042884443,-5.6362331094401865
fw26_human,268436282.0,60.0,39.810717055349734,-5.715977468112986
fw26_human,268436282.0,60.0,42.169650342858226,-5.7958744651206775
fw26_human,268436282.0,60.0,44.668359215096345,-5.875923178183033
fw26_human,268436282.0,60.0,47.315125896148075,-5.956122793933402
fw26_human,268436282.0,60.0,50.118723362727245,-6.036472595818673
fw26_human,268436282.0,60.0,53.08844442309885,-6.116971952852804
fw26_human,268436282.0,60.0,56.23413251903491,-6.197620309181077
fw26_human,268436282.0,60.0,59.56621435290109,-6.278417174413356
fw26_human,268436282.0,60.0,63.095734448019364,-6.359362114685037
fw26_human,268436282.0,60.0,66.83439175686149,-6.440454744405511
fw26_human,268436282.0,60.0,70.79457843841381,-6.5216947186551675
fw26_human,268436282.0,60.0,74.98942093324558,-6.603081726193385
fw26_human,268436282.0,60.0,79.43282347242821,-6.684615483040952
fw26_human,268436282.0,60.0,84.13951416451955,-6.766295726601994
fw26_human,268436282.0,60.0,89.12509381337459,-6.848122210292004
fw26_human,268436282.0,60.0,94.40608762859236,-6.9300946986400564
fw26_human,268436282.0,60.0,100.0,-7.012212962834434
fw26_human,268436282.0,80.0,0.01,-0.012718179075940346
fw26_human,268436282.0,80.0,0.010592537251772886,-0.015073770429805839
fw26_human,268436282.0,80.0,0.011220184543019636,-0.017477844639898318
fw26_human,268436282.0,80.0,0.011885022274370183,-0.019938151718541974
fw26_human,268436282.0,80.0,0.012589254117941675,-0.02246260188468834
fw26_human,268436282.0,80.0,0.01333521432163324,-0.02505928867834627
fw26_human,268436282.0,80.0,0.01412537544622754,-0.027736512321882265
fw26_human,268436282.0,80.0,0.014962356560944336,-0.030502803361270522
fw26_human,268436282.0,80.0,0.015848931924611134,-0.0333669466183393
fw26_human,268436282.0,80.0,0.016788040181225608,-0.03633800549152717
fw26_human,268436282.0,80.0,0.01778279410038923,-0.039425346620391044
fw26_human,268436282.0,80.0,0.018836490894898,-0.042638664937883625
fw26_human,268436282.0,80.0,0.0199526231496888,-0.04598800912309652
fw26_human,268436282.0,80.0,0.021134890398366465,-0.04948380746887246
fw26_human,268436282.0,80.0,0.0223872113856834,-0.05313689415591469
fw26_human,268436282.0,80.0,0.023713737056616554,-0.056958535936935735
fw26_human,268436282.0,80.0,0.025118864315095794,-0.06096045921637666
fw26_human,268436282.0,80.0,0.0266072505979881,-0.0651548775010505
fw26_human,268436282.0,80.0,0.028183829312644536,-0.06955451919448828
fw26_human,268436282.0,80.0,0.029853826189179603,-0.07417265568697852
fw26_human,268436282.0,80.0,0.03162277660168379,-0.07902312969673268
fw26_human,268436282.0,80.0,0.03349654391578276,-0.08412038378460049
fw26_human,268436282.0,80.0,0.03548133892335755,-0.08947948896943174
fw26_human,268436282.0,80.0,0.03758374042884443,-0.09511617334573542
fw26_human,268436282.0,80.0,0.039810717055349734,-0.10104685058983469
fw26_human,268436282.0,80.0,0.042169650342858224,-0.10728864822394811
fw26_human,268436282.0,80.0,0.0446683592150963,-0.11385943548821154
fw26_human,268436282.0,80.0,0.04731512589614805,-0.1207778506510954
fw26_human,268436282.0,80.0,0.05011872336272725,-0.1280633275618358
fw26_human,268436282.0,80.0,0.053088444423098846,-0.13573612122983633
fw26_human,268436282.0,80.0,0.056234132519034905,-0.14381733219094422
fw26_human,268436282.0,80.0,0.059566214352901034,-0.15232892938915993
fw26_human,268436282.0,80.0,0.06309573444801933,-0.1612937712838323
fw26_human,268436282.0,80.0,0.06683439175686148,-0.17073562485566346
fw26_human,268436282.0,80.0,0.0707945784384138,-0.1806791821655621
fw26_human,268436282.0,80.0,0.07498942093324558,-0.19115007408321918
fw26_human,268436282.0,80.0,0.07943282347242814,-0.20217488078247234
fw26_human,268436282.0,80.0,0.08413951416451952,-0.21378113856486117
fw26_human,268436282.0,80.0,0.08912509381337459,-0.22599734255368528
fw26_human,268436282.0,80.0,0.09440608762859236,-0.23885294477313473
fw26_human,268436282.0,80.0,0.1,-0.2523783471039542
fw26_human,268436282.0,80.0,0.10592537251772892,-0.26660488859368753
fw26_human,268436282.0,80.0,0.11220184543019636,-0.2815648265819366
fw26_human,268436282.0,80.0,0.11885022274370183,-0.29729131109557166
fw26_human,268436282.0,80.0,0.12589254117941676,-0.31381835196497315
fw26_human,268436282.0,80.0,0.1333521432163324,-0.331180778123163
fw26_human,268436282.0,80.0,0.14125375446227548,-0.3494141885593403
fw26_human,268436282.0,80.0,0.14962356560944334,-0.36855489442979317
fw26_human,268436282.0,80.0,0.1584893192461114,-0.38863985186279937
fw26_human,268436282.0,80.0,0.16788040181225605,-0.4097065850454581
fw26_human,268436282.0,80.0,0.1778279410038923,-0.4317930992440712
fw26_human,268436282.0,80.0,0.18836490894898011,-0.4549377834882722
fw26_human,268436282.0,80.0,0.19952623149688797,-0.4791793027431933
fw26_human,268436282.0,80.0,0.21134890398366477,-0.5045564795030265
fw26_human,268436282.0,80.0,0.223872113856834,-0.5311081648666977
fw26_human,268436282.0,80.0,0.23713737056616552,-0.5588730992963334
fw26_human,268436282.0,80.0,0.25118864315095807,-0.5878897634171113
fw26_human,268436282.0,80.0,0.26607250597988097,-0.6181962193862015
fw26_human,268436282.0,80.0,0.2818382931264455,-0.6498299435417465
fw26_human,268436282.0,80.0,0.298538261891796,-0.6828276512317688
fw26_human,268436282.0,80.0,0.31622776601683794,-0.7172251149220945
fw26_human,268436282.0,80.0,0.3349654391578278,-0.7530569768799075
fw26_human,268436282.0,80.0,0.35481338923357547,-0.7903565579271835
fw26_human,268436282.0,80.0,0.3758374042884443,-0.8291556639471532
fw26_human,268436282.0,80.0,0.3981071705534973,-0.8694843920041627
fw26_human,268436282.0,80.0,0.4216965034285822,-0.9113709380945225
fw26_human,268436282.0,80.0,0.44668359215096326,-0.9548414086802238
fw26_human,268436282.0,80.0,0.4731512589614805,-0.9999196382608375
fw26_human,268436282.0,80.0,0.5011872336272725,-1.046627015304878
fw26_human,268436282.0,80.0,0.5308844442309885,-1.0949823188911185
fw26_human,268436282.0,80.0,0.5623413251903491,-1.145001568388646
fw26_human,268436282.0,80.0,0.5956621435290106,-1.1966978884402848
fw26_human,268436282.0,80.0,0.6309573444801932,-1.250081391395363
fw26_human,268436282.0,80.0,0.6683439175686149,-1.3051590791711811
fw26_human,268436282.0,80.0,0.707945784384138,-1.3619347663046162
fw26_human,268436282.0,80.0,0.7498942093324558,-1.420409025692574
fw26_human,268436282.0,80.0,0.7943282347242817,-1.4805791582131103
fw26_human,268436282.0,80.0,0.8413951416451951,-1.542439187078919
fw26_human,268436282.0,80.0,0.8912509381337459,-1.6059798774032834
fw26_human,268436282.0,80.0,0.9440608762859236,-1.6711887810708164
fw26_human,268436282.0,80.0,1.0,-1.738050306605805
fw26_human,268436282.0,80.0,1.0592537251772887,-1.8065458133326902
fw26_human,268436282.0,80.0,1.1220184543019642,-1.8766537287374634
fw26_human,268436282.0,80.0,1.188502227437019,-1.948349687572902
fw26_human,268436282.0,80.0,1.2589254117941675,-2.021606690917225
fw26_human,268436282.0,80.0,1.333521432163324,-2.096395283102738
fw26_human,268436282.0,80.0,1.412537544622754,-2.1726837441831726
fw26_human,268436282.0,80.0,1.4962356560944343,-2.250438295416086
fw26_human,268436282.0,80.0,1.584893192461114,-2.32962331509877
fw26_human,268436282.0,80.0,1.6788040181225607,-2.4102015620173565
fw26_human,268436282.0,80.0,1.7782794100389228,-2.4921344037490707
fw26_human,268436282.0,80.0,1.8836490894898001,-2.57538204709236
fw26_human,268436282.0,80.0,1.9952623149688808,-2.6599037679895874
fw26_human,268436282.0,80.0,2.1134890398366477,-2.745658138442148
fw26_human,268436282.0,80.0,2.23872113856834,-2.832603248096956
fw26_human,268436282.0,80.0,2.371373705661655,-2.9206969183941824
fw26_human,268436282.0,80.0,2.5118864315095824,-3.0098969074061848
fw26_human,268436282.0,80.0,2.6607250597988115,-3.1001611037548082
fw26_human,268436282.0,80.0,2.818382931264455,-3.1914477082640222
fw26_human,268436282.0,80.0,2.9853826189179604,-3.2837154022765396
fw26_human,268436282.0,80.0,3.1622776601683795,-3.376923501835317
fw26_human,268436282.0,80.0,3.3496543915782793,-3.471032097189377
fw26_human,268436282.0,80.0,3.548133892335757,-3.566002177332754
fw26_human,268436282.0,80.0,3.758374042884443,-3.661795739512554
fw26_human,268436282.0,80.0,3.981071705534973,-3.758375883850526
fw26_human,268436282.0,80.0,4.216965034285822,-3.85570689340587
fw26_human,268436282.0,80.0,4.4668359215096345,-3.9537543001660365
fw26_human,268436282.0,80.0,4.731512589614808,-4.052484937585674
fw26_human,268436282.0,80.0,5.011872336272725,-4.151866980401962
fw26_human,268436282.0,80.0,5.308844442309884,-4.251869972538738
fw26_human,268436282.0,80.0,5.62341325190349,-4.352464843972628
fw26_human,268436282.0,80.0,5.95662143529011,-4.453623917474661
fw26_human,268436282.0,80.0,6.309573444801936,-4.555320906160413
fw26_human,268436282.0,80.0,6.683439175686149,-4.657530902787128
fw26_human,268436282.0,80.0,7.07945784384138,-4.760230361723252
fw26_human,268436282.0,80.0,7.498942093324558,-4.863397074494311
fw26_human,268436282.0,80.0,7.943282347242821,-4.9670101397738895
fw26_human,268436282.0,80.0,8.413951416451956,-5.071049928647352
fw26_human,268436282.0,80.0,8.91250938133746,-5.1754980459282445
fw26_human,268436282.0,80.0,9.440608762859236,-5.280337288254231
fw26_human,268436282.0,80.0,10.0,-5.3855515996347485
fw26_human,268436282.0,80.0,10.592537251772898,-5.49112602506568
fw26_human,268436282.0,80.0,11.220184543019641,-5.597046662769344
fw26_human,268436282.0,80.0,11.88502227437019,-5.703300615562092
fw26_human,268436282.0,80.0,12.589254117941675,-5.8098759417964425
fw26_human,268436282.0,80.0,13.33521432163324,-5.9167616062729085
fw26_human,268436282.0,80.0,14.125375446227554,-6.023947431466139
fw26_human,268436282.0,80.0,14.962356560944343,-6.131424049362771
fw26_human,268436282.0,80.0,15.848931924611142,-6.239182854165525
fw26_human,268436282.0,80.0,16.788040181225607,-6.347215956076806
fw26_human,268436282.0,80.0,17.78279410038923,-6.455516136338215
fw26_human,268436282.0,80.0,18.83649089489802,-6.56407680366952
fw26_human,268436282.0,80.0,19.952623149688808,-6.67289195221908
fw26_human,268436282.0,80.0,21.134890398366476,-6.781956121111613
fw26_human,268436282.0,80.0,22.3872113856834,-6.891264355655105
fw26_human,268436282.0,80.0,23.71373705661655,-7.000812170246581
fw26_human,268436282.0,80.0,25.11886431509582,-7.1105955129994385
fw26_human,268436282.0,80.0,26.607250597988113,-7.2206107320973825
fw26_human,268436282.0,80.0,28.183829312644548,-7.330854543867951
fw26_human,268436282.0,80.0,29.853826189179603,-7.44132400255553
fw26_human,268436282.0,80.0,31.622776601683793,-7.5520164717650085
fw26_human,268436282.0,80.0,33.496543915782794,-7.662929597538766
fw26_human,268436282.0,80.0,35.48133892335757,-7.774061283023081
fw26_human,268436282.0,80.0,37.58374042884443,-7.885409664675192
fw26_human,268436282.0,80.0,39.810717055349734,-7.996973089957513
fw26_human,268436282.0,80.0,42.169650342858226,-8.108750096463929
fw26_human,268436282.0,80.0,44.668359215096345,-8.22073939241908
fw26_human,268436282.0,80.0,47.315125896148075,-8.332939838492074
fw26_human,268436282.0,80.0,50.118723362727245,-8.445350430864435
fw26_human,268436282.0,80.0,53.08844442309885,-8.557970285492102
fw26_human,268436282.0,80.0,56.23413251903491,-8.670798623502208
fw26_human,268436282.0,80.0,59.56621435290109,-8.783834757665769
fw26_human,268436282.0,80.0,63.095734448019364,-8.897078079888582
fw26_human,268436282.0,80.0,66.83439175686149,-9.010528049664158
fw26_human,268436282.0,80.0,70.79457843841381,-9.1241841834344
fw26_human,268436282.0,80.0,74.98942093324558,-9.238046044804957
fw26_human,268436282.0,80.0,79.43282347242821,-9.352113235564245
fw26_human,268436282.0,80.0,84.13951416451955,-9.46638538745789
fw26_human,268436282.0,80.0,89.12509381337459,-9.580862154670964
fw26_human,268436282.0,80.0,94.40608762859236,-9.695543206973632
fw26_human,268436282.0,80.0,100.0,-9.810428223487769
fw26_human,268436282.0,100.0,0.01,-0.027389438969420653
fw26_human,268436282.0,100.0,0.010592537251772886,-0.029841013336698936
fw26_human,268436282.0,100.0,0.011220184543019636,-0.03238932052544861
fw26_human,268436282.0,100.0,0.011885022274370183,-0.03504252361364966
fw26_human,268436282.0,100.0,0.012589254117941675,-0.037809099398825076
fw26_human,268436282.0,100.0,0.01333521432163324,-0.040697862462335865
fw26_human,268436282.0,100.0,0.01412537544622754,-0.04371798989344519
fw26_human,268436282.0,100.0,0.014962356560944336,-0.046879046680623315
fw26_human,268436282.0,100.0,0.015848931924611134,-0.05019101181218382
fw26_human,268436282.0,100.0,0.016788040181225608,-0.05366430509793049
fw26_human,268436282.0,100.0,0.01778279410038923,-0.05730981473171786
fw26_human,268436282.0,100.0,0.018836490894898,-0.061138925604981575
fw26_human,268436282.0,100.0,0.0199526231496888,-0.06516354837173317
fw26_human,268436282.0,100.0,0.021134890398366465,-0.06939614927531738
fw26_human,268436282.0,100.0,0.0223872113856834,-0.07384978071047517
fw26_human,268436282.0,100.0,0.023713737056616554,-0.07853811251703882
fw26_human,268436282.0,100.0,0.025118864315095794,-0.08347546396894145
fw26_human,268436282.0,100.0,0.0266072505979881,-0.08867683642613061
fw26_human,268436282.0,100.0,0.028183829312644536,-0.09415794659051159
fw26_human,268436282.0,100.0,0.029853826189179603,-0.09993526031232416
fw26_human,268436282.0,100.0,0.03162277660168379,-0.10602602685919418
fw26_human,268436282.0,100.0,0.03349654391578276,-0.11244831355986502
fw26_human,268436282.0,100.0,0.03548133892335755,-0.11922104070482618
fw26_human,268436282.0,100.0,0.03758374042884443,-0.12636401657523338
fw26_human,268436282.0,100.0,0.039810717055349734,-0.13389797244613968
fw26_human,268436282.0,100.0,0.042169650342858224,-0.14184459738451832
fw26_human,268436282.0,100.0,0.0446683592150963,-0.15022657264665912
fw26_human,268436282.0,100.0,0.04731512589614805,-0.15906760544083434
fw26_human,268436282.0,100.0,0.05011872336272725,-0.16839246180443282
fw26_human,268436282.0,100.0,0.053088444423098846,-0.17822699830548314
fw26_human,268436282.0,100.0,0.056234132519034905,-0.1885981922511483
fw26_human,268436282.0,100.0,0.059566214352901034,-0.1995341700515085
fw26_human,268436282.0,100.0,0.06309573444801933,-0.21106423335332805
fw26_human,268436282.0,100.0,0.06683439175686148,-0.22321888251912278
fw26_human,268436282.0,100.0,0.0707945784384138,-0.2360298369954012
fw26_human,268436282.0,100.0,0.07498942093324558,-0.24953005207263107
fw26_human,268436282.0,100.0,0.07943282347242814,-0.2637537315077648
fw26_human,268436282.0,100.0,0.08413951416451952,-0.2787363354395998
fw26_human,268436282.0,100.0,0.08912509381337459,-0.29451458299885896
fw26_human,268436282.0,100.0,0.09440608762859236,-0.31112644897784897
fw26_human,268436282.0,100.0,0.1,-0.3286111539022149
fw26_human,268436282.0,100.0,0.10592537251772892,-0.34700914682050876
fw26_human,268436282.0,100.0,0.11220184543019636,-0.3663620801116147
fw26_human,268436282.0,100.0,0.11885022274370183,-0.3867127755975373
fw26_human,268436282.0,100.0,0.12589254117941676,-0.40810518125215695
fw26_human,268436282.0,100.0,0.1333521432163324,-0.4305843177997471
fw26_human,268436282.0,100.0,0.14125375446227548,-0.4541962145206288
fw26_human,268436282.0,100.0,0.14962356560944334,-0.4789878336135596
fw26_human,268436282.0,100.0,0.1584893192461114,-0.505006982514666
fw26_human,268436282.0,100.0,0.16788040181225605,-0.5323022136338526
fw26_human,268436282.0,100.0,0.1778279410038923,-0.560922711058473
fw26_human,268436282.0,100.0,0.18836490894898011,-0.5909181638694445
fw26_human,268436282.0,100.0,0.19952623149688797,-0.6223386258424866
fw26_human,268436282.0,100.0,0.21134890398366477,-0.65523436144618
fw26_human,268436282.0,100.0,0.223872113856834,-0.6896556782138524
fw26_human,268436282.0,100.0,0.23713737056616552,-0.7256527457497571
fw26_human,268436282.0,100.0,0.25118864315095807,-0.7632754018318143
fw26_human,268436282.0,100.0,0.26607250597988097,-0.8025729462971972
fw26_human,268436282.0,100.0,0.2818382931264455,-0.8435939236288923
fw26_human,268436282.0,100.0,0.298538261891796,-0.8863858954130093
fw26_human,268436282.0,100.0,0.31622776601683794,-0.9309952040900713
fw26_human,268436282.0,100.0,0.3349654391578278,-0.9774667296824643
fw26_human,268436282.0,100.0,0.35481338923357547,-1.0258436414359433
fw26_human,268436282.0,100.0,0.3758374042884443,-1.0761671465582523
fw26_human,268436282.0,100.0,0.3981071705534973,-1.1284762384675568
fw26_human,268436282.0,100.0,0.4216965034285822,-1.1828074471689725
fw26_human,268436282.0,100.0,0.44668359215096326,-1.2391945945488303
fw26_human,268436282.0,100.0,0.4731512589614805,-1.2976685575135762
fw26_human,268436282.0,100.0,0.5011872336272725,-1.3582570419847186
fw26_human,268436282.0,100.0,0.5308844442309885,-1.4209843707972545
fw26_human,268436282.0,100.0,0.5623413251903491,-1.4858712885248349
fw26_human,268436282.0,100.0,0.5956621435290106,-1.5529347861679563
fw26_human,268436282.0,100.0,0.6309573444801932,-1.622187948489512
fw26_human,268436282.0,100.0,0.6683439175686149,-1.6936398265656343
fw26_human,268436282.0,100.0,0.707945784384138,-1.7672953378366412
fw26_human,268436282.0,100.0,0.7498942093324558,-1.8431551956020187
fw26_human,268436282.0,100.0,0.7943282347242817,-1.9212158695062653
fw26_human,268436282.0,100.0,0.8413951416451951,-2.001469578118918
fw26_human,268436282.0,100.0,0.8912509381337459,-2.0839043142329308
fw26_human,268436282.0,100.0,0.9440608762859236,-2.168503902999663
fw26_human,268436282.0,100.0,1.0,-2.2552480925022556
fw26_human,268436282.0,100.0,1.0592537251772887,-2.344112675851601
fw26_human,268436282.0,100.0,1.1220184543019642,-2.435069643389061
fw26_human,268436282.0,100.0,1.188502227437019,-2.528087363104499
fw26_human,268436282.0,100.0,1.2589254117941675,-2.6231307869477534
fw26_human,268436282.0,100.0,1.333521432163324,-2.720161680328342
fw26_human,268436282.0,100.0,1.412537544622754,-2.819138871780002
fw26_human,268436282.0,100.0,1.4962356560944343,-2.9200185195148025
fw26_human,268436282.0,100.0,1.584893192461114,-3.0227543914131325
fw26_human,268436282.0,100.0,1.6788040181225607,-3.1272981548949104
fw26_human,268436282.0,100.0,1.7782794100389228,-3.2335996730895302
fw26_human,268436282.0,100.0,1.8836490894898001,-3.3416073037695986
fw26_human,268436282.0,100.0,1.9952623149688808,-3.451268197627988
fw26_human,268436282.0,100.0,2.1134890398366477,-3.5625285926555676
fw26_human,268436282.0,100.0,2.23872113856834,-3.675334101606499
fw26_human,268436282.0,100.0,2.371373705661655,-3.78962998981434
fw26_human,268436282.0,100.0,2.5118864315095824,-3.90536144093204
fw26_human,268436282.0,100.0,2.6607250597988115,-4.022473808503122
fw26_human,268436282.0,100.0,2.818382931264455,-4.140912851621299
fw26_human,268436282.0,100.0,2.9853826189179604,-4.260624953289122
fw26_human,268436282.0,100.0,3.1622776601683795,-4.38155732043753
fw26_human,268436282.0,100.0,3.3496543915782793,-4.503658164906201
fw26_human,268436282.0,100.0,3.548133892335757,-4.626876865005641
fw26_human,268436282.0,100.0,3.758374042884443,-4.751164107578777
fw26_human,268436282.0,100.0,3.981071705534973,-4.876472010748823
fw26_human,268436282.0,100.0,4.216965034285822,-5.002754227778935
fw26_human,268436282.0,100.0,4.4668359215096345,-5.129966032674597
fw26_human,268436282.0,100.0,4.731512589614808,-5.258064388334074
fw26_human,268436282.0,100.0,5.011872336272725,-5.3870079981909615
fw26_human,268436282.0,100.0,5.308844442309884,-5.516757342403539
fw26_human,268436282.0,100.0,5.62341325190349,-5.647274699723554
fw26_human,268436282.0,100.0,5.95662143529011,-5.778524156229146
fw26_human,268436282.0,100.0,6.309573444801936,-5.910471602133656
fw26_human,268436282.0,100.0,6.683439175686149,-6.043084717886242
fw26_human,268436282.0,100.0,7.07945784384138,-6.176332950766871
fw26_human,268436282.0,100.0,7.498942093324558,-6.3101874831466604
fw26_human,268436282.0,100.0,7.943282347242821,-6.444621193541837
fw26_human,268436282.0,100.0,8.413951416451956,-6.579608611535091
fw26_human,268436282.0,100.0,8.91250938133746,-6.7151258675756695
fw26_human,268436282.0,100.0,9.440608762859236,-6.851150638601553
fw26_human,268436282.0,100.0,10.0,-6.98766209035584
fw26_human,268436282.0,100.0,10.592537251772898,-7.124640817196039
fw26_human,268436282.0,100.0,11.220184543019641,-7.262068780119358
fw26_human,268436282.0,100.0,11.88502227437019,-7.399929243657403
fw26_human,268436282.0,100.0,12.589254117941675,-7.538206712218693
fw26_human,268436282.0,100.0,13.33521432163324,-7.676886866392523
fw26_human,268436282.0,100.0,14.125375446227554,-7.815956499660708
fw26_human,268436282.0,100.0,14.962356560944343,-7.955403455903521
fw26_human,268436282.0,100.0,15.848931924611142,-8.09521656803019
fw26_human,268436282.0,100.0,16.788040181225607,-8.235385598009554
fw26_human,268436282.0,100.0,17.78279410038923,-8.37590117853121
fw26_human,268436282.0,100.0,18.83649089489802,-8.516754756482376
fw26_human,268436282.0,100.0,19.952623149688808,-8.657938538385816
fw26_human,268436282.0,100.0,21.134890398366476,-8.799445437911407
fw26_human,268436282.0,100.0,22.3872113856834,-8.941269025539144
fw26_human,268436282.0,100.0,23.71373705661655,-9.083403480428244
fw26_human,268436282.0,100.0,25.11886431509582,-9.225843544518597
fw26_human,268436282.0,100.0,26.607250597988113,-9.368584478873824
fw26_human,268436282.0,100.0,28.183829312644548,-9.511622022254663
fw26_human,268436282.0,100.0,29.853826189179603,-9.654952351898215
fw26_human,268436282.0,100.0,31.622776601683793,-9.798572046464736
fw26_human,268436282.0,100.0,33.496543915782794,-9.942478051103523
fw26_human,268436282.0,100.0,35.48133892335757,-10.086667644581565
fw26_human,268436282.0,100.0,37.58374042884443,-10.231138408410757
fw26_human,268436282.0,100.0,39.810717055349734,-10.375888197905677
fw26_human,268436282.0,100.0,42.169650342858226,-10.520915115098088
fw26_human,268436282.0,100.0,44.668359215096345,-10.666217483434648
fw26_human,268436282.0,100.0,47.315125896148075,-10.811793824178698
fw26_human,268436282.0,100.0,50.118723362727245,-10.957642834440424
fw26_human,268436282.0,100.0,53.08844442309885,-11.10376336675571
fw26_human,268436282.0,100.0,56.23413251903491,-11.250154410138157
fw26_human,268436282.0,100.0,59.56621435290109,-11.396815072525957
fw26_human,268436282.0,100.0,63.095734448019364,-11.543744564551398
fw26_human,268436282.0,100.0,66.83439175686149,-11.69094218455734
fw26_human,268436282.0,100.0,70.79457843841381,-11.838407304792423
fw26_human,268436282.0,100.0,74.98942093324558,-11.986139358714617
fw26_human,268436282.0,100.0,79.43282347242821,-12.134137829338188
fw26_human,268436282.0,100.0,84.13951416451955,-12.282402238560078
fw26_human,268436282.0,100.0,89.12509381337459,-12.430932137405307
fw26_human,268436282.0,100.0,94.40608762859236,-12.579727097133164
fw26_human,268436282.0,100.0,100.0,-12.728786701148477
paloma,268436282.0,5.0,0.01,2.5711196125664837
paloma,268436282.0,5.0,0.010592537251772886,2.5542252354821744
paloma,268436282.0,5.0,0.011220184543019636,2.536521216900656
paloma,268436282.0,5.0,0.011885022274370183,2.517979520506401
paloma,268436282.0,5.0,0.012589254117941675,2.4985723254035888
paloma,268436282.0,5.0,0.01333521432163324,2.4782721827820615
paloma,268436282.0,5.0,0.01412537544622754,2.457052187573885
paloma,268436282.0,5.0,0.014962356560944336,2.4348861653427187
paloma,268436282.0,5.0,0.015848931924611134,2.411748874398772
paloma,268436282.0,5.0,0.016788040181225608,2.3876162229897107
paloma,268436282.0,5.0,0.01778279410038923,2.3624655010904965
paloma,268436282.0,5.0,0.018836490894898,2.3362756261490305
paloma,268436282.0,5.0,0.0199526231496888,2.309027401728541
paloma,268436282.0,5.0,0.021134890398366465,2.2807037877445318
paloma,268436282.0,5.0,0.0223872113856834,2.2512901805770955
paloma,268436282.0,5.0,0.023713737056616554,2.2207747009483074
paloma,268436282.0,5.0,0.025118864315095794,2.189148487102852
paloma,268436282.0,5.0,0.0266072505979881,2.1564059903301236
paloma,268436282.0,5.0,0.028183829312644536,2.12254526951373
paloma,268436282.0,5.0,0.029853826189179603,2.0875682809051357
paloma,268436282.0,5.0,0.03162277660168379,2.051481158964444
paloma,268436282.0,5.0,0.03349654391578276,2.014294483673137
paloma,268436282.0,5.0,0.03548133892335755,1.9760235294144595
paloma,268436282.0,5.0,0.03758374042884443,1.9366884901859245
paloma,268436282.0,5.0,0.039810717055349734,1.8963146756762275
paloma,268436282.0,5.0,0.042169650342858224,1.8549326725735085
paloma,268436282.0,5.0,0.0446683592150963,1.8125784653902803
paloma,268436282.0,5.0,0.04731512589614805,1.7692935110842438
paloma,268436282.0,5.0,0.05011872336272725,1.725124761900951
paloma,268436282.0,5.0,0.053088444423098846,1.6801246310731612
paloma,268436282.0,5.0,0.056234132519034905,1.6343508963642732
paloma,268436282.0,5.0,0.059566214352901034,1.587866536915605
paloma,268436282.0,5.0,0.06309573444801933,1.540739499448578
paloma,268436282.0,5.0,0.06683439175686148,1.4930423905900432
paloma,268436282.0,5.0,0.0707945784384138,1.4448520929299407
paloma,268436282.0,5.0,0.07498942093324558,1.3962493033933536
paloma,268436282.0,5.0,0.07943282347242814,1.3473179935968893
paloma,268436282.0,5.0,0.08413951416451952,1.2981447930901189
paloma,268436282.0,5.0,0.08912509381337459,1.2488182977428834
paloma,268436282.0,5.0,0.09440608762859236,1.199428307035397
paloma,268436282.0,5.0,0.1,1.15006499567176
paloma,268436282.0,5.0,0.10592537251772892,1.1008180267348695
paloma,268436282.0,5.0,0.11220184543019636,1.0517756155675746
paloma,268436282.0,5.0,0.11885022274370183,1.003023555677197
paloma,268436282.0,5.0,0.12589254117941676,0.9546442201877038
paloma,268436282.0,5.0,0.1333521432163324,0.9067155546691903
paloma,268436282.0,5.0,0.14125375446227548,0.8593100794679972
paloma,268436282.0,5.0,0.14962356560944334,0.8124939218396495
paloma,268436282.0,5.0,0.1584893192461114,0.766325900081637
paloma,268436282.0,5.0,0.16788040181225605,0.7208566832940895
paloma,268436282.0,5.0,0.1778279410038923,0.676128051138744
paloma,268436282.0,5.0,0.18836490894898011,0.6321722777694484
paloma,268436282.0,5.0,0.19952623149688797,0.5890116627631501
paloma,268436282.0,5.0,0.21134890398366477,0.5466582291773284
paloma,268436282.0,5.0,0.223872113856834,0.5051136047001249
paloma,268436282.0,5.0,0.23713737056616552,0.46436909624211653
paloma,268436282.0,5.0,0.25118864315095807,0.4244059613867001
paloma,268436282.0,5.0,0.26607250597988097,0.38519587219454443
paloma,268436282.0,5.0,0.2818382931264455,0.34670155841216077
paloma,268436282.0,5.0,0.298538261891796,0.3088776087928524
paloma,268436282.0,5.0,0.31622776601683794,0.2716714016867379
paloma,268436282.0,5.0,0.3349654391578278,0.2350241300114712
paloma,268436282.0,5.0,0.35481338923357547,0.19887188178416235
paloma,268436282.0,5.0,0.3758374042884443,0.16314673603082652
paloma,268436282.0,5.0,0.3981071705534973,0.12777783527442108
paloma,268436282.0,5.0,0.4216965034285822,0.09269239983380484
paloma,268436282.0,5.0,0.44668359215096326,0.05781665543685442
paloma,268436282.0,5.0,0.4731512589614805,0.02307665350622481
paloma,268436282.0,5.0,0.5011872336272725,-0.01160102790758219
paloma,268436282.0,5.0,0.5308844442309885,-0.0462887060673416
paloma,268436282.0,5.0,0.5623413251903491,-0.0810571342931808
paloma,268436282.0,5.0,0.5956621435290106,-0.11597515138439343
paloma,268436282.0,5.0,0.6309573444801932,-0.15110942544324615
paloma,268436282.0,5.0,0.6683439175686149,-0.18652427567351174
paloma,268436282.0,5.0,0.707945784384138,-0.22228155540447098
paloma,268436282.0,5.0,0.7498942093324558,-0.2584405807361688
paloma,268436282.0,5.0,0.7943282347242817,-0.29505809134521516
paloma,268436282.0,5.0,0.8413951416451951,-0.33218823264074043
paloma,268436282.0,5.0,0.8912509381337459,-0.3698825511928296
paloma,268436282.0,5.0,0.9440608762859236,-0.40818999785267573
paloma,268436282.0,5.0,1.0,-0.4471569350558339
paloma,268436282.0,5.0,1.0592537251772887,-0.48682714637963176
paloma,268436282.0,5.0,1.1220184543019642,-0.5272418475331928
paloma,268436282.0,5.0,1.188502227437019,-0.5684396986678216
paloma,268436282.0,5.0,1.2589254117941675,-0.6104568183032975
paloma,268436282.0,5.0,1.333521432163324,-0.6533267993642279
paloma,268436282.0,5.0,1.412537544622754,-0.697080727884295
paloma,268436282.0,5.0,1.4962356560944343,-0.7417472049213508
paloma,268436282.0,5.0,1.584893192461114,-0.7873523721678367
paloma,268436282.0,5.0,1.6788040181225607,-0.8339199416599143
paloma,268436282.0,5.0,1.7782794100389228,-0.8814712298990363
paloma,268436282.0,5.0,1.8836490894898001,-0.9300251966058084
paloma,268436282.0,5.0,1.9952623149688808,-0.9795984882340081
paloma,268436282.0,5.0,2.1134890398366477,-1.0302054862825416
paloma,268436282.0,5.0,2.23872113856834,-1.081858360359491
paloma,268436282.0,5.0,2.371373705661655,-1.1345671258732455
paloma,268436282.0,5.0,2.5118864315095824,-1.1883397061547358
paloma,268436282.0,5.0,2.6607250597988115,-1.2431819987516162
paloma,268436282.0,5.0,2.818382931264455,-1.299097945580332
paloma,268436282.0,5.0,2.9853826189179604,-1.3560896065760972
paloma,268436282.0,5.0,3.1622776601683795,-1.414157236443507
paloma,268436282.0,5.0,3.3496543915782793,-1.4732993640833878
paloma,268436282.0,5.0,3.548133892335757,-1.5335128742507091
paloma,268436282.0,5.0,3.758374042884443,-1.594793090988431
paloma,268436282.0,5.0,3.981071705534973,-1.6571338623776102
paloma,268436282.0,5.0,4.216965034285822,-1.7205276461483245
paloma,268436282.0,5.0,4.4668359215096345,-1.784965595705108
paloma,268436282.0,5.0,4.731512589614808,-1.8504376461360759
paloma,268436282.0,5.0,5.011872336272725,-1.916932599795246
paloma,268436282.0,5.0,5.308844442309884,-1.9844382110705088
paloma,268436282.0,5.0,5.62341325190349,-2.052941269977622
paloma,268436282.0,5.0,5.95662143529011,-2.122427684249271
paloma,268436282.0,5.0,6.309573444801936,-2.192882559619101
paloma,268436282.0,5.0,6.683439175686149,-2.2642902780330543
paloma,268436282.0,5.0,7.07945784384138,-2.3366345735522187
paloma,268436282.0,5.0,7.498942093324558,-2.4098986057430767
paloma,268436282.0,5.0,7.943282347242821,-2.4840650303840666
paloma,268436282.0,5.0,8.413951416451956,-2.5591160673457556
paloma,268436282.0,5.0,8.91250938133746,-2.635033565533125
paloma,268436282.0,5.0,9.440608762859236,-2.711799064805223
paloma,268436282.0,5.0,10.0,-2.789393854813409
paloma,268436282.0,5.0,10.592537251772898,-2.867799030723544
paloma,268436282.0,5.0,11.220184543019641,-2.9469955458102044
paloma,268436282.0,5.0,11.88502227437019,-3.026964260929907
paloma,268436282.0,5.0,12.589254117941675,-3.107685990899535
paloma,268436282.0,5.0,13.33521432163324,-3.1891415478218597
paloma,268436282.0,5.0,14.125375446227554,-3.2713117814136075
paloma,268436282.0,5.0,14.962356560944343,-3.3541776164048733
paloma,268436282.0,5.0,15.848931924611142,-3.437720087088283
paloma,268436282.0,5.0,16.788040181225607,-3.521920369105488
paloma,268436282.0,5.0,17.78279410038923,-3.6067598085658457
paloma,268436282.0,5.0,18.83649089489802,-3.692219948597497
paloma,268436282.0,5.0,19.952623149688808,-3.778282553436299
paloma,268436282.0,5.0,21.134890398366476,-3.864929630160331
paloma,268436282.0,5.0,22.3872113856834,-3.9521434481805033
paloma,268436282.0,5.0,23.71373705661655,-4.039906556598676
paloma,268436282.0,5.0,25.11886431509582,-4.128201799545097
paloma,268436282.0,5.0,26.607250597988113,-4.217012329605998
paloma,268436282.0,5.0,28.183829312644548,-4.306321619451987
paloma,268436282.0,5.0,29.853826189179603,-4.396113471774644
paloma,268436282.0,5.0,31.622776601683793,-4.486372027638363
paloma,268436282.0,5.0,33.496543915782794,-4.577081773349761
paloma,268436282.0,5.0,35.48133892335757,-4.668227545945566
paloma,268436282.0,5.0,37.58374042884443,-4.75979453739623
paloma,268436282.0,5.0,39.810717055349734,-4.851768297618221
paloma,268436282.0,5.0,42.169650342858226,-4.9441347363851005
paloma,268436282.0,5.0,44.668359215096345,-5.0368801242241
paloma,268436282.0,5.0,47.315125896148075,-5.129991092379304
paloma,268436282.0,5.0,50.118723362727245,-5.223454631921114
paloma,268436282.0,5.0,53.08844442309885,-5.317258092075275
paloma,268436282.0,5.0,56.23413251903491,-5.41138917784312
paloma,268436282.0,5.0,59.56621435290109,-5.5058359469790865
paloma,268436282.0,5.0,63.095734448019364,-5.6005868063885496
paloma,268436282.0,5.0,66.83439175686149,-5.695630508006063
paloma,268436282.0,5.0,70.79457843841381,-5.7909561442087245
paloma,268436282.0,5.0,74.98942093324558,-5.886553142817702
paloma,268436282.0,5.0,79.43282347242821,-5.982411261736609
paloma,268436282.0,5.0,84.13951416451955,-6.0785205832718825
paloma,268436282.0,5.0,89.12509381337459,-6.1748715081789785
paloma,268436282.0,5.0,94.40608762859236,-6.271454749472444
paloma,268436282.0,5.0,100.0,-6.368261326038028
paloma,268436282.0,10.0,0.01,1.0618698657756698
paloma,268436282.0,10.0,0.010592537251772886,1.0133037007019714
paloma,268436282.0,10.0,0.011220184543019636,0.9654546800265413
paloma,268436282.0,10.0,0.011885022274370183,0.9184338515895291
paloma,268436282.0,10.0,0.012589254117941675,0.8723442472239125
paloma,268436282.0,10.0,0.01333521432163324,0.8272794156527179
paloma,268436282.0,10.0,0.01412537544622754,0.7833221082298174
paloma,268436282.0,10.0,0.014962356560944336,0.7405431627030213
paloma,268436282.0,10.0,0.015848931924611134,0.6990006254321871
paloma,268436282.0,10.0,0.016788040181225608,0.6587391451980636
paloma,268436282.0,10.0,0.01778279410038923,0.6197896620957994
paloma,268436282.0,10.0,0.018836490894898,0.5821694031797667
paloma,268436282.0,10.0,0.0199526231496888,0.5458821833864128
paloma,268436282.0,10.0,0.021134890398366465,0.5109189963622403
paloma,268436282.0,10.0,0.0223872113856834,0.47725886632483155
paloma,268436282.0,10.0,0.023713737056616554,0.44486991981503554
paloma,268436282.0,10.0,0.025118864315095794,0.41371062636524375
paloma,268436282.0,10.0,0.0266072505979881,0.3837311503978141
paloma,268436282.0,10.0,0.028183829312644536,0.3548747538250565
paloma,268436282.0,10.0,0.029853826189179603,0.32707919001089714
paloma,268436282.0,10.0,0.03162277660168379,0.30027803493874894
paloma,268436282.0,10.0,0.03349654391578276,0.2744019099542003
paloma,268436282.0,10.0,0.03548133892335755,0.24937956154079474
paloma,268436282.0,10.0,0.03758374042884443,0.2251387760150951
paloma,268436282.0,10.0,0.039810717055349734,0.20160711959211272
paloma,268436282.0,10.0,0.042169650342858224,0.1787125058139242
paloma,268436282.0,10.0,0.0446683592150963,0.1563836018801662
paloma,268436282.0,10.0,0.04731512589614805,0.13455009235056353
paloma,268436282.0,10.0,0.05011872336272725,0.11314282281500822
paloma,268436282.0,10.0,0.053088444423098846,0.09209384750443346
paloma,268436282.0,10.0,0.056234132519034905,0.0713364040015067
paloma,268436282.0,10.0,0.059566214352901034,0.050804835700947834
paloma,268436282.0,10.0,0.06309573444801933,0.030434479291429842
paloma,268436282.0,10.0,0.06683439175686148,0.010161530785674965
paloma,268436282.0,10.0,0.0707945784384138,-0.01007709988975762
paloma,268436282.0,10.0,0.07498942093324558,-0.030343938782061087
paloma,268436282.0,10.0,0.07943282347242814,-0.05070109768934387
paloma,268436282.0,10.0,0.08413951416451952,-0.07121042098106566
paloma,268436282.0,10.0,0.08912509381337459,-0.09193362778221945
paloma,268436282.0,10.0,0.09440608762859236,-0.11293244855969788
paloma,268436282.0,10.0,0.1,-0.1342687555571206
paloma,268436282.0,10.0,0.10592537251772892,-0.1560046867251098
paloma,268436282.0,10.0,0.11220184543019636,-0.178202762868947
paloma,268436282.0,10.0,0.11885022274370183,-0.20092599774990466
paloma,268436282.0,10.0,0.12589254117941676,-0.22423800084794948
paloma,268436282.0,10.0,0.1333521432163324,-0.24820307245912987
paloma,268436282.0,10.0,0.14125375446227548,-0.27288629075583964
paloma,268436282.0,10.0,0.14962356560944334,-0.29835359039447873
paloma,268436282.0,10.0,0.1584893192461114,-0.32467183221672063
paloma,268436282.0,10.0,0.16788040181225605,-0.3519088635521747
paloma,268436282.0,10.0,0.1778279410038923,-0.38013356859585473
paloma,268436282.0,10.0,0.18836490894898011,-0.4094159083161616
paloma,268436282.0,10.0,0.19952623149688797,-0.43982694932349964
paloma,268436282.0,10.0,0.21134890398366477,-0.4714388811239574
paloma,268436282.0,10.0,0.223872113856834,-0.50432502118353
paloma,268436282.0,10.0,0.23713737056616552,-0.5385598072369793
paloma,268436282.0,10.0,0.25118864315095807,-0.5742187763008827
paloma,268436282.0,10.0,0.26607250597988097,-0.6113785298857287
paloma,268436282.0,10.0,0.2818382931264455,-0.6501166849502618
paloma,268436282.0,10.0,0.298538261891796,-0.6905118102091987
paloma,268436282.0,10.0,0.31622776601683794,-0.7326433474804032
paloma,268436282.0,10.0,0.3349654391578278,-0.7765915178576864
paloma,268436282.0,10.0,0.35481338923357547,-0.8224372126007407
paloma,268436282.0,10.0,0.3758374042884443,-0.8702618687621714
paloma,268436282.0,10.0,0.3981071705534973,-0.920147329708242
paloma,268436282.0,10.0,0.4216965034285822,-0.9721756908442475
paloma,268436282.0,10.0,0.44668359215096326,-1.0264291310158302
paloma,268436282.0,10.0,0.4731512589614805,-1.0829897302301779
paloma,268436282.0,10.0,0.5011872336272725,-1.1419392745197918
paloma,268436282.0,10.0,0.5308844442309885,-1.2033590489527792
paloma,268436282.0,10.0,0.5623413251903491,-1.267329619972425
paloma,268436282.0,10.0,0.5956621435290106,-1.3339306084296096
paloma,268436282.0,10.0,0.6309573444801932,-1.403240454838574
paloma,268436282.0,10.0,0.6683439175686149,-1.4753361785450523
paloma,268436282.0,10.0,0.707945784384138,-1.550293132637663
paloma,268436282.0,10.0,0.7498942093324558,-1.6281847565556025
paloma,268436282.0,10.0,0.7943282347242817,-1.7090823284434535
paloma,268436282.0,10.0,0.8413951416451951,-1.793054719377088
paloma,268436282.0,10.0,0.8912509381337459,-1.8801681516261401
paloma,268436282.0,10.0,0.9440608762859236,-1.9704859631294023
paloma,268436282.0,10.0,1.0,-2.0640683803390836
paloma,268436282.0,10.0,1.0592537251772887,-2.16097230153188
paloma,268436282.0,10.0,1.1220184543019642,-2.2612510925991103
paloma,268436282.0,10.0,1.188502227437019,-2.364954397206085
paloma,268436282.0,10.0,1.2589254117941675,-2.4721279630591804
paloma,268436282.0,10.0,1.333521432163324,-2.582813485845045
paloma,268436282.0,10.0,1.412537544622754,-2.697048472200356
paloma,268436282.0,10.0,1.4962356560944343,-2.814866122852264
paloma,268436282.0,10.0,1.584893192461114,-2.936295236832651
paloma,268436282.0,10.0,1.6788040181225607,-3.061360137420955
paloma,268436282.0,10.0,1.7782794100389228,-3.190080620221208
paloma,268436282.0,10.0,1.8836490894898001,-3.322471923522942
paloma,268436282.0,10.0,1.9952623149688808,-3.4585447208507056
paloma,268436282.0,10.0,2.1134890398366477,-3.5983051353672653
paloma,268436282.0,10.0,2.23872113856834,-3.741754775567955
paloma,268436282.0,10.0,2.371373705661655,-3.8888907914976354
paloma,268436282.0,10.0,2.5118864315095824,-4.039705950532103
paloma,268436282.0,10.0,2.6607250597988115,-4.194188731597771
paloma,268436282.0,10.0,2.818382931264455,-4.35232343656148
paloma,268436282.0,10.0,2.9853826189179604,-4.514090317407176
paloma,268436282.0,10.0,3.1622776601683795,-4.6794657177196655
paloma,268436282.0,10.0,3.3496543915782793,-4.848422226933676
paloma,268436282.0,10.0,3.548133892335757,-5.020928845760604
paloma,268436282.0,10.0,3.758374042884443,-5.196951161190202
paloma,268436282.0,10.0,3.981071705534973,-5.376451529464735
paloma,268436282.0,10.0,4.216965034285822,-5.5593892654499
paloma,268436282.0,10.0,4.4668359215096345,-5.745720836863336
paloma,268436282.0,10.0,4.731512589614808,-5.935400061885242
paloma,268436282.0,10.0,5.011872336272725,-6.128378308738893
paloma,268436282.0,10.0,5.308844442309884,-6.324604695912807
paloma,268436282.0,10.0,5.62341325190349,-6.524026291790392
paloma,268436282.0,10.0,5.95662143529011,-6.72658831253897
paloma,268436282.0,10.0,6.309573444801936,-6.9322343172221075
paloma,268436282.0,10.0,6.683439175686149,-7.140906399192259
paloma,268436282.0,10.0,7.07945784384138,-7.352545372930728
paloma,268436282.0,10.0,7.498942093324558,-7.567090955602222
paloma,268436282.0,10.0,7.943282347242821,-7.784481942691124
paloma,268436282.0,10.0,8.413951416451956,-8.00465637718554
paloma,268436282.0,10.0,8.91250938133746,-8.227551711867306
paloma,268436282.0,10.0,9.440608762859236,-8.453104964354551
paloma,268436282.0,10.0,10.0,-8.681252864624698
paloma,268436282.0,10.0,10.592537251772898,-8.911931994826263
paloma,268436282.0,10.0,11.220184543019641,-9.145078921254342
paloma,268436282.0,10.0,11.88502227437019,-9.380630318429603
paloma,268436282.0,10.0,12.589254117941675,-9.618523085282964
paloma,268436282.0,10.0,13.33521432163324,-9.858694453495085
paloma,268436282.0,10.0,14.125375446227554,-10.101082088087221
paloma,268436282.0,10.0,14.962356560944343,-10.345624180403423
paloma,268436282.0,10.0,15.848931924611142,-10.592259533652822
paloma,268436282.0,10.0,16.788040181225607,-10.840927641216908
paloma,268436282.0,10.0,17.78279410038923,-11.091568757945915
paloma,268436282.0,10.0,18.83649089489802,-11.344123964692045
paloma,268436282.0,10.0,19.952623149688808,-11.598535226341442
paloma,268436282.0,10.0,21.134890398366476,-11.854745443621889
paloma,268436282.0,10.0,22.3872113856834,-12.112698498966687
paloma,268436282.0,10.0,23.71373705661655,-12.37233929672816
paloma,268436282.0,10.0,25.11886431509582,-12.633613798031387
paloma,268436282.0,10.0,26.607250597988113,-12.896469050561526
paloma,268436282.0,10.0,28.183829312644548,-13.160853213579353
paloma,268436282.0,10.0,29.853826189179603,-13.426715578451255
paloma,268436282.0,10.0,31.622776601683793,-13.694006584978233
paloma,268436282.0,10.0,33.496543915782794,-13.962677833803157
paloma,268436282.0,10.0,35.48133892335757,-14.23268209516679
paloma,268436282.0,10.0,37.58374042884443,-14.50397331427073
paloma,268436282.0,10.0,39.810717055349734,-14.776506613510431
paloma,268436282.0,10.0,42.169650342858226,-15.050238291809167
paloma,268436282.0,10.0,44.668359215096345,-15.325125821301565
paloma,268436282.0,10.0,47.315125896148075,-15.601127841577028
paloma,268436282.0,10.0,50.118723362727245,-15.878204151707221
paloma,268436282.0,10.0,53.08844442309885,-16.156315700254442
paloma,268436282.0,10.0,56.23413251903491,-16.435424573457013
paloma,268436282.0,10.0,59.56621435290109,-16.715493981770816
paloma,268436282.0,10.0,63.095734448019364,-16.996488244942338
paloma,268436282.0,10.0,66.83439175686149,-17.278372775772375
paloma,268436282.0,10.0,70.79457843841381,-17.561114062725977
paloma,268436282.0,10.0,74.98942093324558,-17.84467965152528
paloma,268436282.0,10.0,79.43282347242821,-18.129038125865375
paloma,268436282.0,10.0,84.13951416451955,-18.414159087374443
paloma,268436282.0,10.0,89.12509381337459,-18.700013134930675
paloma,268436282.0,10.0,94.40608762859236,-18.98657184345232
paloma,268436282.0,10.0,100.0,-19.273807742250042
paloma,268436282.0,20.0,0.01,0.025236209204540144
paloma,268436282.0,20.0,0.010592537251772886,0.015551429680053118
paloma,268436282.0,20.0,0.011220184543019636,0.005917873862308742
paloma,268436282.0,20.0,0.011885022274370183,-0.0036960482704745984
paloma,268436282.0,20.0,0.012589254117941675,-0.01332182053887899
paloma,268436282.0,20.0,0.01333521432163324,-0.022990919966946737
paloma,268436282.0,20.0,0.01412537544622754,-0.03273491563868914
paloma,268436282.0,20.0,0.014962356560944336,-0.042585567156025544
paloma,268436282.0,20.0,0.015848931924611134,-0.052574923041380936
paloma,268436282.0,20.0,0.016788040181225608,-0.06273541926717995
paloma,268436282.0,20.0,0.01778279410038923,-0.0730999781675109
paloma,268436282.0,20.0,0.018836490894898,-0.08370210796633193
paloma,268436282.0,20.0,0.0199526231496888,-0.09457600310035012
paloma,268436282.0,20.0,0.021134890398366465,-0.10575664559650846
paloma,268436282.0,20.0,0.0223872113856834,-0.11727990764107718
paloma,268436282.0,20.0,0.023713737056616554,-0.1291826555570967
paloma,268436282.0,20.0,0.025118864315095794,-0.14150285535184257
paloma,268436282.0,20.0,0.0266072505979881,-0.15427967999565145
paloma,268436282.0,20.0,0.028183829312644536,-0.16755361855001633
paloma,268436282.0,20.0,0.029853826189179603,-0.1813665873060201
paloma,268436282.0,20.0,0.03162277660168379,-0.19576204301333378
paloma,268436282.0,20.0,0.03349654391578276,-0.2107850983015356
paloma,268436282.0,20.0,0.03548133892335755,-0.22648263934213506
paloma,268436282.0,20.0,0.03758374042884443,-0.24290344581594103
paloma,268436282.0,20.0,0.039810717055349734,-0.26009831317224885
paloma,268436282.0,20.0,0.042169650342858224,-0.2781201771895845
paloma,268436282.0,20.0,0.0446683592150963,-0.2970242407540571
paloma,268436282.0,20.0,0.04731512589614805,-0.3168681028084946
paloma,268436282.0,20.0,0.05011872336272725,-0.33771188930942386
paloma,268436282.0,20.0,0.053088444423098846,-0.3596183860339929
paloma,268436282.0,20.0,0.056234132519034905,-0.38265317302661395
paloma,268436282.0,20.0,0.059566214352901034,-0.4068847603889217
paloma,268436282.0,20.0,0.06309573444801933,-0.43238472510223064
paloma,268436282.0,20.0,0.06683439175686148,-0.4592278484780386
paloma,268436282.0,20.0,0.0707945784384138,-0.48749225378155014
paloma,268436282.0,20.0,0.07498942093324558,-0.5172595434987517
paloma,268436282.0,20.0,0.07943282347242814,-0.5486149356324008
paloma,268436282.0,20.0,0.08413951416451952,-0.5816473983449534
paloma,268436282.0,20.0,0.08912509381337459,-0.6164497821725091
paloma,268436282.0,20.0,0.09440608762859236,-0.6531189489453788
paloma,268436282.0,20.0,0.1,-0.6917558964642555
paloma,268436282.0,20.0,0.10592537251772892,-0.732465877872029
paloma,268436282.0,20.0,0.11220184543019636,-0.7753585145812194
paloma,268436282.0,20.0,0.11885022274370183,-0.8205479015051312
paloma,268436282.0,20.0,0.12589254117941676,-0.8681527032468331
paloma,268436282.0,20.0,0.1333521432163324,-0.9182962398066337
paloma,268436282.0,20.0,0.14125375446227548,-0.9711065602698988
paloma,268436282.0,20.0,0.14962356560944334,-1.0267165028528253
paloma,268436282.0,20.0,0.1584893192461114,-1.0852637396012252
paloma,268436282.0,20.0,0.16788040181225605,-1.1468908039781713
paloma,268436282.0,20.0,0.1778279410038923,-1.2117450994902113
paloma,268436282.0,20.0,0.18836490894898011,-1.2799788875000844
paloma,268436282.0,20.0,0.19952623149688797,-1.3517492523081376
paloma,268436282.0,20.0,0.21134890398366477,-1.4272180416170843
paloma,268436282.0,20.0,0.223872113856834,-1.506551780487995
paloma,268436282.0,20.0,0.23713737056616552,-1.5899215569686227
paloma,268436282.0,20.0,0.25118864315095807,-1.6775028776321
paloma,268436282.0,20.0,0.26607250597988097,-1.7694754914018307
paloma,268436282.0,20.0,0.2818382931264455,-1.8660231801625258
paloma,268436282.0,20.0,0.298538261891796,-1.9673335148643947
paloma,268436282.0,20.0,0.31622776601683794,-2.0735975760419305
paloma,268436282.0,20.0,0.3349654391578278,-2.1850096379390034
paloma,268436282.0,20.0,0.35481338923357547,-2.301766815737161
paloma,268436282.0,20.0,0.3758374042884443,-2.424068675728877
paloma,268436282.0,20.0,0.3981071705534973,-2.552116808657939
paloma,268436282.0,20.0,0.4216965034285822,-2.6861143668640457
paloma,268436282.0,20.0,0.44668359215096326,-2.826265566312048
paloma,268436282.0,20.0,0.4731512589614805,-2.972775155051096
paloma,268436282.0,20.0,0.5011872336272725,-3.125847850136583
paloma,268436282.0,20.0,0.5308844442309885,-3.285687745527826
paloma,268436282.0,20.0,0.5623413251903491,-3.452497693975624
paloma,268436282.0,20.0,0.5956621435290106,-3.6264786663886475
paloma,268436282.0,20.0,0.6309573444801932,-3.807829092617124
paloma,268436282.0,20.0,0.6683439175686149,-3.9967441880355588
paloma,268436282.0,20.0,0.707945784384138,-4.193415270672254
paloma,268436282.0,20.0,0.7498942093324558,-4.39802907397476
paloma,268436282.0,20.0,0.7943282347242817,-4.610767060564553
paloma,268436282.0,20.0,0.8413951416451951,-4.831804742531878
paloma,268436282.0,20.0,0.8912509381337459,-5.0613110139365105
paloma,268436282.0,20.0,0.9440608762859236,-5.299447501221768
paloma,268436282.0,20.0,1.0,-5.546367937184834
paloma,268436282.0,20.0,1.0592537251772887,-5.802217564012962
paloma,268436282.0,20.0,1.1220184543019642,-6.067132570664236
paloma,268436282.0,20.0,1.188502227437019,-6.341239569541031
paloma,268436282.0,20.0,1.2589254117941675,-6.624655117029222
paloma,268436282.0,20.0,1.333521432163324,-6.9174852819893875
paloma,268436282.0,20.0,1.412537544622754,-7.219825265765526
paloma,268436282.0,20.0,1.4962356560944343,-7.531759076680777
paloma,268436282.0,20.0,1.584893192461114,-7.853359261375611
paloma,268436282.0,20.0,1.6788040181225607,-8.184686694687429
paloma,268436282.0,20.0,1.7782794100389228,-8.52579042909147
paloma,268436282.0,20.0,1.8836490894898001,-8.876707604075563
paloma,268436282.0,20.0,1.9952623149688808,-9.23746341514782
paloma,268436282.0,20.0,2.1134890398366477,-9.608071141548681
paloma,268436282.0,20.0,2.23872113856834,-9.98853223114465
paloma,268436282.0,20.0,2.371373705661655,-10.37883644042174
paloma,268436282.0,20.0,2.5118864315095824,-10.778962027006653
paloma,268436282.0,20.0,2.6607250597988115,-11.18887599168535
paloma,268436282.0,20.0,2.818382931264455,-11.608534366532663
paloma,268436282.0,20.0,2.9853826189179604,-12.03788254543785
paloma,268436282.0,20.0,3.1622776601683795,-12.476855653078848
paloma,268436282.0,20.0,3.3496543915782793,-12.925378948216547
paloma,268436282.0,20.0,3.548133892335757,-13.383368257072373
paloma,268436282.0,20.0,3.758374042884443,-13.850730432510236
paloma,268436282.0,20.0,3.981071705534973,-14.327363834735788
paloma,268436282.0,20.0,4.216965034285822,-14.813158829314247
paloma,268436282.0,20.0,4.4668359215096345,-15.307998298400728
paloma,268436282.0,20.0,4.731512589614808,-15.811758161233215
paloma,268436282.0,20.0,5.011872336272725,-16.324307900127664
paloma,268436282.0,20.0,5.308844442309884,-16.845511088440258
paloma,268436282.0,20.0,5.62341325190349,-17.375225917172923
paloma,268436282.0,20.0,5.95662143529011,-17.9133057171907
paloma,268436282.0,20.0,6.309573444801936,-18.459599474266838
paloma,268436282.0,20.0,6.683439175686149,-19.013952334435874
paloma,268436282.0,20.0,7.07945784384138,-19.576206097438924
paloma,268436282.0,20.0,7.498942093324558,-20.146199696303103
paloma,268436282.0,20.0,7.943282347242821,-20.723769661346097
paloma,268436282.0,20.0,8.413951416451956,-21.3087505672055
paloma,268436282.0,20.0,8.91250938133746,-21.900975461683057
paloma,268436282.0,20.0,9.440608762859236,-22.50027627547139
paloma,268436282.0,20.0,10.0,-23.106484212029514
paloma,268436282.0,20.0,10.592537251772898,-23.719430117089196
paloma,268436282.0,20.0,11.220184543019641,-24.33894482744415
paloma,268436282.0,20.0,11.88502227437019,-24.96485949887779
paloma,268436282.0,20.0,12.589254117941675,-25.597005913201613
paloma,268436282.0,20.0,13.33521432163324,-26.235216764547484
paloma,268436282.0,20.0,14.125375446227554,-26.87932592516198
paloma,268436282.0,20.0,14.962356560944343,-27.529168691057652
paloma,268436282.0,20.0,15.848931924611142,-28.184582007986126
paloma,268436282.0,20.0,16.788040181225607,-28.84540467825029
paloma,268436282.0,20.0,17.78279410038923,-29.511477548959835
paloma,268436282.0,20.0,18.83649089489802,-30.18264368238132
paloma,268436282.0,20.0,19.952623149688808,-30.858748509083775
paloma,268436282.0,20.0,21.134890398366476,-31.539639964583777
paloma,268436282.0,20.0,22.3872113856834,-32.22516861027298
paloma,268436282.0,20.0,23.71373705661655,-32.91518773936826
paloma,268436282.0,20.0,25.11886431509582,-33.609553468674015
paloma,268436282.0,20.0,26.607250597988113,-34.30812481693107
paloma,268436282.0,20.0,28.183829312644548,-35.01076377052825
paloma,268436282.0,20.0,29.853826189179603,-35.717335337323746
paloma,268436282.0,20.0,31.622776601683793,-36.4277075893619
paloma,268436282.0,20.0,33.496543915782794,-37.14175169519651
paloma,268436282.0,20.0,35.48133892335757,-37.85934194253615
paloma,268436282.0,20.0,37.58374042884443,-38.580355751928195
paloma,268436282.0,20.0,39.810717055349734,-39.304673682132474
paloma,268436282.0,20.0,42.169650342858226,-40.03217942784093
paloma,268436282.0,20.0,44.668359215096345,-40.76275981036664
paloma,268436282.0,20.0,47.315125896148075,-41.49630476188977
paloma,268436282.0,20.0,50.118723362727245,-42.23270730381684
paloma,268436282.0,20.0,53.08844442309885,-42.97186351982805
paloma,268436282.0,20.0,56.23413251903491,-43.71367252407527
paloma,268436282.0,20.0,59.56621435290109,-44.458036425050004
paloma,268436282.0,20.0,63.095734448019364,-45.20486028555538
paloma,268436282.0,20.0,66.83439175686149,-45.954052079237336
paloma,268436282.0,20.0,70.79457843841381,-46.70552264403622
paloma,268436282.0,20.0,74.98942093324558,-47.459185632993275
paloma,268436282.0,20.0,79.43282347242821,-48.21495746269911
paloma,268436282.0,20.0,84.13951416451955,-48.97275725978008
paloma,268436282.0,20.0,89.12509381337459,-49.732506805685574
paloma,268436282.0,20.0,94.40608762859236,-50.494130480061145
paloma,268436282.0,20.0,100.0,-51.257555203015436
paloma,268436282.0,40.0,0.01,-0.18273069299941055
paloma,268436282.0,40.0,0.010592537251772886,-0.19442186965473662
paloma,268436282.0,40.0,0.011220184543019636,-0.20675030735175232
paloma,268436282.0,40.0,0.011885022274370183,-0.21975597133599434
paloma,268436282.0,40.0,0.012589254117941675,-0.233480963311957
paloma,268436282.0,40.0,0.01333521432163324,-0.2479696480251734
paloma,268436282.0,40.0,0.01412537544622754,-0.26326878580127616
paloma,268436282.0,40.0,0.014962356560944336,-0.27942767138093383
paloma,268436282.0,40.0,0.015848931924611134,-0.2964982791295666
paloma,268436282.0,40.0,0.016788040181225608,-0.3145354151073843
paloma,268436282.0,40.0,0.01778279410038923,-0.3335968760790651
paloma,268436282.0,40.0,0.018836490894898,-0.35374361579636304
paloma,268436282.0,40.0,0.0199526231496888,-0.37503991880639387
paloma,268436282.0,40.0,0.021134890398366465,-0.39755358199658236
paloma,268436282.0,40.0,0.0223872113856834,-0.4213561041028712
paloma,268436282.0,40.0,0.023713737056616554,-0.4465228834034955
paloma,268436282.0,40.0,0.025118864315095794,-0.4731334238373152
paloma,268436282.0,40.0,0.0266072505979881,-0.501271549607726
paloma,268436282.0,40.0,0.028183829312644536,-0.5310256285433161
paloma,268436282.0,40.0,0.029853826189179603,-0.5624888042743628
paloma,268436282.0,40.0,0.03162277660168379,-0.5957592372911972
paloma,268436282.0,40.0,0.03349654391578276,-0.6309403549551634
paloma,268436282.0,40.0,0.03548133892335755,-0.6681411104640133
paloma,268436282.0,40.0,0.03758374042884443,-0.707476250658513
paloma,268436282.0,40.0,0.039810717055349734,-0.7490665926090732
paloma,268436282.0,40.0,0.042169650342858224,-0.7930393087336451
paloma,268436282.0,40.0,0.0446683592150963,-0.8395282202128371
paloma,268436282.0,40.0,0.04731512589614805,-0.8886740982961866
paloma,268436282.0,40.0,0.05011872336272725,-0.9406249730939744
paloma,268436282.0,40.0,0.053088444423098846,-0.9955364492191441
paloma,268436282.0,40.0,0.056234132519034905,-1.0535720276342788
paloma,268436282.0,40.0,0.059566214352901034,-1.114903432849914
paloma,268436282.0,40.0,0.06309573444801933,-1.1797109445302278
paloma,268436282.0,40.0,0.06683439175686148,-1.2481837323297802
paloma,268436282.0,40.0,0.0707945784384138,-1.320520192721417
paloma,268436282.0,40.0,0.07498942093324558,-1.3969282862927086
paloma,268436282.0,40.0,0.07943282347242814,-1.4776258738254284
paloma,268436282.0,40.0,0.08413951416451952,-1.5628410493186045
paloma,268436282.0,40.0,0.08912509381337459,-1.6528124677876594
paloma,268436282.0,40.0,0.09440608762859236,-1.7477896655424905
paloma,268436282.0,40.0,0.1,-1.8480333703504932
paloma,268436282.0,40.0,0.10592537251772892,-1.9538157986553875
paloma,268436282.0,40.0,0.11220184543019636,-2.0654209367761354
paloma,268436282.0,40.0,0.11885022274370183,-2.183144802750665
paloma,268436282.0,40.0,0.12589254117941676,-2.307295685215324
paloma,268436282.0,40.0,0.1333521432163324,-2.4381943555103436
paloma,268436282.0,40.0,0.14125375446227548,-2.5761742488853105
paloma,268436282.0,40.0,0.14962356560944334,-2.7215816105162056
paloma,268436282.0,40.0,0.1584893192461114,-2.874775601809384
paloma,268436282.0,40.0,0.16788040181225605,-3.036128362263376
paloma,268436282.0,40.0,0.1778279410038923,-3.206025022065469
paloma,268436282.0,40.0,0.18836490894898011,-3.3848636604249034
paloma,268436282.0,40.0,0.19952623149688797,-3.5730552046383672
paloma,268436282.0,40.0,0.21134890398366477,-3.7710232648277806
paloma,268436282.0,40.0,0.223872113856834,-3.979203899410175
paloma,268436282.0,40.0,0.23713737056616552,-4.198045306423676
paloma,268436282.0,40.0,0.25118864315095807,-4.428007436081472
paloma,268436282.0,40.0,0.26607250597988097,-4.66956152025029
paloma,268436282.0,40.0,0.2818382931264455,-4.923189514863856
paloma,268436282.0,40.0,0.298538261891796,-5.1893834518796185
paloma,268436282.0,40.0,0.31622776601683794,-5.468644697878708
paloma,268436282.0,40.0,0.3349654391578278,-5.7614831172049294
paloma,268436282.0,40.0,0.35481338923357547,-6.068416138262681
paloma,268436282.0,40.0,0.3758374042884443,-6.389967722565104
paloma,268436282.0,40.0,0.3981071705534973,-6.726667237093628
paloma,268436282.0,40.0,0.4216965034285822,-7.079048231634922
paloma,268436282.0,40.0,0.44668359215096326,-7.447647123903647
paloma,268436282.0,40.0,0.4731512589614805,-7.833001796550176
paloma,268436282.0,40.0,0.5011872336272725,-8.235650111343565
paloma,268436282.0,40.0,0.5308844442309885,-8.656128347155285
paloma,268436282.0,40.0,0.5623413251903491,-9.094969569680407
paloma,268436282.0,40.0,0.5956621435290106,-9.55270194203655
paloma,268436282.0,40.0,0.6309573444801932,-10.029846986626074
paloma,268436282.0,40.0,0.6683439175686149,-10.526917809775762
paloma,268436282.0,40.0,0.707945784384138,-11.04441730163494
paloma,268436282.0,40.0,0.7498942093324558,-11.582836324741264
paloma,268436282.0,40.0,0.7943282347242817,-12.142651905318136
paloma,268436282.0,40.0,0.8413951416451951,-12.72432544190411
paloma,268436282.0,40.0,0.8912509381337459,-13.328300946259178
paloma,268436282.0,40.0,0.9440608762859236,-13.955003331502226
paloma,268436282.0,40.0,1.0,-14.604836762400833
paloma,268436282.0,40.0,1.0592537251772887,-15.278183082245706
paloma,268436282.0,40.0,1.1220184543019642,-15.975400330233635
paloma,268436282.0,40.0,1.188502227437019,-16.6968213623796
paloma,268436282.0,40.0,1.2589254117941675,-17.442752587978568
paloma,268436282.0,40.0,1.333521432163324,-18.21347283236833
paloma,268436282.0,40.0,1.412537544622754,-19.009232335387413
paloma,268436282.0,40.0,1.4962356560944343,-19.830251893324487
paloma,268436282.0,40.0,1.584893192461114,-20.676722150583693
paloma,268436282.0,40.0,1.6788040181225607,-21.54880304548066
paloma,268436282.0,40.0,1.7782794100389228,-22.446623412916153
paloma,268436282.0,40.0,1.8836490894898001,-23.37028074486007
paloma,268436282.0,40.0,1.9952623149688808,-24.319841107852127
paloma,268436282.0,40.0,2.1134890398366477,-25.29533921511151
paloma,268436282.0,40.0,2.23872113856834,-26.296778649186038
paloma,268436282.0,40.0,2.371373705661655,-27.324132229710333
paloma,268436282.0,40.0,2.5118864315095824,-28.377342519457773
paloma,268436282.0,40.0,2.6607250597988115,-29.456322460745913
paloma,268436282.0,40.0,2.818382931264455,-30.560956133246616
paloma,268436282.0,40.0,2.9853826189179604,-31.691099623445123
paloma,268436282.0,40.0,3.1622776601683795,-32.846581995317166
paloma,268436282.0,40.0,3.3496543915782793,-34.02720635142042
paloma,268436282.0,40.0,3.548133892335757,-35.23275097317712
paloma,268436282.0,40.0,3.758374042884443,-36.46297052909906
paloma,268436282.0,40.0,3.981071705534973,-37.71759733972604
paloma,268436282.0,40.0,4.216965034285822,-38.99634268814581
paloma,268436282.0,40.0,4.4668359215096345,-40.29889816530705
paloma,268436282.0,40.0,4.731512589614808,-41.62493703977011
paloma,268436282.0,40.0,5.011872336272725,-42.974115641941935
paloma,268436282.0,40.0,5.308844442309884,-44.346074753508674
paloma,268436282.0,40.0,5.62341325190349,-45.74044099333718
paloma,268436282.0,40.0,5.95662143529011,-47.15682819181567
paloma,268436282.0,40.0,6.309573444801936,-48.59483874634059
paloma,268436282.0,40.0,6.683439175686149,-50.054064951315254
paloma,268436282.0,40.0,7.07945784384138,-51.53409029682201
paloma,268436282.0,40.0,7.498942093324558,-53.034490730785734
paloma,268436282.0,40.0,7.943282347242821,-54.55483588017618
paloma,268436282.0,40.0,8.413951416451956,-56.09469022752128
paloma,268436282.0,40.0,8.91250938133746,-57.65361423958354
paloma,268436282.0,40.0,9.440608762859236,-59.231165445700334
paloma,268436282.0,40.0,10.0,-60.826899463893014
paloma,268436282.0,40.0,10.592537251772898,-62.440370973372424
paloma,268436282.0,40.0,11.220184543019641,-64.07113463250322
paloma,268436282.0,40.0,11.88502227437019,-65.71874594187639
paloma,268436282.0,40.0,12.589254117941675,-67.38276205239866
paloma,268436282.0,40.0,13.33521432163324,-69.06274251877981
paloma,268436282.0,40.0,14.125375446227554,-70.75824999906892
paloma,268436282.0,40.0,14.962356560944343,-72.46885090115954
paloma,268436282.0,40.0,15.848931924611142,-74.19411597753492
paloma,268436282.0,40.0,16.788040181225607,-75.93362086955442
paloma,268436282.0,40.0,17.78279410038923,-77.68694660290198
paloma,268436282.0,40.0,18.83649089489802,-79.45368003593137
paloma,268436282.0,40.0,19.952623149688808,-81.2334142626803
paloma,268436282.0,40.0,21.134890398366476,-83.02574897250183
paloma,268436282.0,40.0,22.3872113856834,-84.83029076831008
paloma,268436282.0,40.0,23.71373705661655,-86.64665344538088
paloma,268436282.0,40.0,25.11886431509582,-88.47445823286104
paloma,268436282.0,40.0,26.607250597988113,-90.31333399993203
paloma,268436282.0,40.0,28.183829312644548,-92.16291742869889
paloma,268436282.0,40.0,29.853826189179603,-94.0228531558338
paloma,268436282.0,40.0,31.622776601683793,-95.89279388498109
paloma,268436282.0,40.0,33.496543915782794,-97.77240047174449
paloma,268436282.0,40.0,35.48133892335757,-99.6613419832658
paloma,268436282.0,40.0,37.58374042884443,-101.55929573422283
paloma,268436282.0,40.0,39.810717055349734,-103.46594730090794
paloma,268436282.0,40.0,42.169650342858226,-105.38099051517688
paloma,268436282.0,40.0,44.668359215096345,-107.3041274399179
paloma,268436282.0,40.0,47.315125896148075,-109.23506832753971
paloma,268436282.0,40.0,50.118723362727245,-111.17353156294284
paloma,268436282.0,40.0,53.08844442309885,-113.11924359259929
paloma,268436282.0,40.0,56.23413251903491,-115.07193884073732
paloma,268436282.0,40.0,59.56621435290109,-117.03135961423637
paloma,268436282.0,40.0,63.095734448019364,-118.9972559972416
paloma,268436282.0,40.0,66.83439175686149,-120.96938573668542
paloma,268436282.0,40.0,70.79457843841381,-122.94751411975574
paloma,268436282.0,40.0,74.98942093324558,-124.93141384433982
paloma,268436282.0,40.0,79.43282347242821,-126.92086488333862
paloma,268436282.0,40.0,84.13951416451955,-128.9156543438
paloma,268436282.0,40.0,89.12509381337459,-130.9155763214592
paloma,268436282.0,40.0,94.40608762859236,-132.92043175177938
paloma,268436282.0,40.0,100.0,-134.9300282578961
paloma,268436282.0,60.0,0.01,-0.33383361826480523
paloma,268436282.0,60.0,0.010592537251772886,-0.3537486627010535
paloma,268436282.0,60.0,0.011220184543019636,-0.3748232292620668
paloma,268436282.0,60.0,0.011885022274370183,-0.3971255895490106
paloma,268436282.0,60.0,0.012589254117941675,-0.4207278941181041
paloma,268436282.0,60.0,0.01333521432163324,-0.44570638886738345
paloma,268436282.0,60.0,0.01412537544622754,-0.47214164222071575
paloma,268436282.0,60.0,0.014962356560944336,-0.5001187836017688
paloma,268436282.0,60.0,0.015848931924611134,-0.5297277537763385
paloma,268436282.0,60.0,0.016788040181225608,-0.5610635672703207
paloma,268436282.0,60.0,0.01778279410038923,-0.5942265874302546
paloma,268436282.0,60.0,0.018836490894898,-0.6293228146325431
paloma,268436282.0,60.0,0.0199526231496888,-0.6664641878534439
paloma,268436282.0,60.0,0.021134890398366465,-0.7057689002101091
paloma,268436282.0,60.0,0.0223872113856834,-0.7473617287244151
paloma,268436282.0,60.0,0.023713737056616554,-0.7913743787360386
paloma,268436282.0,60.0,0.025118864315095794,-0.8379458432871032
paloma,268436282.0,60.0,0.0266072505979881,-0.887222777762544
paloma,268436282.0,60.0,0.028183829312644536,-0.939359890028327
paloma,268436282.0,60.0,0.029853826189179603,-0.9945203462727394
paloma,268436282.0,60.0,0.03162277660168379,-1.0528761927399062
paloma,268436282.0,60.0,0.03349654391578276,-1.1146087932808113
paloma,268436282.0,60.0,0.03548133892335755,-1.1799092828529967
paloma,268436282.0,60.0,0.03758374042884443,-1.248979036755418
paloma,268436282.0,60.0,0.039810717055349734,-1.322030155403324
paloma,268436282.0,60.0,0.042169650342858224,-1.399285964275358
paloma,268436282.0,60.0,0.0446683592150963,-1.4809815285779275
paloma,268436282.0,60.0,0.04731512589614805,-1.567364181931245
paloma,268436282.0,60.0,0.05011872336272725,-1.6586940682892861
paloma,268436282.0,60.0,0.053088444423098846,-1.7552446960868369
paloma,268436282.0,60.0,0.056234132519034905,-1.8573035033581216
paloma,268436282.0,60.0,0.059566214352901034,-1.96517243235892
paloma,268436282.0,60.0,0.06309573444801933,-2.0791685120792476
paloma,268436282.0,60.0,0.06683439175686148,-2.199624446463797
paloma,268436282.0,60.0,0.0707945784384138,-2.326889206261807
paloma,268436282.0,60.0,0.07498942093324558,-2.4613286217211248
paloma,268436282.0,60.0,0.07943282347242814,-2.603325973266072
paloma,268436282.0,60.0,0.08413951416451952,-2.753282576790835
paloma,268436282.0,60.0,0.08912509381337459,-2.9116183598678074
paloma,268436282.0,60.0,0.09440608762859236,-3.0787724247281547
paloma,268436282.0,60.0,0.1,-3.2552035935056236
paloma,268436282.0,60.0,0.10592537251772892,-3.4413909307389177
paloma,268436282.0,60.0,0.11220184543019636,-3.637834237698809
paloma,268436282.0,60.0,0.11885022274370183,-3.845054512681469
paloma,268436282.0,60.0,0.12589254117941676,-4.063594370941407
paloma,268436282.0,60.0,0.1333521432163324,-4.294018417470093
paloma,268436282.0,60.0,0.14125375446227548,-4.536913565448193
paloma,268436282.0,60.0,0.14962356560944334,-4.792889292740739
paloma,268436282.0,60.0,0.1584893192461114,-5.062577828540022
paloma,268436282.0,60.0,0.16788040181225605,-5.346634261746673
paloma,268436282.0,60.0,0.1778279410038923,-5.645736562663878
paloma,268436282.0,60.0,0.18836490894898011,-5.960585509167959
paloma,268436282.0,60.0,0.19952623149688797,-6.291904508548684
paloma,268436282.0,60.0,0.21134890398366477,-6.640439306134846
paloma,268436282.0,60.0,0.223872113856834,-7.006957571921118
paloma,268436282.0,60.0,0.23713737056616552,-7.392248356736981
paloma,268436282.0,60.0,0.25118864315095807,-7.797121409709574
paloma,268436282.0,60.0,0.26607250597988097,-8.222406349441274
paloma,268436282.0,60.0,0.2818382931264455,-8.66895168199569
paloma,268436282.0,60.0,0.298538261891796,-9.137623659513824
paloma,268436282.0,60.0,0.31622776601683794,-9.62930497458428
paloma,268436282.0,60.0,0.3349654391578278,-10.144893286457581
paloma,268436282.0,60.0,0.35481338923357547,-10.685299576814849
paloma,268436282.0,60.0,0.3758374042884443,-11.251446334327387
paloma,268436282.0,60.0,0.3981071705534973,-11.844265568939948
paloma,268436282.0,60.0,0.4216965034285822,-12.46469665887108
paloma,268436282.0,60.0,0.44668359215096326,-13.11368403532213
paloma,268436282.0,60.0,0.4731512589614805,-13.792174711963964
paloma,268436282.0,60.0,0.5011872336272725,-14.501115668632027
paloma,268436282.0,60.0,0.5308844442309885,-15.241451100903973
paloma,268436282.0,60.0,0.5623413251903491,-16.014119549449724
paloma,268436282.0,60.0,0.5956621435290106,-16.820050925289806
paloma,268436282.0,60.0,0.6309573444801932,-17.66016344927551
paloma,268436282.0,60.0,0.6683439175686149,-18.53536052604087
paloma,268436282.0,60.0,0.707945784384138,-19.44652757435715
paloma,268436282.0,60.0,0.7498942093324558,-20.3945288376039
paloma,268436282.0,60.0,0.7943282347242817,-21.380204198977154
paloma,268436282.0,60.0,0.8413951416451951,-22.404366027311628
paloma,268436282.0,60.0,0.8912509381337459,-23.467796079656527
paloma,268436282.0,60.0,0.9440608762859236,-24.571242487072567
paloma,268436282.0,60.0,1.0,-25.715416849850268
paloma,268436282.0,60.0,1.0592537251772887,-26.9009914675597
paloma,268436282.0,60.0,1.1220184543019642,-28.12859672850999
paloma,268436282.0,60.0,1.188502227437019,-29.3988186814595
paloma,268436282.0,60.0,1.2589254117941675,-30.712196810783272
paloma,268436282.0,60.0,1.333521432163324,-32.06922203406669
paloma,268436282.0,60.0,1.412537544622754,-33.4703349385728
paloma,268436282.0,60.0,1.4962356560944343,-34.915924270416895
paloma,268436282.0,60.0,1.584893192461114,-36.40632568729649
paloma,268436282.0,60.0,1.6788040181225607,-37.941820782634416
paloma,268436282.0,60.0,1.7782794100389228,-39.522636385988896
paloma,268436282.0,60.0,1.8836490894898001,-41.14894414120915
paloma,268436282.0,60.0,1.9952623149688808,-42.8208603612104
paloma,268436282.0,60.0,2.1134890398366477,-44.538446154850064
paloma,268436282.0,60.0,2.23872113856834,-46.30170781892088
paloma,268436282.0,60.0,2.371373705661655,-48.11059748565062
paloma,268436282.0,60.0,2.5118864315095824,-49.965014013681994
paloma,268436282.0,60.0,2.6607250597988115,-51.86480410856509
paloma,268436282.0,60.0,2.818382931264455,-53.809763657043604
paloma,268436282.0,60.0,2.9853826189179604,-55.79963925790007
paloma,268436282.0,60.0,3.1622776601683795,-57.83412993103487
paloma,268436282.0,60.0,3.3496543915782793,-59.912888985714744
paloma,268436282.0,60.0,3.548133892335757,-62.03552602830886
paloma,268436282.0,60.0,3.758374042884443,-64.20160908960949
paloma,268436282.0,60.0,3.981071705534973,-66.41066685203842
paloma,268436282.0,60.0,4.216965034285822,-68.6621909570436
paloma,268436282.0,60.0,4.4668359215096345,-70.95563837388246
paloma,268436282.0,60.0,4.731512589614808,-73.29043381135422
paloma,268436282.0,60.0,5.011872336272725,-75.66597215500072
paloma,268436282.0,60.0,5.308844442309884,-78.08162091356456
paloma,268436282.0,60.0,5.62341325190349,-80.53672265909101
paloma,268436282.0,60.0,5.95662143529011,-83.03059744687684
paloma,268436282.0,60.0,6.309573444801936,-85.56254520198907
paloma,268436282.0,60.0,6.683439175686149,-88.13184806107931
paloma,268436282.0,60.0,7.07945784384138,-90.73777265898443
paloma,268436282.0,60.0,7.498942093324558,-93.37957235101547
paloma,268436282.0,60.0,7.943282347242821,-96.05648936316751
paloma,268436282.0,60.0,8.413951416451956,-98.76775686363534
paloma,268436282.0,60.0,8.91250938133746,-101.51260095012715
paloma,268436282.0,60.0,9.440608762859236,-104.29024254843893
paloma,268436282.0,60.0,10.0,-107.09989921925288
paloma,268436282.0,60.0,10.592537251772898,-109.94078687038252
paloma,268436282.0,60.0,11.220184543019641,-112.81212137302681
paloma,268436282.0,60.0,11.88502227437019,-115.71312008152408
paloma,268436282.0,60.0,12.589254117941675,-118.6430032559928
paloma,268436282.0,60.0,13.33521432163324,-121.60099538918679
paloma,268436282.0,60.0,14.125375446227554,-124.58632643806722
paloma,268436282.0,60.0,14.962356560944343,-127.59823296217895
paloma,268436282.0,60.0,15.848931924611142,-130.63595917077996
paloma,268436282.0,60.0,16.788040181225607,-133.69875788124975
paloma,268436282.0,60.0,17.78279410038923,-136.78589139137992
paloma,268436282.0,60.0,18.83649089489802,-139.8966322687488
paloma,268436282.0,60.0,19.952623149688808,-143.03026406045976
paloma,268436282.0,60.0,21.134890398366476,-146.18608192617177
paloma,268436282.0,60.0,22.3872113856834,-149.36339319856245
paloma,268436282.0,60.0,23.71373705661655,-152.56151787420106
paloma,268436282.0,60.0,25.11886431509582,-155.77978903871207
paloma,268436282.0,60.0,26.607250597988113,-159.0175532298428
paloma,268436282.0,60.0,28.183829312644548,-162.27417074186275
paloma,268436282.0,60.0,29.853826189179603,-165.54901587489957
paloma,268436282.0,60.0,31.622776601683793,-168.84147713291816
paloma,268436282.0,60.0,33.496543915782794,-172.15095737329358
paloma,268436282.0,60.0,35.48133892335757,-175.47687391180693
paloma,268436282.0,60.0,37.58374042884443,-178.81865858592903
paloma,268436282.0,60.0,39.810717055349734,-182.17575777961403
paloma,268436282.0,60.0,42.169650342858226,-185.54763241272315
paloma,268436282.0,60.0,44.668359215096345,-188.93375789777195
paloma,268436282.0,60.0,47.315125896148075,-192.33362406677398
paloma,268436282.0,60.0,50.118723362727245,-195.74673507104862
paloma,268436282.0,60.0,53.08844442309885,-199.17260925606314
paloma,268436282.0,60.0,56.23413251903491,-202.6107790140049
paloma,268436282.0,60.0,59.56621435290109,-206.06079061634745
paloma,268436282.0,60.0,63.095734448019364,-209.5222040282897
paloma,268436282.0,60.0,66.83439175686149,-212.99459270703406
paloma,268436282.0,60.0,70.79457843841381,-216.47754338631097
paloma,268436282.0,60.0,74.98942093324558,-219.97065584796366
paloma,268436282.0,60.0,79.43282347242821,-223.47354268333768
paloma,268436282.0,60.0,84.13951416451955,-226.9858290449818
paloma,268436282.0,60.0,89.12509381337459,-230.50715239072156
paloma,268436282.0,60.0,94.40608762859236,-234.03716222134577
paloma,268436282.0,60.0,100.0,-237.5755198127405
paloma,268436282.0,80.0,0.01,-0.5007701655440169
paloma,268436282.0,80.0,0.010592537251772886,-0.5304056769817689
paloma,268436282.0,80.0,0.011220184543019636,-0.5617797645950048
paloma,268436282.0,80.0,0.011885022274370183,-0.5949940574023482
paloma,268436282.0,80.0,0.012589254117941675,-0.6301559991287197
paloma,268436282.0,80.0,0.01333521432163324,-0.6673791703101146
paloma,268436282.0,80.0,0.01412537544622754,-0.7067836265501006
paloma,268436282.0,80.0,0.014962356560944336,-0.7484962539214723
paloma,268436282.0,80.0,0.015848931924611134,-0.792651141840292
paloma,268436282.0,80.0,0.016788040181225608,-0.839389974236474
paloma,268436282.0,80.0,0.01778279410038923,-0.8888624396856366
paloma,268436282.0,80.0,0.018836490894898,-0.9412266610366046
paloma,268436282.0,80.0,0.0199526231496888,-0.9966496452608349
paloma,268436282.0,80.0,0.021134890398366465,-1.055307754059894
paloma,268436282.0,80.0,0.0223872113856834,-1.117387195822162
paloma,268436282.0,80.0,0.023713737056616554,-1.1830845395463268
paloma,268436282.0,80.0,0.025118864315095794,-1.252607251054003
paloma,268436282.0,80.0,0.0266072505979881,-1.3261742520869884
paloma,268436282.0,80.0,0.028183829312644536,-1.4040165026304285
paloma,268436282.0,80.0,0.029853826189179603,-1.4863776066670558
paloma,268436282.0,80.0,0.03162277660168379,-1.57351444166745
paloma,268436282.0,80.0,0.03349654391578276,-1.6656978118535857
paloma,268436282.0,80.0,0.03548133892335755,-1.7632131251713337
paloma,268436282.0,80.0,0.03758374042884443,-1.866361093904684
paloma,268436282.0,80.0,0.039810717055349734,-1.9754584584713495
paloma,268436282.0,80.0,0.042169650342858224,-2.090838733923695
paloma,268436282.0,80.0,0.0446683592150963,-2.2128529784191886
paloma,268436282.0,80.0,0.04731512589614805,-2.3418705827321036
paloma,268436282.0,80.0,0.05011872336272725,-2.478280079462395
paloma,268436282.0,80.0,0.053088444423098846,-2.6224899705968268
paloma,268436282.0,80.0,0.056234132519034905,-2.7749295714194324
paloma,268436282.0,80.0,0.059566214352901034,-2.936049868731427
paloma,268436282.0,80.0,0.06309573444801933,-3.1063243907011087
paloma,268436282.0,80.0,0.06683439175686148,-3.2862500854353867
paloma,268436282.0,80.0,0.0707945784384138,-3.4763482048742844
paloma,268436282.0,80.0,0.07498942093324558,-3.677165190018594
paloma,268436282.0,80.0,0.07943282347242814,-3.889273553093531
paloma,268436282.0,80.0,0.08413951416451952,-4.113272751736489
paloma,268436282.0,80.0,0.08912509381337459,-4.349790049584566
paloma,268436282.0,80.0,0.09440608762859236,-4.599481357153372
paloma,268436282.0,80.0,0.1,-4.863032046202849
paloma,268436282.0,80.0,0.10592537251772892,-5.141157730084999
paloma,268436282.0,80.0,0.11220184543019636,-5.434605002146837
paloma,268436282.0,80.0,0.11885022274370183,-5.744152123156421
paloma,268436282.0,80.0,0.12589254117941676,-6.070609648536551
paloma,268436282.0,80.0,0.1333521432163324,-6.414820985081002
paloma,268436282.0,80.0,0.14125375446227548,-6.777662866646828
paloma,268436282.0,80.0,0.14962356560944334,-7.1600457371727595
paloma,268436282.0,80.0,0.1584893192461114,-7.562914029368918
paloma,268436282.0,80.0,0.16788040181225605,-7.987246326621279
paloma,268436282.0,80.0,0.1778279410038923,-8.43405539524322
paloma,268436282.0,80.0,0.18836490894898011,-8.904388074153896
paloma,268436282.0,80.0,0.19952623149688797,-9.39932500860865
paloma,268436282.0,80.0,0.21134890398366477,-9.919980214886076
paloma,268436282.0,80.0,0.223872113856834,-10.46750046271247
paloma,268436282.0,80.0,0.23713737056616552,-11.043064462775835
paloma,268436282.0,80.0,0.25118864315095807,-11.647881847029536
paloma,268436282.0,80.0,0.26607250597988097,-12.283191930558555
paloma,268436282.0,80.0,0.2818382931264455,-12.95026224448142
paloma,268436282.0,80.0,0.298538261891796,-13.650386830841292
paloma,268436282.0,80.0,0.31622776601683794,-14.384884292186847
paloma,268436282.0,80.0,0.3349654391578278,-15.155095589825818
paloma,268436282.0,80.0,0.35481338923357547,-15.962381587621037
paloma,268436282.0,80.0,0.3758374042884443,-16.808120339845146
paloma,268436282.0,80.0,0.3981071705534973,-17.693704124859345
paloma,268436282.0,80.0,0.4216965034285822,-18.620536228767342
paloma,268436282.0,80.0,0.44668359215096326,-19.590027486663054
paloma,268436282.0,80.0,0.4731512589614805,-20.603592591993408
paloma,268436282.0,80.0,0.5011872336272725,-21.662646188207617
paloma,268436282.0,80.0,0.5308844442309885,-22.768598759926277
paloma,268436282.0,80.0,0.5623413251903491,-23.92285234457107
paloma,268436282.0,80.0,0.5956621435290106,-25.126796088574483
paloma,268436282.0,80.0,0.6309573444801932,-26.38180167531766
paloma,268436282.0,80.0,0.6683439175686149,-27.68921865525609
paloma,268436282.0,80.0,0.707945784384138,-29.050369710922052
paloma,268436282.0,80.0,0.7498942093324558,-30.466545892159804
paloma,268436282.0,80.0,0.7943282347242817,-31.939001858542678
paloma,268436282.0,80.0,0.8413951416451951,-33.468951167419625
paloma,268436282.0,80.0,0.8912509381337459,-35.057561646811585
paloma,268436282.0,80.0,0.9440608762859236,-36.70595089263309
paloma,268436282.0,80.0,1.0,-38.41518192928229
paloma,268436282.0,80.0,1.0592537251772887,-40.18625907181472
paloma,268436282.0,80.0,1.1220184543019642,-42.02012402604806
paloma,268436282.0,80.0,1.188502227437019,-43.91765226110468
paloma,268436282.0,80.0,1.2589254117941675,-45.87964968584638
paloma,268436282.0,80.0,1.333521432163324,-47.906849657462885
paloma,268436282.0,80.0,1.412537544622754,-49.99991034705648
paloma,268436282.0,80.0,1.4962356560944343,-52.15941248268309
paloma,268436282.0,80.0,1.584893192461114,-54.38585748606457
paloma,268436282.0,80.0,1.6788040181225607,-56.679666014826445
paloma,268436282.0,80.0,1.7782794100389228,-59.041176917350114
paloma,268436282.0,80.0,1.8836490894898001,-61.470646602683196
paloma,268436282.0,80.0,1.9952623149688808,-63.96824882345514
paloma,268436282.0,80.0,2.1134890398366477,-66.53407486553962
paloma,268436282.0,80.0,2.23872113856834,-69.16813413352138
paloma,268436282.0,80.0,2.371373705661655,-71.87035511802885
paloma,268436282.0,80.0,2.5118864315095824,-74.64058672669826
paloma,268436282.0,80.0,2.6607250597988115,-77.47859995804829
paloma,268436282.0,80.0,2.818382931264455,-80.38408989463304
paloma,268436282.0,80.0,2.9853826189179604,-83.35667799001472
paloma,268436282.0,80.0,3.1622776601683795,-86.39591462175547
paloma,268436282.0,80.0,3.3496543915782793,-89.50128188243967
paloma,268436282.0,80.0,3.548133892335757,-92.67219657878569
paloma,268436282.0,80.0,3.758374042884443,-95.90801340967873
paloma,268436282.0,80.0,3.981071705534973,-99.20802829327123
paloma,268436282.0,80.0,4.216965034285822,-102.57148181383728
paloma,268436282.0,80.0,4.4668359215096345,-105.9975627604498
paloma,268436282.0,80.0,4.731512589614808,-109.48541172972268
paloma,268436282.0,80.0,5.011872336272725,-113.03412476671804
paloma,268436282.0,80.0,5.308844442309884,-116.64275701943463
paloma,268436282.0,80.0,5.62341325190349,-120.31032638416532
paloma,268436282.0,80.0,5.95662143529011,-124.03581712039964
paloma,268436282.0,80.0,6.309573444801936,-127.81818341598557
paloma,268436282.0,80.0,6.683439175686149,-131.6563528855624
paloma,268436282.0,80.0,7.07945784384138,-135.54922998617303
paloma,268436282.0,80.0,7.498942093324558,-139.49569933730638
paloma,268436282.0,80.0,7.943282347242821,-143.4946289328134
paloma,268436282.0,80.0,8.413951416451956,-147.54487323560937
paloma,268436282.0,80.0,8.91250938133746,-151.6452761462141
paloma,268436282.0,80.0,9.440608762859236,-155.79467383918583
paloma,268436282.0,80.0,10.0,-159.99189746207574
paloma,268436282.0,80.0,10.592537251772898,-164.23577569330547
paloma,268436282.0,80.0,11.220184543019641,-168.5251371566543
paloma,268436282.0,80.0,11.88502227437019,-172.8588126914162
paloma,268436282.0,80.0,12.589254117941675,-177.23563747789728
paloma,268436282.0,80.0,13.33521432163324,-181.6544530192283
paloma,268436282.0,80.0,14.125375446227554,-186.11410898130515
paloma,268436282.0,80.0,14.962356560944343,-190.61346489347656
paloma,268436282.0,80.0,15.848931924611142,-195.15139171255763
paloma,268436282.0,80.0,16.788040181225607,-199.7267732546755
paloma,268436282.0,80.0,17.78279410038923,-204.3385074984329
paloma,268436282.0,80.0,18.83649089489802,-208.98550776399955
paloma,268436282.0,80.0,19.952623149688808,-213.6667037733348
paloma,268436282.0,80.0,21.134890398366476,-218.38104259600078
paloma,268436282.0,80.0,22.3872113856834,-223.12748948618963
paloma,268436282.0,80.0,23.71373705661655,-227.90502861624643
paloma,268436282.0,80.0,25.11886431509582,-232.7126637116816
paloma,268436282.0,80.0,26.607250597988113,-237.54941859351064
paloma,268436282.0,80.0,28.183829312644548,-242.41433763300032
paloma,268436282.0,80.0,29.853826189179603,-247.30648612427072
paloma,268436282.0,80.0,31.622776601683793,-252.22495057988948
paloma,268436282.0,80.0,33.496543915782794,-257.1688389543011
paloma,268436282.0,80.0,35.48133892335757,-262.1372808009141
paloma,268436282.0,80.0,37.58374042884443,-267.12942736620624
paloma,268436282.0,80.0,39.810717055349734,-272.14445162732125
paloma,268436282.0,80.0,42.169650342858226,-277.1815482757292
paloma,268436282.0,80.0,44.668359215096345,-282.23993365290534
paloma,268436282.0,80.0,47.315125896148075,-287.31884564113716
paloma,268436282.0,80.0,50.118723362727245,-292.4175435134925
paloma,268436282.0,80.0,53.08844442309885,-297.5353077471422
paloma,268436282.0,80.0,56.23413251903491,-302.67143980308236
paloma,268436282.0,80.0,59.56621435290109,-307.8252618760152
paloma,268436282.0,80.0,63.095734448019364,-312.9961166169891
paloma,268436282.0,80.0,66.83439175686149,-318.18336683219763
paloma,268436282.0,80.0,70.79457843841381,-323.3863951611422
paloma,268436282.0,80.0,74.98942093324558,-328.60460373529764
paloma,268436282.0,80.0,79.43282347242821,-333.83741382171246
paloma,268436282.0,80.0,84.13951416451955,-339.0842654519396
paloma,268436282.0,80.0,89.12509381337459,-344.34461704007145
paloma,268436282.0,80.0,94.40608762859236,-349.61794499049324
paloma,268436282.0,80.0,100.0,-354.9037432979883
paloma,268436282.0,100.0,0.01,-0.6842481763476499
paloma,268436282.0,100.0,0.010592537251772886,-0.7246745795125564
paloma,268436282.0,100.0,0.011220184543019636,-0.7674763395166061
paloma,268436282.0,100.0,0.011885022274370183,-0.8127921003198308
paloma,268436282.0,100.0,0.012589254117941675,-0.8607684499710777
paloma,268436282.0,100.0,0.01333521432163324,-0.9115603599048085
paloma,268436282.0,100.0,0.01412537544622754,-0.9653316466379623
paloma,268436282.0,100.0,0.014962356560944336,-1.0222554564468829
paloma,268436282.0,100.0,0.015848931924611134,-1.0825147742961752
paloma,268436282.0,100.0,0.016788040181225608,-1.1463029576461155
paloma,268436282.0,100.0,0.01778279410038923,-1.2138242960074292
paloma,268436282.0,100.0,0.018836490894898,-1.2852945974029526
paloma,268436282.0,100.0,0.0199526231496888,-1.3609418021350839
paloma,268436282.0,100.0,0.021134890398366465,-1.4410066251842135
paloma,268436282.0,100.0,0.0223872113856834,-1.5257432276621135
paloma,268436282.0,100.0,0.023713737056616554,-1.6154199181234778
paloma,268436282.0,100.0,0.025118864315095794,-1.710319884561454
paloma,268436282.0,100.0,0.0266072505979881,-1.8107419575042645
paloma,268436282.0,100.0,0.028183829312644536,-1.917001404835456
paloma,268436282.0,100.0,0.029853826189179603,-2.0294307586912335
paloma,268436282.0,100.0,0.03162277660168379,-2.1483806746402525
paloma,268436282.0,100.0,0.03349654391578276,-2.2742208234947157
paloma,268436282.0,100.0,0.03548133892335755,-2.4073408153243454
paloma,268436282.0,100.0,0.03758374042884443,-2.54815115592345
paloma,268436282.0,100.0,0.039810717055349734,-2.6970842347281847
paloma,268436282.0,100.0,0.042169650342858224,-2.8545953439612086
paloma,268436282.0,100.0,0.0446683592150963,-3.021163727630894
paloma,268436282.0,100.0,0.04731512589614805,-3.1972936592309997
paloma,268436282.0,100.0,0.05011872336272725,-3.3835155465151225
paloma,268436282.0,100.0,0.053088444423098846,-3.5803870611420643
paloma,268436282.0,100.0,0.056234132519034905,-3.7884942907694037
paloma,268436282.0,100.0,0.059566214352901034,-4.008452910548385
paloma,268436282.0,100.0,0.06309573444801933,-4.240909370733622
paloma,268436282.0,100.0,0.06683439175686148,-4.486542095946739
paloma,268436282.0,100.0,0.0707945784384138,-4.746062691872197
paloma,268436282.0,100.0,0.07498942093324558,-5.020217153714091
paloma,268436282.0,100.0,0.07943282347242814,-5.309787070517055
paloma,268436282.0,100.0,0.08413951416451952,-5.615590818519673
paloma,268436282.0,100.0,0.08912509381337459,-5.938484736076831
paloma,268436282.0,100.0,0.09440608762859236,-6.27936427150582
paloma,268436282.0,100.0,0.1,-6.63916509489536
paloma,268436282.0,100.0,0.10592537251772892,-7.01886416339223
paloma,268436282.0,100.0,0.11220184543019636,-7.419480729238032
paloma,268436282.0,100.0,0.11885022274370183,-7.842077278247385
paloma,268436282.0,100.0,0.12589254117941676,-8.287760386028149
paloma,268436282.0,100.0,0.1333521432163324,-8.757681478064386
paloma,268436282.0,100.0,0.14125375446227548,-9.253037479015582
paloma,268436282.0,100.0,0.14962356560944334,-9.775071335703746
paloma,268436282.0,100.0,0.1584893192461114,-10.325072397495402
paloma,268436282.0,100.0,0.16788040181225605,-10.90437663728189
paloma,268436282.0,100.0,0.1778279410038923,-11.51436669554793
paloma,268436282.0,100.0,0.18836490894898011,-12.156471729697305
paloma,268436282.0,100.0,0.19952623149688797,-12.832167050544019
paloma,268436282.0,100.0,0.21134890398366477,-13.542973527954869
paloma,268436282.0,100.0,0.223872113856834,-14.290456747776547
paloma,268436282.0,100.0,0.23713737056616552,-15.076225902477297
paloma,268436282.0,100.0,0.25118864315095807,-15.901932399174507
paloma,268436282.0,100.0,0.26607250597988097,-16.76926816914275
paloma,268436282.0,100.0,0.2818382931264455,-17.67996366498738
paloma,268436282.0,100.0,0.298538261891796,-18.635785532809855
paloma,268436282.0,100.0,0.31622776601683794,-19.638533949302285
paloma,268436282.0,100.0,0.3349654391578278,-20.69003961601145
paloma,268436282.0,100.0,0.35481338923357547,-21.792160406042978
paloma,268436282.0,100.0,0.3758374042884443,-22.946777661319576
paloma,268436282.0,100.0,0.3981071705534973,-24.155792142949192
paloma,268436282.0,100.0,0.4216965034285822,-25.42111964019704
paloma,268436282.0,100.0,0.44668359215096326,-26.74468624845276
paloma,268436282.0,100.0,0.4731512589614805,-28.128423330854986
paloma,268436282.0,100.0,0.5011872336272725,-29.57426218230182
paloma,268436282.0,100.0,0.5308844442309885,-31.084128420212384
paloma,268436282.0,100.0,0.5623413251903491,-32.65993612983373
paloma,268436282.0,100.0,0.5956621435290106,-34.30358179751132
paloma,268436282.0,100.0,0.6309573444801932,-36.016938068833504
paloma,268436282.0,100.0,0.6683439175686149,-37.801847373196125
paloma,268436282.0,100.0,0.707945784384138,-39.660115459530076
paloma,268436282.0,100.0,0.7498942093324558,-41.593504891320315
paloma,268436282.0,100.0,0.7943282347242817,-43.60372855146937
paloma,268436282.0,100.0,0.8413951416451951,-45.69244320949098
paloma,268436282.0,100.0,0.8912509381337459,-47.86124320440341
paloma,268436282.0,100.0,0.9440608762859236,-50.11165429751051
paloma,268436282.0,100.0,1.0,-52.4451277481554
paloma,268436282.0,100.0,1.0592537251772887,-54.863034664674764
paloma,268436282.0,100.0,1.1220184543019642,-57.366660680180026
paloma,268436282.0,100.0,1.188502227437019,-59.95720100026772
paloma,268436282.0,100.0,1.2589254117941675,-62.635755865641976
paloma,268436282.0,100.0,1.333521432163324,-65.40332646819772
paloma,268436282.0,100.0,1.412537544622754,-68.26081135445149
paloma,268436282.0,100.0,1.4962356560944343,-71.20900334422501
paloma,268436282.0,100.0,1.584893192461114,-74.24858698696332
paloma,268436282.0,100.0,1.6788040181225607,-77.3801365715411
paloma,268436282.0,100.0,1.7782794100389228,-80.60411469931437
paloma,268436282.0,100.0,1.8836490894898001,-83.92087142400734
paloma,268436282.0,100.0,1.9952623149688808,-87.33064395538229
paloma,268436282.0,100.0,2.1134890398366477,-90.83355691793535
paloma,268436282.0,100.0,2.23872113856834,-94.42962315051264
paloma,268436282.0,100.0,2.371373705661655,-98.11874502667372
paloma,268436282.0,100.0,2.5118864315095824,-101.90071627181217
paloma,268436282.0,100.0,2.6607250597988115,-105.77522424847666
paloma,268436282.0,100.0,2.818382931264455,-109.74185267727447
paloma,268436282.0,100.0,2.9853826189179604,-113.80008475919522
paloma,268436282.0,100.0,3.1622776601683795,-117.9493066610278
paloma,268436282.0,100.0,3.3496543915782793,-122.18881132561089
paloma,268436282.0,100.0,3.548133892335757,-126.51780256639981
paloma,268436282.0,100.0,3.758374042884443,-130.93539940607945
paloma,268436282.0,100.0,3.981071705534973,-135.44064061868366
paloma,268436282.0,100.0,4.216965034285822,-140.03248943566626
paloma,268436282.0,100.0,4.4668359215096345,-144.70983837658014
paloma,268436282.0,100.0,4.731512589614808,-149.47151416776552
paloma,268436282.0,100.0,5.011872336272725,-154.31628271298044
paloma,268436282.0,100.0,5.308844442309884,-159.2428540826002
paloma,268436282.0,100.0,5.62341325190349,-164.24988749033162
paloma,268436282.0,100.0,5.95662143529011,-169.33599622819983
paloma,268436282.0,100.0,6.309573444801936,-174.49975253399072
paloma,268436282.0,100.0,6.683439175686149,-179.73969236710246
paloma,268436282.0,100.0,7.07945784384138,-185.05432007201352
paloma,268436282.0,100.0,7.498942093324558,-190.44211291037075
paloma,268436282.0,100.0,7.943282347242821,-195.90152544640753
paloma,268436282.0,100.0,8.413951416451956,-201.43099377146206
paloma,268436282.0,100.0,8.91250938133746,-207.02893955714205
paloma,268436282.0,100.0,9.440608762859236,-212.6937739273085
paloma,268436282.0,100.0,10.0,-218.42390114278382
paloma,268436282.0,100.0,10.592537251772898,-224.2177220936601
paloma,268436282.0,100.0,11.220184543019641,-230.07363759536042
paloma,268436282.0,100.0,11.88502227437019,-235.9900514880027
paloma,268436282.0,100.0,12.589254117941675,-241.9653735380374
paloma,268436282.0,100.0,13.33521432163324,-247.99802214411932
paloma,268436282.0,100.0,14.125375446227554,-254.0864268488556
paloma,268436282.0,100.0,14.962356560944343,-260.2290306603328
paloma,268436282.0,100.0,15.848931924611142,-266.4242921880515
paloma,268436282.0,100.0,16.788040181225607,-272.6706875971117
paloma,268436282.0,100.0,17.78279410038923,-278.9667123872846
paloma,268436282.0,100.0,18.83649089489802,-285.3108830032754
paloma,268436282.0,100.0,19.952623149688808,-291.7017382815772
paloma,268436282.0,100.0,21.134890398366476,-298.13784074208286
paloma,268436282.0,100.0,22.3872113856834,-304.6177777306087
paloma,268436282.0,100.0,23.71373705661655,-311.14016242049314
paloma,268436282.0,100.0,25.11886431509582,-317.7036346792869
paloma,268436282.0,100.0,26.607250597988113,-324.3068618093558
paloma,268436282.0,100.0,28.183829312644548,-330.94853916866435
paloma,268436282.0,100.0,29.853826189179603,-337.6273906794493
paloma,268436282.0,100.0,31.622776601683793,-344.34216923167963
paloma,268436282.0,100.0,33.496543915782794,-351.0916569883133
paloma,268436282.0,100.0,35.48133892335757,-357.8746655994947
paloma,268436282.0,100.0,37.58374042884443,-364.6900363312654
paloma,268436282.0,100.0,39.810717055349734,-371.5366401166146
paloma,268436282.0,100.0,42.169650342858226,-378.41337753347915
paloma,268436282.0,100.0,44.668359215096345,-385.31917871684857
paloma,268436282.0,100.0,47.315125896148075,-392.25300320928
paloma,268436282.0,100.0,50.118723362727245,-399.21383975676514
paloma,268436282.0,100.0,53.08844442309885,-406.20070605344284
paloma,268436282.0,100.0,56.23413251903491,-413.2126484409863
paloma,268436282.0,100.0,59.56621435290109,-420.24874156691465
paloma,268436282.0,100.0,63.095734448019364,-427.3080880063585
paloma,268436282.0,100.0,66.83439175686149,-434.38981785051686
paloma,268436282.0,100.0,70.79457843841381,-441.4930882673875
paloma,268436282.0,100.0,74.98942093324558,-448.6170830358862
paloma,268436282.0,100.0,79.43282347242821,-455.7610120589255
paloma,268436282.0,100.0,84.13951416451955,-462.9241108574548
paloma,268436282.0,100.0,89.12509381337459,-470.1056400481787
paloma,268436282.0,100.0,94.40608762859236,-477.304884808619
paloma,268436282.0,100.0,100.0,-484.52115433127045
fw26,268436282.0,5.0,0.01,3.2298810567781895
fw26,268436282.0,5.0,0.010592537251772886,3.2262936965128457
fw26,268436282.0,5.0,0.011220184543019636,3.2225055787081476
fw26,268436282.0,5.0,0.011885022274370183,3.218506180834754
fw26,268436282.0,5.0,0.012589254117941675,3.2142845122546184
fw26,268436282.0,5.0,0.01333521432163324,3.2098291033004003
fw26,268436282.0,5.0,0.01412537544622754,3.2051279953832235
fw26,268436282.0,5.0,0.014962356560944336,3.2001687323439323
fw26,268436282.0,5.0,0.015848931924611134,3.19493835327153
fw26,268436282.0,5.0,0.016788040181225608,3.1894233870274693
fw26,268436282.0,5.0,0.01778279410038923,3.183609848752515
fw26,268436282.0,5.0,0.018836490894898,3.1774832386432945
fw26,268436282.0,5.0,0.0199526231496888,3.171028543306348
fw26,268436282.0,5.0,0.021134890398366465,3.164230240027355
fw26,268436282.0,5.0,0.0223872113856834,3.1570723043099966
fw26,268436282.0,5.0,0.023713737056616554,3.149538221057749
fw26,268436282.0,5.0,0.025118864315095794,3.141610999796519
fw26,268436282.0,5.0,0.0266072505979881,3.133273194340087
fw26,268436282.0,5.0,0.028183829312644536,3.1245069273328943
fw26,268436282.0,5.0,0.029853826189179603,3.115293920095791
fw26,268436282.0,5.0,0.03162277660168379,3.1056155282147055
fw26,268436282.0,5.0,0.03349654391578276,3.0954527833142365
fw26,268436282.0,5.0,0.03548133892335755,3.0847864414407193
fw26,268436282.0,5.0,0.03758374042884443,3.0735970384764904
fw26,268436282.0,5.0,0.039810717055349734,3.061864952973359
fw26,268436282.0,5.0,0.042169650342858224,3.0495704767648912
fw26,268436282.0,5.0,0.0446683592150963,3.0366938936709134
fw26,268436282.0,5.0,0.04731512589614805,3.0232155665489895
fw26,268436282.0,5.0,0.05011872336272725,3.0091160328767215
fw26,268436282.0,5.0,0.053088444423098846,2.9943761089661596
fw26,268436282.0,5.0,0.056234132519034905,2.978977002809774
fw26,268436282.0,5.0,0.059566214352901034,2.9629004354403143
fw26,268436282.0,5.0,0.06309573444801933,2.9461287705620207
fw26,268436282.0,5.0,0.06683439175686148,2.928645152060747
fw26,268436282.0,5.0,0.0707945784384138,2.9104336488427993
fw26,268436282.0,5.0,0.07498942093324558,2.8914794062803413
fw26,268436282.0,5.0,0.07943282347242814,2.87176880336005
fw26,268436282.0,5.0,0.08413951416451952,2.851289614437789
fw26,268436282.0,5.0,0.08912509381337459,2.8300311743120736
fw26,268436282.0,5.0,0.09440608762859236,2.8079845451276726
fw26,268436282.0,5.0,0.1,2.7851426834346062
fw26,268436282.0,5.0,0.10592537251772892,2.761500605541312
fw26,268436282.0,5.0,0.11220184543019636,2.73705554913664
fw26,268436282.0,5.0,0.11885022274370183,2.7118071290078243
fw26,268436282.0,5.0,0.12589254117941676,2.685757484564189
fw26,268436282.0,5.0,0.1333521432163324,2.6589114167924692
fw26,268436282.0,5.0,0.14125375446227548,2.631276512223963
fw26,268436282.0,5.0,0.14962356560944334,2.602863251497099
fw26,268436282.0,5.0,0.1584893192461114,2.573685100147723
fw26,268436282.0,5.0,0.16788040181225605,2.5437585793668136
fw26,268436282.0,5.0,0.1778279410038923,2.5131033146238697
fw26,268436282.0,5.0,0.18836490894898011,2.481742060273275
fw26,268436282.0,5.0,0.19952623149688797,2.449700698531251
fw26,268436282.0,5.0,0.21134890398366477,2.417008211536358
fw26,268436282.0,5.0,0.223872113856834,2.38369662557717
fw26,268436282.0,5.0,0.23713737056616552,2.3498009269793525
fw26,268436282.0,5.0,0.25118864315095807,2.315358949588514
fw26,268436282.0,5.0,0.26607250597988097,2.280411234243308
fw26,268436282.0,5.0,0.2818382931264455,2.2450008611056003
fw26,268436282.0,5.0,0.298538261891796,2.209173256180393
fw26,268436282.0,5.0,0.31622776601683794,2.1729759738083647
fw26,268436282.0,5.0,0.3349654391578278,2.1364584573358747
fw26,268436282.0,5.0,0.35481338923357547,2.099671780548348
fw26,268436282.0,5.0,0.3758374042884443,2.0626683727835253
fw26,268436282.0,5.0,0.3981071705534973,2.025501730911737
fw26,268436282.0,5.0,0.4216965034285822,1.9882261215739283
fw26,268436282.0,5.0,0.44668359215096326,1.9508962772017642
fw26,268436282.0,5.0,0.4731512589614805,1.9135670894020775
fw26,268436282.0,5.0,0.5011872336272725,1.8762933032754359
fw26,268436282.0,5.0,0.5308844442309885,1.839129216152287
fw26,268436282.0,5.0,0.5623413251903491,1.8021283840804008
fw26,268436282.0,5.0,0.5956621435290106,1.7653433391861169
fw26,268436282.0,5.0,0.6309573444801932,1.7288253207702042
fw26,268436282.0,5.0,0.6683439175686149,1.6926240226943592
fw26,268436282.0,5.0,0.707945784384138,1.656787359276919
fw26,268436282.0,5.0,0.7498942093324558,1.6213612515563276
fw26,268436282.0,5.0,0.7943282347242817,1.5863894354073123
fw26,268436282.0,5.0,0.8413951416451951,1.5519132926178518
fw26,268436282.0,5.0,0.8912509381337459,1.5179717056630433
fw26,268436282.0,5.0,0.9440608762859236,1.4846009365519566
fw26,268436282.0,5.0,1.0,1.4518345297831152
fw26,268436282.0,5.0,1.0592537251772887,1.419703239127474
fw26,268436282.0,5.0,1.1220184543019642,1.388234977669747
fw26,268436282.0,5.0,1.188502227437019,1.3574547902817025
fw26,268436282.0,5.0,1.2589254117941675,1.3273848474773233
fw26,268436282.0,5.0,1.333521432163324,1.2980444594097735
fw26,268436282.0,5.0,1.412537544622754,1.2694501086143548
fw26,268436282.0,5.0,1.4962356560944343,1.2416154999789821
fw26,268436282.0,5.0,1.584893192461114,1.21455162633371
fw26,268436282.0,5.0,1.6788040181225607,1.1882668479906313
fw26,268436282.0,5.0,1.7782794100389228,1.162766984534249
fw26,268436282.0,5.0,1.8836490894898001,1.1380554171567998
fw26,268436282.0,5.0,1.9952623149688808,1.114133199851158
fw26,268436282.0,5.0,2.1134890398366477,1.0909991778130628
fw26,268436282.0,5.0,2.23872113856834,1.0686501114616553
fw26,268436282.0,5.0,2.371373705661655,1.0470808045604136
fw26,268436282.0,5.0,2.5118864315095824,1.0262842350064778
fw26,268436282.0,5.0,2.6607250597988115,1.0062516869528324
fw26,268436282.0,5.0,2.818382931264455,0.986972883032236
fw26,268436282.0,5.0,2.9853826189179604,0.968436115561866
fw26,268436282.0,5.0,3.1622776601683795,0.9506283757211563
fw26,268436282.0,5.0,3.3496543915782793,0.9335354798103366
fw26,268436282.0,5.0,3.548133892335757,0.9171421918116712
fw26,268436282.0,5.0,3.758374042884443,0.9014323415879868
fw26,268436282.0,5.0,3.981071705534973,0.8863889381621256
fw26,268436282.0,5.0,4.216965034285822,0.8719942776252496
fw26,268436282.0,5.0,4.4668359215096345,0.8582300453206282
fw26,268436282.0,5.0,4.731512589614808,0.8450774120416735
fw26,268436282.0,5.0,5.011872336272725,0.8325171240680304
fw26,268436282.0,5.0,5.308844442309884,0.8205295869411103
fw26,268436282.0,5.0,5.62341325190349,0.8090949429503667
fw26,268436282.0,5.0,5.95662143529011,0.7981931423636932
fw26,268436282.0,5.0,6.309573444801936,0.7878040084899272
fw26,268436282.0,5.0,6.683439175686149,0.777907296708389
fw26,268436282.0,5.0,7.07945784384138,0.7684827476405297
fw26,268436282.0,5.0,7.498942093324558,0.7595101346720108
fw26,268436282.0,5.0,7.943282347242821,0.7509693060607452
fw26,268436282.0,5.0,8.413951416451956,0.7428402218880159
fw26,268436282.0,5.0,8.91250938133746,0.7351029861262711
fw26,268436282.0,5.0,9.440608762859236,0.727737874109306
fw26,268436282.0,5.0,10.0,0.7207253556988016
fw26,268436282.0,5.0,10.592537251772898,0.7140461144462769
fw26,268436282.0,5.0,11.220184543019641,0.7076810630519654
fw26,268436282.0,5.0,11.88502227437019,0.701611355422619
fw26,268436282.0,5.0,12.589254117941675,0.6958183956293514
fw26,268436282.0,5.0,13.33521432163324,0.6902838440648286
fw26,268436282.0,5.0,14.125375446227554,0.6849896210970587
fw26,268436282.0,5.0,14.962356560944343,0.6799179085152305
fw26,268436282.0,5.0,15.848931924611142,0.6750511490618976
fw26,268436282.0,5.0,16.788040181225607,0.6703720443459535
fw26,268436282.0,5.0,17.78279410038923,0.6658635514326997
fw26,268436282.0,5.0,18.83649089489802,0.6615088784111869
fw26,268436282.0,5.0,19.952623149688808,0.6572914792456795
fw26,268436282.0,5.0,21.134890398366476,0.6531950482275695
fw26,268436282.0,5.0,22.3872113856834,0.649203514357025
fw26,268436282.0,5.0,23.71373705661655,0.6453010360003149
fw26,268436282.0,5.0,25.11886431509582,0.6414719961893532
fw26,268436282.0,5.0,26.607250597988113,0.6377009989548335
fw26,268436282.0,5.0,28.183829312644548,0.6339728671133481
fw26,268436282.0,5.0,29.853826189179603,0.6302726419620719
fw26,268436282.0,5.0,31.622776601683793,0.6265855853715292
fw26,268436282.0,5.0,33.496543915782794,0.6228971848071541
fw26,268436282.0,5.0,35.48133892335757,0.6191931618525415
fw26,268436282.0,5.0,37.58374042884443,0.6154594848500826
fw26,268436282.0,5.0,39.810717055349734,0.611682386315846
fw26,268436282.0,5.0,42.169650342858226,0.6078483858218319
fw26,268436282.0,5.0,44.668359215096345,0.6039443190663772
fw26,268436282.0,5.0,47.315125896148075,0.5999573738669601
fw26,268436282.0,5.0,50.118723362727245,0.595875133802421
fw26,268436282.0,5.0,53.08844442309885,0.5916856301955734
fw26,268436282.0,5.0,56.23413251903491,0.5873774030523246
fw26,268436282.0,5.0,59.56621435290109,0.5829395714484658
fw26,268436282.0,5.0,63.095734448019364,0.5783619136672457
fw26,268436282.0,5.0,66.83439175686149,0.5736349571259836
fw26,268436282.0,5.0,70.79457843841381,0.568750077774247
fw26,268436282.0,5.0,74.98942093324558,0.5636996081868834
fw26,268436282.0,5.0,79.43282347242821,0.5584769530027793
fw26,268436282.0,5.0,84.13951416451955,0.5530767096708784
fw26,268436282.0,5.0,89.12509381337459,0.5474947916638163
fw26,268436282.0,5.0,94.40608762859236,0.5417285504249919
fw26,268436282.0,5.0,100.0,0.5357768913623777
fw26,268436282.0,10.0,0.01,3.2267337355104555
fw26,268436282.0,10.0,0.010592537251772886,3.2229638265318252
fw26,268436282.0,10.0,0.011220184543019636,3.2189828118929036
fw26,268436282.0,10.0,0.011885022274370183,3.214779610807793
fw26,268436282.0,10.0,0.012589254117941675,3.2103426475936194
fw26,268436282.0,10.0,0.01333521432163324,3.2056598398574314
fw26,268436282.0,10.0,0.01412537544622754,3.2007185877293107
fw26,268436282.0,10.0,0.014962356560944336,3.195505764371287
fw26,268436282.0,10.0,0.015848931924611134,3.1900077079795985
fw26,268436282.0,10.0,0.016788040181225608,3.1842102155500718
fw26,268436282.0,10.0,0.01778279410038923,3.1780985386722853
fw26,268436282.0,10.0,0.018836490894898,3.171657381670056
fw26,268436282.0,10.0,0.0199526231496888,3.16487090239264
fw26,268436282.0,10.0,0.021134890398366465,3.1577227160246957
fw26,268436282.0,10.0,0.0223872113856834,3.1501959022718364
fw26,268436282.0,10.0,0.023713737056616554,3.1422730163216324
fw26,268436282.0,10.0,0.025118864315095794,3.133936103987122
fw26,268436282.0,10.0,0.0266072505979881,3.1251667214643115
fw26,268436282.0,10.0,0.028183829312644536,3.115945960148714
fw26,268436282.0,10.0,0.029853826189179603,3.106254476967976
fw26,268436282.0,10.0,0.03162277660168379,3.0960725306877257
fw26,268436282.0,10.0,0.03349654391578276,3.08538002465472
fw26,268436282.0,10.0,0.03548133892335755,3.0741565564370426
fw26,268436282.0,10.0,0.03758374042884443,3.0623814747962483
fw26,268436282.0,10.0,0.039810717055349734,3.0500339444143965
fw26,268436282.0,10.0,0.042169650342858224,3.0370930187606637
fw26,268436282.0,10.0,0.0446683592150963,3.0235377214303334
fw26,268436282.0,10.0,0.04731512589614805,3.0093471362491178
fw26,268436282.0,10.0,0.05011872336272725,2.99450050633805
fw26,268436282.0,10.0,0.053088444423098846,2.978977342275669
fw26,268436282.0,10.0,0.056234132519034905,2.962757539368076
fw26,268436282.0,10.0,0.059566214352901034,2.9458215039364233
fw26,268436282.0,10.0,0.06309573444801933,2.928150288391026
fw26,268436282.0,10.0,0.06683439175686148,2.9097257347115515
fw26,268436282.0,10.0,0.0707945784384138,2.8905306257920964
fw26,268436282.0,10.0,0.07498942093324558,2.8705488439311604
fw26,268436282.0,10.0,0.07943282347242814,2.84976553555786
fw26,268436282.0,10.0,0.08413951416451952,2.8281672810904745
fw26,268436282.0,10.0,0.08912509381337459,2.8057422686172013
fw26,268436282.0,10.0,0.09440608762859236,2.782480469890316
fw26,268436282.0,10.0,0.1,2.758373816921465
fw26,268436282.0,10.0,0.10592537251772892,2.7334163772744375
fw26,268436282.0,10.0,0.11220184543019636,2.7076045259788715
fw26,268436282.0,10.0,0.11885022274370183,2.680937111828145
fw26,268436282.0,10.0,0.12589254117941676,2.653415615700708
fw26,268436282.0,10.0,0.1333521432163324,2.6250442984484788
fw26,268436282.0,10.0,0.14125375446227548,2.5958303358419625
fw26,268436282.0,10.0,0.14962356560944334,2.565783938055648
fw26,268436282.0,10.0,0.1584893192461114,2.5349184512181266
fw26,268436282.0,10.0,0.16788040181225605,2.50325043865067
fw26,268436282.0,10.0,0.1778279410038923,2.4707997395702312
fw26,268436282.0,10.0,0.18836490894898011,2.4375895032474055
fw26,268436282.0,10.0,0.19952623149688797,2.4036461968747194
fw26,268436282.0,10.0,0.21134890398366477,2.3689995857262334
fw26,268436282.0,10.0,0.223872113856834,2.333682684556297
fw26,268436282.0,10.0,0.23713737056616552,2.297731679598382
fw26,268436282.0,10.0,0.25118864315095807,2.2611858209700424
fw26,268436282.0,10.0,0.26607250597988097,2.2240872857541056
fw26,268436282.0,10.0,0.2818382931264455,2.1864810125071155
fw26,268436282.0,10.0,0.298538261891796,2.148414508418089
fw26,268436282.0,10.0,0.31622776601683794,2.109937630806782
fw26,268436282.0,10.0,0.3349654391578278,2.0711023450821857
fw26,268436282.0,10.0,0.35481338923357547,2.031962461681227
fw26,268436282.0,10.0,0.3758374042884443,1.9925733548550846
fw26,268436282.0,10.0,0.3981071705534973,1.9529916664599805
fw26,268436282.0,10.0,0.4216965034285822,1.9132749981351385
fw26,268436282.0,10.0,0.44668359215096326,1.873481595405184
fw26,268436282.0,10.0,0.4731512589614805,1.8336700273277504
fw26,268436282.0,10.0,0.5011872336272725,1.7938988653169088
fw26,268436282.0,10.0,0.5308844442309885,1.7542263647137037
fw26,268436282.0,10.0,0.5623413251903491,1.714710152549235
fw26,268436282.0,10.0,0.5956621435290106,1.6754069247598404
fw26,268436282.0,10.0,0.6309573444801932,1.6363721558758197
fw26,268436282.0,10.0,0.6683439175686149,1.5976598239228772
fw26,268436282.0,10.0,0.707945784384138,1.5593221529586598
fw26,268436282.0,10.0,0.7498942093324558,1.5214093753239049
fw26,268436282.0,10.0,0.7943282347242817,1.4839695153295962
fw26,268436282.0,10.0,0.8413951416451951,1.4470481957352885
fw26,268436282.0,10.0,0.8912509381337459,1.410688468008878
fw26,268436282.0,10.0,0.9440608762859236,1.3749306670009076
fw26,268436282.0,10.0,1.0,1.3398122903236798
fw26,268436282.0,10.0,1.0592537251772887,1.3053679024022529
fw26,268436282.0,10.0,1.1220184543019642,1.2716290628646985
fw26,268436282.0,10.0,1.188502227437019,1.2386242786657133
fw26,268436282.0,10.0,1.2589254117941675,1.206378979093885
fw26,268436282.0,10.0,1.333521432163324,1.1749155125988775
fw26,268436282.0,10.0,1.412537544622754,1.1442531641917169
fw26,268436282.0,10.0,1.4962356560944343,1.114408192019456
fw26,268436282.0,10.0,1.584893192461114,1.0853938815935371
fw26,268436282.0,10.0,1.6788040181225607,1.05722061605916
fw26,268436282.0,10.0,1.7782794100389228,1.0298959608289142
fw26,268436282.0,10.0,1.8836490894898001,1.0034247608665248
fw26,268436282.0,10.0,1.9952623149688808,0.9778092488943705
fw26,268436282.0,10.0,2.1134890398366477,0.9530491628090763
fw26,268436282.0,10.0,2.23872113856834,0.9291418706210318
fw26,268436282.0,10.0,2.371373705661655,0.9060825012841165
fw26,268436282.0,10.0,2.5118864315095824,0.8838640798486079
fw26,268436282.0,10.0,2.6607250597988115,0.86247766545126
fw26,268436282.0,10.0,2.818382931264455,0.8419124907490868
fw26,268436282.0,10.0,2.9853826189179604,0.8221561015055883
fw26,268436282.0,10.0,3.1622776601683795,0.8031944951471622
fw26,268436282.0,10.0,3.3496543915782793,0.7850122572215897
fw26,268436282.0,10.0,3.548133892335757,0.7675926948071201
fw26,268436282.0,10.0,3.758374042884443,0.7509179660383392
fw26,268436282.0,10.0,3.981071705534973,0.7349692050313525
fw26,268436282.0,10.0,4.216965034285822,0.71972664160473
fw26,268436282.0,10.0,4.4668359215096345,0.7051697153023829
fw26,268436282.0,10.0,4.731512589614808,0.6912771833291299
fw26,268436282.0,10.0,5.011872336272725,0.678027222107956
fw26,268436282.0,10.0,5.308844442309884,0.6653975222595041
fw26,268436282.0,10.0,5.62341325190349,0.6533653768882417
fw26,268436282.0,10.0,5.95662143529011,0.6419077631361235
fw26,268436282.0,10.0,6.309573444801936,0.6310014170328712
fw26,268436282.0,10.0,6.683439175686149,0.6206229017328382
fw26,268436282.0,10.0,7.07945784384138,0.6107486692814466
fw26,268436282.0,10.0,7.498942093324558,0.6013551161002032
fw26,268436282.0,10.0,7.943282347242821,0.5924186324185104
fw26,268436282.0,10.0,8.413951416451956,0.5839156459136098
fw26,268436282.0,10.0,8.91250938133746,0.5758226598475554
fw26,268436282.0,10.0,9.440608762859236,0.5681162860128544
fw26,268436282.0,10.0,10.0,0.5607732728170871
fw26,268436282.0,10.0,10.592537251772898,0.5537705288521177
fw26,268436282.0,10.0,11.220184543019641,0.5470851423063022
fw26,268436282.0,10.0,11.88502227437019,0.5406943965890416
fw26,268436282.0,10.0,12.589254117941675,0.5345757825471043
fw26,268436282.0,10.0,13.33521432163324,0.5287070076618956
fw26,268436282.0,10.0,14.125375446227554,0.5230660026272228
fw26,268436282.0,10.0,14.962356560944343,0.517630925718881
fw26,268436282.0,10.0,15.848931924611142,0.5123801653809816
fw26,268436282.0,10.0,16.788040181225607,0.507292341470618
fw26,268436282.0,10.0,17.78279410038923,0.5023463056222547
fw26,268436282.0,10.0,18.83649089489802,0.49752114121727936
fw26,268436282.0,10.0,19.952623149688808,0.4927961634725138
fw26,268436282.0,10.0,21.134890398366476,0.48815092019505096
fw26,268436282.0,10.0,22.3872113856834,0.48356519378925444
fw26,268436282.0,10.0,23.71373705661655,0.47901900514568735
fw26,268436282.0,10.0,25.11886431509582,0.47449262009043724
fw26,268436282.0,10.0,26.607250597988113,0.4699665591263908
fw26,268436282.0,10.0,28.183829312644548,0.4654216112541453
fw26,268436282.0,10.0,29.853826189179603,0.46083885271758834
fw26,268436282.0,10.0,31.622776601683793,0.45619967157517083
fw26,268436282.0,10.0,33.496543915782794,0.4514857990485023
fw26,268436282.0,10.0,35.48133892335757,0.4466793486402898
fw26,268436282.0,10.0,37.58374042884443,0.4417628640370445
fw26,268436282.0,10.0,39.810717055349734,0.4367193768099268
fw26,268436282.0,10.0,42.169650342858226,0.4315324748891984
fw26,268436282.0,10.0,44.668359215096345,0.42618638270115256
fw26,268436282.0,10.0,47.315125896148075,0.4206660537062822
fw26,268436282.0,10.0,50.118723362727245,0.4149572758468613
fw26,268436282.0,10.0,53.08844442309885,0.4090467900825753
fw26,268436282.0,10.0,56.23413251903491,0.4029224217455284
fw26,268436282.0,10.0,59.56621435290109,0.39657322386307364
fw26,268436282.0,10.0,63.095734448019364,0.3899896308642651
fw26,268436282.0,10.0,66.83439175686149,0.3831636201961089
fw26,268436282.0,10.0,70.79457843841381,0.37608887833281823
fw26,268436282.0,10.0,74.98942093324558,0.3687609664853289
fw26,268436282.0,10.0,79.43282347242821,0.3611774800512971
fw26,268436282.0,10.0,84.13951416451955,0.3533381945574958
fw26,268436282.0,10.0,89.12509381337459,0.3452451896386286
fw26,268436282.0,10.0,94.40608762859236,0.33690294160484824
fw26,268436282.0,10.0,100.0,0.3283183745415421
fw26,268436282.0,20.0,0.01,3.222620601977223
fw26,268436282.0,20.0,0.010592537251772886,3.21861211925196
fw26,268436282.0,20.0,0.011220184543019636,3.21437900604848
fw26,268436282.0,20.0,0.011885022274370183,3.2099094518496454
fw26,268436282.0,20.0,0.012589254117941675,3.2051911162131455
fw26,268436282.0,20.0,0.01333521432163324,3.2002111157847177
fw26,268436282.0,20.0,0.01412537544622754,3.194956012396204
fw26,268436282.0,20.0,0.014962356560944336,3.1894118024539857
fw26,268436282.0,20.0,0.015848931924611134,3.183563907892437
fw26,268436282.0,20.0,0.016788040181225608,3.1773971689234832
fw26,268436282.0,20.0,0.01778279410038923,3.1708958389118718
fw26,268436282.0,20.0,0.018836490894898,3.1640435816653545
fw26,268436282.0,20.0,0.0199526231496888,3.1568234714976753
fw26,268436282.0,20.0,0.021134890398366465,3.1492179964255627
fw26,268436282.0,20.0,0.0223872113856834,3.141209064890691
fw26,268436282.0,20.0,0.023713737056616554,3.132778016420142
fw26,268436282.0,20.0,0.025118864315095794,3.123905636664904
fw26,268436282.0,20.0,0.0266072505979881,3.1145721772658637
fw26,268436282.0,20.0,0.028183829312644536,3.1047573810218347
fw26,268436282.0,20.0,0.029853826189179603,3.0944405128474295
fw26,268436282.0,20.0,0.03162277660168379,3.083600397001711
fw26,268436282.0,20.0,0.03349654391578276,3.0722154610955776
fw26,268436282.0,20.0,0.03548133892335755,3.060263787352382
fw26,268436282.0,20.0,0.03758374042884443,3.0477231716099826
fw26,268436282.0,20.0,0.039810717055349734,3.03457119050185
fw26,268436282.0,20.0,0.042169650342858224,3.020785277253118
fw26,268436282.0,20.0,0.0446683592150963,3.0063428064503936
fw26,268436282.0,20.0,0.04731512589614805,2.991221188106936
fw26,268436282.0,20.0,0.05011872336272725,2.9753979712664105
fw26,268436282.0,20.0,0.053088444423098846,2.9588509572940587
fw26,268436282.0,20.0,0.056234132519034905,2.941558322908938
fw26,268436282.0,20.0,0.059566214352901034,2.923498752881629
fw26,268436282.0,20.0,0.06309573444801933,2.904651582192623
fw26,268436282.0,20.0,0.06683439175686148,2.884996947284148
fw26,268436282.0,20.0,0.0707945784384138,2.864515945875214
fw26,268436282.0,20.0,0.07498942093324558,2.8431908046218393
fw26,268436282.0,20.0,0.07943282347242814,2.821005053708988
fw26,268436282.0,20.0,0.08413951416451952,2.797943707257899
fw26,268436282.0,20.0,0.08912509381337459,2.773993448214872
fw26,268436282.0,20.0,0.09440608762859236,2.7491428161788347
fw26,268436282.0,20.0,0.1,2.723382396411661
fw26,268436282.0,20.0,0.10592537251772892,2.696705008070756
fw26,268436282.0,20.0,0.11220184543019636,2.669105889519129
fw26,268436282.0,20.0,0.11885022274370183,2.6405828783944845
fw26,268436282.0,20.0,0.12589254117941676,2.6111365839832485
fw26,268436282.0,20.0,0.1333521432163324,2.5807705493362296
fw26,268436282.0,20.0,0.14125375446227548,2.5494914004977822
fw26,268436282.0,20.0,0.14962356560944334,2.5173089801999544
fw26,268436282.0,20.0,0.1584893192461114,2.4842364634069334
fw26,268436282.0,20.0,0.16788040181225605,2.450290452179892
fw26,268436282.0,20.0,0.1778279410038923,2.4154910474816083
fw26,268436282.0,20.0,0.18836490894898011,2.3798618957423967
fw26,268436282.0,20.0,0.19952623149688797,2.343430208272971
fw26,268436282.0,20.0,0.21134890398366477,2.3062267519311184
fw26,268436282.0,20.0,0.223872113856834,2.268285809812843
fw26,268436282.0,20.0,0.23713737056616552,2.2296451111596114
fw26,268436282.0,20.0,0.25118864315095807,2.1903457301136107
fw26,268436282.0,20.0,0.26607250597988097,2.1504319534339036
fw26,268436282.0,20.0,0.2818382931264455,2.1099511177674986
fw26,268436282.0,20.0,0.298538261891796,2.0689534175616497
fw26,268436282.0,20.0,0.31622776601683794,2.0274916851786635
fw26,268436282.0,20.0,0.3349654391578278,1.9856211452277237
fw26,268436282.0,20.0,0.35481338923357547,1.943399145546872
fw26,268436282.0,20.0,0.3758374042884443,1.9008848676372465
fw26,268436282.0,20.0,0.3981071705534973,1.8581390196691092
fw26,268436282.0,20.0,0.4216965034285822,1.8152235154297856
fw26,268436282.0,20.0,0.44668359215096326,1.7722011427696118
fw26,268436282.0,20.0,0.4731512589614805,1.7291352252152206
fw26,268436282.0,20.0,0.5011872336272725,1.6860892804616199
fw26,268436282.0,20.0,0.5308844442309885,1.6431266794279389
fw26,268436282.0,20.0,0.5623413251903491,1.6003103094687907
fw26,268436282.0,20.0,0.5956621435290106,1.5577022451791238
fw26,268436282.0,20.0,0.6309573444801932,1.515363430023768
fw26,268436282.0,20.0,0.6683439175686149,1.4733533717699303
fw26,268436282.0,20.0,0.707945784384138,1.431729854410246
fw26,268436282.0,20.0,0.7498942093324558,1.3905486689446853
fw26,268436282.0,20.0,0.7943282347242817,1.3498633650508618
fw26,268436282.0,20.0,0.8413951416451951,1.3097250253198724
fw26,268436282.0,20.0,0.8912509381337459,1.2701820633794412
fw26,268436282.0,20.0,0.9440608762859236,1.2312800468724743
fw26,268436282.0,20.0,1.0,1.1930615459131098
fw26,268436282.0,20.0,1.0592537251772887,1.1555660073109237
fw26,268436282.0,20.0,1.1220184543019642,1.118829654538566
fw26,268436282.0,20.0,1.188502227437019,1.0828854131243995
fw26,268436282.0,20.0,1.2589254117941675,1.047762860881304
fw26,268436282.0,20.0,1.333521432163324,1.0134882021372629
fw26,268436282.0,20.0,1.412537544622754,0.9800842649152057
fw26,268436282.0,20.0,1.4962356560944343,0.9475705198184374
fw26,268436282.0,20.0,1.584893192461114,0.9159631192156725
fw26,268436282.0,20.0,1.6788040181225607,0.8852749551849977
fw26,268436282.0,20.0,1.7782794100389228,0.8555157345696754
fw26,268436282.0,20.0,1.8836490894898001,0.8266920694202007
fw26,268436282.0,20.0,1.9952623149688808,0.7988075810446741
fw26,268436282.0,20.0,2.1134890398366477,0.7718630158634496
fw26,268436282.0,20.0,2.23872113856834,0.7458563712620179
fw26,268436282.0,20.0,2.371373705661655,0.7207830296569563
fw26,268436282.0,20.0,2.5118864315095824,0.6966358990315982
fw26,268436282.0,20.0,2.6607250597988115,0.6734055582589261
fw26,268436282.0,20.0,2.818382931264455,0.6510804056064592
fw26,268436282.0,20.0,2.9853826189179604,0.6296468089099128
fw26,268436282.0,20.0,3.1622776601683795,0.6090892560057364
fw26,268436282.0,20.0,3.3496543915782793,0.5893905041259556
fw26,268436282.0,20.0,3.548133892335757,0.5705317270783652
fw26,268436282.0,20.0,3.758374042884443,0.5524926591596477
fw26,268436282.0,20.0,3.981071705534973,0.5352517348755256
fw26,268436282.0,20.0,4.216965034285822,0.5187862236686337
fw26,268436282.0,20.0,4.4668359215096345,0.5030723589798075
fw26,268436282.0,20.0,4.731512589614808,0.4880854610896731
fw26,268436282.0,20.0,5.011872336272725,0.47380005330397434
fw26,268436282.0,20.0,5.308844442309884,0.4601899711564469
fw26,268436282.0,20.0,5.62341325190349,0.44722846440668745
fw26,268436282.0,20.0,5.95662143529011,0.4348882917062699
fw26,268436282.0,20.0,6.309573444801936,0.42314180789473066
fw26,268436282.0,20.0,6.683439175686149,0.41196104396712685
fw26,268436282.0,20.0,7.07945784384138,0.4013177798273726
fw26,268436282.0,20.0,7.498942093324558,0.3911836100062488
fw26,268436282.0,20.0,7.943282347242821,0.3815300025809799
fw26,268436282.0,20.0,8.413951416451956,0.37232835158467054
fw26,268436282.0,20.0,8.91250938133746,0.3635500232395809
fw26,268436282.0,20.0,9.440608762859236,0.3551663963894845
fw26,268436282.0,20.0,10.0,0.3471488975434034
fw26,268436282.0,20.0,10.592537251772898,0.3394690309775532
fw26,268436282.0,20.0,11.220184543019641,0.33209840437500054
fw26,268436282.0,20.0,11.88502227437019,0.3250087505145843
fw26,268436282.0,20.0,12.589254117941675,0.3181719455531162
fw26,268436282.0,20.0,13.33521432163324,0.3115600244788779
fw26,268436282.0,20.0,14.125375446227554,0.30514519435103377
fw26,268436282.0,20.0,14.962356560944343,0.2988998459796428
fw26,268436282.0,20.0,15.848931924611142,0.29279656474561
fw26,268436282.0,20.0,16.788040181225607,0.28680814130973264
fw26,268436282.0,20.0,17.78279410038923,0.2809075830154981
fw26,268436282.0,20.0,18.83649089489802,0.27506812685206483
fw26,268436282.0,20.0,19.952623149688808,0.2692632549113158
fw26,268436282.0,20.0,21.134890398366476,0.2634667133458953
fw26,268436282.0,20.0,22.3872113856834,0.25765253591211246
fw26,268436282.0,20.0,23.71373705661655,0.25179507326046174
fw26,268436282.0,20.0,25.11886431509582,0.2458690292142353
fw26,268436282.0,20.0,26.607250597988113,0.2398495053481658
fw26,268436282.0,20.0,28.183829312644548,0.2337120552384848
fw26,268436282.0,20.0,29.853826189179603,0.22743274979440117
fw26,268436282.0,20.0,31.622776601683793,0.2209882550881646
fw26,268436282.0,20.0,33.496543915782794,0.2143559240631033
fw26,268436282.0,20.0,35.48133892335757,0.20751390339984077
fw26,268436282.0,20.0,37.58374042884443,0.20044125664070736
fw26,268436282.0,20.0,39.810717055349734,0.19311810438898216
fw26,268436282.0,20.0,42.169650342858226,0.18552578198833733
fw26,268436282.0,20.0,44.668359215096345,0.17764701452307805
fw26,268436282.0,20.0,47.315125896148075,0.1694661082370269
fw26,268436282.0,20.0,50.118723362727245,0.16096915652719124
fw26,268436282.0,20.0,53.08844442309885,0.15214425751569666
fw26,268436282.0,20.0,56.23413251903491,0.1429817388405346
fw26,268436282.0,20.0,59.56621435290109,0.13347438375460766
fw26,268436282.0,20.0,63.095734448019364,0.12361765093268266
fw26,268436282.0,20.0,66.83439175686149,0.11340987864266244
fw26,268436282.0,20.0,70.79457843841381,0.10285246226858091
fw26,268436282.0,20.0,74.98942093324558,0.09194999275100675
fw26,268436282.0,20.0,79.43282347242821,0.08071034255280995
fw26,268436282.0,20.0,84.13951416451955,0.06914468551432805
fw26,268436282.0,20.0,89.12509381337459,0.057267437693361005
fw26,268436282.0,20.0,94.40608762859236,0.04509610823250074
fw26,268436282.0,20.0,100.0,0.03265105263176138
fw26,268436282.0,40.0,0.01,3.2172449404229106
fw26,268436282.0,40.0,0.010592537251772886,3.2129246452248816
fw26,268436282.0,40.0,0.011220184543019636,3.2083620417717387
fw26,268436282.0,40.0,0.011885022274370183,3.203544365613139
fw26,268436282.0,40.0,0.012589254117941675,3.198458276563295
fw26,268436282.0,40.0,0.01333521432163324,3.193089844188675
fw26,268436282.0,40.0,0.01412537544622754,3.187424534400717
fw26,268436282.0,40.0,0.014962356560944336,3.1814471974007117
fw26,268436282.0,40.0,0.015848931924611134,3.1751420572245
fw26,268436282.0,40.0,0.016788040181225608,3.1684927031928143
fw26,268436282.0,40.0,0.01778279410038923,3.161482083556858
fw26,268436282.0,40.0,0.018836490894898,3.154092501685331
fw26,268436282.0,40.0,0.0199526231496888,3.146305615159389
fw26,268436282.0,40.0,0.021134890398366465,3.1381024381657476
fw26,268436282.0,40.0,0.0223872113856834,3.129463347600502
fw26,268436282.0,40.0,0.023713737056616554,3.1203680933340205
fw26,268436282.0,40.0,0.025118864315095794,3.1107958130945077
fw26,268436282.0,40.0,0.0266072505979881,3.1007250524678667
fw26,268436282.0,40.0,0.028183829312644536,3.0901337905130415
fw26,268436282.0,40.0,0.029853826189179603,3.0789994715183715
fw26,268436282.0,40.0,0.03162277660168379,3.06729904342855
fw26,268436282.0,40.0,0.03349654391578276,3.0550090034769535
fw26,268436282.0,40.0,0.03548133892335755,3.042105451556418
fw26,268436282.0,40.0,0.03758374042884443,3.0285641518393374
fw26,268436282.0,40.0,0.039810717055349734,3.014360603158039
fw26,268436282.0,40.0,0.042169650342858224,2.9994701185949904
fw26,268436282.0,40.0,0.0446683592150963,2.9838679147080436
fw26,268436282.0,40.0,0.04731512589614805,2.9675292107492224
fw26,268436282.0,40.0,0.05011872336272725,2.950429338159456
fw26,268436282.0,40.0,0.053088444423098846,2.932543860532163
fw26,268436282.0,40.0,0.056234132519034905,2.913848704133046
fw26,268436282.0,40.0,0.059566214352901034,2.8943202989359444
fw26,268436282.0,40.0,0.06309573444801933,2.8739357299905692
fw26,268436282.0,40.0,0.06683439175686148,2.8526728987835055
fw26,268436282.0,40.0,0.0707945784384138,2.830510694066738
fw26,268436282.0,40.0,0.07498942093324558,2.807429171443383
fw26,268436282.0,40.0,0.07943282347242814,2.783409740792299
fw26,268436282.0,40.0,0.08413951416451952,2.7584353603924345
fw26,268436282.0,40.0,0.08912509381337459,2.7324907363868434
fw26,268436282.0,40.0,0.09440608762859236,2.7055625259991065
fw26,268436282.0,40.0,0.1,2.677639542684788
fw26,268436282.0,40.0,0.10592537251772892,2.6487129611889877
fw26,268436282.0,40.0,0.11220184543019636,2.6187765202700914
fw26,268436282.0,40.0,0.11885022274370183,2.587826720668276
fw26,268436282.0,40.0,0.12589254117941676,2.5558630157424393
fw26,268436282.0,40.0,0.1333521432163324,2.522887992070426
fw26,268436282.0,40.0,0.14125375446227548,2.488907537232106
fw26,268436282.0,40.0,0.14962356560944334,2.453930991955195
fw26,268436282.0,40.0,0.1584893192461114,2.417971283824882
fw26,268436282.0,40.0,0.16788040181225605,2.3810450398303584
fw26,268436282.0,40.0,0.1778279410038923,2.3431726751593756
fw26,268436282.0,40.0,0.18836490894898011,2.304378455845133
fw26,268436282.0,40.0,0.19952623149688797,2.264690533129207
fw26,268436282.0,40.0,0.21134890398366477,2.2241409477160867
fw26,268436282.0,40.0,0.223872113856834,2.182765602468364
fw26,268436282.0,40.0,0.23713737056616552,2.1406042025003185
fw26,268436282.0,40.0,0.25118864315095807,2.097700162088849
fw26,268436282.0,40.0,0.26607250597988097,2.0541004782972623
fw26,268436282.0,40.0,0.2818382931264455,2.0098555717112694
fw26,268436282.0,40.0,0.298538261891796,1.9650190951877808
fw26,268436282.0,40.0,0.31622776601683794,1.9196477120162005
fw26,268436282.0,40.0,0.3349654391578278,1.873800845366388
fw26,268436282.0,40.0,0.35481338923357547,1.8275404013424124
fw26,268436282.0,40.0,0.3758374042884443,1.7809304683620542
fw26,268436282.0,40.0,0.3981071705534973,1.7340369959298256
fw26,268436282.0,40.0,0.4216965034285822,1.686927456159995
fw26,268436282.0,40.0,0.44668359215096326,1.6396704916293334
fw26,268436282.0,40.0,0.4731512589614805,1.5923355532915275
fw26,268436282.0,40.0,0.5011872336272725,1.5449925322720277
fw26,268436282.0,40.0,0.5308844442309885,1.4977113893749974
fw26,268436282.0,40.0,0.5623413251903491,1.4505617860854048
fw26,268436282.0,40.0,0.5956621435290106,1.4036127207370628
fw26,268436282.0,40.0,0.6309573444801932,1.3569321733509405
fw26,268436282.0,40.0,0.6683439175686149,1.3105867624331704
fw26,268436282.0,40.0,0.707945784384138,1.2646414167663222
fw26,268436282.0,40.0,0.7498942093324558,1.219159064938479
fw26,268436282.0,40.0,0.7943282347242817,1.1742003450402272
fw26,268436282.0,40.0,0.8413951416451951,1.1298233366267325
fw26,268436282.0,40.0,0.8912509381337459,1.0860833166983235
fw26,268436282.0,40.0,0.9440608762859236,1.043032541102979
fw26,268436282.0,40.0,1.0,1.0007200524159559
fw26,268436282.0,40.0,1.0592537251772887,0.9591915150070464
fw26,268436282.0,40.0,1.1220184543019642,0.9184890776724807
fw26,268436282.0,40.0,1.188502227437019,0.8786512638864307
fw26,268436282.0,40.0,1.2589254117941675,0.839712889422548
fw26,268436282.0,40.0,1.333521432163324,0.8017050068095384
fw26,268436282.0,40.0,1.412537544622754,0.7646548758204146
fw26,268436282.0,40.0,1.4962356560944343,0.7285859589535496
fw26,268436282.0,40.0,1.584893192461114,0.6935179406475647
fw26,268436282.0,40.0,1.6788040181225607,0.6594667687830131
fw26,268436282.0,40.0,1.7782794100389228,0.6264447168617632
fw26,268436282.0,40.0,1.8836490894898001,0.5944604651225818
fw26,268436282.0,40.0,1.9952623149688808,0.5635191987476748
fw26,268436282.0,40.0,2.1134890398366477,0.5336227212401917
fw26,268436282.0,40.0,2.23872113856834,0.5047695810079578
fw26,268436282.0,40.0,2.371373705661655,0.4769552091705386
fw26,268436282.0,40.0,2.5118864315095824,0.45017206661696907
fw26,268436282.0,40.0,2.6607250597988115,0.4244097983758152
fw26,268436282.0,40.0,2.818382931264455,0.3996553934174702
fw26,268436282.0,40.0,2.9853826189179604,0.3758933480872029
fw26,268436282.0,40.0,3.1622776601683795,0.3531058314644982
fw26,268436282.0,40.0,3.3496543915782793,0.3312728510566051
fw26,268436282.0,40.0,3.548133892335757,0.31037241735860244
fw26,268436282.0,40.0,3.758374042884443,0.2903807059469041
fw26,268436282.0,40.0,3.981071705534973,0.2712722159134417
fw26,268436282.0,40.0,4.216965034285822,0.2530199235927524
fw26,268436282.0,40.0,4.4668359215096345,0.2355954306798404
fw26,268436282.0,40.0,4.731512589614808,0.21896910598186262
fw26,268436282.0,40.0,5.011872336272725,0.2031102201887718
fw26,268436282.0,40.0,5.308844442309884,0.18798707318540403
fw26,268436282.0,40.0,5.62341325190349,0.17356711355955662
fw26,268436282.0,40.0,5.95662143529011,0.15981705008525468
fw26,268436282.0,40.0,6.309573444801936,0.14670295507823308
fw26,268436282.0,40.0,6.683439175686149,0.13419035963067974
fw26,268436282.0,40.0,7.07945784384138,0.12224434083477247
fw26,268436282.0,40.0,7.498942093324558,0.11082960119982613
fw26,268436282.0,40.0,7.943282347242821,0.09991054055680736
fw26,268436282.0,40.0,8.413951416451956,0.08945132082678423
fw26,268436282.0,40.0,8.91250938133746,0.07941592410828067
fw26,268436282.0,40.0,9.440608762859236,0.06976820461322548
fw26,268436282.0,40.0,10.0,0.06047193505366803
fw26,268436282.0,40.0,10.592537251772898,0.05149084815303782
fw26,268436282.0,40.0,11.220184543019641,0.04278867402795749
fw26,268436282.0,40.0,11.88502227437019,0.034329174260742404
fw26,268436282.0,40.0,12.589254117941675,0.026076173560105862
fw26,268436282.0,40.0,13.33521432163324,0.017993589989814512
fw26,268436282.0,40.0,14.125375446227554,0.010045464832247946
fw26,268436282.0,40.0,14.962356560944343,0.002195993247804872
fw26,268436282.0,40.0,15.848931924611142,-0.005590443009021899
fw26,268436282.0,40.0,16.788040181225607,-0.013349239449894005
fw26,268436282.0,40.0,17.78279410038923,-0.02111552781168218
fw26,268436282.0,40.0,18.83649089489802,-0.02892412852380146
fw26,268436282.0,40.0,19.952623149688808,-0.036809494982059696
fw26,268436282.0,40.0,21.134890398366476,-0.044805647823245136
fw26,268436282.0,40.0,22.3872113856834,-0.05294609730575436
fw26,268436282.0,40.0,23.71373705661655,-0.06126375183832616
fw26,268436282.0,40.0,25.11886431509582,-0.06979081067518575
fw26,268436282.0,40.0,26.607250597988113,-0.07855863882881464
fw26,268436282.0,40.0,28.183829312644548,-0.08759762236270316
fw26,268436282.0,40.0,29.853826189179603,-0.09693700244106894
fw26,268436282.0,40.0,31.622776601683793,-0.10660468686042938
fw26,268436282.0,40.0,33.496543915782794,-0.11662703830157171
fw26,268436282.0,40.0,35.48133892335757,-0.1270286392548354
fw26,268436282.0,40.0,37.58374042884443,-0.13783203452052142
fw26,268436282.0,40.0,39.810717055349734,-0.14905745339968746
fw26,268436282.0,40.0,42.169650342858226,-0.16072251518815636
fw26,268436282.0,40.0,44.668359215096345,-0.1728419233719215
fw26,268436282.0,40.0,47.315125896148075,-0.18542715597241172
fw26,268436282.0,40.0,50.118723362727245,-0.19848616174737013
fw26,268436282.0,40.0,53.08844442309885,-0.2120230743130527
fw26,268436282.0,40.0,56.23413251903491,-0.2260379585558309
fw26,268436282.0,40.0,59.56621435290109,-0.24052660572537868
fw26,268436282.0,40.0,63.095734448019364,-0.2554803950656111
fw26,268436282.0,40.0,66.83439175686149,-0.2708862404135716
fw26,268436282.0,40.0,70.79457843841381,-0.2867266395272047
fw26,268436282.0,40.0,74.98942093324558,-0.3029798416560127
fw26,268436282.0,40.0,79.43282347242821,-0.3196201447864046
fw26,268436282.0,40.0,84.13951416451955,-0.3366183279668762
fw26,268436282.0,40.0,89.12509381337459,-0.3539422162578247
fw26,268436282.0,40.0,94.40608762859236,-0.3715573665504248
fw26,268436282.0,40.0,100.0,-0.38942785246271217
fw26,268436282.0,60.0,0.01,3.2133647036138653
fw26,268436282.0,60.0,0.010592537251772886,3.208819332686263
fw26,268436282.0,60.0,0.011220184543019636,3.204018892574988
fw26,268436282.0,60.0,0.011885022274370183,3.1989499301478572
fw26,268436282.0,60.0,0.012589254117941675,3.1935983834587773
fw26,268436282.0,60.0,0.01333521432163324,3.1879495661254142
fw26,268436282.0,60.0,0.01412537544622754,3.1819881528397462
fw26,268436282.0,60.0,0.014962356560944336,3.175698166257351
fw26,268436282.0,60.0,0.015848931924611134,3.1690629655463356
fw26,268436282.0,60.0,0.016788040181225608,3.1620652368714217
fw26,268436282.0,60.0,0.01778279410038923,3.1546869861606672
fw26,268436282.0,60.0,0.018836490894898,3.1469095344886315
fw26,268436282.0,60.0,0.0199526231496888,3.1387135164763897
fw26,268436282.0,60.0,0.021134890398366465,3.1300788820891965
fw26,268436282.0,60.0,0.0223872113856834,3.1209849022967924
fw26,268436282.0,60.0,0.023713737056616554,3.1114101790411186
fw26,268436282.0,60.0,0.025118864315095794,3.1013326600060545
fw26,268436282.0,60.0,0.0266072505979881,3.0907296587066635
fw26,268436282.0,60.0,0.028183829312644536,3.079577880415541
fw26,268436282.0,60.0,0.029853826189179603,3.0678534544902525
fw26,268436282.0,60.0,0.03162277660168379,3.055531973655486
fw26,268436282.0,60.0,0.03349654391578276,3.0425885407968716
fw26,268436282.0,60.0,0.03548133892335755,3.028997823838059
fw26,268436282.0,60.0,0.03758374042884443,3.0147341192495682
fw26,268436282.0,60.0,0.039810717055349734,2.999771424707918
fw26,268436282.0,60.0,0.042169650342858224,2.9840835214207058
fw26,268436282.0,60.0,0.0446683592150963,2.9676440665433734
fw26,268436282.0,60.0,0.04731512589614805,2.950426696100241
fw26,268436282.0,60.0,0.05011872336272725,2.932405138709333
fw26,268436282.0,60.0,0.053088444423098846,2.9135533403387406
fw26,268436282.0,60.0,0.056234132519034905,2.8938456002032957
fw26,268436282.0,60.0,0.059566214352901034,2.87325671779176
fw26,268436282.0,60.0,0.06309573444801933,2.8517621508509294
fw26,268436282.0,60.0,0.06683439175686148,2.829338184007389
fw26,268436282.0,60.0,0.0707945784384138,2.8059621075090195
fw26,268436282.0,60.0,0.07498942093324558,2.781612405380642
fw26,268436282.0,60.0,0.07943282347242814,2.7562689520645134
fw26,268436282.0,60.0,0.08413951416451952,2.729913216401586
fw26,268436282.0,60.0,0.08912509381337459,2.702528471561904
fw26,268436282.0,60.0,0.09440608762859236,2.67410000931721
fw26,268436282.0,60.0,0.1,2.6446153567831256
fw26,268436282.0,60.0,0.10592537251772892,2.6140644935599098
fw26,268436282.0,60.0,0.11220184543019636,2.5824400669573673
fw26,268436282.0,60.0,0.11885022274370183,2.5497376028153442
fw26,268436282.0,60.0,0.12589254117941676,2.515955709246181
fw26,268436282.0,60.0,0.1333521432163324,2.4810962705005717
fw26,268436282.0,60.0,0.14125375446227548,2.4451646280593953
fw26,268436282.0,60.0,0.14962356560944334,2.4081697460134386
fw26,268436282.0,60.0,0.1584893192461114,2.370124357793592
fw26,268436282.0,60.0,0.16788040181225605,2.331045091388993
fw26,268436282.0,60.0,0.1778279410038923,2.2909525703074873
fw26,268436282.0,60.0,0.18836490894898011,2.2498714877325416
fw26,268436282.0,60.0,0.19952623149688797,2.207830651574643
fw26,268436282.0,60.0,0.21134890398366477,2.1648629984328043
fw26,268436282.0,60.0,0.223872113856834,2.121005574847377
fw26,268436282.0,60.0,0.23713737056616552,2.076299484642494
fw26,268436282.0,60.0,0.25118864315095807,2.0307898016167014
fw26,268436282.0,60.0,0.26607250597988097,1.9845254473251916
fw26,268436282.0,60.0,0.2818382931264455,1.9375590342108266
fw26,268436282.0,60.0,0.298538261891796,1.88994667485196
fw26,268436282.0,60.0,0.31622776601683794,1.841747758610236
fw26,268436282.0,60.0,0.3349654391578278,1.7930246974514967
fw26,268436282.0,60.0,0.35481338923357547,1.7438426431780145
fw26,268436282.0,60.0,0.3758374042884443,1.6942691787311197
fw26,268436282.0,60.0,0.3981071705534973,1.644373986597041
fw26,268436282.0,60.0,0.4216965034285822,1.5942284976616308
fw26,268436282.0,60.0,0.44668359215096326,1.543905524110019
fw26,268436282.0,60.0,0.4731512589614805,1.4934788801509313
fw26,268436282.0,60.0,0.5011872336272725,1.4430229944584045
fw26,268436282.0,60.0,0.5308844442309885,1.3926125182712348
fw26,268436282.0,60.0,0.5623413251903491,1.3423219330686502
fw26,268436282.0,60.0,0.5956621435290106,1.2922251616619524
fw26,268436282.0,60.0,0.6309573444801932,1.2423951864021265
fw26,268436282.0,60.0,0.6683439175686149,1.1929036780173332
fw26,268436282.0,60.0,0.707945784384138,1.1438206383621805
fw26,268436282.0,60.0,0.7498942093324558,1.0952140600941227
fw26,268436282.0,60.0,0.7943282347242817,1.0471496059953724
fw26,268436282.0,60.0,0.8413951416451951,0.9996903103391748
fw26,268436282.0,60.0,0.8912509381337459,0.9528963043641725
fw26,268436282.0,60.0,0.9440608762859236,0.9068245675737805
fw26,268436282.0,60.0,1.0,0.8615287062261887
fw26,268436282.0,60.0,1.0592537251772887,0.817058760028417
fw26,268436282.0,60.0,1.1220184543019642,0.7734610376989159
fw26,268436282.0,60.0,1.188502227437019,0.7307779817228365
fw26,268436282.0,60.0,1.2589254117941675,0.6890480622935293
fw26,268436282.0,60.0,1.333521432163324,0.6483057001191154
fw26,268436282.0,60.0,1.412537544622754,0.6085812174741838
fw26,268436282.0,60.0,1.4962356560944343,0.5699008165999122
fw26,268436282.0,60.0,1.584893192461114,0.5322865843007871
fw26,268436282.0,60.0,1.6788040181225607,0.49575652135766335
fw26,268436282.0,60.0,1.7782794100389228,0.4603245951753465
fw26,268436282.0,60.0,1.8836490894898001,0.4260008139115313
fw26,268436282.0,60.0,1.9952623149688808,0.39279132019304086
fw26,268436282.0,60.0,2.1134890398366477,0.3606985024165987
fw26,268436282.0,60.0,2.23872113856834,0.32972112155463607
fw26,268436282.0,60.0,2.371373705661655,0.29985445134205013
fw26,268436282.0,60.0,2.5118864315095824,0.27109042970641944
fw26,268436282.0,60.0,2.6607250597988115,0.2434178193205179
fw26,268436282.0,60.0,2.818382931264455,0.21682237520042819
fw26,268436282.0,60.0,2.9853826189179604,0.1912870173421762
fw26,268436282.0,60.0,3.1622776601683795,0.16679200648278744
fw26,268436282.0,60.0,3.3496543915782793,0.14331512118370998
fw26,268436282.0,60.0,3.548133892335757,0.12083183456384047
fw26,268436282.0,60.0,3.758374042884443,0.09931548915104119
fw26,268436282.0,60.0,3.981071705534973,0.07873746847352026
fw26,268436282.0,60.0,4.216965034285822,0.05906736417061778
fw26,268436282.0,60.0,4.4668359215096345,0.040273137565715295
fw26,268436282.0,60.0,4.731512589614808,0.02232127480705542
fw26,268436282.0,60.0,5.011872336272725,0.005176934845160146
fw26,268436282.0,60.0,5.308844442309884,-0.01119591032534497
fw26,268436282.0,60.0,5.62341325190349,-0.02683434357700313
fw26,268436282.0,60.0,5.95662143529011,-0.041776378982502964
fw26,268436282.0,60.0,6.309573444801936,-0.056060846695662275
fw26,268436282.0,60.0,6.683439175686149,-0.06972728637122565
fw26,268436282.0,60.0,7.07945784384138,-0.08281584898529555
fw26,268436282.0,60.0,7.498942093324558,-0.09536720679604063
fw26,268436282.0,60.0,7.943282347242821,-0.10742247106703115
fw26,268436282.0,60.0,8.413951416451956,-0.11902311706348116
fw26,268436282.0,60.0,8.91250938133746,-0.13021091572253524
fw26,268436282.0,60.0,9.440608762859236,-0.14102787129155364
fw26,268436282.0,60.0,10.0,-0.15151616412182137
fw26,268436282.0,60.0,10.592537251772898,-0.16171809769709733
fw26,268436282.0,60.0,11.220184543019641,-0.1716760488660508
fw26,268436282.0,60.0,11.88502227437019,-0.18143242013286753
fw26,268436282.0,60.0,12.589254117941675,-0.19102959274064482
fw26,268436282.0,60.0,13.33521432163324,-0.20050987915635107
fw26,268436282.0,60.0,14.125375446227554,-0.20991547343409062
fw26,268436282.0,60.0,14.962356560944343,-0.21928839779604364
fw26,268436282.0,60.0,15.848931924611142,-0.22867044362898983
fw26,268436282.0,60.0,16.788040181225607,-0.23810310495213857
fw26,268436282.0,60.0,17.78279410038923,-0.2476275022739688
fw26,268436282.0,60.0,18.83649089489802,-0.25728429462882757
fw26,268436282.0,60.0,19.952623149688808,-0.2671135774783226
fw26,268436282.0,60.0,21.134890398366476,-0.2771547640912799
fw26,268436282.0,60.0,22.3872113856834,-0.28744644799617025
fw26,268436282.0,60.0,23.71373705661655,-0.2980262441537261
fw26,268436282.0,60.0,25.11886431509582,-0.30893060665053945
fw26,268436282.0,60.0,26.607250597988113,-0.3201946209994199
fw26,268436282.0,60.0,28.183829312644548,-0.33185176958434504
fw26,268436282.0,60.0,29.853826189179603,-0.34393366944763637
fw26,268436282.0,60.0,31.622776601683793,-0.35646978252566147
fw26,268436282.0,60.0,33.496543915782794,-0.36948709963755194
fw26,268436282.0,60.0,35.48133892335757,-0.3830098010522675
fw26,268436282.0,60.0,37.58374042884443,-0.3970588983238051
fw26,268436282.0,60.0,39.810717055349734,-0.41165186429045636
fw26,268436282.0,60.0,42.169650342858226,-0.42680226064690163
fw26,268436282.0,60.0,44.668359215096345,-0.44251937523689555
fw26,268436282.0,60.0,47.315125896148075,-0.45880788404197664
fw26,268436282.0,60.0,50.118723362727245,-0.47566755554994894
fw26,268436282.0,60.0,53.08844442309885,-0.493093017496772
fw26,268436282.0,60.0,56.23413251903491,-0.5110736075354276
fw26,268436282.0,60.0,59.56621435290109,-0.5295933297923365
fw26,268436282.0,60.0,63.095734448019364,-0.5486309381039086
fw26,268436282.0,60.0,66.83439175686149,-0.5681601635976617
fw26,268436282.0,60.0,70.79457843841381,-0.5881500989185164
fw26,268436282.0,60.0,74.98942093324558,-0.6085657437220825
fw26,268436282.0,60.0,79.43282347242821,-0.6293687062654638
fw26,268436282.0,60.0,84.13951416451955,-0.6505180445726856
fw26,268436282.0,60.0,89.12509381337459,-0.6719712186584814
fw26,268436282.0,60.0,94.40608762859236,-0.6936851139113411
fw26,268436282.0,60.0,100.0,-0.715617086423193
fw26,268436282.0,80.0,0.01,3.2102187938374254
fw26,268436282.0,80.0,0.010592537251772886,3.2054909399771003
fw26,268436282.0,80.0,0.011220184543019636,3.2004976705600456
fw26,268436282.0,80.0,0.011885022274370183,3.1952249740440473
fw26,268436282.0,80.0,0.012589254117941675,3.1896582032436904
fw26,268436282.0,80.0,0.01333521432163324,3.1837820588160413
fw26,268436282.0,80.0,0.01412537544622754,3.1775805738757157
fw26,268436282.0,80.0,0.014962356560944336,3.1710371000569726
fw26,268436282.0,80.0,0.015848931924611134,3.164134295213194
fw26,268436282.0,80.0,0.016788040181225608,3.156854113150889
fw26,268436282.0,80.0,0.01778279410038923,3.14917779566483
fw26,268436282.0,80.0,0.018836490894898,3.1410858672771553
fw26,268436282.0,80.0,0.0199526231496888,3.132558133056214
fw26,268436282.0,80.0,0.021134890398366465,3.123573679946483
fw26,268436282.0,80.0,0.0223872113856834,3.1141108820553125
fw26,268436282.0,80.0,0.023713737056616554,3.1041474103808953
fw26,268436282.0,80.0,0.025118864315095794,3.093660247487995
fw26,268436282.0,80.0,0.0266072505979881,3.0826257076579364
fw26,268436282.0,80.0,0.028183829312644536,3.071019463071681
fw26,268436282.0,80.0,0.029853826189179603,3.058816576590032
fw26,268436282.0,80.0,0.03162277660168379,3.045991541723905
fw26,268436282.0,80.0,0.03349654391578276,3.0325183303650576
fw26,268436282.0,80.0,0.03548133892335755,3.018370448880127
fw26,268436282.0,80.0,0.03758374042884443,3.0035210031341855
fw26,268436282.0,80.0,0.039810717055349734,2.9879427730014587
fw26,268436282.0,80.0,0.042169650342858224,2.9716082968846043
fw26,268436282.0,80.0,0.0446683592150963,2.9544899667228885
fw26,268436282.0,80.0,0.04731512589614805,2.936560133891209
fw26,268436282.0,80.0,0.05011872336272725,2.9177912263483443
fw26,268436282.0,80.0,0.053088444423098846,2.898155877260227
fw26,268436282.0,80.0,0.056234132519034905,2.877627065248406
fw26,268436282.0,80.0,0.059566214352901034,2.8561782662477175
fw26,268436282.0,80.0,0.06309573444801933,2.8337836168438155
fw26,268436282.0,80.0,0.06683439175686148,2.8104180887563586
fw26,268436282.0,80.0,0.0707945784384138,2.7860576739769574
fw26,268436282.0,80.0,0.07498942093324558,2.760679579845749
fw26,268436282.0,80.0,0.07943282347242814,2.734262433140028
fw26,268436282.0,80.0,0.08413951416451952,2.7067864920144142
fw26,268436282.0,80.0,0.08912509381337459,2.678233864391217
fw26,268436282.0,80.0,0.09440608762859236,2.648588731158779
fw26,268436282.0,80.0,0.1,2.61783757227886
fw26,268436282.0,80.0,0.10592537251772892,2.585969393681489
fw26,268436282.0,80.0,0.11220184543019636,2.5529759525889886
fw26,268436282.0,80.0,0.11885022274370183,2.518851978708949
fw26,268436282.0,80.0,0.12589254117941676,2.4835953885580273
fw26,268436282.0,80.0,0.1333521432163324,2.4472074900327567
fw26,268436282.0,80.0,0.14125375446227548,2.4096931742427667
fw26,268436282.0,80.0,0.14962356560944334,2.371061091563916
fw26,268436282.0,80.0,0.1584893192461114,2.3313238088712067
fw26,268436282.0,80.0,0.16788040181225605,2.290497944970436
fw26,268436282.0,80.0,0.1778279410038923,2.2486042813647718
fw26,268436282.0,80.0,0.18836490894898011,2.205667845680131
fw26,268436282.0,80.0,0.19952623149688797,2.1617179653198035
fw26,268436282.0,80.0,0.21134890398366477,2.1167882892318914
fw26,268436282.0,80.0,0.223872113856834,2.0709167760348564
fw26,268436282.0,80.0,0.23713737056616552,2.024145647171854
fw26,268436282.0,80.0,0.25118864315095807,1.9765213042203316
fw26,268436282.0,80.0,0.26607250597988097,1.9280942099813074
fw26,268436282.0,80.0,0.2818382931264455,1.878918733485254
fw26,268436282.0,80.0,0.298538261891796,1.8290529595814355
fw26,268436282.0,80.0,0.31622776601683794,1.7785584642940295
fw26,268436282.0,80.0,0.3349654391578278,1.7275000576409965
fw26,268436282.0,80.0,0.35481338923357547,1.6759454960854125
fw26,268436282.0,80.0,0.3758374042884443,1.6239651672317141
fw26,268436282.0,80.0,0.3981071705534973,1.5716317497698111
fw26,268436282.0,80.0,0.4216965034285822,1.5190198520040152
fw26,268436282.0,80.0,0.44668359215096326,1.4662056325780517
fw26,268436282.0,80.0,0.4731512589614805,1.4132664072120449
fw26,268436282.0,80.0,0.5011872336272725,1.3602802454063243
fw26,268436282.0,80.0,0.5308844442309885,1.307325561138225
fw26,268436282.0,80.0,0.5623413251903491,1.2544807015823358
fw26,268436282.0,80.0,0.5956621435290106,1.2018235378282618
fw26,268436282.0,80.0,0.6309573444801932,1.1494310614557672
fw26,268436282.0,80.0,0.6683439175686149,1.0973789906617444
fw26,268436282.0,80.0,0.707945784384138,1.0457413894223697
fw26,268436282.0,80.0,0.7498942093324558,0.9945903029243803
fw26,268436282.0,80.0,0.7943282347242817,0.9439954122166045
fw26,268436282.0,80.0,0.8413951416451951,0.8940237107252477
fw26,268436282.0,80.0,0.8912509381337459,0.8447392049465922
fw26,268436282.0,80.0,0.9440608762859236,0.7962026412880886
fw26,268436282.0,80.0,1.0,0.7484712606739754
fw26,268436282.0,80.0,1.0592537251772887,0.7015985821734394
fw26,268436282.0,80.0,1.1220184543019642,0.655634216548753
fw26,268436282.0,80.0,1.188502227437019,0.6106237102641655
fw26,268436282.0,80.0,1.2589254117941675,0.5666084201463873
fw26,268436282.0,80.0,1.333521432163324,0.5236254185480654
fw26,268436282.0,80.0,1.412537544622754,0.481707428541033
fw26,268436282.0,80.0,1.4962356560944343,0.4408827883590525
fw26,268436282.0,80.0,1.584893192461114,0.4011754440242961
fw26,268436282.0,80.0,1.6788040181225607,0.3626049688312774
fw26,268436282.0,80.0,1.7782794100389228,0.32518660812812755
fw26,268436282.0,80.0,1.8836490894898001,0.28893134763285067
fw26,268436282.0,80.0,1.9952623149688808,0.2538460033513068
fw26,268436282.0,80.0,2.1134890398366477,0.21993333102688692
fw26,268436282.0,80.0,2.23872113856834,0.18719215295054917
fw26,268436282.0,80.0,2.371373705661655,0.15561749989314644
fw26,268436282.0,80.0,2.5118864315095824,0.12520076589009857
fw26,268436282.0,80.0,2.6607250597988115,0.0959298736103604
fw26,268436282.0,80.0,2.818382931264455,0.06778944807519342
fw26,268436282.0,80.0,2.9853826189179604,0.04076099655533119
fw26,268436282.0,80.0,3.1622776601683795,0.01482309256440598
fw26,268436282.0,80.0,3.3496543915782793,-0.010048438019926772
fw26,268436282.0,80.0,3.548133892335757,-0.03388033054342926
fw26,268436282.0,80.0,3.758374042884443,-0.05670169655810844
fw26,268436282.0,80.0,3.981071705534973,-0.07854384172518085
fw26,268436282.0,80.0,4.216965034285822,-0.09944008799229816
fw26,268436282.0,80.0,4.4668359215096345,-0.11942560122156808
fw26,268436282.0,80.0,4.731512589614808,-0.1385372252652042
fw26,268436282.0,80.0,5.011872336272725,-0.1568133233050693
fw26,268436282.0,80.0,5.308844442309884,-0.1742936270936998
fw26,268436282.0,80.0,5.62341325190349,-0.19101909455924432
fw26,268436282.0,80.0,5.95662143529011,-0.20703177606627615
fw26,268436282.0,80.0,6.309573444801936,-0.22237468945959218
fw26,268436282.0,80.0,6.683439175686149,-0.2370917038589023
fw26,268436282.0,80.0,7.07945784384138,-0.25122743201893477
fw26,268436282.0,80.0,7.498942093324558,-0.26482713092139737
fw26,268436282.0,80.0,7.943282347242821,-0.27793661012115073
fw26,268436282.0,80.0,8.413951416451956,-0.290602147228616
fw26,268436282.0,80.0,8.91250938133746,-0.3028704097712464
fw26,268436282.0,80.0,9.440608762859236,-0.31478838253866726
fw26,268436282.0,80.0,10.0,-0.3264032993760204
fw26,268436282.0,80.0,10.592537251772898,-0.3377625782474079
fw26,268436282.0,80.0,11.220184543019641,-0.34891375824448834
fw26,268436282.0,80.0,11.88502227437019,-0.35990443706290903
fw26,268436282.0,80.0,12.589254117941675,-0.37078220731133216
fw26,268436282.0,80.0,13.33521432163324,-0.3815945898542619
fw26,268436282.0,80.0,14.125375446227554,-0.3923889622217443
fw26,268436282.0,80.0,14.962356560944343,-0.40321247994977083
fw26,268436282.0,80.0,15.848931924611142,-0.4141119885483514
fw26,268436282.0,80.0,16.788040181225607,-0.42513392363735314
fw26,268436282.0,80.0,17.78279410038923,-0.4363241966526935
fw26,268436282.0,80.0,18.83649089489802,-0.44772806342089744
fw26,268436282.0,80.0,19.952623149688808,-0.45938997284508093
fw26,268436282.0,80.0,21.134890398366476,-0.4713533929636946
fw26,268436282.0,80.0,22.3872113856834,-0.48366061176118935
fw26,268436282.0,80.0,23.71373705661655,-0.4963525103611422
fw26,268436282.0,80.0,25.11886431509582,-0.5094683066565008
fw26,268436282.0,80.0,26.607250597988113,-0.5230452680713202
fw26,268436282.0,80.0,28.183829312644548,-0.5371183930513505
fw26,268436282.0,80.0,29.853826189179603,-0.5517200620936127
fw26,268436282.0,80.0,31.622776601683793,-0.5668796606900166
fw26,268436282.0,80.0,33.496543915782794,-0.5826231785080253
fw26,268436282.0,80.0,35.48133892335757,-0.5989727914726407
fw26,268436282.0,80.0,37.58374042884443,-0.6159464361266278
fw26,268436282.0,80.0,39.810717055349734,-0.6335573886625292
fw26,268436282.0,80.0,42.169650342858226,-0.6518138642134697
fw26,268436282.0,80.0,44.668359215096345,-0.6707186551593471
fw26,268436282.0,80.0,47.315125896148075,-0.6902688300686791
fw26,268436282.0,80.0,50.118723362727245,-0.7104555170882988
fw26,268436282.0,80.0,53.08844442309885,-0.7312637966777186
fw26,268436282.0,80.0,56.23413251903491,-0.7526727280860217
fw26,268436282.0,80.0,59.56621435290109,-0.7746555314233767
fw26,268436282.0,80.0,63.095734448019364,-0.797179942209822
fw26,268436282.0,80.0,66.83439175686149,-0.8202087476953241
fw26,268436282.0,80.0,70.79457843841381,-0.8437005041200475
fw26,268436282.0,80.0,74.98942093324558,-0.867610421873986
fw26,268436282.0,80.0,79.43282347242821,-0.8918913920879233
fw26,268436282.0,80.0,84.13951416451955,-0.9164951148148383
fw26,268436282.0,80.0,89.12509381337459,-0.9413732772173774
fw26,268436282.0,80.0,94.40608762859236,-0.96647872175121
fw26,268436282.0,80.0,100.0,-0.991766540759151
fw26,268436282.0,100.0,0.01,3.207526101780474
fw26,268436282.0,100.0,0.010592537251772886,3.202642053061056
fw26,268436282.0,100.0,0.011220184543019636,3.1974837327016443
fw26,268436282.0,100.0,0.011885022274370183,3.192036651161063
fw26,268436282.0,100.0,0.012589254117941675,3.186285660285064
fw26,268436282.0,100.0,0.01333521432163324,3.180214936017028
fw26,268436282.0,100.0,0.01412537544622754,3.173807962287344
fw26,268436282.0,100.0,0.014962356560944336,3.1670475162980862
fw26,268436282.0,100.0,0.015848931924611134,3.159915655565172
fw26,268436282.0,100.0,0.016788040181225608,3.1523937069593915
fw26,268436282.0,100.0,0.01778279410038923,3.1444622581381867
fw26,268436282.0,100.0,0.018836490894898,3.1361011517203097
fw26,268436282.0,100.0,0.0199526231496888,3.1272894826206503
fw26,268436282.0,100.0,0.021134890398366465,3.1180055989603535
fw26,268436282.0,100.0,0.0223872113856834,3.108227107044982
fw26,268436282.0,100.0,0.023713737056616554,3.0979308808813233
fw26,268436282.0,100.0,0.025118864315095794,3.087093076766523
fw26,268436282.0,100.0,0.0266072505979881,3.075689153489764
fw26,268436282.0,100.0,0.028183829312644536,3.0636938987355076
fw26,268436282.0,100.0,0.029853826189179603,3.0510814622449827
fw26,268436282.0,100.0,0.03162277660168379,3.0378253963706836
fw26,268436282.0,100.0,0.03349654391578276,3.0238987046059616
fw26,268436282.0,100.0,0.03548133892335755,3.0092738987162653
fw26,268436282.0,100.0,0.03758374042884443,2.9939230650551956
fw26,268436282.0,100.0,0.039810717055349734,2.97781794064902
fw26,268436282.0,100.0,0.042169650342858224,2.960929999600054
fw26,268436282.0,100.0,0.0446683592150963,2.943230550285471
fw26,268436282.0,100.0,0.04731512589614805,2.924690843817702
fw26,268436282.0,100.0,0.05011872336272725,2.905282194100452
fw26,268436282.0,100.0,0.053088444423098846,2.8849761097637274
fw26,268436282.0,100.0,0.056234132519034905,2.863744438111153
fw26,268436282.0,100.0,0.059566214352901034,2.841559521115659
fw26,268436282.0,100.0,0.06309573444801933,2.81839436331587
fw26,268436282.0,100.0,0.06683439175686148,2.7942228113071397
fw26,268436282.0,100.0,0.0707945784384138,2.7690197443380917
fw26,268436282.0,100.0,0.07498942093324558,2.7427612752921533
fw26,268436282.0,100.0,0.07943282347242814,2.715424961133159
fw26,268436282.0,100.0,0.08413951416451952,2.6869900216411495
fw26,268436282.0,100.0,0.08912509381337459,2.6574375650173545
fw26,268436282.0,100.0,0.09440608762859236,2.6267508187024755
fw26,268436282.0,100.0,0.1,2.5949153634715274
fw26,268436282.0,100.0,0.10592537251772892,2.561919368654548
fw26,268436282.0,100.0,0.11220184543019636,2.527753826072226
fw26,268436282.0,100.0,0.11885022274370183,2.492412780077094
fw26,268436282.0,100.0,0.12589254117941676,2.4558935509034763
fw26,268436282.0,100.0,0.1333521432163324,2.4181969483647334
fw26,268436282.0,100.0,0.14125375446227548,2.379327472843492
fw26,268436282.0,100.0,0.14962356560944334,2.339293500444185
fw26,268436282.0,100.0,0.1584893192461114,2.2981074491743656
fw26,268436282.0,100.0,0.16788040181225605,2.255785923078721
fw26,268436282.0,100.0,0.1778279410038923,2.2123498313548113
fw26,268436282.0,100.0,0.18836490894898011,2.167824479668197
fw26,268436282.0,100.0,0.19952623149688797,2.1222396311272322
fw26,268436282.0,100.0,0.21134890398366477,2.075629534683844
fw26,268436282.0,100.0,0.223872113856834,2.028032919097275
fw26,268436282.0,100.0,0.23713737056616552,1.9794929510150747
fw26,268436282.0,100.0,0.25118864315095807,1.9300571561897992
fw26,268436282.0,100.0,0.26607250597988097,1.8797773033518268
fw26,268436282.0,100.0,0.2818382931264455,1.8287092507741034
fw26,268436282.0,100.0,0.298538261891796,1.776912756107058
fw26,268436282.0,100.0,0.31622776601683794,1.7244512505852738
fw26,268436282.0,100.0,0.3349654391578278,1.671391579232045
fw26,268436282.0,100.0,0.35481338923357547,1.6178037091767112
fw26,268436282.0,100.0,0.3758374042884443,1.563760408654704
fw26,268436282.0,100.0,0.3981071705534973,1.5093368996693135
fw26,268436282.0,100.0,0.4216965034285822,1.4546104876450567
fw26,268436282.0,100.0,0.44668359215096326,1.3996601716953234
fw26,268436282.0,100.0,0.4731512589614805,1.3445662393526114
fw26,268436282.0,100.0,0.5011872336272725,1.2894098497690714
fw26,268436282.0,100.0,0.5308844442309885,1.2342726094863936
fw26,268436282.0,100.0,0.5623413251903491,1.1792361449012283
fw26,268436282.0,100.0,0.5956621435290106,1.1243816755155562
fw26,268436282.0,100.0,0.6309573444801932,1.0697895919673648
fw26,268436282.0,100.0,0.6683439175686149,1.0155390426914497
fw26,268436282.0,100.0,0.707945784384138,0.9617075328649544
fw26,268436282.0,100.0,0.7498942093324558,0.9083705390578457
fw26,268436282.0,100.0,0.7943282347242817,0.8556011427397303
fw26,268436282.0,100.0,0.8413951416451951,0.8034696854934016
fw26,268436282.0,100.0,0.8912509381337459,0.7520434484639985
fw26,268436282.0,100.0,0.9440608762859236,0.7013863582300951
fw26,268436282.0,100.0,1.0,0.6515587209278324
fw26,268436282.0,100.0,1.0592537251772887,0.6026169860942309
fw26,268436282.0,100.0,1.1220184543019642,0.5546135413262858
fw26,268436282.0,100.0,1.188502227437019,0.5075965384814806
fw26,268436282.0,100.0,1.2589254117941675,0.4616097517786676
fw26,268436282.0,100.0,1.333521432163324,0.41669246779840935
fw26,268436282.0,100.0,1.412537544622754,0.37287940703451167
fw26,268436282.0,100.0,1.4962356560944343,0.33020067631573247
fw26,268436282.0,100.0,1.584893192461114,0.2886817511058842
fw26,268436282.0,100.0,1.6788040181225607,0.2483434864013018
fw26,268436282.0,100.0,1.7782794100389228,0.2092021546850117
fw26,268436282.0,100.0,1.8836490894898001,0.17126950916697214
fw26,268436282.0,100.0,1.9952623149688808,0.13455287034385596
fw26,268436282.0,100.0,2.1134890398366477,0.09905523375146016
fw26,268436282.0,100.0,2.23872113856834,0.06477539666020134
fw26,268436282.0,100.0,2.371373705661655,0.03170810137864842
fw26,268436282.0,100.0,2.5118864315095824,-0.00015580721686316615
fw26,268436282.0,100.0,2.6607250597988115,-0.03082921231937078
fw26,268436282.0,100.0,2.818382931264455,-0.06032854636316442
fw26,268436282.0,100.0,2.9853826189179604,-0.0886736050408451
fw26,268436282.0,100.0,3.1622776601683795,-0.11588735638886684
fw26,268436282.0,100.0,3.3496543915782793,-0.14199574705084164
fw26,268436282.0,100.0,3.548133892335757,-0.1670275076910801
fw26,268436282.0,100.0,3.758374042884443,-0.19101395937510587
fw26,268436282.0,100.0,3.981071705534973,-0.21398882256282772
fw26,268436282.0,100.0,4.216965034285822,-0.2359880301776207
fw26,268436282.0,100.0,4.4668359215096345,-0.2570495460240943
fw26,268436282.0,100.0,4.731512589614808,-0.27721318963235275
fw26,268436282.0,100.0,5.011872336272725,-0.29652046840938046
fw26,268436282.0,100.0,5.308844442309884,-0.31501441778174916
fw26,268436282.0,100.0,5.62341325190349,-0.3327394498193898
fw26,268436282.0,100.0,5.95662143529011,-0.3497412106395431
fw26,268436282.0,100.0,6.309573444801936,-0.3660664467036366
fw26,268436282.0,100.0,6.683439175686149,-0.381762879938385
fw26,268436282.0,100.0,7.07945784384138,-0.39687909143525524
fw26,268436282.0,100.0,7.498942093324558,-0.41146441330947814
fw26,268436282.0,100.0,7.943282347242821,-0.4255688281299788
fw26,268436282.0,100.0,8.413951416451956,-0.4392428751630226
fw26,268436282.0,100.0,8.91250938133746,-0.4525375625050246
fw26,268436282.0,100.0,9.440608762859236,-0.46550428401050575
fw26,268436282.0,100.0,10.0,-0.47819473974975746
fw26,268436282.0,100.0,10.592537251772898,-0.4906608585545672
fw26,268436282.0,100.0,11.220184543019641,-0.5029547210297837
fw26,268436282.0,100.0,11.88502227437019,-0.5151284812218172
fw26,268436282.0,100.0,12.589254117941675,-0.5272342849439255
fw26,268436282.0,100.0,13.33521432163324,-0.5393241825632424
fw26,268436282.0,100.0,14.125375446227554,-0.5514500338600058
fw26,268436282.0,100.0,14.962356560944343,-0.5636634023797564
fw26,268436282.0,100.0,15.848931924611142,-0.5760154365238985
fw26,268436282.0,100.0,16.788040181225607,-0.5885567344727242
fw26,268436282.0,100.0,17.78279410038923,-0.6013371899252125
fw26,268436282.0,100.0,18.83649089489802,-0.6144058155899457
fw26,268436282.0,100.0,19.952623149688808,-0.6278105413990258
fw26,268436282.0,100.0,21.134890398366476,-0.6415979845722811
fw26,268436282.0,100.0,22.3872113856834,-0.6558131889712498
fw26,268436282.0,100.0,23.71373705661655,-0.6704993316956597
fw26,268436282.0,100.0,25.11886431509582,-0.6856973956380173
fw26,268436282.0,100.0,26.607250597988113,-0.7014458077772816
fw26,268436282.0,100.0,28.183829312644548,-0.7177800444112536
fw26,268436282.0,100.0,29.853826189179603,-0.7347322063439721
fw26,268436282.0,100.0,31.622776601683793,-0.7523305692893912
fw26,268436282.0,100.0,33.496543915782794,-0.7705991174304375
fw26,268436282.0,100.0,35.48133892335757,-0.7895570711493525
fw26,268436282.0,100.0,37.58374042884443,-0.8092184233338172
fw26,268436282.0,100.0,39.810717055349734,-0.8295915022058677
fw26,268436282.0,100.0,42.169650342858226,-0.8506785820773858
fw26,268436282.0,100.0,44.668359215096345,-0.8724755664739434
fw26,268436282.0,100.0,47.315125896148075,-0.8949717702659741
fw26,268436282.0,100.0,50.118723362727245,-0.9181498283086319
fw26,268436282.0,100.0,53.08844442309885,-0.941985757090551
fw26,268436282.0,100.0,56.23413251903491,-0.9664491925304272
fw26,268436282.0,100.0,59.56621435290109,-0.9915038209575584
fw26,268436282.0,100.0,63.095734448019364,-1.0171080113127977
fw26,268436282.0,100.0,66.83439175686149,-1.0432156448843553
fw26,268436282.0,100.0,70.79457843841381,-1.0697771250459385
fw26,268436282.0,100.0,74.98942093324558,-1.0967405345538364
fw26,268436282.0,100.0,79.43282347242821,-1.124052893473083
fw26,268436282.0,100.0,84.13951416451955,-1.1516614585254583
fw26,268436282.0,100.0,89.12509381337459,-1.1795149964328069
fw26,268436282.0,100.0,94.40608762859236,-1.2075649612710089
fw26,268436282.0,100.0,100.0,-1.235766509981055
fw26_ai,268436282.0,5.0,0.01,22.541889804483134
fw26_ai,268436282.0,5.0,0.010592537251772886,22.39328479434565
fw26_ai,268436282.0,5.0,0.011220184543019636,22.238650156457112
fw26_ai,268436282.0,5.0,0.011885022274370183,22.07787593396614
fw26_ai,268436282.0,5.0,0.012589254117941675,21.910863147008158
fw26_ai,268436282.0,5.0,0.01333521432163324,21.737525048201626
fw26_ai,268436282.0,5.0,0.01412537544622754,21.557788385366322
fw26_ai,268436282.0,5.0,0.014962356560944336,21.371594658335333
fw26_ai,268436282.0,5.0,0.015848931924611134,21.178901355540912
fw26_ai,268436282.0,5.0,0.016788040181225608,20.979683154970193
fw26_ai,268436282.0,5.0,0.01778279410038923,20.773933073175282
fw26_ai,268436282.0,5.0,0.018836490894898,20.561663545363952
fw26_ai,268436282.0,5.0,0.0199526231496888,20.342907419227082
fw26_ai,268436282.0,5.0,0.021134890398366465,20.117718844990282
fw26_ai,268436282.0,5.0,0.0223872113856834,19.88617404453674
fw26_ai,268436282.0,5.0,0.023713737056616554,19.648371942989858
fw26_ai,268436282.0,5.0,0.025118864315095794,19.404434647191817
fw26_ai,268436282.0,5.0,0.0266072505979881,19.15450775691515
fw26_ai,268436282.0,5.0,0.028183829312644536,18.89876049640882
fw26_ai,268436282.0,5.0,0.029853826189179603,18.63738565603837
fw26_ai,268436282.0,5.0,0.03162277660168379,18.370599336269986
fw26_ai,268436282.0,5.0,0.03349654391578276,18.098640489006637
fw26_ai,268436282.0,5.0,0.03548133892335755,17.821770254291167
fw26_ai,268436282.0,5.0,0.03758374042884443,17.540271093582493
fw26_ai,268436282.0,5.0,0.039810717055349734,17.25444572401274
fw26_ai,268436282.0,5.0,0.042169650342858224,16.964615861367154
fw26_ai,268436282.0,5.0,0.0446683592150963,16.671120782658708
fw26_ai,268436282.0,5.0,0.04731512589614805,16.374315722235824
fw26_ai,268436282.0,5.0,0.05011872336272725,16.074570118117595
fw26_ai,268436282.0,5.0,0.053088444423098846,15.772265727745266
fw26_ai,268436282.0,5.0,0.056234132519034905,15.46779463441197
fw26_ai,268436282.0,5.0,0.059566214352901034,15.161557167296426
fw26_ai,268436282.0,5.0,0.06309573444801933,14.853959759211024
fw26_ai,268436282.0,5.0,0.06683439175686148,14.545412766873062
fw26_ai,268436282.0,5.0,0.0707945784384138,14.236328278683327
fw26_ai,268436282.0,5.0,0.07498942093324558,13.92711793471821
fw26_ai,268436282.0,5.0,0.07943282347242814,13.61819078283649
fw26_ai,268436282.0,5.0,0.08413951416451952,13.309951193622483
fw26_ai,268436282.0,5.0,0.08912509381337459,13.00279685526825
fw26_ai,268436282.0,5.0,0.09440608762859236,12.697116867584045
fw26_ai,268436282.0,5.0,0.1,12.393289952126134
fw26_ai,268436282.0,5.0,0.10592537251772892,12.091682793029007
fw26_ai,268436282.0,5.0,0.11220184543019636,11.792648520607528
fw26_ai,268436282.0,5.0,0.11885022274370183,11.496525347194234
fw26_ai,268436282.0,5.0,0.12589254117941676,11.20363536207028
fw26_ai,268436282.0,5.0,0.1333521432163324,10.914283489816656
fw26_ai,268436282.0,5.0,0.14125375446227548,10.628756613961466
fw26_ai,268436282.0,5.0,0.14962356560944334,10.347322865521692
fw26_ai,268436282.0,5.0,0.1584893192461114,10.070231073927761
fw26_ai,268436282.0,5.0,0.16788040181225605,9.797710375943907
fw26_ai,268436282.0,5.0,0.1778279410038923,9.529969976529962
fw26_ai,268436282.0,5.0,0.18836490894898011,9.26719905418965
fw26_ai,268436282.0,5.0,0.19952623149688797,9.009566802181396
fw26_ai,268436282.0,5.0,0.21134890398366477,8.757222596048997
fw26_ai,268436282.0,5.0,0.223872113856834,8.51029627724429
fw26_ai,268436282.0,5.0,0.23713737056616552,8.268898542152286
fw26_ai,268436282.0,5.0,0.25118864315095807,8.033121425572434
fw26_ai,268436282.0,5.0,0.26607250597988097,7.803038867636436
fw26_ai,268436282.0,5.0,0.2818382931264455,7.578707353238477
fw26_ai,268436282.0,5.0,0.298538261891796,7.3601666132898265
fw26_ai,268436282.0,5.0,0.31622776601683794,7.147440377464212
fw26_ai,268436282.0,5.0,0.3349654391578278,6.940537168559076
fw26_ai,268436282.0,5.0,0.35481338923357547,6.739451129128863
fw26_ai,268436282.0,5.0,0.3758374042884443,6.5441628716390285
fw26_ai,268436282.0,5.0,0.3981071705534973,6.354640344022457
fw26_ai,268436282.0,5.0,0.4216965034285822,6.170839703177822
fw26_ai,268436282.0,5.0,0.44668359215096326,5.992706189616789
fw26_ai,268436282.0,5.0,0.4731512589614805,5.82017499713495
fw26_ai,268436282.0,5.0,0.5011872336272725,5.653172132036421
fw26_ai,268436282.0,5.0,0.5308844442309885,5.491615257079775
fw26_ai,268436282.0,5.0,0.5623413251903491,5.335414515920238
fw26_ai,268436282.0,5.0,0.5956621435290106,5.184473334406111
fw26_ai,268436282.0,5.0,0.6309573444801932,5.03868919562965
fw26_ai,268436282.0,5.0,0.6683439175686149,4.897954386141912
fw26_ai,268436282.0,5.0,0.707945784384138,4.762156711213647
fw26_ai,268436282.0,5.0,0.7498942093324558,4.631180177455534
fw26_ai,268436282.0,5.0,0.7943282347242817,4.504905641509893
fw26_ai,268436282.0,5.0,0.8413951416451951,4.383211423884964
fw26_ai,268436282.0,5.0,0.8912509381337459,4.265973887330203
fw26_ai,268436282.0,5.0,0.9440608762859236,4.153067979445145
fw26_ai,268436282.0,5.0,1.0,4.044367739477068
fw26_ai,268436282.0,5.0,1.0592537251772887,3.9397467694994606
fw26_ai,268436282.0,5.0,1.1220184543019642,3.8390786703712125
fw26_ai,268436282.0,5.0,1.188502227437019,3.7422374430624488
fw26_ai,268436282.0,5.0,1.2589254117941675,3.6490978560950746
fw26_ai,268436282.0,5.0,1.333521432163324,3.5595357799884213
fw26_ai,268436282.0,5.0,1.412537544622754,3.473428489723855
fw26_ai,268436282.0,5.0,1.4962356560944343,3.3906549363472607
fw26_ai,268436282.0,5.0,1.584893192461114,3.311095988918097
fw26_ai,268436282.0,5.0,1.6788040181225607,3.234634648087189
fw26_ai,268436282.0,5.0,1.7782794100389228,3.1611562326455322
fw26_ai,268436282.0,5.0,1.8836490894898001,3.0905485404320987
fw26_ai,268436282.0,5.0,1.9952623149688808,3.0227019850227013
fw26_ai,268436282.0,5.0,2.1134890398366477,2.957509709643215
fw26_ai,268436282.0,5.0,2.23872113856834,2.894867679761207
fw26_ai,268436282.0,5.0,2.371373705661655,2.8346747558099374
fw26_ai,268436282.0,5.0,2.5118864315095824,2.7768327474888794
fw26_ai,268436282.0,5.0,2.6607250597988115,2.721246451066318
fw26_ai,268436282.0,5.0,2.818382931264455,2.6678236710823477
fw26_ai,268436282.0,5.0,2.9853826189179604,2.6164752278162475
fw26_ai,268436282.0,5.0,3.1622776601683795,2.5671149518409893
fw26_ai,268436282.0,5.0,3.3496543915782793,2.519659666940685
fw26_ai,268436282.0,5.0,3.548133892335757,2.474029162614749
fw26_ai,268436282.0,5.0,3.758374042884443,2.4301461573365044
fw26_ai,268436282.0,5.0,3.981071705534973,2.3879362536744866
fw26_ai,268436282.0,5.0,4.216965034285822,2.347327886322756
fw26_ai,268436282.0,5.0,4.4668359215096345,2.3082522640229484
fw26_ai,268436282.0,5.0,4.731512589614808,2.270643306296033
fw26_ai,268436282.0,5.0,5.011872336272725,2.234437575837019
fw26_ai,268436282.0,5.0,5.308844442309884,2.1995742073609885
fw26_ai,268436282.0,5.0,5.62341325190349,2.1659948336255144
fw26_ai,268436282.0,5.0,5.95662143529011,2.1336435092918933
fw26_ai,268436282.0,5.0,6.309573444801936,2.102466633227584
fw26_ai,268436282.0,5.0,6.683439175686149,2.0724128697937845
fw26_ai,268436282.0,5.0,7.07945784384138,2.043433069606652
fw26_ai,268436282.0,5.0,7.498942093324558,2.0154801902076476
fw26_ai,268436282.0,5.0,7.943282347242821,1.9885092170287024
fw26_ai,268436282.0,5.0,8.413951416451956,1.962477084990952
fw26_ai,268436282.0,5.0,8.91250938133746,1.9373426010321624
fw26_ai,268436282.0,5.0,9.440608762859236,1.9130663678174467
fw26_ai,268436282.0,5.0,10.0,1.8896107088504543
fw26_ai,268436282.0,5.0,10.592537251772898,1.8669395951681094
fw26_ai,268436282.0,5.0,11.220184543019641,1.8450185737706548
fw26_ai,268436282.0,5.0,11.88502227437019,1.8238146979105907
fw26_ai,268436282.0,5.0,12.589254117941675,1.8032964593387146
fw26_ai,268436282.0,5.0,13.33521432163324,1.7834337225826449
fw26_ai,268436282.0,5.0,14.125375446227554,1.7641976613132448
fw26_ai,268436282.0,5.0,14.962356560944343,1.745560696836415
fw26_ai,268436282.0,5.0,15.848931924611142,1.7274964387324738
fw26_ai,268436282.0,5.0,16.788040181225607,1.7099796276518437
fw26_ai,268436282.0,5.0,17.78279410038923,1.6929860802644865
fw26_ai,268436282.0,5.0,18.83649089489802,1.6764926363509387
fw26_ai,268436282.0,5.0,19.952623149688808,1.660477108015033
fw26_ai,268436282.0,5.0,21.134890398366476,1.6449182309920451
fw26_ai,268436282.0,5.0,22.3872113856834,1.6297956180212945
fw26_ai,268436282.0,5.0,23.71373705661655,1.6150897142487015
fw26_ai,268436282.0,5.0,25.11886431509582,1.600781754622641
fw26_ai,268436282.0,5.0,26.607250597988113,1.5868537232453646
fw26_ai,268436282.0,5.0,28.183829312644548,1.5732883146423033
fw26_ai,268436282.0,5.0,29.853826189179603,1.5600688969126213
fw26_ai,268436282.0,5.0,31.622776601683793,1.547179476726397
fw26_ai,268436282.0,5.0,33.496543915782794,1.5346046661366832
fw26_ai,268436282.0,5.0,35.48133892335757,1.5223296511785387
fw26_ai,268436282.0,5.0,37.58374042884443,1.5103401622316142
fw26_ai,268436282.0,5.0,39.810717055349734,1.4986224461283895
fw26_ai,268436282.0,5.0,42.169650342858226,1.4871632399962034
fw26_ai,268436282.0,5.0,44.668359215096345,1.4759497468281944
fw26_ai,268436282.0,5.0,47.315125896148075,1.4649696127858454
fw26_ai,268436282.0,5.0,50.118723362727245,1.4542109062440962
fw26_ai,268436282.0,5.0,53.08844442309885,1.4436620985989288
fw26_ai,268436282.0,5.0,56.23413251903491,1.4333120468667329
fw26_ai,268436282.0,5.0,59.56621435290109,1.4231499781147459
fw26_ai,268436282.0,5.0,63.095734448019364,1.4131654757720584
fw26_ai,268436282.0,5.0,66.83439175686149,1.4033484678811097
fw26_ai,268436282.0,5.0,70.79457843841381,1.3936892173599078
fw26_ai,268436282.0,5.0,74.98942093324558,1.3841783143551365
fw26_ai,268436282.0,5.0,79.43282347242821,1.3748066707753952
fw26_ai,268436282.0,5.0,84.13951416451955,1.3655655171015766
fw26_ai,268436282.0,5.0,89.12509381337459,1.3564464015770765
fw26_ai,268436282.0,5.0,94.40608762859236,1.3474411918833702
fw26_ai,268436282.0,5.0,100.0,1.3385420794053338
fw26_ai,268436282.0,10.0,0.01,22.541115220480414
fw26_ai,268436282.0,10.0,0.010592537251772886,22.39247113127318
fw26_ai,268436282.0,10.0,0.011220184543019636,22.237795745244412
fw26_ai,268436282.0,10.0,0.011885022274370183,22.07697905893519
fw26_ai,268436282.0,10.0,0.012589254117941675,21.909922046049193
fw26_ai,268436282.0,10.0,0.01333521432163324,21.73653791303186
fw26_ai,268436282.0,10.0,0.01412537544622754,21.55675336174942
fw26_ai,268436282.0,10.0,0.014962356560944336,21.37050984631774
fw26_ai,268436282.0,10.0,0.015848931924611134,21.17776480962034
fw26_ai,268436282.0,10.0,0.016788040181225608,20.978492884183126
fw26_ai,268436282.0,10.0,0.01778279410038923,20.772687041103964
fw26_ai,268436282.0,10.0,0.018836490894898,20.56035966997938
fw26_ai,268436282.0,10.0,0.0199526231496888,20.34154357258148
fw26_ai,268436282.0,10.0,0.021134890398366465,20.116292852693462
fw26_ai,268436282.0,10.0,0.0223872113856834,19.884683685003925
fw26_ai,268436282.0,10.0,0.023713737056616554,19.646814946396148
fw26_ai,268436282.0,10.0,0.025118864315095794,19.402808694143264
fw26_ai,268436282.0,10.0,0.0266072505979881,19.152810476769385
fw26_ai,268436282.0,10.0,0.028183829312644536,18.896989465234807
fw26_ai,268436282.0,10.0,0.029853826189179603,18.635538394191453
fw26_ai,268436282.0,10.0,0.03162277660168379,18.36867330555193
fw26_ai,268436282.0,10.0,0.03349654391578276,18.096633089411945
fw26_ai,268436282.0,10.0,0.03548133892335755,17.819678820322114
fw26_ai,268436282.0,10.0,0.03758374042884443,17.53809289012679
fw26_ai,268436282.0,10.0,0.039810717055349734,17.252177941806803
fw26_ai,268436282.0,10.0,0.042169650342858224,16.96225561204353
fw26_ai,268436282.0,10.0,0.0446683592150963,16.66866509339813
fw26_ai,268436282.0,10.0,0.04731512589614805,16.37176153006677
fw26_ai,268436282.0,10.0,0.05011872336272725,16.071914263882096
fw26_ai,268436282.0,10.0,0.053088444423098846,15.769504949791083
fw26_ai,268436282.0,10.0,0.056234132519034905,15.464925562048784
fw26_ai,268436282.0,10.0,0.059566214352901034,15.158576314088855
fw26_ai,268436282.0,10.0,0.06309573444801933,14.85086351616056
fw26_ai,268436282.0,10.0,0.06683439175686148,14.542197395567088
fw26_ai,268436282.0,10.0,0.0707945784384138,14.232989904489296
fw26_ai,268436282.0,10.0,0.07498942093324558,13.923652540093816
fw26_ai,268436282.0,10.0,0.07943282347242814,13.614594200851615
fw26_ai,268436282.0,10.0,0.08413951416451952,13.306219101773223
fw26_ai,268436282.0,10.0,0.08912509381337459,12.998924769676051
fw26_ai,268436282.0,10.0,0.09440608762859236,12.693100137671069
fw26_ai,268436282.0,10.0,0.1,12.389123755858629
fw26_ai,268436282.0,10.0,0.10592537251772892,12.087362132822975
fw26_ai,268436282.0,10.0,0.11220184543019636,11.78816821999017
fw26_ai,268436282.0,10.0,0.11885022274370183,11.491880048307577
fw26_ai,268436282.0,10.0,0.12589254117941676,11.198819524114395
fw26_ai,268436282.0,10.0,0.1333521432163324,10.90929138851403
fw26_ai,268436282.0,10.0,0.14125375446227548,10.62358234213056
fw26_ai,268436282.0,10.0,0.14962356560944334,10.341960334836834
fw26_ai,268436282.0,10.0,0.1584893192461114,10.064674017946363
fw26_ai,268436282.0,10.0,0.16788040181225605,9.791952354465673
fw26_ai,268436282.0,10.0,0.1778279410038923,9.524004381356677
fw26_ai,268436282.0,10.0,0.18836490894898011,9.26101911633918
fw26_ai,268436282.0,10.0,0.19952623149688797,9.003165600604593
fw26_ai,268436282.0,10.0,0.21134890398366477,8.750593067886756
fw26_ai,268436282.0,10.0,0.223872113856834,8.503431229651662
fw26_ai,268436282.0,10.0,0.23713737056616552,8.261790665703728
fw26_ai,268436282.0,10.0,0.25118864315095807,8.025763309247148
fw26_ai,268436282.0,10.0,0.26607250597988097,7.795423015369532
fw26_ai,268436282.0,10.0,0.2818382931264455,7.570826202005124
fw26_ai,268436282.0,10.0,0.298538261891796,7.352012552673005
fw26_ai,268436282.0,10.0,0.31622776601683794,7.139005770636604
fw26_ai,268436282.0,10.0,0.3349654391578278,6.93181437459051
fw26_ai,268436282.0,10.0,0.35481338923357547,6.7304325265086895
fw26_ai,268436282.0,10.0,0.3758374042884443,6.534840882883955
fw26_ai,268436282.0,10.0,0.3981071705534973,6.345007461217202
fw26_ai,268436282.0,10.0,0.4216965034285822,6.160888514275858
fw26_ai,268436282.0,10.0,0.44668359215096326,5.982429405309149
fw26_ai,268436282.0,10.0,0.4731512589614805,5.8095654780754975
fw26_ai,268436282.0,10.0,0.5011872336272725,5.642222916196218
fw26_ai,268436282.0,10.0,0.5308844442309885,5.480319586987163
fw26_ai,268436282.0,10.0,0.5623413251903491,5.323765865533204
fw26_ai,268436282.0,10.0,0.5956621435290106,5.172465435354034
fw26_ai,268436282.0,10.0,0.6309573444801932,5.026316062556391
fw26_ai,268436282.0,10.0,0.6683439175686149,4.885210340882774
fw26_ai,268436282.0,10.0,0.707945784384138,4.749036405540791
fw26_ai,268436282.0,10.0,0.7498942093324558,4.6176786141352855
fw26_ai,268436282.0,10.0,0.7943282347242817,4.491018193427131
fw26_ai,268436282.0,10.0,0.8413951416451951,4.368933851007177
fw26_ai,268436282.0,10.0,0.8912509381337459,4.251302351304421
fw26_ai,268436282.0,10.0,0.9440608762859236,4.137999055645535
fw26_ai,268436282.0,10.0,1.0,4.028898426349987
fw26_ai,268436282.0,10.0,1.0592537251772887,3.923874495082966
fw26_ai,268436282.0,10.0,1.1220184543019642,3.8228012959001436
fw26_ai,268436282.0,10.0,1.188502227437019,3.725553263604235
fw26_ai,268436282.0,10.0,1.2589254117941675,3.632005598197401
fw26_ai,268436282.0,10.0,1.333521432163324,3.54203459635542
fw26_ai,268436282.0,10.0,1.412537544622754,3.4555179509715095
fw26_ai,268436282.0,10.0,1.4962356560944343,3.372335019922627
fw26_ai,268436282.0,10.0,1.584893192461114,3.2923670652969115
fw26_ai,268436282.0,10.0,1.6788040181225607,3.2154974643931054
fw26_ai,268436282.0,10.0,1.7782794100389228,3.1416118938582183
fw26_ai,268436282.0,10.0,1.8836490894898001,3.0705984883728052
fw26_ai,268436282.0,10.0,1.9952623149688808,3.002347975322382
fw26_ai,268436282.0,10.0,2.1134890398366477,2.936753786910994
fw26_ai,268436282.0,10.0,2.23872113856834,2.873712151179502
fw26_ai,268436282.0,10.0,2.371373705661655,2.8131221633867436
fw26_ai,268436282.0,10.0,2.5118864315095824,2.7548858391979576
fw26_ai,268436282.0,10.0,2.6607250597988115,2.6989081511028052
fw26_ai,268436282.0,10.0,2.818382931264455,2.645097049454288
fw26_ai,268436282.0,10.0,2.9853826189179604,2.5933634694831453
fw26_ai,268436282.0,10.0,3.1622776601683795,2.5436213255979268
fw26_ai,268436282.0,10.0,3.3496543915782793,2.495787494232432
fw26_ai,268436282.0,10.0,3.548133892335757,2.4497817864482703
fw26_ai,268436282.0,10.0,3.758374042884443,2.4055269114433306
fw26_ai,268436282.0,10.0,3.981071705534973,2.362948432056463
fw26_ai,268436282.0,10.0,4.216965034285822,2.3219747132968758
fw26_ai,268436282.0,10.0,4.4668359215096345,2.2825368648628483
fw26_ai,268436282.0,10.0,4.731512589614808,2.2445686785502716
fw26_ai,268436282.0,10.0,5.011872336272725,2.2080065613874074
fw26_ai,268436282.0,10.0,5.308844442309884,2.1727894652684205
fw26_ai,268436282.0,10.0,5.62341325190349,2.138858813795934
fw26_ai,268436282.0,10.0,5.95662143529011,2.106158426981745
fw26_ai,268436282.0,10.0,6.309573444801936,2.0746344443959885
fw26_ai,268436282.0,10.0,6.683439175686149,2.0442352472982854
fw26_ai,268436282.0,10.0,7.07945784384138,2.0149113802303855
fw26_ai,268436282.0,10.0,7.498942093324558,1.9866154724984388
fw26_ai,268436282.0,10.0,7.943282347242821,1.9593021599248306
fw26_ai,268436282.0,10.0,8.413951416451956,1.9329280072040638
fw26_ai,268436282.0,10.0,8.91250938133746,1.907451431155154
fw26_ai,268436282.0,10.0,9.440608762859236,1.882832625123919
fw26_ai,268436282.0,10.0,10.0,1.8590334847527228
fw26_ai,268436282.0,10.0,10.592537251772898,1.8360175353023658
fw26_ai,268436282.0,10.0,11.220184543019641,1.8137498606811648
fw26_ai,268436282.0,10.0,11.88502227437019,1.7921970343093034
fw26_ai,268436282.0,10.0,12.589254117941675,1.7713270519226265
fw26_ai,268436282.0,10.0,13.33521432163324,1.7511092663987102
fw26_ai,268436282.0,10.0,14.125375446227554,1.731514324669299
fw26_ai,268436282.0,10.0,14.962356560944343,1.7125141067670344
fw26_ai,268436282.0,10.0,15.848931924611142,1.694081667040389
fw26_ai,268436282.0,10.0,16.788040181225607,1.6761911775590184
fw26_ai,268436282.0,10.0,17.78279410038923,1.6588178737221748
fw26_ai,268436282.0,10.0,18.83649089489802,1.6419380020750245
fw26_ai,268436282.0,10.0,19.952623149688808,1.6255287703319663
fw26_ai,268436282.0,10.0,21.134890398366476,1.6095682996019092
fw26_ai,268436282.0,10.0,22.3872113856834,1.5940355788080522
fw26_ai,268436282.0,10.0,23.71373705661655,1.5789104212937446
fw26_ai,268436282.0,10.0,25.11886431509582,1.5641734236067029
fw26_ai,268436282.0,10.0,26.607250597988113,1.5498059264556991
fw26_ai,268436282.0,10.0,28.183829312644548,1.5357899778372655
fw26_ai,268436282.0,10.0,29.853826189179603,1.5221082983344165
fw26_ai,268436282.0,10.0,31.622776601683793,1.5087442485952178
fw26_ai,268436282.0,10.0,33.496543915782794,1.4956817990058442
fw26_ai,268436282.0,10.0,35.48133892335757,1.4829055015806554
fw26_ai,268436282.0,10.0,37.58374042884443,1.4704004641006423
fw26_ai,268436282.0,10.0,39.810717055349734,1.4581523265411642
fw26_ai,268436282.0,10.0,42.169650342858226,1.44614723984016
fw26_ai,268436282.0,10.0,44.668359215096345,1.4343718470685654
fw26_ai,268436282.0,10.0,47.315125896148075,1.4228132670755194
fw26_ai,268436282.0,10.0,50.118723362727245,1.4114590806913643
fw26_ai,268436282.0,10.0,53.08844442309885,1.4002973195813382
fw26_ai,268436282.0,10.0,56.23413251903491,1.389316457851299
fw26_ai,268436282.0,10.0,59.56621435290109,1.3785054065132993
fw26_ai,268436282.0,10.0,63.095734448019364,1.3678535109222894
fw26_ai,268436282.0,10.0,66.83439175686149,1.3573505512944535
fw26_ai,268436282.0,10.0,70.79457843841381,1.3469867464114489
fw26_ai,268436282.0,10.0,74.98942093324558,1.336752760601214
fw26_ai,268436282.0,10.0,79.43282347242821,1.3266397140632027
fw26_ai,268436282.0,10.0,84.13951416451955,1.3166391965715531
fw26_ai,268436282.0,10.0,89.12509381337459,1.3067432845412432
fw26_ai,268436282.0,10.0,94.40608762859236,1.2969445613769512
fw26_ai,268436282.0,10.0,100.0,1.2872361409392252
fw26_ai,268436282.0,20.0,0.01,22.539922444378554
fw26_ai,268436282.0,20.0,0.010592537251772886,22.391217876952883
fw26_ai,268436282.0,20.0,0.011220184543019636,22.23647939749268
fw26_ai,268436282.0,20.0,0.011885022274370183,22.075596926059106
fw26_ai,268436282.0,20.0,0.012589254117941675,21.908471359869573
fw26_ai,268436282.0,20.0,0.01333521432163324,21.73501582889102
fw26_ai,268436282.0,20.0,0.01412537544622754,21.55515695850095
fw26_ai,268436282.0,20.0,0.014962356560944336,21.36883612627337
fw26_ai,268436282.0,20.0,0.015848931924611134,21.176010698417272
fw26_ai,268436282.0,20.0,0.016788040181225608,20.97665523053288
fw26_ai,268436282.0,20.0,0.01778279410038923,20.77076261636036
fw26_ai,268436282.0,20.0,0.018836490894898,20.558345167516574
fw26_ai,268436282.0,20.0,0.0199526231496888,20.339435606882866
fw26_ai,268436282.0,20.0,0.021134890398366465,20.114087958135265
fw26_ai,268436282.0,20.0,0.0223872113856834,19.882378314258347
fw26_ai,268436282.0,20.0,0.023713737056616554,19.64440546844803
fw26_ai,268436282.0,20.0,0.025118864315095794,19.400291391805958
fw26_ai,268436282.0,20.0,0.0266072505979881,19.150181543715284
fw26_ai,268436282.0,20.0,0.028183829312644536,18.89424500246194
fw26_ai,268436282.0,20.0,0.029853826189179603,18.632674405914003
fw26_ai,268436282.0,20.0,0.03162277660168379,18.365685694476742
fw26_ai,268436282.0,20.0,0.03349654391578276,18.093517651373187
fw26_ai,268436282.0,20.0,0.03548133892335755,17.816431238285872
fw26_ai,268436282.0,20.0,0.03758374042884443,17.534708727549404
fw26_ai,268436282.0,20.0,0.039810717055349734,17.2486526353525
fw26_ai,268436282.0,20.0,0.042169650342858224,16.95858446369477
fw26_ai,268436282.0,20.0,0.0446683592150963,16.66484326199554
fw26_ai,268436282.0,20.0,0.04731512589614805,16.367784022299805
fw26_ai,268436282.0,20.0,0.05011872336272725,16.067775924819525
fw26_ai,268436282.0,20.0,0.053088444423098846,15.765200452992906
fw26_ai,268436282.0,20.0,0.056234132519034905,15.460449399359739
fw26_ai,268436282.0,20.0,0.059566214352901034,15.153922785188213
fw26_ai,268436282.0,20.0,0.06309573444801933,14.846026717980564
fw26_ai,268436282.0,20.0,0.06683439175686148,14.537171211682486
fw26_ai,268436282.0,20.0,0.0707945784384138,14.227767994602987
fw26_ai,268436282.0,20.0,0.07498942093324558,13.91822832973552
fw26_ai,268436282.0,20.0,0.07943282347242814,13.608960871429172
fw26_ai,268436282.0,20.0,0.08413951416451952,13.300369581104702
fw26_ai,268436282.0,20.0,0.08912509381337459,12.99285172315029
fw26_ai,268436282.0,20.0,0.09440608762859236,12.686795960177484
fw26_ai,268436282.0,20.0,0.1,12.382580564628014
fw26_ai,268436282.0,20.0,0.10592537251772892,12.080571761331235
fw26_ai,268436282.0,20.0,0.11220184543019636,11.78112221306588
fw26_ai,268436282.0,20.0,0.11885022274370183,11.48456965859278
fw26_ai,268436282.0,20.0,0.12589254117941676,11.191235710016423
fw26_ai,268436282.0,20.0,0.1333521432163324,10.901424813789866
fw26_ai,268436282.0,20.0,0.14125375446227548,10.61542337723815
fw26_ai,268436282.0,20.0,0.14962356560944334,10.33349906018251
fw26_ai,268436282.0,20.0,0.1584893192461114,10.055900229149302
fw26_ai,268436282.0,20.0,0.16788040181225605,9.782855569751971
fw26_ai,268436282.0,20.0,0.1778279410038923,9.51457385118767
fw26_ai,268436282.0,20.0,0.18836490894898011,9.251243835364201
fw26_ai,268436282.0,20.0,0.19952623149688797,8.993034322015934
fw26_ai,268436282.0,20.0,0.21134890398366477,8.740094320238201
fw26_ai,268436282.0,20.0,0.223872113856834,8.492553336184018
fw26_ai,268436282.0,20.0,0.23713737056616552,8.250521766201432
fw26_ai,268436282.0,20.0,0.25118864315095807,8.014091384426463
fw26_ai,268436282.0,20.0,0.26607250597988097,7.783335913775631
fw26_ai,268436282.0,20.0,0.2818382931264455,7.558311669366875
fw26_ai,268436282.0,20.0,0.298538261891796,7.3390582636355886
fw26_ai,268436282.0,20.0,0.31622776601683794,7.125599362763593
fw26_ai,268436282.0,20.0,0.3349654391578278,6.917943484490849
fw26_ai,268436282.0,20.0,0.35481338923357547,6.71608482791418
fw26_ai,268436282.0,20.0,0.3758374042884443,6.520004126466295
fw26_ai,268436282.0,20.0,0.3981071705534973,6.329669515900949
fw26_ai,268436282.0,20.0,0.4216965034285822,6.145037409769199
fw26_ai,268436282.0,20.0,0.44668359215096326,5.966053375542642
fw26_ai,268436282.0,20.0,0.4731512589614805,5.792653005208505
fw26_ai,268436282.0,20.0,0.5011872336272725,5.624762774823525
fw26_ai,268436282.0,20.0,0.5308844442309885,5.462300888154863
fw26_ai,268436282.0,20.0,0.5623413251903491,5.305178100153691
fw26_ai,268436282.0,20.0,0.5956621435290106,5.153298516596386
fw26_ai,268436282.0,20.0,0.6309573444801932,5.006560366780461
fw26_ai,268436282.0,20.0,0.6683439175686149,4.86485674668417
fw26_ai,268436282.0,20.0,0.707945784384138,4.72807633047915
fw26_ai,268436282.0,20.0,0.7498942093324558,4.596104048731572
fw26_ai,268436282.0,20.0,0.7943282347242817,4.468821732035335
fw26_ai,268436282.0,20.0,0.8413951416451951,4.346108719192937
fw26_ai,268436282.0,20.0,0.8912509381337459,4.227842429396985
fw26_ai,268436282.0,20.0,0.9440608762859236,4.113898898170047
fw26_ai,268436282.0,20.0,1.0,4.004153277092021
fw26_ai,268436282.0,20.0,1.0592537251772887,3.8984802975882586
fw26_ai,268436282.0,20.0,1.1220184543019642,3.796754699265714
fw26_ai,268436282.0,20.0,1.188502227437019,3.698851623473927
fw26_ai,268436282.0,20.0,1.2589254117941675,3.6046469729319366
fw26_ai,268436282.0,20.0,1.333521432163324,3.514017738404446
fw26_ai,268436282.0,20.0,1.412537544622754,3.4268422935315397
fw26_ai,268436282.0,20.0,1.4962356560944343,3.3430006590177586
fw26_ai,268436282.0,20.0,1.584893192461114,3.2623747374696688
fw26_ai,268436282.0,20.0,1.6788040181225607,3.1848485202375105
fw26_ai,268436282.0,20.0,1.7782794100389228,3.1103082676675404
fw26_ai,268436282.0,20.0,1.8836490894898001,3.0386426642079294
fw26_ai,268436282.0,20.0,1.9952623149688808,2.9697429498342527
fw26_ai,268436282.0,20.0,2.1134890398366477,2.903503029271218
fw26_ai,268436282.0,20.0,2.23872113856834,2.839819560486794
fw26_ai,268436282.0,20.0,2.371373705661655,2.77859202392412
fw26_ai,268436282.0,20.0,2.5118864315095824,2.7197227739164296
fw26_ai,268436282.0,20.0,2.6607250597988115,2.6631170737017795
fw26_ai,268436282.0,20.0,2.818382931264455,2.6086831154186543
fw26_ai,268436282.0,20.0,2.9853826189179604,2.556332026421269
fw26_ai,268436282.0,20.0,3.1622776601683795,2.505977863205702
fw26_ai,268436282.0,20.0,3.3496543915782793,2.4575375941855686
fw26_ai,268436282.0,20.0,3.548133892335757,2.410931072500041
fw26_ai,268436282.0,20.0,3.758374042884443,2.3660809999777426
fw26_ai,268436282.0,20.0,3.981071705534973,2.3229128833190034
fw26_ai,268436282.0,20.0,4.216965034285822,2.2813549834964184
fw26_ai,268436282.0,20.0,4.4668359215096345,2.2413382593101585
fw26_ai,268436282.0,20.0,4.731512589614808,2.2027963059712437
fw26_ai,268436282.0,20.0,5.011872336272725,2.1656652895228703
fw26_ai,268436282.0,20.0,5.308844442309884,2.129883877848108
fw26_ai,268436282.0,20.0,5.62341325190349,2.0953931689516665
fw26_ai,268436282.0,20.0,5.95662143529011,2.0621366171448114
fw26_ai,268436282.0,20.0,6.309573444801936,2.030059957706058
fw26_ai,268436282.0,20.0,6.683439175686149,1.9991111305361824
fw26_ai,268436282.0,20.0,7.07945784384138,1.9692402032748433
fw26_ai,268436282.0,20.0,7.498942093324558,1.9403992942976156
fw26_ai,268436282.0,20.0,7.943282347242821,1.9125424959666246
fw26_ai,268436282.0,20.0,8.413951416451956,1.8856257984658156
fw26_ai,268436282.0,20.0,8.91250938133746,1.8596070145123424
fw26_ai,268436282.0,20.0,9.440608762859236,1.8344457051996013
fw26_ai,268436282.0,20.0,10.0,1.8101031071943194
fw26_ai,268436282.0,20.0,10.592537251772898,1.7865420614802487
fw26_ai,268436282.0,20.0,11.220184543019641,1.7637269438140655
fw26_ai,268436282.0,20.0,11.88502227437019,1.7416235970352125
fw26_ai,268436282.0,20.0,12.589254117941675,1.7201992653503209
fw26_ai,268436282.0,20.0,13.33521432163324,1.6994225306946547
fw26_ai,268436282.0,20.0,14.125375446227554,1.6792632512573875
fw26_ai,268436282.0,20.0,14.962356560944343,1.6596925022446427
fw26_ai,268436282.0,20.0,15.848931924611142,1.6406825189436092
fw26_ai,268436282.0,20.0,16.788040181225607,1.6222066421431607
fw26_ai,268436282.0,20.0,17.78279410038923,1.604239265960333
fw26_ai,268436282.0,20.0,18.83649089489802,1.5867557881186296
fw26_ai,268436282.0,20.0,19.952623149688808,1.5697325627224126
fw26_ai,268436282.0,20.0,21.134890398366476,1.5531468555721524
fw26_ai,268436282.0,20.0,22.3872113856834,1.5369768020675036
fw26_ai,268436282.0,20.0,23.71373705661655,1.521201367749237
fw26_ai,268436282.0,20.0,25.11886431509582,1.5058003115366054
fw26_ai,268436282.0,20.0,26.607250597988113,1.490754151723667
fw26_ai,268436282.0,20.0,28.183829312644548,1.4760441348062883
fw26_ai,268436282.0,20.0,29.853826189179603,1.4616522072205795
fw26_ai,268436282.0,20.0,31.622776601683793,1.44756099008317
fw26_ai,268436282.0,20.0,33.496543915782794,1.433753757033507
fw26_ai,268436282.0,20.0,35.48133892335757,1.4202144152877307
fw26_ai,268436282.0,20.0,37.58374042884443,1.4069274900219846
fw26_ai,268436282.0,20.0,39.810717055349734,1.393878112209334
fw26_ai,268436282.0,20.0,42.169650342858226,1.3810520100377925
fw26_ai,268436282.0,20.0,44.668359215096345,1.3684355040359686
fw26_ai,268436282.0,20.0,47.315125896148075,1.3560155060258565
fw26_ai,268436282.0,20.0,50.118723362727245,1.3437795220076123
fw26_ai,268436282.0,20.0,53.08844442309885,1.331715659056262
fw26_ai,268436282.0,20.0,56.23413251903491,1.3198126362728886
fw26_ai,268436282.0,20.0,59.56621435290109,1.3080597997797612
fw26_ai,268436282.0,20.0,63.095734448019364,1.2964471416771775
fw26_ai,268436282.0,20.0,66.83439175686149,1.284965322785997
fw26_ai,268436282.0,20.0,70.79457843841381,1.2736056988806792
fw26_ai,268436282.0,20.0,74.98942093324558,1.2623603499703318
fw26_ai,268436282.0,20.0,79.43282347242821,1.2512221120073228
fw26_ai,268436282.0,20.0,84.13951416451955,1.2401846101938914
fw26_ai,268436282.0,20.0,89.12509381337459,1.2292422928176885
fw26_ai,268436282.0,20.0,94.40608762859236,1.2183904642817276
fw26_ai,268436282.0,20.0,100.0,1.207625315710551
fw26_ai,268436282.0,40.0,0.01,22.538082238008368
fw26_ai,268436282.0,40.0,0.010592537251772886,22.389283897347312
fw26_ai,268436282.0,40.0,0.011220184543019636,22.23444753976064
fw26_ai,268436282.0,40.0,0.011885022274370183,22.073462960086772
fw26_ai,268436282.0,40.0,0.012589254117941675,21.906230929749523
fw26_ai,268436282.0,40.0,0.01333521432163324,21.732664452352495
fw26_ai,268436282.0,40.0,0.01412537544622754,21.55269002631715
fw26_ai,268436282.0,40.0,0.014962356560944336,21.366248901581635
fw26_ai,268436282.0,40.0,0.015848931924611134,21.173298315884168
fw26_ai,268436282.0,40.0,0.016788040181225608,20.97381269535268
fw26_ai,268436282.0,40.0,0.01778279410038923,20.767784802937214
fw26_ai,268436282.0,40.0,0.018836490894898,20.555226817860447
fw26_ai,268436282.0,40.0,0.0199526231496888,20.336171328536746
fw26_ai,268436282.0,40.0,0.021134890398366465,20.11067222165951
fw26_ai,268436282.0,40.0,0.0223872113856834,19.878805450125494
fw26_ai,268436282.0,40.0,0.023713737056616554,19.64066966330754
fw26_ai,268436282.0,40.0,0.025118864315095794,19.396386684056377
fw26_ai,268436282.0,40.0,0.0266072505979881,19.146101818266217
fw26_ai,268436282.0,40.0,0.028183829312644536,18.889983984703697
fw26_ai,268436282.0,40.0,0.029853826189179603,18.62822565477709
fw26_ai,268436282.0,40.0,0.03162277660168379,18.361042594577473
fw26_ai,268436282.0,40.0,0.03349654391578276,18.088673404218426
fw26_ai,268436282.0,40.0,0.03548133892335755,17.811378852499747
fw26_ai,268436282.0,40.0,0.03758374042884443,17.529441008141188
fw26_ai,268436282.0,40.0,0.039810717055349734,17.243162172046073
fw26_ai,268436282.0,40.0,0.042169650342858224,16.95286361834579
fw26_ai,268436282.0,40.0,0.0446683592150963,16.658884155145476
fw26_ai,268436282.0,40.0,0.04731512589614805,16.36157851895571
fw26_ai,268436282.0,40.0,0.05011872336272725,16.061315619526034
fw26_ai,268436282.0,40.0,0.053088444423098846,15.758476654321171
fw26_ai,268436282.0,40.0,0.056234132519034905,15.453453113929022
fw26_ai,268436282.0,40.0,0.059566214352901034,15.146644701359412
fw26_ai,268436282.0,40.0,0.06309573444801933,14.838457189387745
fw26_ai,268436282.0,40.0,0.06683439175686148,14.529300240761543
fw26_ai,268436282.0,40.0,0.0707945784384138,14.219585216302683
fw26_ai,268436282.0,40.0,0.07498942093324558,13.909722995612384
fw26_ai,268436282.0,40.0,0.07943282347242814,13.600121834325067
fw26_ai,268436282.0,40.0,0.08413951416451952,13.291185280620734
fw26_ai,268436282.0,40.0,0.08912509381337459,12.983310172133114
fw26_ai,268436282.0,40.0,0.09440608762859236,12.676884732450409
fw26_ai,268436282.0,40.0,0.1,12.37228678418751
fw26_ai,268436282.0,40.0,0.10592537251772892,12.069882093242784
fw26_ai,268436282.0,40.0,0.11220184543019636,11.770022856285154
fw26_ai,268436282.0,40.0,0.11885022274370183,11.473046340944874
fw26_ai,268436282.0,40.0,0.12589254117941676,11.179273685558273
fw26_ai,268436282.0,40.0,0.1333521432163324,10.889008862775219
fw26_ai,268436282.0,40.0,0.14125375446227548,10.602537808899621
fw26_ai,268436282.0,40.0,0.14962356560944334,10.320127718538691
fw26_ai,268436282.0,40.0,0.1584893192461114,10.042026502028337
fw26_ai,268436282.0,40.0,0.16788040181225605,9.768462401219503
fw26_ai,268436282.0,40.0,0.1778279410038923,9.499643757536626
fw26_ai,268436282.0,40.0,0.18836490894898011,9.235758924821642
fw26_ai,268436282.0,40.0,0.19952623149688797,8.976976318287218
fw26_ai,268436282.0,40.0,0.21134890398366477,8.723444589991255
fw26_ai,268436282.0,40.0,0.223872113856834,8.475292920544646
fw26_ai,268436282.0,40.0,0.23713737056616552,8.232631416298615
fw26_ai,268436282.0,40.0,0.25118864315095807,7.995551600992544
fw26_ai,268436282.0,40.0,0.26607250597988097,7.764126990762303
fw26_ai,268436282.0,40.0,0.2818382931264455,7.538413741500425
fw26_ai,268436282.0,40.0,0.298538261891796,7.318451357782785
fw26_ai,268436282.0,40.0,0.31622776601683794,7.104263452932089
fw26_ai,268436282.0,40.0,0.3349654391578278,6.895858550237285
fw26_ai,268436282.0,40.0,0.35481338923357547,6.693230915875942
fw26_ai,268436282.0,40.0,0.3758374042884443,6.4963614146799715
fw26_ai,268436282.0,40.0,0.3981071705534973,6.305218380514475
fw26_ai,268436282.0,40.0,0.4216965034285822,6.119758493700399
fw26_ai,268436282.0,40.0,0.44668359215096326,5.93992765858433
fw26_ai,268436282.0,40.0,0.4731512589614805,5.765661875032377
fw26_ai,268436282.0,40.0,0.5011872336272725,5.59688809828953
fw26_ai,268436282.0,40.0,0.5308844442309885,5.433525082295768
fw26_ai,268436282.0,40.0,0.5623413251903491,5.275484202173509
fw26_ai,268436282.0,40.0,0.5956621435290106,5.12267025219799
fw26_ai,268436282.0,40.0,0.6309573444801932,4.974982216126495
fw26_ai,268436282.0,40.0,0.6683439175686149,4.8323140072924105
fw26_ai,268436282.0,40.0,0.707945784384138,4.694555176362284
fw26_ai,268436282.0,40.0,0.7498942093324558,4.561591585112433
fw26_ai,268436282.0,40.0,0.7943282347242817,4.433306045000849
fw26_ai,268436282.0,40.0,0.8413951416451951,4.3095789196937355
fw26_ai,268436282.0,40.0,0.8912509381337459,4.19028869105464
fw26_ai,268436282.0,40.0,0.9440608762859236,4.07531248841861
fw26_ai,268436282.0,40.0,1.0,3.9645265812547748
fw26_ai,268436282.0,40.0,1.0592537251772887,3.8578068355714095
fw26_ai,268436282.0,40.0,1.1220184543019642,3.755029134638477
fw26_ai,268436282.0,40.0,1.188502227437019,3.656069764795016
fw26_ai,268436282.0,40.0,1.2589254117941675,3.560805767275745
fw26_ai,268436282.0,40.0,1.333521432163324,3.4691152571330837
fw26_ai,268436282.0,40.0,1.412537544622754,3.380877710449376
fw26_ai,268436282.0,40.0,1.4962356560944343,3.2959742211321617
fw26_ai,268436282.0,40.0,1.584893192461114,3.214287728662244
fw26_ai,268436282.0,40.0,1.6788040181225607,3.13570321822371
fw26_ai,268436282.0,40.0,1.7782794100389228,3.060107894687183
fw26_ai,268436282.0,40.0,1.8836490894898001,2.987391331944379
fw26_ai,268436282.0,40.0,1.9952623149688808,2.9174455991041284
fw26_ai,268436282.0,40.0,2.1134890398366477,2.8501653650606227
fw26_ai,268436282.0,40.0,2.23872113856834,2.785447982932703
fw26_ai,268436282.0,40.0,2.371373705661655,2.7231935558513656
fw26_ai,268436282.0,40.0,2.5118864315095824,2.6633049855428372
fw26_ai,268436282.0,40.0,2.6607250597988115,2.6056880051160873
fw26_ai,268436282.0,40.0,2.818382931264455,2.5502511974194992
fw26_ai,268436282.0,40.0,2.9853826189179604,2.496906000281642
fw26_ai,268436282.0,40.0,3.1622776601683795,2.4455666998969847
fw26_ai,268436282.0,40.0,3.3496543915782793,2.3961504135597314
fw26_ai,268436282.0,40.0,3.548133892335757,2.3485770628891984
fw26_ai,268436282.0,40.0,3.758374042884443,2.3027693386282047
fw26_ai,268436282.0,40.0,3.981071705534973,2.2586526580334034
fw26_ai,268436282.0,40.0,4.216965034285822,2.21615511581352
fw26_ai,268436282.0,40.0,4.4668359215096345,2.1752074295087147
fw26_ai,268436282.0,40.0,4.731512589614808,2.1357428801424647
fw26_ai,268436282.0,40.0,5.011872336272725,2.0976972489169006
fw26_ai,268436282.0,40.0,5.308844442309884,2.0610087506635453
fw26_ai,268436282.0,40.0,5.62341325190349,2.0256179647047157
fw26_ai,268436282.0,40.0,5.95662143529011,1.9914677637261993
fw26_ai,268436282.0,40.0,6.309573444801936,1.9585032412101175
fw26_ai,268436282.0,40.0,6.683439175686149,1.9266716379274724
fw26_ai,268436282.0,40.0,7.07945784384138,1.8959222679438774
fw26_ai,268436282.0,40.0,7.498942093324558,1.8662064445486384
fw26_ai,268436282.0,40.0,7.943282347242821,1.8374774064772494
fw26_ai,268436282.0,40.0,8.413951416451956,1.8096902447606158
fw26_ai,268436282.0,40.0,8.91250938133746,1.7828018305004687
fw26_ai,268436282.0,40.0,9.440608762859236,1.7567707438400282
fw26_ai,268436282.0,40.0,10.0,1.731557204371733
fw26_ai,268436282.0,40.0,10.592537251772898,1.7071230031996827
fw26_ai,268436282.0,40.0,11.220184543019641,1.6834314368535663
fw26_ai,268436282.0,40.0,11.88502227437019,1.6604472432329105
fw26_ai,268436282.0,40.0,12.589254117941675,1.6381365397456946
fw26_ai,268436282.0,40.0,13.33521432163324,1.6164667637933776
fw26_ai,268436282.0,40.0,14.125375446227554,1.5954066157453861
fw26_ai,268436282.0,40.0,14.962356560944343,1.5749260045396656
fw26_ai,268436282.0,40.0,15.848931924611142,1.5549959960422381
fw26_ai,268436282.0,40.0,16.788040181225607,1.5355887642972796
fw26_ai,268436282.0,40.0,17.78279410038923,1.5166775458001818
fw26_ai,268436282.0,40.0,18.83649089489802,1.4982365969289189
fw26_ai,268436282.0,40.0,19.952623149688808,1.4802411546735634
fw26_ai,268436282.0,40.0,21.134890398366476,1.4626674008096097
fw26_ai,268436282.0,40.0,22.3872113856834,1.4454924296672969
fw26_ai,268436282.0,40.0,23.71373705661655,1.4286942196558519
fw26_ai,268436282.0,40.0,25.11886431509582,1.4122516087075812
fw26_ai,268436282.0,40.0,26.607250597988113,1.3961442738110887
fw26_ai,268436282.0,40.0,28.183829312644548,1.3803527148044417
fw26_ai,268436282.0,40.0,29.853826189179603,1.3648582425960958
fw26_ai,268436282.0,40.0,31.622776601683793,1.3496429719723244
fw26_ai,268436282.0,40.0,33.496543915782794,1.334689819132252
fw26_ai,268436282.0,40.0,35.48133892335757,1.3199825040630062
fw26_ai,268436282.0,40.0,37.58374042884443,1.3055055578248902
fw26_ai,268436282.0,40.0,39.810717055349734,1.2912443347564757
fw26_ai,268436282.0,40.0,42.169650342858226,1.2771850295283746
fw26_ai,268436282.0,40.0,44.668359215096345,1.2633146988683175
fw26_ai,268436282.0,40.0,47.315125896148075,1.2496212876450687
fw26_ai,268436282.0,40.0,50.118723362727245,1.2360936588309672
fw26_ai,268436282.0,40.0,53.08844442309885,1.2227216266598615
fw26_ai,268436282.0,40.0,56.23413251903491,1.209495992057225
fw26_ai,268436282.0,40.0,59.56621435290109,1.19640857914332
fw26_ai,268436282.0,40.0,63.095734448019364,1.1834522713023647
fw26_ai,268436282.0,40.0,66.83439175686149,1.1706210449791639
fw26_ai,268436282.0,40.0,70.79457843841381,1.1579099990238468
fw26_ai,268436282.0,40.0,74.98942093324558,1.1453153770760338
fw26_ai,268436282.0,40.0,79.43282347242821,1.1328345801908077
fw26_ai,268436282.0,40.0,84.13951416451955,1.120466166697143
fw26_ai,268436282.0,40.0,89.12509381337459,1.1082098361893333
fw26_ai,268436282.0,40.0,94.40608762859236,1.096066394633107
fw26_ai,268436282.0,40.0,100.0,1.0840376978716224
fw26_ai,268436282.0,60.0,0.01,22.536570319786687
fw26_ai,268436282.0,60.0,0.010592537251772886,22.387694638036685
fw26_ai,268436282.0,60.0,0.011220184543019636,22.23277752227078
fw26_ai,268436282.0,60.0,0.011885022274370183,22.071708659832154
fw26_ai,268436282.0,60.0,0.012589254117941675,21.90438871386476
fw26_ai,268436282.0,60.0,0.01333521432163324,21.730730578826496
fw26_ai,268436282.0,60.0,0.01412537544622754,21.55066064315475
fw26_ai,268436282.0,60.0,0.014962356560944336,21.364120045851116
fw26_ai,268436282.0,60.0,0.015848931924611134,21.171065912659788
fw26_ai,268436282.0,60.0,0.016788040181225608,20.971472556449577
fw26_ai,268436282.0,60.0,0.01778279410038923,20.76533262547199
fw26_ai,268436282.0,60.0,0.018836490894898,20.552658182472126
fw26_ai,268436282.0,60.0,0.0199526231496888,20.333481697300076
fw26_ai,268436282.0,60.0,0.021134890398366465,20.107856935591148
fw26_ai,268436282.0,60.0,0.0223872113856834,19.875859726221393
fw26_ai,268436282.0,60.0,0.023713737056616554,19.63758859106399
fw26_ai,268436282.0,60.0,0.025118864315095794,19.39316522140987
fw26_ai,268436282.0,60.0,0.0266072505979881,19.14273478692538
fw26_ai,268436282.0,60.0,0.028183829312644536,18.886466064781803
fw26_ai,268436282.0,60.0,0.029853826189179603,18.6245513787274
fw26_ai,268436282.0,60.0,0.03162277660168379,18.35720634038167
fw26_ai,268436282.0,60.0,0.03349654391578276,18.08466938780429
fw26_ai,268436282.0,60.0,0.03548133892335755,17.80720111939289
fw26_ai,268436282.0,60.0,0.03758374042884443,17.525083424342736
fw26_ai,268436282.0,60.0,0.039810717055349734,17.238618414152818
fw26_ai,268436282.0,60.0,0.042169650342858224,16.94812716294278
fw26_ai,268436282.0,60.0,0.0446683592150963,16.653948267522466
fw26_ai,268436282.0,60.0,0.04731512589614805,16.356436241192306
fw26_ai,268436282.0,60.0,0.05011872336272725,16.05595975803668
fw26_ai,268436282.0,60.0,0.053088444423098846,15.752899766935803
fw26_ai,268436282.0,60.0,0.056234132519034905,15.447647496611571
fw26_ai,268436282.0,60.0,0.059566214352901034,15.140602374691978
fw26_ai,268436282.0,60.0,0.06309573444801933,14.832169884933869
fw26_ai,268436282.0,60.0,0.06683439175686148,14.522759387460667
fw26_ai,268436282.0,60.0,0.0707945784384138,14.21278192704202
fw26_ai,268436282.0,60.0,0.07498942093324558,13.902648054138494
fw26_ai,268436282.0,60.0,0.07943282347242814,13.592765682657697
fw26_ai,268436282.0,60.0,0.08413951416451952,13.28353800715792
fw26_ai,268436282.0,60.0,0.08912509381337459,12.975361500618439
fw26_ai,268436282.0,60.0,0.09440608762859236,12.668624011990437
fw26_ai,268436282.0,60.0,0.1,12.363702980514418
fw26_ai,268436282.0,60.0,0.10592537251772892,12.06096378140535
fw26_ai,268436282.0,60.0,0.11220184543019636,11.760758214970837
fw26_ai,268436282.0,60.0,0.11885022274370183,11.463423148613096
fw26_ai,268436282.0,60.0,0.12589254117941676,11.169279318579765
fw26_ai,268436282.0,60.0,0.1333521432163324,10.878630295765936
fw26_ai,268436282.0,60.0,0.14125375446227548,10.59176161742247
fw26_ai,268436282.0,60.0,0.14962356560944334,10.308940084352539
fw26_ai,268436282.0,60.0,0.1584893192461114,10.030413221045006
fw26_ai,268436282.0,60.0,0.16788040181225605,9.756408894325311
fw26_ai,268436282.0,60.0,0.1778279410038923,9.487135084417528
fw26_ai,268436282.0,60.0,0.18836490894898011,9.222779800917559
fw26_ai,268436282.0,60.0,0.19952623149688797,8.963511134981658
fw26_ai,268436282.0,60.0,0.21134890398366477,8.709477438123452
fw26_ai,268436282.0,60.0,0.223872113856834,8.460807617303107
fw26_ai,268436282.0,60.0,0.23713737056616552,8.217611535533255
fw26_ai,268436282.0,60.0,0.25118864315095807,7.979980506945987
fw26_ai,268436282.0,60.0,0.26607250597988097,7.747987875193013
fw26_ai,268436282.0,60.0,0.2818382931264455,7.5216896641286635
fw26_ai,268436282.0,60.0,0.298538261891796,7.301125289954218
fw26_ai,268436282.0,60.0,0.31622776601683794,7.08631832434986
fw26_ai,268436282.0,60.0,0.3349654391578278,6.877277298569113
fw26_ai,268436282.0,60.0,0.35481338923357547,6.673996538997739
fw26_ai,268436282.0,60.0,0.3758374042884443,6.476457025268464
fw26_ai,268436282.0,60.0,0.3981071705534973,6.284627262657306
fw26_ai,268436282.0,60.0,0.4216965034285822,6.098464161142876
fw26_ai,268436282.0,60.0,0.44668359215096326,5.917913914189853
fw26_ai,268436282.0,60.0,0.4731512589614805,5.742912870989871
fw26_ai,268436282.0,60.0,0.5011872336272725,5.573388396566213
fw26_ai,268436282.0,60.0,0.5308844442309885,5.409259714798001
fw26_ai,268436282.0,60.0,0.5623413251903491,5.250438730055029
fw26_ai,268436282.0,60.0,0.5956621435290106,5.096830823733803
fw26_ai,268436282.0,60.0,0.6309573444801932,4.948335622561196
fw26_ai,268436282.0,60.0,0.6683439175686149,4.804847736068861
fw26_ai,268436282.0,60.0,0.707945784384138,4.666257461144776
fw26_ai,268436282.0,60.0,0.7498942093324558,4.5324514520361
fw26_ai,268436282.0,60.0,0.7943282347242817,4.403313354605747
fw26_ai,268436282.0,60.0,0.8413951416451951,4.278724404040487
fw26_ai,268436282.0,60.0,0.8912509381337459,4.1585639855641645
fw26_ai,268436282.0,60.0,0.9440608762859236,4.04271015803432
fw26_ai,268436282.0,60.0,1.0,3.9310401405882245
fw26_ai,268436282.0,60.0,1.0592537251772887,3.8234307627616535
fw26_ai,268436282.0,60.0,1.1220184543019642,3.719758878729602
fw26_ai,268436282.0,60.0,1.188502227437019,3.6199017465137686
fw26_ai,268436282.0,60.0,1.2589254117941675,3.523737373170417
fw26_ai,268436282.0,60.0,1.333521432163324,3.4311448271137803
fw26_ai,268436282.0,60.0,1.412537544622754,3.342004518847485
fw26_ai,268436282.0,60.0,1.4962356560944343,3.256198451470123
fw26_ai,268436282.0,60.0,1.584893192461114,3.1736104423942546
fw26_ai,268436282.0,60.0,1.6788040181225607,3.094126317770419
fw26_ai,268436282.0,60.0,1.7782794100389228,3.017634081142834
fw26_ai,268436282.0,60.0,1.8836490894898001,2.9440240578817876
fw26_ai,268436282.0,60.0,1.9952623149688808,2.873189016941536
fw26_ai,268436282.0,60.0,2.1134890398366477,2.8050242714830054
fw26_ai,268436282.0,60.0,2.23872113856834,2.73942775988039
fw26_ai,268436282.0,60.0,2.371373705661655,2.676300108599454
fw26_ai,268436282.0,60.0,2.5118864315095824,2.6155446783970153
fw26_ai,268436282.0,60.0,2.6607250597988115,2.557067595244661
fw26_ai,268436282.0,60.0,2.818382931264455,2.5007777673284823
fw26_ai,268436282.0,60.0,2.9853826189179604,2.4465868894202396
fw26_ai,268436282.0,60.0,3.1622776601683795,2.394409435856148
fw26_ai,268436282.0,60.0,3.3496543915782793,2.3441626432976483
fw26_ai,268436282.0,60.0,3.548133892335757,2.295766484385389
fw26_ai,268436282.0,60.0,3.758374042884443,2.2491436333338304
fw26_ai,268436282.0,60.0,3.981071705534973,2.204219424450115
fw26_ai,268436282.0,60.0,4.216965034285822,2.160921804497912
fw26_ai,268436282.0,60.0,4.4668359215096345,2.1191812797650207
fw26_ai,268436282.0,60.0,4.731512589614808,2.078930858633272
fw26_ai,268436282.0,60.0,5.011872336272725,2.0401059903912393
fw26_ai,268436282.0,60.0,5.308844442309884,2.002644500974298
fw26_ai,268436282.0,60.0,5.62341325190349,1.9664865262633555
fw26_ai,268436282.0,60.0,5.95662143529011,1.9315744435230509
fw26_ai,268436282.0,60.0,6.309573444801936,1.897852801512754
fw26_ai,268436282.0,60.0,6.683439175686149,1.8652682497591695
fw26_ai,268436282.0,60.0,7.07945784384138,1.8337694674380542
fw26_ai,268436282.0,60.0,7.498942093324558,1.8033070922745809
fw26_ai,268436282.0,60.0,7.943282347242821,1.7738336498370224
fw26_ai,268436282.0,60.0,8.413951416451956,1.7453034835669963
fw26_ai,268436282.0,60.0,8.91250938133746,1.7176726858614149
fw26_ai,268436282.0,60.0,9.440608762859236,1.6908990304963798
fw26_ai,268436282.0,60.0,10.0,1.6649419066617974
fw26_ai,268436282.0,60.0,10.592537251772898,1.63976225485709
fw26_ai,268436282.0,60.0,11.220184543019641,1.6153225048833697
fw26_ai,268436282.0,60.0,11.88502227437019,1.5915865161553255
fw26_ai,268436282.0,60.0,12.589254117941675,1.5685195205470526
fw26_ai,268436282.0,60.0,13.33521432163324,1.5460880679799147
fw26_ai,268436282.0,60.0,14.125375446227554,1.5242599749568573
fw26_ai,268436282.0,60.0,14.962356560944343,1.5030042762465032
fw26_ai,268436282.0,60.0,15.848931924611142,1.482291179921184
fw26_ai,268436282.0,60.0,16.788040181225607,1.462092025955638
fw26_ai,268436282.0,60.0,17.78279410038923,1.4423792485966687
fw26_ai,268436282.0,60.0,18.83649089489802,1.4231263427181073
fw26_ai,268436282.0,60.0,19.952623149688808,1.4043078343789968
fw26_ai,268436282.0,60.0,21.134890398366476,1.3858992558048269
fw26_ai,268436282.0,60.0,22.3872113856834,1.367877125010778
fw26_ai,268436282.0,60.0,23.71373705661655,1.3502189302803103
fw26_ai,268436282.0,60.0,25.11886431509582,1.332903119700201
fw26_ai,268436282.0,60.0,26.607250597988113,1.3159090959318789
fw26_ai,268436282.0,60.0,28.183829312644548,1.2992172163654732
fw26_ai,268436282.0,60.0,29.853826189179603,1.282808798754434
fw26_ai,268436282.0,60.0,31.622776601683793,1.266666132360768
fw26_ai,268436282.0,60.0,33.496543915782794,1.2507724945498657
fw26_ai,268436282.0,60.0,35.48133892335757,1.2351121726552172
fw26_ai,268436282.0,60.0,37.58374042884443,1.2196704907824119
fw26_ai,268436282.0,60.0,39.810717055349734,1.204433841034878
fw26_ai,268436282.0,60.0,42.169650342858226,1.1893897184173405
fw26_ai,268436282.0,60.0,44.668359215096345,1.1745267584054695
fw26_ai,268436282.0,60.0,47.315125896148075,1.1598347758624044
fw26_ai,268436282.0,60.0,50.118723362727245,1.1453048036390419
fw26_ai,268436282.0,60.0,53.08844442309885,1.1309291288245402
fw26_ai,268436282.0,60.0,56.23413251903491,1.11670132423194
fw26_ai,268436282.0,60.0,59.56621435290109,1.1026162723342559
fw26_ai,268436282.0,60.0,63.095734448019364,1.0886701785408421
fw26_ai,268436282.0,60.0,66.83439175686149,1.0748605704631327
fw26_ai,268436282.0,60.0,70.79457843841381,1.0611862797124412
fw26_ai,268436282.0,60.0,74.98942093324558,1.0476474028556126
fw26_ai,268436282.0,60.0,79.43282347242821,1.0342452384841283
fw26_ai,268436282.0,60.0,84.13951416451955,1.0209821979803426
fw26_ai,268436282.0,60.0,89.12509381337459,1.0078616885281548
fw26_ai,268436282.0,60.0,94.40608762859236,0.9948879682259174
fw26_ai,268436282.0,60.0,100.0,0.9820659747902735
fw26_ai,268436282.0,80.0,0.01,22.535237798730282
fw26_ai,268436282.0,80.0,0.010592537251772886,22.3862937846075
fw26_ai,268436282.0,80.0,0.011220184543019636,22.231305299598404
fw26_ai,268436282.0,80.0,0.011885022274370183,22.070161933711137
fw26_ai,268436282.0,80.0,0.012589254117941675,21.902764251825324
fw26_ai,268436282.0,80.0,0.01333521432163324,21.72902504920692
fw26_ai,268436282.0,80.0,0.01412537544622754,21.548870614139222
fw26_ai,268436282.0,80.0,0.014962356560944336,21.362241984399287
fw26_ai,268436282.0,80.0,0.015848931924611134,21.169096183359333
fw26_ai,268436282.0,80.0,0.016788040181225608,20.9694074201902
fw26_ai,268436282.0,80.0,0.01778279410038923,20.763168237906523
fw26_ai,268436282.0,80.0,0.018836490894898,20.550390592250945
fw26_ai,268436282.0,80.0,0.0199526231496888,20.331106843978915
fw26_ai,268436282.0,80.0,0.021134890398366465,20.105370647193535
fw26_ai,268436282.0,80.0,0.0223872113856834,19.873257716404677
fw26_ai,268436282.0,80.0,0.023713737056616554,19.634866455801465
fw26_ai,268436282.0,80.0,0.025118864315095794,19.390318435206016
fw26_ai,268436282.0,80.0,0.0266072505979881,19.13975869844553
fw26_ai,268436282.0,80.0,0.028183829312644536,18.883355891923948
fw26_ai,268436282.0,80.0,0.029853826189179603,18.62130220305446
fw26_ai,268436282.0,80.0,0.03162277660168379,18.35381310091228
fw26_ai,268436282.0,80.0,0.03349654391578276,18.081126874136714
fw26_ai,268436282.0,80.0,0.03548133892335755,17.803503964158686
fw26_ai,268436282.0,80.0,0.03758374042884443,17.521226094986933
fw26_ai,268436282.0,80.0,0.039810717055349734,17.234595204063307
fw26_ai,268436282.0,80.0,0.042169650342858224,16.94393218194735
fw26_ai,268436282.0,80.0,0.0446683592150963,16.649575431803793
fw26_ai,268436282.0,80.0,0.04731512589614805,16.35187926266002
fw26_ai,268436282.0,80.0,0.05011872336272725,16.05121213323157
fw26_ai,268436282.0,80.0,0.053088444423098846,15.747954765539925
fw26_ai,268436282.0,80.0,0.056234132519034905,15.442498149659546
fw26_ai,268436282.0,80.0,0.059566214352901034,15.135241462577982
fw26_ai,268436282.0,80.0,0.06309573444801933,14.826589925336291
fw26_ai,268436282.0,80.0,0.06683439175686148,14.516952623301266
fw26_ai,268436282.0,80.0,0.0707945784384138,14.2067403146193
fw26_ai,268436282.0,80.0,0.07498942093324558,13.896363251572101
fw26_ai,268436282.0,80.0,0.07943282347242814,13.58622903879847
fw26_ai,268436282.0,80.0,0.08413951416451952,13.276740551114367
fw26_ai,268436282.0,80.0,0.08912509381337459,12.968293932063455
fw26_ai,268436282.0,80.0,0.09440608762859236,12.661276692414981
fw26_ai,268436282.0,80.0,0.1,12.356065925592134
fw26_ai,268436282.0,80.0,0.10592537251772892,12.053026654642725
fw26_ai,268436282.0,80.0,0.11220184543019636,11.75251032281015
fw26_ai,268436282.0,80.0,0.11885022274370183,11.454853437161617
fw26_ai,268436282.0,80.0,0.12589254117941676,11.160376372134687
fw26_ai,268436282.0,80.0,0.1333521432163324,10.869382337293565
fw26_ai,268436282.0,80.0,0.14125375446227548,10.582156511163825
fw26_ai,268436282.0,80.0,0.14962356560944334,10.298965340702132
fw26_ai,268436282.0,80.0,0.1584893192461114,10.020056003854181
fw26_ai,268436282.0,80.0,0.16788040181225605,9.745656030765613
fw26_ai,268436282.0,80.0,0.1778279410038923,9.475973077534492
fw26_ai,268436282.0,80.0,0.18836490894898011,9.211194844982982
fw26_ai,268436282.0,80.0,0.19952623149688797,8.951489133743085
fw26_ai,268436282.0,80.0,0.21134890398366477,8.69700402602601
fw26_ai,268436282.0,80.0,0.223872113856834,8.447868183741912
fw26_ai,268436282.0,80.0,0.23713737056616552,8.204191252164748
fw26_ai,268436282.0,80.0,0.25118864315095807,7.9660643580634165
fw26_ai,268436282.0,80.0,0.26607250597988097,7.733560691139014
fw26_ai,268436282.0,80.0,0.2818382931264455,7.506736157684541
fw26_ai,268436282.0,80.0,0.298538261891796,7.28563009561151
fw26_ai,268436282.0,80.0,0.31622776601683794,7.07026604033035
fw26_ai,268436282.0,80.0,0.3349654391578278,6.860652531418997
fw26_ai,268436282.0,80.0,0.35481338923357547,6.656783950541999
fw26_ai,268436282.0,80.0,0.3758374042884443,6.458641381668179
fw26_ai,268436282.0,80.0,0.3981071705534973,6.266193485269366
fw26_ai,268436282.0,80.0,0.4216965034285822,6.0793973788419855
fw26_ai,268436282.0,80.0,0.44668359215096326,5.898199516770661
fw26_ai,268436282.0,80.0,0.4731512589614805,5.722536563230907
fw26_ai,268436282.0,80.0,0.5011872336272725,5.552336252502184
fw26_ai,268436282.0,80.0,0.5308844442309885,5.387518231719587
fw26_ai,268436282.0,80.0,0.5623413251903491,5.227994881729124
fw26_ai,268436282.0,80.0,0.5956621435290106,5.073672112322581
fw26_ai,268436282.0,80.0,0.6309573444801932,4.924450128706864
fw26_ai,268436282.0,80.0,0.6683439175686149,4.780224166609593
fw26_ai,268436282.0,80.0,0.707945784384138,4.640885193935132
fw26_ai,268436282.0,80.0,0.7498942093324558,4.506320577359313
fw26_ai,268436282.0,80.0,0.7943282347242817,4.376414712692152
fw26_ai,268436282.0,80.0,0.8413951416451951,4.251049618237737
fw26_ai,268436282.0,80.0,0.8912509381337459,4.130105490748791
fw26_ai,268436282.0,80.0,0.9440608762859236,4.013461223902713
fw26_ai,268436282.0,80.0,1.0,3.9009948895223787
fw26_ai,268436282.0,80.0,1.0592537251772887,3.7925841820271122
fw26_ai,268436282.0,80.0,1.1220184543019642,3.68810682683012
fw26_ai,268436282.0,80.0,1.188502227437019,3.5874409535967846
fw26_ai,268436282.0,80.0,1.2589254117941675,3.4904654354491953
fw26_ai,268436282.0,80.0,1.333521432163324,3.3970601953430086
fw26_ai,268436282.0,80.0,1.412537544622754,3.307106480959056
fw26_ai,268436282.0,80.0,1.4962356560944343,3.220487109542714
fw26_ai,268436282.0,80.0,1.584893192461114,3.1370866841920737
fw26_ai,268436282.0,80.0,1.6788040181225607,3.0567917831436193
fw26_ai,268436282.0,80.0,1.7782794100389228,2.979491123632058
fw26_ai,268436282.0,80.0,1.8836490894898001,2.9050757019116253
fw26_ai,268436282.0,80.0,1.9952623149688808,2.8334389110230207
fw26_ai,268436282.0,80.0,2.1134890398366477,2.764476637871341
fw26_ai,268436282.0,80.0,2.23872113856834,2.6980873411525055
fw26_ai,268436282.0,80.0,2.371373705661655,2.6341721116264463
fw26_ai,268436282.0,80.0,2.5118864315095824,2.572634716188624
fw26_ai,268436282.0,80.0,2.6607250597988115,2.513381627138708
fw26_ai,268436282.0,80.0,2.818382931264455,2.4563220379868262
fw26_ai,268436282.0,80.0,2.9853826189179604,2.401367867076391
fw26_ai,268436282.0,80.0,3.1622776601683795,2.348433750238414
fw26_ai,268436282.0,80.0,3.3496543915782793,2.2974370236265798
fw26_ai,268436282.0,80.0,3.548133892335757,2.2482976978167226
fw26_ai,268436282.0,80.0,3.758374042884443,2.200938424188764
fw26_ai,268436282.0,80.0,3.981071705534973,2.1552844545445318
fw26_ai,268436282.0,80.0,4.216965034285822,2.1112635948522374
fw26_ai,268436282.0,80.0,4.4668359215096345,2.068806153947207
fw26_ai,268436282.0,80.0,4.731512589614808,2.027844887960273
fw26_ai,268436282.0,80.0,5.011872336272725,1.988314941189271
fw26_ai,268436282.0,80.0,5.308844442309884,1.9501537840763814
fw26_ai,268436282.0,80.0,5.62341325190349,1.9133011489041252
fw26_ai,268436282.0,80.0,5.95662143529011,1.8776989637765693
fw26_ai,268436282.0,80.0,6.309573444801936,1.8432912854088468
fw26_ai,268436282.0,80.0,6.683439175686149,1.8100242312083334
fw26_ai,268436282.0,80.0,7.07945784384138,1.7778459110945768
fw26_ai,268436282.0,80.0,7.498942093324558,1.7467063594718293
fw26_ai,268436282.0,80.0,7.943282347242821,1.7165574677387734
fw26_ai,268436282.0,80.0,8.413951416451956,1.6873529176937545
fw26_ai,268436282.0,80.0,8.91250938133746,1.6590481161712392
fw26_ai,268436282.0,80.0,9.440608762859236,1.6316001312258193
fw26_ai,268436282.0,80.0,10.0,1.6049676301641262
fw26_ai,268436282.0,80.0,10.592537251772898,1.579110819712037
fw26_ai,268436282.0,80.0,11.220184543019641,1.5539913885948922
fw26_ai,268436282.0,80.0,11.88502227437019,1.5295724528014503
fw26_ai,268436282.0,80.0,12.589254117941675,1.5058185037981013
fw26_ai,268436282.0,80.0,13.33521432163324,1.4826953599578647
fw26_ai,268436282.0,80.0,14.125375446227554,1.4601701214687761
fw26_ai,268436282.0,80.0,14.962356560944343,1.4382111289875263
fw26_ai,268436282.0,80.0,15.848931924611142,1.4167879263062806
fw26_ai,268436282.0,80.0,16.788040181225607,1.395871227302437
fw26_ai,268436282.0,80.0,17.78279410038923,1.375432887441448
fw26_ai,268436282.0,80.0,18.83649089489802,1.355445880100566
fw26_ai,268436282.0,80.0,19.952623149688808,1.3358842779745046
fw26_ai,268436282.0,80.0,21.134890398366476,1.3167232398104507
fw26_ai,268436282.0,80.0,22.3872113856834,1.297939002697174
fw26_ai,268436282.0,80.0,23.71373705661655,1.2795088800978633
fw26_ai,268436282.0,80.0,25.11886431509582,1.26141126576549
fw26_ai,268436282.0,80.0,26.607250597988113,1.2436256436086617
fw26_ai,268436282.0,80.0,28.183829312644548,1.2261326034808468
fw26_ai,268436282.0,80.0,29.853826189179603,1.2089138627415188
fw26_ai,268436282.0,80.0,31.622776601683793,1.191952293279529
fw26_ai,268436282.0,80.0,33.496543915782794,1.1752319534921316
fw26_ai,268436282.0,80.0,35.48133892335757,1.1587381244738948
fw26_ai,268436282.0,80.0,37.58374042884443,1.1424573493859234
fw26_ai,268436282.0,80.0,39.810717055349734,1.1263774746476565
fw26_ai,268436282.0,80.0,42.169650342858226,1.1104876912248407
fw26_ai,268436282.0,80.0,44.668359215096345,1.0947785738871167
fw26_ai,268436282.0,80.0,47.315125896148075,1.0792421158924548
fw26_ai,268436282.0,80.0,50.118723362727245,1.0638717561470337
fw26_ai,268436282.0,80.0,53.08844442309885,1.048662395521039
fw26_ai,268436282.0,80.0,56.23413251903491,1.0336103987158944
fw26_ai,268436282.0,80.0,59.56621435290109,1.0187135779290295
fw26_ai,268436282.0,80.0,63.095734448019364,1.0039711546075432
fw26_ai,268436282.0,80.0,66.83439175686149,0.9893836958845785
fw26_ai,268436282.0,80.0,70.79457843841381,0.9749530229097039
fw26_ai,268436282.0,80.0,74.98942093324558,0.9606820892615521
fw26_ai,268436282.0,80.0,79.43282347242821,0.9465748289857099
fw26_ai,268436282.0,80.0,84.13951416451955,0.9326359755132516
fw26_ai,268436282.0,80.0,89.12509381337459,0.9188708547145288
fw26_ai,268436282.0,80.0,94.40608762859236,0.9052851575002792
fw26_ai,268436282.0,80.0,100.0,0.891884699511083
fw26_ai,268436282.0,100.0,0.01,22.534024174132817
fw26_ai,268436282.0,100.0,0.010592537251772886,22.38501781119924
fw26_ai,268436282.0,100.0,0.011220184543019636,22.229964194439585
fw26_ai,268436282.0,100.0,0.011885022274370183,22.068752823466895
fw26_ai,268436282.0,100.0,0.012589254117941675,21.901284171759986
fw26_ai,268436282.0,100.0,0.01333521432163324,21.727470942204054
fw26_ai,268436282.0,100.0,0.01412537544622754,21.547239329690733
fw26_ai,268436282.0,100.0,0.014962356560944336,21.360530277485708
fw26_ai,268436282.0,100.0,0.015848931924611134,21.16730071324547
fw26_ai,268436282.0,100.0,0.016788040181225608,20.967524749051908
fw26_ai,268436282.0,100.0,0.01778279410038923,20.761194829305346
fw26_ai,268436282.0,100.0,0.018836490894898,20.548322809336973
fw26_ai,268436282.0,100.0,0.0199526231496888,20.32894094743897
fw26_ai,268436282.0,100.0,0.021134890398366465,20.1031027928669
fw26_ai,268436282.0,100.0,0.0223872113856834,19.870883952533976
fw26_ai,268436282.0,100.0,0.023713737056616554,19.63238271988242
fw26_ai,268436282.0,100.0,0.025118864315095794,19.38772055033745
fw26_ai,268436282.0,100.0,0.0266072505979881,19.137042369239804
fw26_ai,268436282.0,100.0,0.028183829312644536,18.88051669984339
fw26_ai,268436282.0,100.0,0.029853826189179603,18.618335601202475
fw26_ai,268436282.0,100.0,0.03162277660168379,18.350714408239188
fw26_ai,268436282.0,100.0,0.03349654391578276,18.077891269036165
fw26_ai,268436282.0,100.0,0.03548133892335755,17.80012647747363
fw26_ai,268436282.0,100.0,0.03758374042884443,17.517701602406213
fw26_ai,268436282.0,100.0,0.039810717055349734,17.230918417922368
fw26_ai,268436282.0,100.0,0.042169650342858224,16.940097642470633
fw26_ai,268436282.0,100.0,0.0446683592150963,16.645577497822945
fw26_ai,268436282.0,100.0,0.04731512589614805,16.347712101843943
fw26_ai,268436282.0,100.0,0.05011872336272725,16.046869711903224
fw26_ai,268436282.0,100.0,0.053088444423098846,15.7434308381394
fw26_ai,268436282.0,100.0,0.056234132519034905,15.437786247946368
fw26_ai,268436282.0,100.0,0.059566214352901034,15.130334884652932
fw26_ai,268436282.0,100.0,0.06309573444801933,14.821481724600266
fw26_ai,268436282.0,100.0,0.06683439175686148,14.511635597455584
fw26_ai,268436282.0,100.0,0.0707945784384138,14.20120699483072
fw26_ai,268436282.0,100.0,0.07498942093324558,13.890605891935495
fw26_ai,268436282.0,100.0,0.07943282347242814,13.580239606227122
fw26_ai,268436282.0,100.0,0.08413951416451952,13.270510715809712
fw26_ai,268436282.0,100.0,0.08912509381337459,12.961815058701983
fw26_ai,268436282.0,100.0,0.09440608762859236,12.654539832208988
fw26_ai,268436282.0,100.0,0.1,12.349061809376586
fw26_ai,268436282.0,100.0,0.10592537251772892,12.045745687147253
fw26_ai,268436282.0,100.0,0.11220184543019636,11.744942578267471
fw26_ai,268436282.0,100.0,0.11885022274370183,11.44698865641326
fw26_ai,268436282.0,100.0,0.12589254117941676,11.152203961385768
fw26_ai,268436282.0,100.0,0.1333521432163324,10.860891368674764
fw26_ai,268436282.0,100.0,0.14125375446227548,10.573335725240247
fw26_ai,268436282.0,100.0,0.14962356560944334,10.289803151080102
fw26_ai,268436282.0,100.0,0.1584893192461114,10.010540504017792
fw26_ai,268436282.0,100.0,0.16788040181225605,9.73577500326994
fw26_ai,268436282.0,100.0,0.1778279410038923,9.465714005674664
fw26_ai,268436282.0,100.0,0.18836490894898011,9.200544927040255
fw26_ai,268436282.0,100.0,0.19952623149688797,8.940435299898699
fw26_ai,268436282.0,100.0,0.21134890398366477,8.685532958012177
fw26_ai,268436282.0,100.0,0.223872113856834,8.43596633728417
fw26_ai,268436282.0,100.0,0.23713737056616552,8.191844882241456
fw26_ai,268436282.0,100.0,0.25118864315095807,7.953259546987923
fw26_ai,268436282.0,100.0,0.26607250597988097,7.720283379439686
fw26_ai,268436282.0,100.0,0.2818382931264455,7.492972177726797
fw26_ai,268436282.0,100.0,0.298538261891796,7.2713652078749735
fw26_ai,268436282.0,100.0,0.31622776601683794,7.055485972216941
fw26_ai,268436282.0,100.0,0.3349654391578278,6.845343018432274
fw26_ai,268436282.0,100.0,0.35481338923357547,6.640930779638836
fw26_ai,268436282.0,100.0,0.3758374042884443,6.442230436545706
fw26_ai,268436282.0,100.0,0.3981071705534973,6.249210793309449
fw26_ai,268436282.0,100.0,0.4216965034285822,6.061829159398456
fw26_ai,268436282.0,100.0,0.44668359215096326,5.880032230446155
fw26_ai,268436282.0,100.0,0.4731512589614805,5.70375696175704
fw26_ai,268436282.0,100.0,0.5011872336272725,5.532931428803283
fw26_ai,268436282.0,100.0,0.5308844442309885,5.367475669715103
fw26_ai,268436282.0,100.0,0.5623413251903491,5.207302505406949
fw26_ai,268436282.0,100.0,0.5956621435290106,5.052318333599874
fw26_ai,268436282.0,100.0,0.6309573444801932,4.902423893585407
fw26_ai,268436282.0,100.0,0.6683439175686149,4.757514999132626
fw26_ai,268436282.0,100.0,0.707945784384138,4.617483237456764
fw26_ai,268436282.0,100.0,0.7498942093324558,4.482216632654632
fw26_ai,268436282.0,100.0,0.7943282347242817,4.351600272456597
fw26_ai,268436282.0,100.0,0.8413951416451951,4.225516897557842
fw26_ai,268436282.0,100.0,0.8912509381337459,4.10384745316327
fw26_ai,268436282.0,100.0,0.9440608762859236,3.9864716027202167
fw26_ai,268436282.0,100.0,1.0,3.8732682041139057
fw26_ai,268436282.0,100.0,1.0592537251772887,3.7641157488696275
fw26_ai,268436282.0,100.0,1.1220184543019642,3.6588927651387064
fw26_ai,268436282.0,100.0,1.188502227437019,3.557478185448604
fw26_ai,268436282.0,100.0,1.2589254117941675,3.4597516803675026
fw26_ai,268436282.0,100.0,1.333521432163324,3.3655939593764406
fw26_ai,268436282.0,100.0,1.412537544622754,3.27488704035551
fw26_ai,268436282.0,100.0,1.4962356560944343,3.1875144891789646
fw26_ai,268436282.0,100.0,1.584893192461114,3.1033616309786107
fw26_ai,268436282.0,100.0,1.6788040181225607,3.0223157346758924
fw26_ai,268436282.0,100.0,1.7782794100389228,2.9442661724065293
fw26_ai,268436282.0,100.0,1.8836490894898001,2.8691045554645274
fw26_ai,268436282.0,100.0,1.9952623149688808,2.796724848382044
fw26_ai,268436282.0,100.0,2.1134890398366477,2.727023462735531
fw26_ai,268436282.0,100.0,2.23872113856834,2.6598993322329436
fw26_ai,268436282.0,100.0,2.371373705661655,2.595253970589974
fw26_ai,268436282.0,100.0,2.5118864315095824,2.532991513649979
fw26_ai,268436282.0,100.0,2.6607250597988115,2.473018747142534
fw26_ai,268436282.0,100.0,2.818382931264455,2.4152451214114925
fw26_ai,268436282.0,100.0,2.9853826189179604,2.3595827543771173
fw26_ai,268436282.0,100.0,3.1622776601683795,2.305946423928022
fw26_ai,268436282.0,100.0,3.3496543915782793,2.2542535508704655
fw26_ai,268436282.0,100.0,3.548133892335757,2.2044241734938224
fw26_ai,268436282.0,100.0,3.758374042884443,2.1563809147445245
fw26_ai,268436282.0,100.0,3.981071705534973,2.110048942935334
fw26_ai,268436282.0,100.0,4.216965034285822,2.0653559268545045
fw26_ai,268436282.0,100.0,4.4668359215096345,2.0222319860793716
fw26_ai,268436282.0,100.0,4.731512589614808,1.9806096372424231
fw26_ai,268436282.0,100.0,5.011872336272725,1.9404237369444632
fw26_ai,268436282.0,100.0,5.308844442309884,1.9016114219597666
fw26_ai,268436282.0,100.0,5.62341325190349,1.8641120473318384
fw26_ai,268436282.0,100.0,5.95662143529011,1.827867122915816
fw26_ai,268436282.0,100.0,6.309573444801936,1.7928202488847311
fw26_ai,268436282.0,100.0,6.683439175686149,1.758917050681503
fw26_ai,268436282.0,100.0,7.07945784384138,1.7261051138670627
fw26_ai,268436282.0,100.0,7.498942093324558,1.6943339192870308
fw26_ai,268436282.0,100.0,7.943282347242821,1.66355477895491
fw26_ai,268436282.0,100.0,8.413951416451956,1.6337207730290295
fw26_ai,268436282.0,100.0,8.91250938133746,1.6047866882428719
fw26_ai,268436282.0,100.0,9.440608762859236,1.5767089581343776
fw26_ai,268436282.0,100.0,10.0,1.5494456054087709
fw26_ai,268436282.0,100.0,10.592537251772898,1.5229561867615187
fw26_ai,268436282.0,100.0,11.220184543019641,1.4972017404826596
fw26_ai,268436282.0,100.0,11.88502227437019,1.4721447371608374
fw26_ai,268436282.0,100.0,12.589254117941675,1.4477490338043884
fw26_ai,268436282.0,100.0,13.33521432163324,1.4239798316970516
fw26_ai,268436282.0,100.0,14.125375446227554,1.4008036383068088
fw26_ai,268436282.0,100.0,14.962356560944343,1.3781882335666695
fw26_ai,268436282.0,100.0,15.848931924611142,1.3561026408450505
fw26_ai,268436282.0,100.0,16.788040181225607,1.3345171029187883
fw26_ai,268436282.0,100.0,17.78279410038923,1.3134030632521834
fw26_ai,268436282.0,100.0,18.83649089489802,1.2927331528681736
fw26_ai,268436282.0,100.0,19.952623149688808,1.2724811830701275
fw26_ai,268436282.0,100.0,21.134890398366476,1.2526221442313235
fw26_ai,268436282.0,100.0,22.3872113856834,1.2331322108101117
fw26_ai,268436282.0,100.0,23.71373705661655,1.2139887526676
fw26_ai,268436282.0,100.0,25.11886431509582,1.1951703526565642
fw26_ai,268436282.0,100.0,26.607250597988113,1.1766568303099647
fw26_ai,268436282.0,100.0,28.183829312644548,1.1584292712797957
fw26_ai,268436282.0,100.0,29.853826189179603,1.1404700619571326
fw26_ai,268436282.0,100.0,31.622776601683793,1.122762928438308
fw26_ai,268436282.0,100.0,33.496543915782794,1.105292978688156
fw26_ai,268436282.0,100.0,35.48133892335757,1.0880467463899623
fw26_ai,268436282.0,100.0,37.58374042884443,1.0710122345681676
fw26_ai,268436282.0,100.0,39.810717055349734,1.0541789566347397
fw26_ai,268436282.0,100.0,42.169650342858226,1.0375379720614397
fw26_ai,268436282.0,100.0,44.668359215096345,1.021081913445037
fw26_ai,268436282.0,100.0,47.315125896148075,1.004805001348047
fw26_ai,268436282.0,100.0,50.118723362727245,0.9887030430115363
fw26_ai,268436282.0,100.0,53.08844442309885,0.9727734109066782
fw26_ai,268436282.0,100.0,56.23413251903491,0.9570149971826579
fw26_ai,268436282.0,100.0,59.56621435290109,0.9414281404469823
fw26_ai,268436282.0,100.0,63.095734448019364,0.9260145220406653
fw26_ai,268436282.0,100.0,66.83439175686149,0.9107770300886416
fw26_ai,268436282.0,100.0,70.79457843841381,0.8957195911284219
fw26_ai,268436282.0,100.0,74.98942093324558,0.8808469710166968
fw26_ai,268436282.0,100.0,79.43282347242821,0.8661645489975526
fw26_ai,268436282.0,100.0,84.13951416451955,0.8516780711376298
fw26_ai,268436282.0,100.0,89.12509381337459,0.8373933915822791
fw26_ai,268436282.0,100.0,94.40608762859236,0.8233162120056718
fw26_ai,268436282.0,100.0,100.0,0.8094518309406387
cosmopedia,268436282.0,5.0,0.01,20.050565803596616
cosmopedia,268436282.0,5.0,0.010592537251772886,19.925891029543457
cosmopedia,268436282.0,5.0,0.011220184543019636,19.795991859624106
cosmopedia,268436282.0,5.0,0.011885022274370183,19.660756959972883
cosmopedia,268436282.0,5.0,0.012589254117941675,19.520083205415133
cosmopedia,268436282.0,5.0,0.01333521432163324,19.373876790834792
cosmopedia,268436282.0,5.0,0.01412537544622754,19.22205436639715
cosmopedia,268436282.0,5.0,0.014962356560944336,19.06454418657031
cosmopedia,268436282.0,5.0,0.015848931924611134,18.90128726174169
cosmopedia,268436282.0,5.0,0.016788040181225608,18.732238499970435
cosmopedia,268436282.0,5.0,0.01778279410038923,18.55736782524425
cosmopedia,268436282.0,5.0,0.018836490894898,18.376661257755927
cosmopedia,268436282.0,5.0,0.0199526231496888,18.19012194084989
cosmopedia,268436282.0,5.0,0.021134890398366465,17.997771098720033
cosmopedia,268436282.0,5.0,0.0223872113856834,17.799648908709656
cosmopedia,268436282.0,5.0,0.023713737056616554,17.595815272010093
cosmopedia,268436282.0,5.0,0.025118864315095794,17.38635046691334
cosmopedia,268436282.0,5.0,0.0266072505979881,17.17135566943599
cosmopedia,268436282.0,5.0,0.028183829312644536,16.95095332721101
cosmopedia,268436282.0,5.0,0.029853826189179603,16.725287373926964
cosmopedia,268436282.0,5.0,0.03162277660168379,16.49452327339203
cosmopedia,268436282.0,5.0,0.03349654391578276,16.25884788440814
cosmopedia,268436282.0,5.0,0.03548133892335755,16.018469140052765
cosmopedia,268436282.0,5.0,0.03758374042884443,15.773615537676816
cosmopedia,268436282.0,5.0,0.039810717055349734,15.52453543876076
cosmopedia,268436282.0,5.0,0.042169650342858224,15.271496180863629
cosmopedia,268436282.0,5.0,0.0446683592150963,15.014783006916678
cosmopedia,268436282.0,5.0,0.04731512589614805,14.75469782024205
cosmopedia,268436282.0,5.0,0.05011872336272725,14.491557776619736
cosmopedia,268436282.0,5.0,0.053088444423098846,14.225693727544376
cosmopedia,268436282.0,5.0,0.056234132519034905,13.957448531358281
cosmopedia,268436282.0,5.0,0.059566214352901034,13.687175251161156
cosmopedia,268436282.0,5.0,0.06309573444801933,13.415235260275853
cosmopedia,268436282.0,5.0,0.06683439175686148,13.141996277434298
cosmopedia,268436282.0,5.0,0.0707945784384138,12.86783035482855
cosmopedia,268436282.0,5.0,0.07498942093324558,12.593111842657551
cosmopedia,268436282.0,5.0,0.07943282347242814,12.318215353777319
cosmopedia,268436282.0,5.0,0.08413951416451952,12.04351375161917
cosmopedia,268436282.0,5.0,0.08912509381337459,11.769376183613154
cosmopedia,268436282.0,5.0,0.09440608762859236,11.496166181037145
cosmopedia,268436282.0,5.0,0.1,11.224239844549194
cosmopedia,268436282.0,5.0,0.10592537251772892,10.953944132680988
cosmopedia,268436282.0,5.0,0.11220184543019636,10.685615268372484
cosmopedia,268436282.0,5.0,0.11885022274370183,10.419577276245741
cosmopedia,268436282.0,5.0,0.12589254117941676,10.156140660848466
cosmopedia,268436282.0,5.0,0.1333521432163324,9.89560123357169
cosmopedia,268436282.0,5.0,0.14125375446227548,9.638239093458209
cosmopedia,268436282.0,5.0,0.14962356560944334,9.384317764699516
cosmopedia,268436282.0,5.0,0.1584893192461114,9.134083491324176
cosmopedia,268436282.0,5.0,0.16788040181225605,8.887764687450856
cosmopedia,268436282.0,5.0,0.1778279410038923,8.645571539554657
cosmopedia,268436282.0,5.0,0.18836490894898011,8.407695755467488
cosmopedia,268436282.0,5.0,0.19952623149688797,8.174310453370609
cosmopedia,268436282.0,5.0,0.21134890398366477,7.945570182786054
cosmopedia,268436282.0,5.0,0.223872113856834,7.721611068588796
cosmopedia,268436282.0,5.0,0.23713737056616552,7.502551068295641
cosmopedia,268436282.0,5.0,0.25118864315095807,7.288490332357744
cosmopedia,268436282.0,5.0,0.26607250597988097,7.0795116568572265
cosmopedia,268436282.0,5.0,0.2818382931264455,6.875681017879014
cosmopedia,268436282.0,5.0,0.298538261891796,6.677048176867835
cosmopedia,268436282.0,5.0,0.31622776601683794,6.48364734647302
cosmopedia,268436282.0,5.0,0.3349654391578278,6.295497906698913
cosmopedia,268436282.0,5.0,0.35481338923357547,6.112605161606754
cosmopedia,268436282.0,5.0,0.3758374042884443,5.934961127320012
cosmopedia,268436282.0,5.0,0.3981071705534973,5.762545342661224
cosmopedia,268436282.0,5.0,0.4216965034285822,5.595325694367026
cosmopedia,268436282.0,5.0,0.44668359215096326,5.43325924948024
cosmopedia,268436282.0,5.0,0.4731512589614805,5.276293088180829
cosmopedia,268436282.0,5.0,0.5011872336272725,5.124365130986748
cosmopedia,268436282.0,5.0,0.5308844442309885,4.977404954913531
cosmopedia,268436282.0,5.0,0.5623413251903491,4.835334593823663
cosmopedia,268436282.0,5.0,0.5956621435290106,4.698069318814068
cosmopedia,268436282.0,5.0,0.6309573444801932,4.56551839507714
cosmopedia,268436282.0,5.0,0.6683439175686149,4.437585812225218
cosmopedia,268436282.0,5.0,0.707945784384138,4.314170985586152
cosmopedia,268436282.0,5.0,0.7498942093324558,4.195169426457227
cosmopedia,268436282.0,5.0,0.7943282347242817,4.080473379747335
cosmopedia,268436282.0,5.0,0.8413951416451951,3.9699724278414585
cosmopedia,268436282.0,5.0,0.8912509381337459,3.863554059888565
cosmopedia,268436282.0,5.0,0.9440608762859236,3.761104206046083
cosmopedia,268436282.0,5.0,1.0,3.6625077365120364
cosmopedia,268436282.0,5.0,1.0592537251772887,3.567648925441612
cosmopedia,268436282.0,5.0,1.1220184543019642,3.4764118800810406
cosmopedia,268436282.0,5.0,1.188502227437019,3.388680935659318
cosmopedia,268436282.0,5.0,1.2589254117941675,3.3043410167602114
cosmopedia,268436282.0,5.0,1.333521432163324,3.223277966054649
cosmopedia,268436282.0,5.0,1.412537544622754,3.1453788414086903
cosmopedia,268436282.0,5.0,1.4962356560944343,3.0705321824971543
cosmopedia,268436282.0,5.0,1.584893192461114,2.9986282481480058
cosmopedia,268436282.0,5.0,1.6788040181225607,2.9295592257205842
cosmopedia,268436282.0,5.0,1.7782794100389228,2.863219413881674
cosmopedia,268436282.0,5.0,1.8836490894898001,2.799505380189583
cosmopedia,268436282.0,5.0,1.9952623149688808,2.73831609492796
cosmopedia,268436282.0,5.0,2.1134890398366477,2.6795530426499745
cosmopedia,268436282.0,5.0,2.23872113856834,2.623120312900071
cosmopedia,268436282.0,5.0,2.371373705661655,2.5689246715761582
cosmopedia,268436282.0,5.0,2.5118864315095824,2.5168756143805115
cosmopedia,268436282.0,5.0,2.6607250597988115,2.466885403783956
cosmopedia,268436282.0,5.0,2.818382931264455,2.418869090896128
cosmopedia,268436282.0,5.0,2.9853826189179604,2.3727445235953026
cosmopedia,268436282.0,5.0,3.1622776601683795,2.328432342225838
cosmopedia,268436282.0,5.0,3.3496543915782793,2.2858559641202474
cosmopedia,268436282.0,5.0,3.548133892335757,2.2449415581477004
cosmopedia,268436282.0,5.0,3.758374042884443,2.205618010431367
cosmopedia,268436282.0,5.0,3.981071705534973,2.1678168823154587
cosmopedia,268436282.0,5.0,4.216965034285822,2.1314723615989153
cosmopedia,268436282.0,5.0,4.4668359215096345,2.096521207987717
cosmopedia,268436282.0,5.0,4.731512589614808,2.0629026936523847
cosmopedia,268436282.0,5.0,5.011872336272725,2.0305585397119916
cosmopedia,268436282.0,5.0,5.308844442309884,1.9994328494014881
cosmopedia,268436282.0,5.0,5.62341325190349,1.9694720386159728
cosmopedia,268436282.0,5.0,5.95662143529011,1.9406247644642098
cosmopedia,268436282.0,5.0,6.309573444801936,1.912841852404272
cosmopedia,268436282.0,5.0,6.683439175686149,1.8860762224775358
cosmopedia,268436282.0,5.0,7.07945784384138,1.860282815103091
cosmopedia,268436282.0,5.0,7.498942093324558,1.8354185168435004
cosmopedia,268436282.0,5.0,7.943282347242821,1.8114420865047836
cosmopedia,268436282.0,5.0,8.413951416451956,1.7883140818885184
cosmopedia,268436282.0,5.0,8.91250938133746,1.7659967874722446
cosmopedia,268436282.0,5.0,9.440608762859236,1.7444541432558138
cosmopedia,268436282.0,5.0,10.0,1.7236516749758763
cosmopedia,268436282.0,5.0,10.592537251772898,1.7035564258585012
cosmopedia,268436282.0,5.0,11.220184543019641,1.684136890050539
cosmopedia,268436282.0,5.0,11.88502227437019,1.6653629478440315
cosmopedia,268436282.0,5.0,12.589254117941675,1.647205802784285
cosmopedia,268436282.0,5.0,13.33521432163324,1.6296379207313176
cosmopedia,268436282.0,5.0,14.125375446227554,1.6126329709258556
cosmopedia,268436282.0,5.0,14.962356560944343,1.5961657690950166
cosmopedia,268436282.0,5.0,15.848931924611142,1.5802122226188378
cosmopedia,268436282.0,5.0,16.788040181225607,1.5647492777670309
cosmopedia,268436282.0,5.0,17.78279410038923,1.549754869005482
cosmopedia,268436282.0,5.0,18.83649089489802,1.535207870363838
cosmopedia,268436282.0,5.0,19.952623149688808,1.521088048849248
cosmopedia,268436282.0,5.0,21.134890398366476,1.5073760198863986
cosmopedia,268436282.0,5.0,22.3872113856834,1.4940532047606543
cosmopedia,268436282.0,5.0,23.71373705661655,1.4811017900391288
cosmopedia,268436282.0,5.0,25.11886431509582,1.468504688943777
cosmopedia,268436282.0,5.0,26.607250597988113,1.4562455046510723
cosmopedia,268436282.0,5.0,28.183829312644548,1.444308495494507
cosmopedia,268436282.0,5.0,29.853826189179603,1.4326785420487858
cosmopedia,268436282.0,5.0,31.622776601683793,1.421341116078333
cosmopedia,268436282.0,5.0,33.496543915782794,1.410282251337412
cosmopedia,268436282.0,5.0,35.48133892335757,1.3994885162147166
cosmopedia,268436282.0,5.0,37.58374042884443,1.3889469882217345
cosmopedia,268436282.0,5.0,39.810717055349734,1.3786452303314234
cosmopedia,268436282.0,5.0,42.169650342858226,1.3685712691816077
cosmopedia,268436282.0,5.0,44.668359215096345,1.358713575166077
cosmopedia,268436282.0,5.0,47.315125896148075,1.3490610444452844
cosmopedia,268436282.0,5.0,50.118723362727245,1.3396029829177862
cosmopedia,268436282.0,5.0,53.08844442309885,1.3303290922028725
cosmopedia,268436282.0,5.0,56.23413251903491,1.321229457693738
cosmopedia,268436282.0,5.0,59.56621435290109,1.3122945387488876
cosmopedia,268436282.0,5.0,63.095734448019364,1.303515161096424
cosmopedia,268436282.0,5.0,66.83439175686149,1.29488251153105
cosmopedia,268436282.0,5.0,70.79457843841381,1.286388134985923
cosmopedia,268436282.0,5.0,74.98942093324558,1.278023934060078
cosmopedia,268436282.0,5.0,79.43282347242821,1.2697821710756008
cosmopedia,268436282.0,5.0,84.13951416451955,1.2616554727256866
cosmopedia,268436282.0,5.0,89.12509381337459,1.2536368373532332
cosmopedia,268436282.0,5.0,94.40608762859236,1.2457196448679149
cosmopedia,268436282.0,5.0,100.0,1.237897669265312
cosmopedia,268436282.0,10.0,0.01,20.049697272519122
cosmopedia,268436282.0,10.0,0.010592537251772886,19.924978643903035
cosmopedia,268436282.0,10.0,0.011220184543019636,19.79503375826059
cosmopedia,268436282.0,10.0,0.011885022274370183,19.659751233283966
cosmopedia,268436282.0,10.0,0.012589254117941675,19.519027896308877
cosmopedia,268436282.0,10.0,0.01333521432163324,19.372769895796118
cosmopedia,268436282.0,10.0,0.01412537544622754,19.220893836627845
cosmopedia,268436282.0,10.0,0.014962356560944336,19.063327929219767
cosmopedia,268436282.0,10.0,0.015848931924611134,18.900013141173893
cosmopedia,268436282.0,10.0,0.016788040181225608,18.730904339032502
cosmopedia,268436282.0,10.0,0.01778279410038923,18.555971406545325
cosmopedia,268436282.0,10.0,0.018836490894898,18.37520032486915
cosmopedia,268436282.0,10.0,0.0199526231496888,18.18859419943955
cosmopedia,268436282.0,10.0,0.021134890398366465,17.99617421752423
cosmopedia,268436282.0,10.0,0.0223872113856834,17.797980520359303
cosmopedia,268436282.0,10.0,0.023713737056616554,17.59407297362887
cosmopedia,268436282.0,10.0,0.025118864315095794,17.384531820444835
cosmopedia,268436282.0,10.0,0.0266072505979881,17.169458201685785
cosmopedia,268436282.0,10.0,0.028183829312644536,16.948974529535878
cosmopedia,268436282.0,10.0,0.029853826189179603,16.723224701545888
cosmopedia,268436282.0,10.0,0.03162277660168379,16.49237414427767
cosmopedia,268436282.0,10.0,0.03349654391578276,16.256609677752532
cosmopedia,268436282.0,10.0,0.03548133892335755,16.016139194255377
cosmopedia,268436282.0,10.0,0.03758374042884443,15.771191147860561
cosmopedia,268436282.0,10.0,0.039810717055349734,15.522013853808824
cosmopedia,268436282.0,10.0,0.042169650342858224,15.26887459997056
cosmopedia,268436282.0,10.0,0.0446683592150963,15.012058575667375
cosmopedia,268436282.0,10.0,0.04731512589614805,14.751867626251183
cosmopedia,268436282.0,10.0,0.05011872336272725,14.488618844743497
cosmopedia,268436282.0,10.0,0.053088444423098846,14.222643014722674
cosmopedia,268436282.0,10.0,0.056234132519034905,13.954282921127016
cosmopedia,268436282.0,10.0,0.059566214352901034,13.683891547897197
cosmopedia,268436282.0,10.0,0.06309573444801933,13.4118301832433
cosmopedia,268436282.0,10.0,0.06683439175686148,13.138466454705277
cosmopedia,268436282.0,10.0,0.0707945784384138,12.864172317166313
cosmopedia,268436282.0,10.0,0.07498942093324558,12.589322017438423
cosmopedia,268436282.0,10.0,0.07943282347242814,12.314290059061461
cosmopedia,268436282.0,10.0,0.08413951416451952,12.039449190452274
cosmopedia,268436282.0,10.0,0.08912509381337459,11.765168438665455
cosmopedia,268436282.0,10.0,0.09440608762859236,11.491811209679131
cosmopedia,268436282.0,10.0,0.1,11.219733474464316
cosmopedia,268436282.0,10.0,0.10592537251772892,10.94928205811681
cosmopedia,268436282.0,10.0,0.11220184543019636,10.680793047127242
cosmopedia,268436282.0,10.0,0.11885022274370183,10.414590327486223
cosmopedia,268436282.0,10.0,0.12589254117941676,10.150984263850345
cosmopedia,268436282.0,10.0,0.1333521432163324,9.8902705274692
cosmopedia,268436282.0,10.0,0.14125375446227548,9.632729078084957
cosmopedia,268436282.0,10.0,0.14962356560944334,9.37862330259354
cosmopedia,268436282.0,10.0,0.1584893192461114,9.128199310964249
cosmopedia,268436282.0,10.0,0.16788040181225605,8.881685387786431
cosmopedia,268436282.0,10.0,0.1778279410038923,8.63929159587452
cosmopedia,268436282.0,10.0,0.18836490894898011,8.401209526652057
cosmopedia,268436282.0,10.0,0.19952623149688797,8.167612190553106
cosmopedia,268436282.0,10.0,0.21134890398366477,7.93865403944365
cosmopedia,268436282.0,10.0,0.223872113856834,7.714471112066973
cosmopedia,268436282.0,10.0,0.23713737056616552,7.495181292758526
cosmopedia,268436282.0,10.0,0.25118864315095807,7.280884673141159
cosmopedia,268436282.0,10.0,0.26607250597988097,7.071664006186914
cosmopedia,268436282.0,10.0,0.2818382931264455,6.8675852419001595
cosmopedia,268436282.0,10.0,0.298538261891796,6.668698133914968
cosmopedia,268436282.0,10.0,0.31622776601683794,6.475036906492361
cosmopedia,268436282.0,10.0,0.3349654391578278,6.286620971717867
cosmopedia,268436282.0,10.0,0.35481338923357547,6.103455687126812
cosmopedia,268436282.0,10.0,0.3758374042884443,5.925533144492133
cosmopedia,268436282.0,10.0,0.3981071705534973,5.752832981084801
cosmopedia,268436282.0,10.0,0.4216965034285822,5.585323205338718
cosmopedia,268436282.0,10.0,0.44668359215096326,5.4229610295014705
cosmopedia,268436282.0,10.0,0.4731512589614805,5.265693702520876
cosmopedia,268436282.0,10.0,0.5011872336272725,5.113459337085548
cosmopedia,268436282.0,10.0,0.5308844442309885,4.966187725399663
cosmopedia,268436282.0,10.0,0.5623413251903491,4.823801138915825
cosmopedia,268436282.0,10.0,0.5956621435290106,4.686215107871179
cosmopedia,268436282.0,10.0,0.6309573444801932,4.553339177061847
cosmopedia,268436282.0,10.0,0.6683439175686149,4.425077634849579
cosmopedia,268436282.0,10.0,0.707945784384138,4.301330212914767
cosmopedia,268436282.0,10.0,0.7498942093324558,4.181992754754823
cosmopedia,268436282.0,10.0,0.7943282347242817,4.066957851372421
cosmopedia,268436282.0,10.0,0.8413951416451951,3.9561154430057965
cosmopedia,268436282.0,10.0,0.8912509381337459,3.849353386124397
cosmopedia,268436282.0,10.0,0.9440608762859236,3.7465579852476028
cosmopedia,268436282.0,10.0,1.0,3.6476144894446794
cosmopedia,268436282.0,10.0,1.0592537251772887,3.552407553642268
cosmopedia,268436282.0,10.0,1.1220184543019642,3.460821665102584
cosmopedia,268436282.0,10.0,1.188502227437019,3.3727415356444395
cosmopedia,268436282.0,10.0,1.2589254117941675,3.2880524603605914
cosmopedia,268436282.0,10.0,1.333521432163324,3.2066406437424537
cosmopedia,268436282.0,10.0,1.412537544622754,3.1283934942567106
cosmopedia,268436282.0,10.0,1.4962356560944343,3.0531998885315383
cosmopedia,268436282.0,10.0,1.584893192461114,2.9809504064024352
cosmopedia,268436282.0,10.0,1.6788040181225607,2.911537538143298
cosmopedia,268436282.0,10.0,1.7782794100389228,2.844855865265302
cosmopedia,268436282.0,10.0,1.8836490894898001,2.78080221630941
cosmopedia,268436282.0,10.0,1.9952623149688808,2.719275799085793
cosmopedia,268436282.0,10.0,2.1134890398366477,2.6601783108287607
cosmopedia,268436282.0,10.0,2.23872113856834,2.603414027738552
cosmopedia,268436282.0,10.0,2.371373705661655,2.5488898753734897
cosmopedia,268436282.0,10.0,2.5118864315095824,2.496515481337932
cosmopedia,268436282.0,10.0,2.6607250597988115,2.4462032116849586
cosmopedia,268436282.0,10.0,2.818382931264455,2.3978681924176786
cosmopedia,268436282.0,10.0,2.9853826189179604,2.351428317432101
cosmopedia,268436282.0,10.0,3.1622776601683795,2.306804244196481
cosmopedia,268436282.0,10.0,3.3496543915782793,2.263919378409965
cosmopedia,268436282.0,10.0,3.548133892335757,2.22269984882685
cosmopedia,268436282.0,10.0,3.758374042884443,2.183074473372652
cosmopedia,268436282.0,10.0,3.981071705534973,2.1449747176166003
cosmopedia,268436282.0,10.0,4.216965034285822,2.108334646600948
cosmopedia,268436282.0,10.0,4.4668359215096345,2.073090870963179
cosmopedia,268436282.0,10.0,4.731512589614808,2.0391824882223055
cosmopedia,268436282.0,10.0,5.011872336272725,2.0065510200360945
cosmopedia,268436282.0,10.0,5.308844442309884,1.9751403461726476
cosmopedia,268436282.0,10.0,5.62341325190349,1.9448966358778397
cosmopedia,268436282.0,10.0,5.95662143529011,1.9157682772600868
cosmopedia,268436282.0,10.0,6.309573444801936,1.8877058052560298
cosmopedia,268436282.0,10.0,6.683439175686149,1.8606618286854415
cosmopedia,268436282.0,10.0,7.07945784384138,1.8345909568512198
cosmopedia,268436282.0,10.0,7.498942093324558,1.809449726090573
cosmopedia,268436282.0,10.0,7.943282347242821,1.7851965266371392
cosmopedia,268436282.0,10.0,8.413951416451956,1.7617915301102895
cosmopedia,268436282.0,10.0,8.91250938133746,1.7391966179077125
cosmopedia,268436282.0,10.0,9.440608762859236,1.7173753107403649
cosmopedia,268436282.0,10.0,10.0,1.696292699514983
cosmopedia,268436282.0,10.0,10.592537251772898,1.6759153777386224
cosmopedia,268436282.0,10.0,11.220184543019641,1.6562113755918837
cosmopedia,268436282.0,10.0,11.88502227437019,1.6371500957927325
cosmopedia,268436282.0,10.0,12.589254117941675,1.6187022513507507
cosmopedia,268436282.0,10.0,13.33521432163324,1.6008398052923971
cosmopedia,268436282.0,10.0,14.125375446227554,1.5835359124210533
cosmopedia,268436282.0,10.0,14.962356560944343,1.5667648631614848
cosmopedia,268436282.0,10.0,15.848931924611142,1.550502029526288
cosmopedia,268436282.0,10.0,16.788040181225607,1.5347238132322643
cosmopedia,268436282.0,10.0,17.78279410038923,1.5194075959870412
cosmopedia,268436282.0,10.0,18.83649089489802,1.5045316919606182
cosmopedia,268436282.0,10.0,19.952623149688808,1.4900753024528277
cosmopedia,268436282.0,10.0,21.134890398366476,1.4760184727657308
cosmopedia,268436282.0,10.0,22.3872113856834,1.46234205128977
cosmopedia,268436282.0,10.0,23.71373705661655,1.4490276508137938
cosmopedia,268436282.0,10.0,25.11886431509582,1.4360576120719837
cosmopedia,268436282.0,10.0,26.607250597988113,1.4234149695449159
cosmopedia,268436282.0,10.0,28.183829312644548,1.411083419537548
cosmopedia,268436282.0,10.0,29.853826189179603,1.3990472905635887
cosmopedia,268436282.0,10.0,31.622776601683793,1.3872915160733699
cosmopedia,268436282.0,10.0,33.496543915782794,1.3758016095707888
cosmopedia,268436282.0,10.0,35.48133892335757,1.3645636421738425
cosmopedia,268436282.0,10.0,37.58374042884443,1.3535642226824414
cosmopedia,268436282.0,10.0,39.810717055349734,1.3427904802261246
cosmopedia,268436282.0,10.0,42.169650342858226,1.3322300495724388
cosmopedia,268436282.0,10.0,44.668359215096345,1.3218710591835052
cosmopedia,268436282.0,10.0,47.315125896148075,1.3117021221126475
cosmopedia,268436282.0,10.0,50.118723362727245,1.301712329834082
cosmopedia,268436282.0,10.0,53.08844442309885,1.2918912490950505
cosmopedia,268436282.0,10.0,56.23413251903491,1.282228921869961
cosmopedia,268436282.0,10.0,59.56621435290109,1.2727158684782973
cosmopedia,268436282.0,10.0,63.095734448019364,1.2633430939000074
cosmopedia,268436282.0,10.0,66.83439175686149,1.2541020972814587
cosmopedia,268436282.0,10.0,70.79457843841381,1.2449848845692257
cosmopedia,268436282.0,10.0,74.98942093324558,1.2359839841351352
cosmopedia,268436282.0,10.0,79.43282347242821,1.2270924651614639
cosmopedia,268436282.0,10.0,84.13951416451955,1.2183039584375885
cosmopedia,268436282.0,10.0,89.12509381337459,1.2096126790768658
cosmopedia,268436282.0,10.0,94.40608762859236,1.2010134504946242
cosmopedia,268436282.0,10.0,100.0,1.1925017287960331
cosmopedia,268436282.0,20.0,0.01,20.048403560139455
cosmopedia,268436282.0,20.0,0.010592537251772886,19.92361932356467
cosmopedia,268436282.0,20.0,0.011220184543019636,19.79360601457356
cosmopedia,268436282.0,20.0,0.011885022274370183,19.65825217419213
cosmopedia,268436282.0,20.0,0.012589254117941675,19.517454554162384
cosmopedia,268436282.0,20.0,0.01333521432163324,19.37111922856022
cosmopedia,268436282.0,20.0,0.01412537544622754,19.21916272922763
cosmopedia,268436282.0,20.0,0.014962356560944336,19.06151319497507
cosmopedia,268436282.0,20.0,0.015848931924611134,18.898111523286136
cosmopedia,268436282.0,20.0,0.016788040181225608,18.728912512088726
cosmopedia,268436282.0,20.0,0.01778279410038923,18.553885978004057
cosmopedia,268436282.0,20.0,0.018836490894898,18.37301783644713
cosmopedia,268436282.0,20.0,0.0199526231496888,18.186311128364796
cosmopedia,268436282.0,20.0,0.021134890398366465,17.99378697760586
cosmopedia,268436282.0,20.0,0.0223872113856834,17.795485462790996
cosmopedia,268436282.0,20.0,0.023713737056616554,17.59146638746723
cosmopedia,268436282.0,20.0,0.025118864315095794,17.381809932735127
cosmopedia,268436282.0,20.0,0.0266072505979881,17.166617177124564
cosmopedia,268436282.0,20.0,0.028183829312644536,16.946010469649394
cosmopedia,268436282.0,20.0,0.029853826189179603,16.720133643312586
cosmopedia,268436282.0,20.0,0.03162277660168379,16.489152058174767
cosmopedia,268436282.0,20.0,0.03349654391578276,16.25325246513843
cosmopedia,268436282.0,20.0,0.03548133892335755,16.01264268412213
cosmopedia,268436282.0,20.0,0.03758374042884443,15.767551092877616
cosmopedia,268436282.0,20.0,0.039810717055349734,15.518225925689013
cosmopedia,268436282.0,20.0,0.042169650342858224,15.264934384146214
cosmopedia,268436282.0,20.0,0.0446683592150963,15.007961565306566
cosmopedia,268436282.0,20.0,0.04731512589614805,14.747609215627271
cosmopedia,268436282.0,20.0,0.05011872336272725,14.484194322028335
cosmopedia,268436282.0,20.0,0.053088444423098846,14.218047554247851
cosmopedia,268436282.0,20.0,0.056234132519034905,13.949511575192872
cosmopedia,268436282.0,20.0,0.059566214352901034,13.678939238224725
cosmopedia,268436282.0,20.0,0.06309573444801933,13.406691692156532
cosmopedia,268436282.0,20.0,0.06683439175686148,13.133136416168893
cosmopedia,268436282.0,20.0,0.0707945784384138,12.858645207794716
cosmopedia,268436282.0,20.0,0.07498942093324558,12.583592147611917
cosmopedia,268436282.0,20.0,0.07943282347242814,12.30835156427989
cosmopedia,268436282.0,20.0,0.08413951416451952,12.033296023081407
cosmopedia,268436282.0,20.0,0.08912509381337459,11.758794360216385
cosmopedia,268436282.0,20.0,0.09440608762859236,11.485209783776195
cosmopedia,268436282.0,20.0,0.1,11.212898060647772
cosmopedia,268436282.0,20.0,0.10592537251772892,10.942205806636307
cosmopedia,268436282.0,20.0,0.11220184543019636,10.67346889486801
cosmopedia,268436282.0,20.0,0.11885022274370183,10.407010995176377
cosmopedia,268436282.0,20.0,0.12589254117941676,10.143142254685136
cosmopedia,268436282.0,20.0,0.1333521432163324,9.882158127284296
cosmopedia,268436282.0,20.0,0.14125375446227548,9.624338357202548
cosmopedia,268436282.0,20.0,0.14962356560944334,9.369946119452454
cosmopedia,268436282.0,20.0,0.1584893192461114,9.119227317641588
cosmopedia,268436282.0,20.0,0.16788040181225605,8.872410037496048
cosmopedia,268436282.0,20.0,0.1778279410038923,8.629704152523672
cosmopedia,268436282.0,20.0,0.18836490894898011,8.39130107651651
cosmopedia,268436282.0,20.0,0.19952623149688797,8.157373656116706
cosmopedia,268436282.0,20.0,0.21134890398366477,7.928076195431663
cosmopedia,268436282.0,20.0,0.223872113856834,7.7035446036806565
cosmopedia,268436282.0,20.0,0.23713737056616552,7.483896656099996
cosmopedia,268436282.0,20.0,0.25118864315095807,7.269232357794603
cosmopedia,268436282.0,20.0,0.26607250597988097,7.059634399897781
cosmopedia,268436282.0,20.0,0.2818382931264455,6.855168697270247
cosmopedia,268436282.0,20.0,0.298538261891796,6.655884997004535
cosmopedia,268436282.0,20.0,0.31622776601683794,6.461817547194025
cosmopedia,268436282.0,20.0,0.3349654391578278,6.272985815738429
cosmopedia,268436282.0,20.0,0.35481338923357547,6.089395249386347
cosmopedia,268436282.0,20.0,0.3758374042884443,5.911038063721512
cosmopedia,268436282.0,20.0,0.3981071705534973,5.737894055376208
cosmopedia,268436282.0,20.0,0.4216965034285822,5.569931428377023
cosmopedia,268436282.0,20.0,0.44668359215096326,5.4071076271817216
cosmopedia,268436282.0,20.0,0.4731512589614805,5.2493701696344655
cosmopedia,268436282.0,20.0,0.5011872336272725,5.0966574737400405
cosmopedia,268436282.0,20.0,0.5308844442309885,4.948899672821698
cosmopedia,268436282.0,20.0,0.5623413251903491,4.806019414276879
cosmopedia,268436282.0,20.0,0.5956621435290106,4.667932637770092
cosmopedia,268436282.0,20.0,0.6309573444801932,4.534549329297719
cosmopedia,268436282.0,20.0,0.6683439175686149,4.4057742481236986
cosmopedia,268436282.0,20.0,0.707945784384138,4.281507624112508
cosmopedia,268436282.0,20.0,0.7498942093324558,4.161645823474271
cosmopedia,268436282.0,20.0,0.7943282347242817,4.046081981390864
cosmopedia,268436282.0,20.0,0.8413951416451951,3.9347066004031395
cosmopedia,268436282.0,20.0,0.8912509381337459,3.8274081138168943
cosmopedia,268436282.0,20.0,0.9440608762859236,3.7240734137236524
cosmopedia,268436282.0,20.0,1.0,3.624588343537451
cosmopedia,268436282.0,20.0,1.0592537251772887,3.52883815521892
cosmopedia,268436282.0,20.0,1.1220184543019642,3.43670793159826
cosmopedia,268436282.0,20.0,1.188502227437019,3.3480829744177156
cosmopedia,268436282.0,20.0,1.2589254117941675,3.2628491588963473
cosmopedia,268436282.0,20.0,1.333521432163324,3.1808932557759606
cosmopedia,268436282.0,20.0,1.412537544622754,3.102103221938967
cosmopedia,268436282.0,20.0,1.4962356560944343,3.026368460798761
cosmopedia,268436282.0,20.0,1.584893192461114,2.953580053752192
cosmopedia,268436282.0,20.0,1.6788040181225607,2.8836309640542113
cosmopedia,268436282.0,20.0,1.7782794100389228,2.816416214527215
cosmopedia,268436282.0,20.0,1.8836490894898001,2.751833040554913
cosmopedia,268436282.0,20.0,1.9952623149688808,2.6897810198324033
cosmopedia,268436282.0,20.0,2.1134890398366477,2.6301621803535857
cosmopedia,268436282.0,20.0,2.23872113856834,2.57288108811398
cosmopedia,268436282.0,20.0,2.371373705661655,2.5178449159935448
cosmopedia,268436282.0,20.0,2.5118864315095824,2.464963495260947
cosmopedia,268436282.0,20.0,2.6607250597988115,2.4141493511092063
cosmopedia,268436282.0,20.0,2.818382931264455,2.3653177235937624
cosmopedia,268436282.0,20.0,2.9853826189179604,2.3183865752989523
cosmopedia,268436282.0,20.0,3.1622776601683795,2.2732765870083496
cosmopedia,268436282.0,20.0,3.3496543915782793,2.229911142599819
cosmopedia,268436282.0,20.0,3.548133892335757,2.1882163043279848
cosmopedia,268436282.0,20.0,3.758374042884443,2.1481207795958412
cosmopedia,268436282.0,20.0,3.981071705534973,2.1095558802551664
cosmopedia,268436282.0,20.0,4.216965034285822,2.072455475411444
cosmopedia,268436282.0,20.0,4.4668359215096345,2.0367559386453884
cosmopedia,268436282.0,20.0,4.731512589614808,2.0023960904994476
cosmopedia,268436282.0,20.0,5.011872336272725,1.969317137014767
cosmopedia,268436282.0,20.0,5.308844442309884,1.9374626050427406
cosmopedia,268436282.0,20.0,5.62341325190349,1.906778274995318
cosmopedia,268436282.0,20.0,5.95662143529011,1.877212111640654
cosmopedia,268436282.0,20.0,6.309573444801936,1.8487141934953273
cosmopedia,268436282.0,20.0,6.683439175686149,1.8212366413117682
cosmopedia,268436282.0,20.0,7.07945784384138,1.7947335461096972
cosmopedia,268436282.0,20.0,7.498942093324558,1.7691608971536616
cosmopedia,268436282.0,20.0,7.943282347242821,1.744476510235043
cosmopedia,268436282.0,20.0,8.413951416451956,1.7206399565765202
cosmopedia,268436282.0,20.0,8.91250938133746,1.6976124926396066
cosmopedia,268436282.0,20.0,9.440608762859236,1.6753569910819897
cosmopedia,268436282.0,20.0,10.0,1.6538378730805474
cosmopedia,268436282.0,20.0,10.592537251772898,1.6330210422082037
cosmopedia,268436282.0,20.0,11.220184543019641,1.6128738200283679
cosmopedia,268436282.0,20.0,11.88502227437019,1.593364883549131
cosmopedia,268436282.0,20.0,12.589254117941675,1.5744642046608814
cosmopedia,268436282.0,20.0,13.33521432163324,1.5561429916652947
cosmopedia,268436282.0,20.0,14.125375446227554,1.5383736329907867
cosmopedia,268436282.0,20.0,14.962356560944343,1.5211296431792722
cosmopedia,268436282.0,20.0,15.848931924611142,1.5043856112212926
cosmopedia,268436282.0,20.0,16.788040181225607,1.4881171513115203
cosmopedia,268436282.0,20.0,17.78279410038923,1.472300856093504
cosmopedia,268436282.0,20.0,18.83649089489802,1.4569142524619447
cosmopedia,268436282.0,20.0,19.952623149688808,1.4419357599919407
cosmopedia,268436282.0,20.0,21.134890398366476,1.4273446520678428
cosmopedia,268436282.0,20.0,22.3872113856834,1.4131210197889519
cosmopedia,268436282.0,20.0,23.71373705661655,1.3992457387354158
cosmopedia,268436282.0,20.0,25.11886431509582,1.3857004386846186
cosmopedia,268436282.0,20.0,26.607250597988113,1.3724674763758893
cosmopedia,268436282.0,20.0,28.183829312644548,1.3595299114288677
cosmopedia,268436282.0,20.0,29.853826189179603,1.3468714855275798
cosmopedia,268436282.0,20.0,31.622776601683793,1.3344766049874877
cosmopedia,268436282.0,20.0,33.496543915782794,1.3223303268251063
cosmopedia,268436282.0,20.0,35.48133892335757,1.3104183484482557
cosmopedia,268436282.0,20.0,37.58374042884443,1.298727001077604
cosmopedia,268436282.0,20.0,39.810717055349734,1.2872432469952286
cosmopedia,268436282.0,20.0,42.169650342858226,1.2759546806909885
cosmopedia,268436282.0,20.0,44.668359215096345,1.2648495339399615
cosmopedia,268436282.0,20.0,47.315125896148075,1.2539166847911614
cosmopedia,268436282.0,20.0,50.118723362727245,1.2431456703758579
cosmopedia,268436282.0,20.0,53.08844442309885,1.2325267033500307
cosmopedia,268436282.0,20.0,56.23413251903491,1.2220506916661962
cosmopedia,268436282.0,20.0,59.56621435290109,1.2117092612228293
cosmopedia,268436282.0,20.0,63.095734448019364,1.2014947807625804
cosmopedia,268436282.0,20.0,66.83439175686149,1.1914003881835542
cosmopedia,268436282.0,20.0,70.79457843841381,1.1814200171929419
cosmopedia,268436282.0,20.0,74.98942093324558,1.1715484229748727
cosmopedia,268436282.0,20.0,79.43282347242821,1.1617812052738847
cosmopedia,268436282.0,20.0,84.13951416451955,1.1521148270273958
cosmopedia,268436282.0,20.0,89.12509381337459,1.1425466264356907
cosmopedia,268436282.0,20.0,94.40608762859236,1.1330748201647551
cosmopedia,268436282.0,20.0,100.0,1.1236984952695577
cosmopedia,268436282.0,40.0,0.01,20.04647305420729
cosmopedia,268436282.0,40.0,0.010592537251772886,19.921590486558653
cosmopedia,268436282.0,40.0,0.011220184543019636,19.79147458029666
cosmopedia,268436282.0,40.0,0.011885022274370183,19.65601375523262
cosmopedia,268436282.0,40.0,0.012589254117941675,19.51510464295374
cosmopedia,268436282.0,40.0,0.01333521432163324,19.368653198644736
cosmopedia,268436282.0,40.0,0.01412537544622754,19.21657583670802
cosmopedia,268436282.0,40.0,0.014962356560944336,19.058800580059433
cosmopedia,268436282.0,40.0,0.015848931924611134,18.895268211923273
cosmopedia,268436282.0,40.0,0.016788040181225608,18.725933417614524
cosmopedia,268436282.0,40.0,0.01778279410038923,18.550765902697407
cosmopedia,268436282.0,40.0,0.018836490894898,18.36975147302183
cosmopedia,268436282.0,40.0,0.0199526231496888,18.18289306119539
cosmopedia,268436282.0,40.0,0.021134890398366465,17.99021168369638
cosmopedia,268436282.0,40.0,0.0223872113856834,17.791747312350637
cosmopedia,268436282.0,40.0,0.023713737056616554,17.587559644046426
cosmopedia,268436282.0,40.0,0.025118864315095794,17.377728752779248
cosmopedia,268436282.0,40.0,0.0266072505979881,17.162355608920166
cosmopedia,268436282.0,40.0,0.028183829312644536,16.941562451530913
cosmopedia,268436282.0,40.0,0.029853826189179603,16.715493001102704
cosmopedia,268436282.0,40.0,0.03162277660168379,16.484312501739193
cosmopedia,268436282.0,40.0,0.03349654391578276,16.24820758405912
cosmopedia,268436282.0,40.0,0.03548133892335755,16.007385942392734
cosmopedia,268436282.0,40.0,0.03758374042884443,15.762075822642766
cosmopedia,268436282.0,40.0,0.039810717055349734,15.512525319984958
cosmopedia,268436282.0,40.0,0.042169650342858224,15.259001488671073
cosmopedia,268436282.0,40.0,0.0446683592150963,15.001789269237197
cosmopedia,268436282.0,40.0,0.04731512589614805,14.741190241546919
cosmopedia,268436282.0,40.0,0.05011872336272725,14.477521215024014
cosmopedia,268436282.0,40.0,0.053088444423098846,14.211112670275423
cosmopedia,268436282.0,40.0,0.056234132519034905,13.942307068822075
cosmopedia,268436282.0,40.0,0.059566214352901034,13.671457049888941
cosmopedia,268436282.0,40.0,0.06309573444801933,13.398923535070875
cosmopedia,268436282.0,40.0,0.06683439175686148,13.125073763072095
cosmopedia,268436282.0,40.0,0.0707945784384138,12.850279277702509
cosmopedia,268436282.0,40.0,0.07498942093324558,12.574913892779865
cosmopedia,268436282.0,40.0,0.07943282347242814,12.299351657579699
cosmopedia,268436282.0,40.0,0.08413951416451952,12.023964846003587
cosmopedia,268436282.0,40.0,0.08912509381337459,11.749121991727376
cosmopedia,268436282.0,40.0,0.09440608762859236,11.475185990249457
cosmopedia,268436282.0,40.0,0.1,11.202512287099026
cosmopedia,268436282.0,40.0,0.10592537251772892,10.93144716948591
cosmopedia,268436282.0,40.0,0.11220184543019636,10.662326176456792
cosmopedia,268436282.0,40.0,0.11885022274370183,10.39547264024819
cosmopedia,268436282.0,40.0,0.12589254117941676,10.131196369045979
cosmopedia,268436282.0,40.0,0.1333521432163324,9.869792478839296
cosmopedia,268436282.0,40.0,0.14125375446227548,9.611540379555828
cosmopedia,268436282.0,40.0,0.14962356560944334,9.356702918245547
cosmopedia,268436282.0,40.0,0.1584893192461114,9.1055256797838
cosmopedia,268436282.0,40.0,0.16788040181225605,8.858236443432462
cosmopedia,268436282.0,40.0,0.1778279410038923,8.615044791652567
cosmopedia,268436282.0,40.0,0.18836490894898011,8.376141865857198
cosmopedia,268436282.0,40.0,0.19952623149688797,8.141700262298443
cosmopedia,268436282.0,40.0,0.21134890398366477,7.9118740600457365
cosmopedia,268436282.0,40.0,0.223872113856834,7.686798972013635
cosmopedia,268436282.0,40.0,0.23713737056616552,7.4665926092285835
cosmopedia,268436282.0,40.0,0.25118864315095807,7.251354847991398
cosmopedia,268436282.0,40.0,0.26607250597988097,7.041168289259911
cosmopedia,268436282.0,40.0,0.2818382931264455,6.8360987994430795
cosmopedia,268436282.0,40.0,0.298538261891796,6.636196121834168
cosmopedia,268436282.0,40.0,0.31622776601683794,6.441494548097916
cosmopedia,268436282.0,40.0,0.3349654391578278,6.252013639542469
cosmopedia,268436282.0,40.0,0.35481338923357547,6.067758988331127
cosmopedia,268436282.0,40.0,0.3758374042884443,5.8887230092998175
cosmopedia,268436282.0,40.0,0.3981071705534973,5.7148857536188755
cosmopedia,268436282.0,40.0,0.4216965034285822,5.546215736165484
cosmopedia,268436282.0,40.0,0.44668359215096326,5.382670769128194
cosmopedia,268436282.0,40.0,0.4731512589614805,5.2241987950356545
cosmopedia,268436282.0,40.0,0.5011872336272725,5.070738713082545
cosmopedia,268436282.0,40.0,0.5308844442309885,4.922221193293683
cosmopedia,268436282.0,40.0,0.5623413251903491,4.778569473724181
cosmopedia,268436282.0,40.0,0.5956621435290106,4.639700136525777
cosmopedia,268436282.0,40.0,0.6309573444801932,4.5055238593142715
cosmopedia,268436282.0,40.0,0.6683439175686149,4.375946138844784
cosmopedia,268436282.0,40.0,0.707945784384138,4.250867984538477
cosmopedia,268436282.0,40.0,0.7498942093324558,4.130186579903465
cosmopedia,268436282.0,40.0,0.7943282347242817,4.013795910353373
cosmopedia,268436282.0,40.0,0.8413951416451951,3.901587356349623
cosmopedia,268436282.0,40.0,0.8912509381337459,3.793450251177516
cosmopedia,268436282.0,40.0,0.9440608762859236,3.6892724030126858
cosmopedia,268436282.0,40.0,1.0,3.588940581245371
cosmopedia,268436282.0,40.0,1.0592537251772887,3.4923409673055574
cosmopedia,268436282.0,40.0,1.1220184543019642,3.399359570474619
cosmopedia,268436282.0,40.0,1.188502227437019,3.309882609381327
cosmopedia,268436282.0,40.0,1.2589254117941675,3.223796860060955
cosmopedia,268436282.0,40.0,1.333521432163324,3.1409899716119396
cosmopedia,268436282.0,40.0,1.412537544622754,3.0613507506128053
cosmopedia,268436282.0,40.0,1.4962356560944343,2.984769415567135
cosmopedia,268436282.0,40.0,1.584893192461114,2.911137822728189
cosmopedia,268436282.0,40.0,1.6788040181225607,2.84034966471744
cosmopedia,268436282.0,40.0,1.7782794100389228,2.7723006433963766
cosmopedia,268436282.0,40.0,1.8836490894898001,2.7068886184792285
cosmopedia,268436282.0,40.0,1.9952623149688808,2.6440137333876077
cosmopedia,268436282.0,40.0,2.1134890398366477,2.5835785198479835
cosmopedia,268436282.0,40.0,2.23872113856834,2.5254879827211365
cosmopedia,268436282.0,40.0,2.371373705661655,2.4696496665305725
cosmopedia,268436282.0,40.0,2.5118864315095824,2.415973705125585
cosmopedia,268436282.0,40.0,2.6607250597988115,2.3643728558758776
cosmopedia,268436282.0,40.0,2.818382931264455,2.314762519749354
cosmopedia,268436282.0,40.0,2.9853826189179604,2.267060748573989
cosmopedia,268436282.0,40.0,3.1622776601683795,2.2211882407298384
cosmopedia,268436282.0,40.0,3.3496543915782793,2.1770683264592177
cosmopedia,268436282.0,40.0,3.548133892335757,2.1346269439224517
cosmopedia,268436282.0,40.0,3.758374042884443,2.093792607064755
cosmopedia,268436282.0,40.0,3.981071705534973,2.054496366296866
cosmopedia,268436282.0,40.0,4.216965034285822,2.0166717629293185
cosmopedia,268436282.0,40.0,4.4668359215096345,1.9802547782376105
cosmopedia,268436282.0,40.0,4.731512589614808,1.9451837779743106
cosmopedia,268436282.0,40.0,5.011872336272725,1.9113994530841125
cosmopedia,268436282.0,40.0,5.308844442309884,1.8788447573197449
cosmopedia,268436282.0,40.0,5.62341325190349,1.8474648424008295
cosmopedia,268436282.0,40.0,5.95662143529011,1.8172069913044644
cosmopedia,268436282.0,40.0,6.309573444801936,1.7880205502255657
cosmopedia,268436282.0,40.0,6.683439175686149,1.75985685969746
cosmopedia,268436282.0,40.0,7.07945784384138,1.7326691853185265
cosmopedia,268436282.0,40.0,7.498942093324558,1.7064126484893904
cosmopedia,268436282.0,40.0,7.943282347242821,1.6810441575270545
cosmopedia,268436282.0,40.0,8.413951416451956,1.6565223394876043
cosmopedia,268436282.0,40.0,8.91250938133746,1.6328074729978859
cosmopedia,268436282.0,40.0,9.440608762859236,1.6098614223685217
cosmopedia,268436282.0,40.0,10.0,1.5876475732361495
cosmopedia,268436282.0,40.0,10.592537251772898,1.5661307699615268
cosmopedia,268436282.0,40.0,11.220184543019641,1.5452772549923053
cosmopedia,268436282.0,40.0,11.88502227437019,1.5250546103845397
cosmopedia,268436282.0,40.0,12.589254117941675,1.5054317016655017
cosmopedia,268436282.0,40.0,13.33521432163324,1.4863786242118102
cosmopedia,268436282.0,40.0,14.125375446227554,1.4678666523111317
cosmopedia,268436282.0,40.0,14.962356560944343,1.449868191072675
cosmopedia,268436282.0,40.0,15.848931924611142,1.4323567313508652
cosmopedia,268436282.0,40.0,16.788040181225607,1.4153068078479023
cosmopedia,268436282.0,40.0,17.78279410038923,1.398693960563639
cosmopedia,268436282.0,40.0,18.83649089489802,1.3824946997650378
cosmopedia,268436282.0,40.0,19.952623149688808,1.3666864746514455
cosmopedia,268436282.0,40.0,21.134890398366476,1.351247645895364
cosmopedia,268436282.0,40.0,22.3872113856834,1.3361574622399195
cosmopedia,268436282.0,40.0,23.71373705661655,1.3213960413325685
cosmopedia,268436282.0,40.0,25.11886431509582,1.3069443549680586
cosmopedia,268436282.0,40.0,26.607250597988113,1.2927842188998508
cosmopedia,268436282.0,40.0,28.183829312644548,1.2788982873560655
cosmopedia,268436282.0,40.0,29.853826189179603,1.2652700523601494
cosmopedia,268436282.0,40.0,31.622776601683793,1.2518838479048437
cosmopedia,268436282.0,40.0,33.496543915782794,1.2387248589567799
cosmopedia,268436282.0,40.0,35.48133892335757,1.2257791351740892
cosmopedia,268436282.0,40.0,37.58374042884443,1.2130336090969258
cosmopedia,268436282.0,40.0,39.810717055349734,1.2004761184165658
cosmopedia,268436282.0,40.0,42.169650342858226,1.188095431739864
cosmopedia,268436282.0,40.0,44.668359215096345,1.1758812770403655
cosmopedia,268436282.0,40.0,47.315125896148075,1.1638243717252592
cosmopedia,268436282.0,40.0,50.118723362727245,1.1519164529523853
cosmopedia,268436282.0,40.0,53.08844442309885,1.140150306510905
cosmopedia,268436282.0,40.0,56.23413251903491,1.128519792246471
cosmopedia,268436282.0,40.0,59.56621435290109,1.117019863686961
cosmopedia,268436282.0,40.0,63.095734448019364,1.1056465792354935
cosmopedia,268436282.0,40.0,66.83439175686149,1.094397102080198
cosmopedia,268436282.0,40.0,70.79457843841381,1.083269685867897
cosmopedia,268436282.0,40.0,74.98942093324558,1.0722636432508845
cosmopedia,268436282.0,40.0,79.43282347242821,1.0613792946922724
cosmopedia,268436282.0,40.0,84.13951416451955,1.0506178954512415
cosmopedia,268436282.0,40.0,89.12509381337459,1.0399815394968475
cosmopedia,268436282.0,40.0,94.40608762859236,1.0294730402261114
cosmopedia,268436282.0,40.0,100.0,1.0190957892632588
cosmopedia,268436282.0,60.0,0.01,20.044927191914233
cosmopedia,268436282.0,60.0,0.010592537251772886,19.919965618685325
cosmopedia,268436282.0,60.0,0.011220184543019636,19.78976725030435
cosmopedia,268436282.0,60.0,0.011885022274370183,19.654220405291657
cosmopedia,268436282.0,60.0,0.012589254117941675,19.513221614438596
cosmopedia,268436282.0,60.0,0.01333521432163324,19.36667673284712
cosmopedia,268436282.0,60.0,0.01412537544622754,19.214502075610607
cosmopedia,268436282.0,60.0,0.014962356560944336,19.056625567235802
cosmopedia,268436282.0,60.0,0.015848931924611134,18.892987893458443
cosmopedia,268436282.0,60.0,0.016788040181225608,18.72354364305109
cosmopedia,268436282.0,60.0,0.01778279410038923,18.548262425908447
cosmopedia,268436282.0,60.0,0.018836490894898,18.367129952992904
cosmopedia,268436282.0,60.0,0.0199526231496888,18.180149062636186
cosmopedia,268436282.0,60.0,0.021134890398366465,17.987340677411048
cosmopedia,268436282.0,60.0,0.0223872113856834,17.78874467532875
cosmopedia,268436282.0,60.0,0.023713737056616554,17.58442065917453
cosmopedia,268436282.0,60.0,0.025118864315095794,17.374448608124922
cosmopedia,268436282.0,60.0,0.0266072505979881,17.15892939651761
cosmopedia,268436282.0,60.0,0.028183829312644536,16.9379851656095
cosmopedia,268436282.0,60.0,0.029853826189179603,16.71175953569013
cosmopedia,268436282.0,60.0,0.03162277660168379,16.480417647608775
cosmopedia,268436282.0,60.0,0.03349654391578276,16.24414602496008
cosmopedia,268436282.0,60.0,0.03548133892335755,16.003152250543852
cosmopedia,268436282.0,60.0,0.03758374042884443,15.757664453476131
cosmopedia,268436282.0,60.0,0.039810717055349734,15.507930606115018
cosmopedia,268436282.0,60.0,0.042169650342858224,15.254217633115495
cosmopedia,268436282.0,60.0,0.0446683592150963,14.996810337915766
cosmopedia,268436282.0,60.0,0.04731512589614805,14.736010155079159
cosmopedia,268436282.0,60.0,0.05011872336272725,14.472133739910449
cosmopedia,268436282.0,60.0,0.053088444423098846,14.205511409512049
cosmopedia,268436282.0,60.0,0.056234132519034905,13.936485452053047
cosmopedia,268436282.0,60.0,0.059566214352901034,13.665408323201829
cosmopedia,268436282.0,60.0,0.06309573444801933,13.392640750545237
cosmopedia,268436282.0,60.0,0.06683439175686148,13.118549768225554
cosmopedia,268436282.0,60.0,0.0707945784384138,12.84350670497788
cosmopedia,268436282.0,60.0,0.07498942093324558,12.567885149227019
cosmopedia,268436282.0,60.0,0.07943282347242814,12.292058914896911
cosmopedia,268436282.0,60.0,0.08413951416451952,12.016400031118147
cosmopedia,268436282.0,60.0,0.08912509381337459,11.74127677808404
cosmopedia,268436282.0,60.0,0.09440608762859236,11.467051789992627
cosmopedia,268436282.0,60.0,0.1,11.194080244329085
cosmopedia,268436282.0,60.0,0.10592537251772892,10.922708154773106
cosmopedia,268436282.0,60.0,0.11220184543019636,10.653270782786816
cosmopedia,268436282.0,60.0,0.11885022274370183,10.386091180583024
cosmopedia,268436282.0,60.0,0.12589254117941676,10.121478875659902
cosmopedia,268436282.0,60.0,0.1333521432163324,9.85972870459731
cosmopedia,268436282.0,60.0,0.14125375446227548,9.601119801284913
cosmopedia,268436282.0,60.0,0.14962356560944334,9.345914742338614
cosmopedia,268436282.0,60.0,0.1584893192461114,9.094358850168241
cosmopedia,268436282.0,60.0,0.16788040181225605,8.84667965201071
cosmopedia,268436282.0,60.0,0.1778279410038923,8.603086491318175
cosmopedia,268436282.0,60.0,0.18836490894898011,8.363770286162056
cosmopedia,268436282.0,60.0,0.19952623149688797,8.128903427830384
cosmopedia,268436282.0,60.0,0.21134890398366477,7.898639811554583
cosmopedia,268436282.0,60.0,0.223872113856834,7.673114990296564
cosmopedia,268436282.0,60.0,0.23713737056616552,7.452446441762292
cosmopedia,268436282.0,60.0,0.25118864315095807,7.236733938267973
cosmopedia,268436282.0,60.0,0.26607250597988097,7.0260600087556675
cosmopedia,268436282.0,60.0,0.2818382931264455,6.820490482115471
cosmopedia,268436282.0,60.0,0.298538261891796,6.620075101008821
cosmopedia,268436282.0,60.0,0.31622776601683794,6.424848195574173
cosmopedia,268436282.0,60.0,0.3349654391578278,6.234829406708652
cosmopedia,268436282.0,60.0,0.35481338923357547,6.050024449046657
cosmopedia,268436282.0,60.0,0.3758374042884443,5.870425904262493
cosmopedia,268436282.0,60.0,0.3981071705534973,5.696014035903454
cosmopedia,268436282.0,60.0,0.4216965034285822,5.5267576175856465
cosmopedia,268436282.0,60.0,0.44668359215096326,5.362614767040101
cosmopedia,268436282.0,60.0,0.4731512589614805,5.203533779177586
cosmopedia,268436282.0,60.0,0.5011872336272725,5.049453952017805
cosmopedia,268436282.0,60.0,0.5308844442309885,4.900306400005766
cosmopedia,268436282.0,60.0,0.5623413251903491,4.756014849899692
cosmopedia,268436282.0,60.0,0.5956621435290106,4.616496415052999
cosmopedia,268436282.0,60.0,0.6309573444801932,4.48166234452473
cosmopedia,268436282.0,60.0,0.6683439175686149,4.351418744031864
cosmopedia,268436282.0,60.0,0.707945784384138,4.225667266301844
cosmopedia,268436282.0,60.0,0.7498942093324558,4.104305768889992
cosmopedia,268436282.0,60.0,0.7943282347242817,3.987228937995098
cosmopedia,268436282.0,60.0,0.8413951416451951,3.8743288772363873
cosmopedia,268436282.0,60.0,0.8912509381337459,3.7654956607456964
cosmopedia,268436282.0,60.0,0.9440608762859236,3.6606178502818816
cosmopedia,268436282.0,60.0,1.0,3.5595829763892106
cosmopedia,268436282.0,60.0,1.0592537251772887,3.46227798390239
cosmopedia,268436282.0,60.0,1.1220184543019642,3.368589642345879
cosmopedia,268436282.0,60.0,1.188502227437019,3.278404921988245
cosmopedia,268436282.0,60.0,1.2589254117941675,3.1916113364944283
cosmopedia,268436282.0,60.0,1.333521432163324,3.1080972532724904
cosmopedia,268436282.0,60.0,1.412537544622754,3.0277521727370003
cosmopedia,268436282.0,60.0,1.4962356560944343,2.950466977813721
cosmopedia,268436282.0,60.0,1.584893192461114,2.8761341550875397
cosmopedia,268436282.0,60.0,1.6788040181225607,2.8046479890538785
cosmopedia,268436282.0,60.0,1.7782794100389228,2.735904730971692
cosmopedia,268436282.0,60.0,1.8836490894898001,2.669802743837493
cosmopedia,268436282.0,60.0,1.9952623149688808,2.606242625005934
cosmopedia,268436282.0,60.0,2.1134890398366477,2.5451273079749392
cosmopedia,268436282.0,60.0,2.23872113856834,2.486362144834166
cosmopedia,268436282.0,60.0,2.371373705661655,2.4298549708463115
cosmopedia,268436282.0,60.0,2.5118864315095824,2.375516152593101
cosmopedia,268436282.0,60.0,2.6607250597988115,2.3232586210730415
cosmopedia,268436282.0,60.0,2.818382931264455,2.2729978910871322
cosmopedia,268436282.0,60.0,2.9853826189179604,2.2246520681942172
cosmopedia,268436282.0,60.0,3.1622776601683795,2.178141844458825
cosmopedia,268436282.0,60.0,3.3496543915782793,2.1333904841540217
cosmopedia,268436282.0,60.0,3.548133892335757,2.090323800519206
cosmopedia,268436282.0,60.0,3.758374042884443,2.0488701246103873
cosmopedia,268436282.0,60.0,3.981071705534973,2.0089602672174984
cosmopedia,268436282.0,60.0,4.216965034285822,1.9705274747612676
cosmopedia,268436282.0,60.0,4.4668359215096345,1.9335073800214366
cosmopedia,268436282.0,60.0,4.731512589614808,1.8978379484889223
cosmopedia,268436282.0,60.0,5.011872336272725,1.8634594210773068
cosmopedia,268436282.0,60.0,5.308844442309884,1.8303142538745314
cosmopedia,268436282.0,60.0,5.62341325190349,1.7983470555634933
cosmopedia,268436282.0,60.0,5.95662143529011,1.767504523091208
cosmopedia,268436282.0,60.0,6.309573444801936,1.73773537612009
cosmopedia,268436282.0,60.0,6.683439175686149,1.70899029075211
cosmopedia,268436282.0,60.0,7.07945784384138,1.6812218329772077
cosmopedia,268436282.0,60.0,7.498942093324558,1.6543843922611756
cosmopedia,268436282.0,60.0,7.943282347242821,1.6284341156558502
cosmopedia,268436282.0,60.0,8.413951416451956,1.6033288427853996
cosmopedia,268436282.0,60.0,8.91250938133746,1.5790280420370704
cosmopedia,268436282.0,60.0,9.440608762859236,1.5554927482628462
cosmopedia,268436282.0,60.0,10.0,1.5326855022801191
cosmopedia,268436282.0,60.0,10.592537251772898,1.5105702924443631
cosmopedia,268436282.0,60.0,11.220184543019641,1.4891124985551536
cosmopedia,268436282.0,60.0,11.88502227437019,1.46827883834818
cosmopedia,268436282.0,60.0,12.589254117941675,1.4480373168202036
cosmopedia,268436282.0,60.0,13.33521432163324,1.4283571786306009
cosmopedia,268436282.0,60.0,14.125375446227554,1.4092088638220945
cosmopedia,268436282.0,60.0,14.962356560944343,1.3905639671036012
cosmopedia,268436282.0,60.0,15.848931924611142,1.3723952009393974
cosmopedia,268436282.0,60.0,16.788040181225607,1.3546763626898295
cosmopedia,268436282.0,60.0,17.78279410038923,1.33738230604863
cosmopedia,268436282.0,60.0,18.83649089489802,1.3204889170186935
cosmopedia,268436282.0,60.0,19.952623149688808,1.3039730946606278
cosmopedia,268436282.0,60.0,21.134890398366476,1.287812736833617
cosmopedia,268436282.0,60.0,22.3872113856834,1.2719867311240505
cosmopedia,268436282.0,60.0,23.71373705661655,1.256474951120266
cosmopedia,268436282.0,60.0,25.11886431509582,1.2412582581384304
cosmopedia,268436282.0,60.0,26.607250597988113,1.226318508430482
cosmopedia,268436282.0,60.0,28.183829312644548,1.211638565806004
cosmopedia,268436282.0,60.0,29.853826189179603,1.197202319470907
cosmopedia,268436282.0,60.0,31.622776601683793,1.182994706722672
cosmopedia,268436282.0,60.0,33.496543915782794,1.169001739940023
cosmopedia,268436282.0,60.0,35.48133892335757,1.1552105370620813
cosmopedia,268436282.0,60.0,37.58374042884443,1.1416093544669026
cosmopedia,268436282.0,60.0,39.810717055349734,1.1281876208345065
cosmopedia,268436282.0,60.0,42.169650342858226,1.1149359702216675
cosmopedia,268436282.0,60.0,44.668359215096345,1.1018462721973183
cosmopedia,268436282.0,60.0,47.315125896148075,1.0889116565085084
cosmopedia,268436282.0,60.0,50.118723362727245,1.0761265293958309
cosmopedia,268436282.0,60.0,53.08844442309885,1.0634865783917156
cosmopedia,268436282.0,60.0,56.23413251903491,1.0509887622618548
cosmopedia,268436282.0,60.0,59.56621435290109,1.0386312827432433
cosmopedia,268436282.0,60.0,63.095734448019364,1.0264135349491919
cosmopedia,268436282.0,60.0,66.83439175686149,1.01433603380696
cosmopedia,268436282.0,60.0,70.79457843841381,1.0024003147103073
cosmopedia,268436282.0,60.0,74.98942093324558,0.9906088077277893
cosmopedia,268436282.0,60.0,79.43282347242821,0.9789646861938952
cosmopedia,268436282.0,60.0,84.13951416451955,0.9674716922647342
cosmopedia,268436282.0,60.0,89.12509381337459,0.9561339439301939
cosmopedia,268436282.0,60.0,94.40608762859236,0.9449557298754316
cosmopedia,268436282.0,60.0,100.0,0.9339413002669327
cosmopedia,268436282.0,80.0,0.01,20.043587081633017
cosmopedia,268436282.0,80.0,0.010592537251772886,19.918556869801673
cosmopedia,268436282.0,80.0,0.011220184543019636,19.788286843840254
cosmopedia,268436282.0,80.0,0.011885022274370183,19.652665232077787
cosmopedia,268436282.0,80.0,0.012589254117941675,19.511588475401734
cosmopedia,268436282.0,80.0,0.01333521432163324,19.364962339403075
cosmopedia,268436282.0,80.0,0.01412537544622754,19.212703050158964
cosmopedia,268436282.0,80.0,0.014962356560944336,19.05473844371928
cosmopedia,268436282.0,80.0,0.015848931924611134,18.891009117973297
cosmopedia,268436282.0,80.0,0.016788040181225608,18.721469574432348
cosmopedia,268436282.0,80.0,0.01778279410038923,18.546089336301993
cosmopedia,268436282.0,80.0,0.018836490894898,18.364854028288363
cosmopedia,268436282.0,80.0,0.0199526231496888,18.177766402779618
cosmopedia,268436282.0,80.0,0.021134890398366465,17.984847296527096
cosmopedia,268436282.0,80.0,0.0223872113856834,17.786136501565622
cosmopedia,268436282.0,80.0,0.023713737056616554,17.581693534242223
cosmopedia,268436282.0,80.0,0.025118864315095794,17.371598286478882
cosmopedia,268436282.0,80.0,0.0266072505979881,17.155951544081837
cosmopedia,268436282.0,80.0,0.028183829312644536,16.934875358058413
cosmopedia,268436282.0,80.0,0.029853826189179603,16.708513256186517
cosmopedia,268436282.0,80.0,0.03162277660168379,16.47703028397282
cosmopedia,268436282.0,80.0,0.03349654391578276,16.240612866236035
cosmopedia,268436282.0,80.0,0.03548133892335755,15.99946848295679
cosmopedia,268436282.0,80.0,0.03758374042884443,15.753825155711842
cosmopedia,268436282.0,80.0,0.039810717055349734,15.50393074398932
cosmopedia,268436282.0,80.0,0.042169650342858224,15.250052053584838
cosmopedia,268436282.0,80.0,0.0446683592150963,14.992473762472239
cosmopedia,268436282.0,80.0,0.04731512589614805,14.731497172581694
cosmopedia,268436282.0,80.0,0.05011872336272725,14.467438798867049
cosmopedia,268436282.0,80.0,0.053088444423098846,14.20062880990967
cosmopedia,268436282.0,80.0,0.056234132519034905,13.93140933679689
cosmopedia,268436282.0,80.0,0.059566214352901034,13.660132669256303
cosmopedia,268436282.0,80.0,0.06309573444801933,13.387159359889036
cosmopedia,268436282.0,80.0,0.06683439175686148,13.112856258730462
cosmopedia,268436282.0,80.0,0.0707945784384138,12.837594501333255
cosmopedia,268436282.0,80.0,0.07498942093324558,12.561747474056345
cosmopedia,268436282.0,80.0,0.07943282347242814,12.285688780204536
cosmopedia,268436282.0,80.0,0.08413951416451952,12.009790230211408
cosmopedia,268436282.0,80.0,0.08912509381337459,11.734419878130353
cosmopedia,268436282.0,80.0,0.09440608762859236,11.459940125365508
cosmopedia,268436282.0,80.0,0.1,11.186705910905044
cosmopedia,268436282.0,80.0,0.10592537251772892,10.91506300532942
cosmopedia,268436282.0,80.0,0.11220184543019636,10.645346423664662
cosmopedia,268436282.0,80.0,0.11885022274370183,10.377878969761413
cosmopedia,268436282.0,80.0,0.12589254117941676,10.112969922393527
cosmopedia,268436282.0,80.0,0.1333521432163324,9.850913870754509
cosmopedia,268436282.0,80.0,0.14125375446227548,9.59198970451989
cosmopedia,268436282.0,80.0,0.14962356560944334,9.336459761223598
cosmopedia,268436282.0,80.0,0.1584893192461114,9.084569131394423
cosmopedia,268436282.0,80.0,0.16788040181225605,8.836545119759508
cosmopedia,268436282.0,80.0,0.1778279410038923,8.592596858889031
cosmopedia,268436282.0,80.0,0.18836490894898011,8.352915069922885
cosmopedia,268436282.0,80.0,0.19952623149688797,8.117671963546256
cosmopedia,268436282.0,80.0,0.21134890398366477,7.887021273125054
cosmopedia,268436282.0,80.0,0.223872113856834,7.661098410912797
cosmopedia,268436282.0,80.0,0.23713737056616552,7.440020737472737
cosmopedia,268436282.0,80.0,0.25118864315095807,7.223887933916028
cosmopedia,268436282.0,80.0,0.26607250597988097,7.012782466223984
cosmopedia,268436282.0,80.0,0.2818382931264455,6.806770130787336
cosmopedia,268436282.0,80.0,0.298538261891796,6.605900670324323
cosmopedia,268436282.0,80.0,0.31622776601683794,6.410208449528916
cosmopedia,268436282.0,80.0,0.3349654391578278,6.219713180112068
cosmopedia,268436282.0,80.0,0.35481338923357547,6.034420685323529
cosmopedia,268436282.0,80.0,0.3758374042884443,5.854323694551084
cosmopedia,268436282.0,80.0,0.3981071705534973,5.679402659171843
cosmopedia,268436282.0,80.0,0.4216965034285822,5.5096265814572805
cosmopedia,268436282.0,80.0,0.44668359215096326,5.344953848994385
cosmopedia,268436282.0,80.0,0.4731512589614805,5.185333067763902
cosmopedia,268436282.0,80.0,0.5011872336272725,5.030703887701222
cosmopedia,268436282.0,80.0,0.5308844442309885,4.880997815246059
cosmopedia,268436282.0,80.0,0.5623413251903491,4.736139008052087
cosmopedia,268436282.0,80.0,0.5956621435290106,4.596045047672816
cosmopedia,268436282.0,80.0,0.6309573444801932,4.4606276866584595
cosmopedia,268436282.0,80.0,0.6683439175686149,4.329793567081686
cosmopedia,268436282.0,80.0,0.707945784384138,4.203444908064735
cosmopedia,268436282.0,80.0,0.7498942093324558,4.0814801603912105
cosmopedia,268436282.0,80.0,0.7943282347242817,3.963794626762595
cosmopedia,268436282.0,80.0,0.8413951416451951,3.850281046695927
cosmopedia,268436282.0,80.0,0.8912509381337459,3.7408301454544293
cosmopedia,268436282.0,80.0,0.9440608762859236,3.6353311467627987
cosmopedia,268436282.0,80.0,1.0,3.53367224937826
cosmopedia,268436282.0,80.0,1.0592537251772887,3.435741067871275
cosmopedia,268436282.0,80.0,1.1220184543019642,3.341425038219274
cosmopedia,268436282.0,80.0,1.188502227437019,3.250611789030128
cosmopedia,268436282.0,80.0,1.2589254117941675,3.1631894793945063
cosmopedia,268436282.0,80.0,1.333521432163324,3.079047104518877
cosmopedia,268436282.0,80.0,1.412537544622754,2.998074770414928
cosmopedia,268436282.0,80.0,1.4962356560944343,2.920163939019093
cosmopedia,268436282.0,80.0,1.584893192461114,2.8452076451902717
cosmopedia,268436282.0,80.0,1.6788040181225607,2.7731006870861292
cosmopedia,268436282.0,80.0,1.7782794100389228,2.703739791450669
cosmopedia,268436282.0,80.0,1.8836490894898001,2.637023755361412
cosmopedia,268436282.0,80.0,1.9952623149688808,2.5728535659834977
cosmopedia,268436282.0,80.0,2.1134890398366477,2.5111324998641087
cosmopedia,268436282.0,80.0,2.23872113856834,2.4517662032753607
cosmopedia,268436282.0,80.0,2.371373705661655,2.394662755077867
cosmopedia,268436282.0,80.0,2.5118864315095824,2.339732713534052
cosmopedia,268436282.0,80.0,2.6607250597988115,2.2868891484501512
cosmopedia,268436282.0,80.0,2.818382931264455,2.2360476599710153
cosmopedia,268436282.0,80.0,2.9853826189179604,2.187126385292573
cosmopedia,268436282.0,80.0,3.1622776601683795,2.1400459944961474
cosmopedia,268436282.0,80.0,3.3496543915782793,2.0947296766453505
cosmopedia,268436282.0,80.0,3.548133892335757,2.0511031172232714
cosmopedia,268436282.0,80.0,3.758374042884443,2.009094467923999
cosmopedia,268436282.0,80.0,3.981071705534973,1.968634309750423
cosmopedia,268436282.0,80.0,4.216965034285822,1.9296556103089397
cosmopedia,268436282.0,80.0,4.4668359215096345,1.8920936761327853
cosmopedia,268436282.0,80.0,4.731512589614808,1.855886100808736
cosmopedia,268436282.0,80.0,5.011872336272725,1.820972709627807
cosmopedia,268436282.0,80.0,5.308844442309884,1.7872955014292387
cosmopedia,268436282.0,80.0,5.62341325190349,1.7547985882588697
cosmopedia,268436282.0,80.0,5.95662143529011,1.7234281334181534
cosmopedia,268436282.0,80.0,6.309573444801936,1.6931322884384534
cosmopedia,268436282.0,80.0,6.683439175686149,1.6638611294774517
cosmopedia,268436282.0,80.0,7.07945784384138,1.6355665936000972
cosmopedia,268436282.0,80.0,7.498942093324558,1.608202415375742
cosmopedia,268436282.0,80.0,7.943282347242821,1.5817240641961805
cosmopedia,268436282.0,80.0,8.413951416451956,1.55608868269593
cosmopedia,268436282.0,80.0,8.91250938133746,1.5312550266362324
cosmopedia,268436282.0,80.0,9.440608762859236,1.5071834065981733
cosmopedia,268436282.0,80.0,10.0,1.4838356318173465
cosmopedia,268436282.0,80.0,10.592537251772898,1.4611749564829977
cosmopedia,268436282.0,80.0,11.220184543019641,1.4391660288176964
cosmopedia,268436282.0,80.0,11.88502227437019,1.4177748432494848
cosmopedia,268436282.0,80.0,12.589254117941675,1.3969686959860912
cosmopedia,268436282.0,80.0,13.33521432163324,1.3767161442999343
cosmopedia,268436282.0,80.0,14.125375446227554,1.3569869698319543
cosmopedia,268436282.0,80.0,14.962356560944343,1.3377521462208997
cosmopedia,268436282.0,80.0,15.848931924611142,1.3189838113611143
cosmopedia,268436282.0,80.0,16.788040181225607,1.3006552445839255
cosmopedia,268436282.0,80.0,17.78279410038923,1.2827408490436532
cosmopedia,268436282.0,80.0,18.83649089489802,1.2652161395658104
cosmopedia,268436282.0,80.0,19.952623149688808,1.2480577361793257
cosmopedia,268436282.0,80.0,21.134890398366476,1.2312433635025597
cosmopedia,268436282.0,80.0,22.3872113856834,1.2147518560801538
cosmopedia,268436282.0,80.0,23.71373705661655,1.198563169669586
cosmopedia,268436282.0,80.0,25.11886431509582,1.18265839834747
cosmopedia,268436282.0,80.0,26.607250597988113,1.1670197971409173
cosmopedia,268436282.0,80.0,28.183829312644548,1.1516308096839378
cosmopedia,268436282.0,80.0,29.853826189179603,1.1364761001488775
cosmopedia,268436282.0,80.0,31.622776601683793,1.1215415884063564
cosmopedia,268436282.0,80.0,33.496543915782794,1.1068144870249945
cosmopedia,268436282.0,80.0,35.48133892335757,1.0922833383393045
cosmopedia,268436282.0,80.0,37.58374042884443,1.0779380494016577
cosmopedia,268436282.0,80.0,39.810717055349734,1.0637699222104116
cosmopedia,268436282.0,80.0,42.169650342858226,1.049771676198367
cosmopedia,268436282.0,80.0,44.668359215096345,1.035937459611157
cosmopedia,268436282.0,80.0,47.315125896148075,1.0222628461514502
cosmopedia,268436282.0,80.0,50.118723362727245,1.0087448131687333
cosmopedia,268436282.0,80.0,53.08844442309885,0.9953816977985204
cosmopedia,268436282.0,80.0,56.23413251903491,0.9821731278617581
cosmopedia,268436282.0,80.0,59.56621435290109,0.9691199250795043
cosmopedia,268436282.0,80.0,63.095734448019364,0.9562239792741727
cosmopedia,268436282.0,80.0,66.83439175686149,0.9434880937190072
cosmopedia,268436282.0,80.0,70.79457843841381,0.9309158036185584
cosmopedia,268436282.0,80.0,74.98942093324558,0.9185111717555176
cosmopedia,268436282.0,80.0,79.43282347242821,0.9062785674649101
cosmopedia,268436282.0,80.0,84.13951416451955,0.8942224370826398
cosmopedia,268436282.0,80.0,89.12509381337459,0.8823470756138486
cosmopedia,268436282.0,80.0,94.40608762859236,0.8706564103245366
cosmopedia,268436282.0,80.0,100.0,0.8591538070606101
cosmopedia,268436282.0,100.0,0.01,20.04238141139022
cosmopedia,268436282.0,100.0,0.010592537251772886,19.91728934773642
cosmopedia,268436282.0,100.0,0.011220184543019636,19.786954738829657
cosmopedia,268436282.0,100.0,0.011885022274370183,19.65126573026294
cosmopedia,268436282.0,100.0,0.012589254117941675,19.510118680361696
cosmopedia,268436282.0,100.0,0.01333521432163324,19.36341927234376
cosmopedia,268436282.0,100.0,0.01412537544622754,19.211083650244323
cosmopedia,268436282.0,100.0,0.014962356560944336,19.053039568447833
cosmopedia,268436282.0,100.0,0.015848931924611134,18.889227543568214
cosmopedia,268436282.0,100.0,0.016788040181225608,18.719601996242346
cosmopedia,268436282.0,100.0,0.01778279410038923,18.5441323691481
cosmopedia,268436282.0,100.0,0.018836490894898,18.362804206729052
cosmopedia,268436282.0,100.0,0.0199526231496888,18.17562018125973
cosmopedia,268436282.0,100.0,0.021134890398366465,17.9826010492986
cosmopedia,268436282.0,100.0,0.0223872113856834,17.7837865224389
cosmopedia,268436282.0,100.0,0.023713737056616554,17.579236036015082
cosmopedia,268436282.0,100.0,0.025118864315095794,17.369029400044052
cosmopedia,268436282.0,100.0,0.0266072505979881,17.153267317179015
cosmopedia,268436282.0,100.0,0.028183829312644536,16.93207175356703
cosmopedia,268436282.0,100.0,0.029853826189179603,16.705586149972476
cosmopedia,268436282.0,100.0,0.03162277660168379,16.47397546222128
cosmopedia,268436282.0,100.0,0.03349654391578276,16.237426022267154
cosmopedia,268436282.0,100.0,0.03548133892335755,15.99614521345365
cosmopedia,268436282.0,100.0,0.03758374042884443,15.750360956415228
cosmopedia,268436282.0,100.0,0.039810717055349734,15.500321004791914
cosmopedia,268436282.0,100.0,0.042169650342858224,15.246292053075514
cosmopedia,268436282.0,100.0,0.0446683592150963,14.988558661938812
cosmopedia,268436282.0,100.0,0.04731512589614805,14.727422009492937
cosmopedia,268436282.0,100.0,0.05011872336272725,14.463198479902406
cosmopedia,268436282.0,100.0,0.053088444423098846,14.196218103571928
cosmopedia,268436282.0,100.0,0.056234132519034905,13.926822865688164
cosmopedia,268436282.0,100.0,0.059566214352901034,13.655364902107227
cosmopedia,268436282.0,100.0,0.06309573444801933,13.382204603418593
cosmopedia,268436282.0,100.0,0.06683439175686148,13.107708649452352
cosmopedia,268436282.0,100.0,0.0707945784384138,12.832247997421865
cosmopedia,268436282.0,100.0,0.07498942093324558,12.556195847384558
cosmopedia,268436282.0,100.0,0.07943282347242814,12.27992560869355
cosmopedia,268436282.0,100.0,0.08413951416451952,12.003808890621452
cosmopedia,268436282.0,100.0,0.08912509381337459,11.728213539429515
cosmopedia,268436282.0,100.0,0.09440608762859236,11.453501742819391
cosmopedia,268436282.0,100.0,0.1,11.180028221030682
cosmopedia,268436282.0,100.0,0.10592537251772892,10.908138521853216
cosmopedia,268436282.0,100.0,0.11220184543019636,10.63816743462769
cosmopedia,268436282.0,100.0,0.11885022274370183,10.37043753590474
cosmopedia,268436282.0,100.0,0.12589254117941676,10.105257876962725
cosmopedia,268436282.0,100.0,0.1333521432163324,9.84292282084544
cosmopedia,268436282.0,100.0,0.14125375446227548,9.583711034089834
cosmopedia,268436282.0,100.0,0.14962356560944334,9.327884635875478
cosmopedia,268436282.0,100.0,0.1584893192461114,9.075688505038878
cosmopedia,268436282.0,100.0,0.16788040181225605,8.82734974324431
cosmopedia,268436282.0,100.0,0.1778279410038923,8.58307729067121
cosmopedia,268436282.0,100.0,0.18836490894898011,8.343061688851114
cosmopedia,268436282.0,100.0,0.19952623149688797,8.107474983795814
cosmopedia,268436282.0,100.0,0.21134890398366477,7.8764707613180205
cosmopedia,268436282.0,100.0,0.223872113856834,7.650184305432188
cosmopedia,268436282.0,100.0,0.23713737056616552,7.428732869960271
cosmopedia,268436282.0,100.0,0.25118864315095807,7.212216052919472
cosmopedia,268436282.0,100.0,0.26607250597988097,7.00071626293705
cosmopedia,268436282.0,100.0,0.2818382931264455,6.794299266798134
cosmopedia,268436282.0,100.0,0.298538261891796,6.593014807261917
cosmopedia,268436282.0,100.0,0.31622776601683794,6.396897280469064
cosmopedia,268436282.0,100.0,0.3349654391578278,6.205966462575544
cosmopedia,268436282.0,100.0,0.35481338923357547,6.020228275669262
cosmopedia,268436282.0,100.0,0.3758374042884443,5.839675583539942
cosmopedia,268436282.0,100.0,0.3981071705534973,5.6642890084454836
cosmopedia,268436282.0,100.0,0.4216965034285822,5.4940377606522945
cosmopedia,268436282.0,100.0,0.44668359215096326,5.328880473184807
cosmopedia,268436282.0,100.0,0.4731512589614805,5.168766034903052
cosmopedia,268436282.0,100.0,0.5011872336272725,5.01363441571408
cosmopedia,268436282.0,100.0,0.5308844442309885,4.863417478408504
cosmopedia,268436282.0,100.0,0.5623413251903491,4.718039772280949
cosmopedia,268436282.0,100.0,0.5956621435290106,4.577419304346299
cosmopedia,268436282.0,100.0,0.6309573444801932,4.441468284583948
cosmopedia,268436282.0,100.0,0.6683439175686149,4.310093842235546
cosmopedia,268436282.0,100.0,0.707945784384138,4.183198710738914
cosmopedia,268436282.0,100.0,0.7498942093324558,4.060681879399601
cosmopedia,268436282.0,100.0,0.7943282347242817,3.942439210385084
cosmopedia,268436282.0,100.0,0.8413951416451951,3.828364020066407
cosmopedia,268436282.0,100.0,0.8912509381337459,3.718347624136337
cosmopedia,268436282.0,100.0,0.9440608762859236,3.6122798462951025
cosmopedia,268436282.0,100.0,1.0,3.5100494906193473
cosmopedia,268436282.0,100.0,1.0592537251772887,3.411544778016854
cosmopedia,268436282.0,100.0,1.1220184543019642,3.316653747419797
cosmopedia,268436282.0,100.0,1.188502227437019,3.2252646225849935
cosmopedia,268436282.0,100.0,1.2589254117941675,3.1372661455518434
cosmopedia,268436282.0,100.0,1.333521432163324,3.0525478779603326
cosmopedia,268436282.0,100.0,1.412537544622754,2.971000471553392
cosmopedia,268436282.0,100.0,1.4962356560944343,2.8925159092830097
cosmopedia,268436282.0,100.0,1.584893192461114,2.816987718509883
cosmopedia,268436282.0,100.0,1.6788040181225607,2.7443111578340997
cosmopedia,268436282.0,100.0,1.7782794100389228,2.674383379121787
cosmopedia,268436282.0,100.0,1.8836490894898001,2.6071035663019346
cosmopedia,268436282.0,100.0,1.9952623149688808,2.542373052501567
cosmopedia,268436282.0,100.0,2.1134890398366477,2.4800954170670444
cosmopedia,268436282.0,100.0,2.23872113856834,2.4201765639884916
cosmopedia,268436282.0,100.0,2.371373705661655,2.3625247832025504
cosmopedia,268436282.0,100.0,2.5118864315095824,2.3070507962008895
cosmopedia,268436282.0,100.0,2.6607250597988115,2.2536677873165805
cosmopedia,268436282.0,100.0,2.818382931264455,2.2022914220017977
cosmopedia,268436282.0,100.0,2.9853826189179604,2.1528398533482154
cosmopedia,268436282.0,100.0,3.1622776601683795,2.1052337180373204
cosmopedia,268436282.0,100.0,3.3496543915782793,2.059396122843521
cosmopedia,268436282.0,100.0,3.548133892335757,2.015252622748228
cosmopedia,268436282.0,100.0,3.758374042884443,1.9727311916595582
cosmopedia,268436282.0,100.0,3.981071705534973,1.9317621866705668
cosmopedia,268436282.0,100.0,4.216965034285822,1.892278306728599
cosmopedia,268436282.0,100.0,4.4668359215096345,1.8542145465316238
cosmopedia,268436282.0,100.0,4.731512589614808,1.8175081464125018
cosmopedia,268436282.0,100.0,5.011872336272725,1.782098538921189
cosmopedia,268436282.0,100.0,5.308844442309884,1.7479272927669
cosmopedia,268436282.0,100.0,5.62341325190349,1.7149380547379474
cosmopedia,268436282.0,100.0,5.95662143529011,1.6830764901762973
cosmopedia,268436282.0,100.0,6.309573444801936,1.652290222546951
cosmopedia,268436282.0,100.0,6.683439175686149,1.6225287726091384
cosmopedia,268436282.0,100.0,7.07945784384138,1.593743497666974
cosmopedia,268436282.0,100.0,7.498942093324558,1.5658875313517633
cosmopedia,268436282.0,100.0,7.943282347242821,1.5389157243663414
cosmopedia,268436282.0,100.0,8.413951416451956,1.5127845866038103
cosmopedia,268436282.0,100.0,8.91250938133746,1.4874522310385891
cosmopedia,268436282.0,100.0,9.440608762859236,1.462878319776352
cosmopedia,268436282.0,100.0,10.0,1.4390240126414942
cosmopedia,268436282.0,100.0,10.592537251772898,1.4158519186751193
cosmopedia,268436282.0,100.0,11.220184543019641,1.3933260509131593
cosmopedia,268436282.0,100.0,11.88502227437019,1.3714117848122105
cosmopedia,268436282.0,100.0,12.589254117941675,1.3500758206888246
cosmopedia,268436282.0,100.0,13.33521432163324,1.3292861505355598
cosmopedia,268436282.0,100.0,14.125375446227554,1.3090120295719265
cosmopedia,268436282.0,100.0,14.962356560944343,1.2892239528789577
cosmopedia,268436282.0,100.0,15.848931924611142,1.2698936374497376
cosmopedia,268436282.0,100.0,16.788040181225607,1.2509940099619636
cosmopedia,268436282.0,100.0,17.78279410038923,1.2324992005389919
cosmopedia,268436282.0,100.0,18.83649089489802,1.2143845427085738
cosmopedia,268436282.0,100.0,19.952623149688808,1.1966265796888913
cosmopedia,268436282.0,100.0,21.134890398366476,1.1792030770243902
cosmopedia,268436282.0,100.0,22.3872113856834,1.162093041453504
cosmopedia,268436282.0,100.0,23.71373705661655,1.1452767457110677
cosmopedia,268436282.0,100.0,25.11886431509582,1.1287357587448534
cosmopedia,268436282.0,100.0,26.607250597988113,1.1124529805536385
cosmopedia,268436282.0,100.0,28.183829312644548,1.0964126805317707
cosmopedia,268436282.0,100.0,29.853826189179603,1.0806005378327603
cosmopedia,268436282.0,100.0,31.622776601683793,1.0650036818477036
cosmopedia,268436282.0,100.0,33.496543915782794,1.0496107304451823
cosmopedia,268436282.0,100.0,35.48133892335757,1.0344118231572637
cosmopedia,268436282.0,100.0,37.58374042884443,1.0193986460511844
cosmopedia,268436282.0,100.0,39.810717055349734,1.004564444638578
cosmopedia,268436282.0,100.0,42.169650342858226,0.989904020895298
cosmopedia,268436282.0,100.0,44.668359215096345,0.9754137103567665
cosmopedia,268436282.0,100.0,47.315125896148075,0.9610913353839938
cosmopedia,268436282.0,100.0,50.118723362727245,0.9469361311324238
cosmopedia,268436282.0,100.0,53.08844442309885,0.932948641558441
cosmopedia,268436282.0,100.0,56.23413251903491,0.9191305840046219
cosmopedia,268436282.0,100.0,59.56621435290109,0.9054846825168906
cosmopedia,268436282.0,100.0,63.095734448019364,0.8920144720177978
cosmopedia,268436282.0,100.0,66.83439175686149,0.8787240776826177
cosmopedia,268436282.0,100.0,70.79457843841381,0.8656179761668331
cosmopedia,268436282.0,100.0,74.98942093324558,0.8527007474848166
cosmopedia,268436282.0,100.0,79.43282347242821,0.8399768280710126
cosmopedia,268436282.0,100.0,84.13951416451955,0.8274502765932666
cosmopedia,268436282.0,100.0,89.12509381337459,0.8151245641982725
cosmopedia,268436282.0,100.0,94.40608762859236,0.8030023999047826
cosmopedia,268436282.0,100.0,100.0,0.791085599804228
