name,target,bpb
19.9m-g001-control,c4,1.4759374204065043
19.9m-g001-control,cosmopedia,1.22959260470764
19.9m-g001-control,fw22,1.4702161925936197
19.9m-g001-control,fw26,1.3625786153515218
19.9m-g001-control,fw26_ai,1.2292514214317944
19.9m-g001-control,fw26_human,1.3992230202813354
19.9m-g001-control,paloma,2.037574002046127
19.9m-g001-control,paloma_4chan,2.2727422089063194
19.9m-g001-control,paloma_c4,1.491967764154306
19.9m-g001-control,paloma_c4_100_domains,1.526261826278233
19.9m-g001-control,paloma_dolma,1.954400309784334
19.9m-g001-control,paloma_falcon_refinedweb,1.5990274730704763
19.9m-g001-control,paloma_gab,2.5281535058622597
19.9m-g001-control,paloma_m2d2_s2orc,1.7486316729450435
19.9m-g001-control,paloma_m2d2_wikipedia,1.6208546632295355
19.9m-g001-control,paloma_manosphere,1.9195606385868542
19.9m-g001-control,paloma_mc4_en,1.7730539741191889
19.9m-g001-control,paloma_programming,3.417699796171994
19.9m-g001-control,paloma_ptb,1.9415740297887094
19.9m-g001-control,paloma_reddit_100,1.7017609264925857
19.9m-g001-control,paloma_redpajama,2.323882873462723
19.9m-g001-control,paloma_twitteraae,2.982764809665106
19.9m-g001-control,paloma_wikitext_103,1.79884756022037
19.9m-g001-ai-r0.05,c4,1.4610624491899462
19.9m-g001-ai-r0.05,cosmopedia,1.1862719021539774
19.9m-g001-ai-r0.05,fw22,1.4559152560731168
19.9m-g001-ai-r0.05,fw26,1.3419724164608964
19.9m-g001-ai-r0.05,fw26_ai,1.1869733415153219
19.9m-g001-ai-r0.05,fw26_human,1.3845087198538089
19.9m-g001-ai-r0.05,paloma,1.9956202912513432
19.9m-g001-ai-r0.05,paloma_4chan,2.2217570174618286
19.9m-g001-ai-r0.05,paloma_c4,1.4771651857069783
19.9m-g001-ai-r0.05,paloma_c4_100_domains,1.5098133608917346
19.9m-g001-ai-r0.05,paloma_dolma,1.9115723819487827
19.9m-g001-ai-r0.05,paloma_falcon_refinedweb,1.5842587206148806
19.9m-g001-ai-r0.05,paloma_gab,2.525897239602016
19.9m-g001-ai-r0.05,paloma_m2d2_s2orc,1.7230230230710244
19.9m-g001-ai-r0.05,paloma_m2d2_wikipedia,1.5998866831817455
19.9m-g001-ai-r0.05,paloma_manosphere,1.88696222126907
19.9m-g001-ai-r0.05,paloma_mc4_en,1.7364983689744071
19.9m-g001-ai-r0.05,paloma_programming,3.2279852532677893
19.9m-g001-ai-r0.05,paloma_ptb,1.8540032084232727
19.9m-g001-ai-r0.05,paloma_reddit_100,1.684522370098463
19.9m-g001-ai-r0.05,paloma_redpajama,2.2303689833957736
19.9m-g001-ai-r0.05,paloma_twitteraae,2.994530039165548
19.9m-g001-ai-r0.05,paloma_wikitext_103,1.761680602948178
19.9m-g001-ai-r0.1,c4,1.4366270194707071
19.9m-g001-ai-r0.1,cosmopedia,1.158969379783399
19.9m-g001-ai-r0.1,fw22,1.4326439362206913
19.9m-g001-ai-r0.1,fw26,1.3153073087548688
19.9m-g001-ai-r0.1,fw26_ai,1.1446310019091788
19.9m-g001-ai-r0.1,fw26_human,1.3620399277940825
19.9m-g001-ai-r0.1,paloma,1.9455057757867764
19.9m-g001-ai-r0.1,paloma_4chan,2.1457301851940422
19.9m-g001-ai-r0.1,paloma_c4,1.453418768218605
19.9m-g001-ai-r0.1,paloma_c4_100_domains,1.4805536025624675
19.9m-g001-ai-r0.1,paloma_dolma,1.8434704033497065
19.9m-g001-ai-r0.1,paloma_falcon_refinedweb,1.5591012915377505
19.9m-g001-ai-r0.1,paloma_gab,2.5189368444839966
19.9m-g001-ai-r0.1,paloma_m2d2_s2orc,1.6753473531960728
19.9m-g001-ai-r0.1,paloma_m2d2_wikipedia,1.5764270571368493
19.9m-g001-ai-r0.1,paloma_manosphere,1.909081446162887
19.9m-g001-ai-r0.1,paloma_mc4_en,1.660299251572041
19.9m-g001-ai-r0.1,paloma_programming,2.9186511204382333
19.9m-g001-ai-r0.1,paloma_ptb,1.8742425139763133
19.9m-g001-ai-r0.1,paloma_reddit_100,1.6873620650615613
19.9m-g001-ai-r0.1,paloma_redpajama,2.1229183926580646
19.9m-g001-ai-r0.1,paloma_twitteraae,2.9817338555903303
19.9m-g001-ai-r0.1,paloma_wikitext_103,1.720818261449501
19.9m-g001-ai-r0.25,c4,1.3997781076797162
19.9m-g001-ai-r0.25,cosmopedia,1.0864956817426514
19.9m-g001-ai-r0.25,fw22,1.395758418551187
19.9m-g001-ai-r0.25,fw26,1.2713507056181372
19.9m-g001-ai-r0.25,fw26_ai,1.0724731637767235
19.9m-g001-ai-r0.25,fw26_human,1.3256989359932112
19.9m-g001-ai-r0.25,paloma,1.8593030461279723
19.9m-g001-ai-r0.25,paloma_4chan,1.9438156270862192
19.9m-g001-ai-r0.25,paloma_c4,1.416440872858549
19.9m-g001-ai-r0.25,paloma_c4_100_domains,1.440411465418618
19.9m-g001-ai-r0.25,paloma_dolma,1.7607215356085153
19.9m-g001-ai-r0.25,paloma_falcon_refinedweb,1.5215098910335898
19.9m-g001-ai-r0.25,paloma_gab,2.4750106255100213
19.9m-g001-ai-r0.25,paloma_m2d2_s2orc,1.5931991282264066
19.9m-g001-ai-r0.25,paloma_m2d2_wikipedia,1.5351577724734884
19.9m-g001-ai-r0.25,paloma_manosphere,1.8415934211538434
19.9m-g001-ai-r0.25,paloma_mc4_en,1.573055114127435
19.9m-g001-ai-r0.25,paloma_programming,2.624571888458235
19.9m-g001-ai-r0.25,paloma_ptb,1.7653471819977598
19.9m-g001-ai-r0.25,paloma_reddit_100,1.6490142911550012
19.9m-g001-ai-r0.25,paloma_redpajama,2.0037719574476394
19.9m-g001-ai-r0.25,paloma_twitteraae,2.9497996725700437
19.9m-g001-ai-r0.25,paloma_wikitext_103,1.6554282929221928
19.9m-g001-ai-r0.5,c4,1.378556852929567
19.9m-g001-ai-r0.5,cosmopedia,1.0383430848073254
19.9m-g001-ai-r0.5,fw22,1.3736634786309392
19.9m-g001-ai-r0.5,fw26,1.2419467259866626
19.9m-g001-ai-r0.5,fw26_ai,1.0166966788051806
19.9m-g001-ai-r0.5,fw26_human,1.3034172320876407
19.9m-g001-ai-r0.5,paloma,1.8313546855928333
19.9m-g001-ai-r0.5,paloma_4chan,1.8599246713876394
19.9m-g001-ai-r0.5,paloma_c4,1.3957507378803202
19.9m-g001-ai-r0.5,paloma_c4_100_domains,1.4184972356917815
19.9m-g001-ai-r0.5,paloma_dolma,1.735455882026753
19.9m-g001-ai-r0.5,paloma_falcon_refinedweb,1.5003674301842944
19.9m-g001-ai-r0.5,paloma_gab,2.4536793069400042
19.9m-g001-ai-r0.5,paloma_m2d2_s2orc,1.567702743959137
19.9m-g001-ai-r0.5,paloma_m2d2_wikipedia,1.5154991054077422
19.9m-g001-ai-r0.5,paloma_manosphere,1.817823767011799
19.9m-g001-ai-r0.5,paloma_mc4_en,1.536293800617931
19.9m-g001-ai-r0.5,paloma_programming,2.574332536233286
19.9m-g001-ai-r0.5,paloma_ptb,1.7438792958693925
19.9m-g001-ai-r0.5,paloma_reddit_100,1.6279470486499006
19.9m-g001-ai-r0.5,paloma_redpajama,1.9805460057766548
19.9m-g001-ai-r0.5,paloma_twitteraae,2.944720036859593
19.9m-g001-ai-r0.5,paloma_wikitext_103,1.629255364989104
19.9m-g001-ai-r1,c4,1.3611807941633032
19.9m-g001-ai-r1,cosmopedia,0.9813068335832374
19.9m-g001-ai-r1,fw22,1.3550980604255107
19.9m-g001-ai-r1,fw26,1.2158293525513675
19.9m-g001-ai-r1,fw26_ai,0.9637388642951612
19.9m-g001-ai-r1,fw26_human,1.2845636186879883
19.9m-g001-ai-r1,paloma,1.8032597415551594
19.9m-g001-ai-r1,paloma_4chan,1.8196645815965746
19.9m-g001-ai-r1,paloma_c4,1.3781402480177944
19.9m-g001-ai-r1,paloma_c4_100_domains,1.4012695380788665
19.9m-g001-ai-r1,paloma_dolma,1.7076989021280768
19.9m-g001-ai-r1,paloma_falcon_refinedweb,1.483739411700689
19.9m-g001-ai-r1,paloma_gab,2.448508794480764
19.9m-g001-ai-r1,paloma_m2d2_s2orc,1.5487272619383987
19.9m-g001-ai-r1,paloma_m2d2_wikipedia,1.494635504327468
19.9m-g001-ai-r1,paloma_manosphere,1.7745019819449628
19.9m-g001-ai-r1,paloma_mc4_en,1.5142479425367537
19.9m-g001-ai-r1,paloma_programming,2.5282859073803006
19.9m-g001-ai-r1,paloma_ptb,1.6845202819405953
19.9m-g001-ai-r1,paloma_reddit_100,1.608765322448162
19.9m-g001-ai-r1,paloma_redpajama,1.9347149348511246
19.9m-g001-ai-r1,paloma_twitteraae,2.929667743747493
19.9m-g001-ai-r1,paloma_wikitext_103,1.5950675077645264
19.9m-g002-control,c4,1.4756579137984907
19.9m-g002-control,cosmopedia,1.2306466437473491
19.9m-g002-control,fw22,1.4701809600035327
19.9m-g002-control,fw26,1.362059351829695
19.9m-g002-control,fw26_ai,1.2277682297513384
19.9m-g002-control,fw26_human,1.3990229815773085
19.9m-g002-control,paloma,2.0294451100876714
19.9m-g002-control,paloma_4chan,2.3047742127576636
19.9m-g002-control,paloma_c4,1.49165032246822
19.9m-g002-control,paloma_c4_100_domains,1.525963899743554
19.9m-g002-control,paloma_dolma,1.9381797630319468
19.9m-g002-control,paloma_falcon_refinedweb,1.5990662202563553
19.9m-g002-control,paloma_gab,2.5301660294507866
19.9m-g002-control,paloma_m2d2_s2orc,1.745761612888107
19.9m-g002-control,paloma_m2d2_wikipedia,1.620506040677279
19.9m-g002-control,paloma_manosphere,1.9242163193001451
19.9m-g002-control,paloma_mc4_en,1.7763981102833664
19.9m-g002-control,paloma_programming,3.3282540371711264
19.9m-g002-control,paloma_ptb,1.950249665159742
19.9m-g002-control,paloma_reddit_100,1.7007694617999816
19.9m-g002-control,paloma_redpajama,2.281152876219745
19.9m-g002-control,paloma_twitteraae,2.9680966385979985
19.9m-g002-control,paloma_wikitext_103,1.7859165515967206
19.9m-g002-ai-r0.0227,c4,1.475249805022901
19.9m-g002-ai-r0.0227,cosmopedia,1.2124173565976455
19.9m-g002-ai-r0.0227,fw22,1.4694997858118541
19.9m-g002-ai-r0.0227,fw26,1.3576726863772053
19.9m-g002-ai-r0.0227,fw26_ai,1.2115901112501828
19.9m-g002-ai-r0.0227,fw26_human,1.3978269277202706
19.9m-g002-ai-r0.0227,paloma,2.031341880184165
19.9m-g002-ai-r0.0227,paloma_4chan,2.3077866479854254
19.9m-g002-ai-r0.0227,paloma_c4,1.4914617102713037
19.9m-g002-ai-r0.0227,paloma_c4_100_domains,1.5266377746515085
19.9m-g002-ai-r0.0227,paloma_dolma,1.9481608266889212
19.9m-g002-ai-r0.0227,paloma_falcon_refinedweb,1.5993461582735196
19.9m-g002-ai-r0.0227,paloma_gab,2.5242113761169627
19.9m-g002-ai-r0.0227,paloma_m2d2_s2orc,1.753143253514075
19.9m-g002-ai-r0.0227,paloma_m2d2_wikipedia,1.6220584280637673
19.9m-g002-ai-r0.0227,paloma_manosphere,1.91885287111828
19.9m-g002-ai-r0.0227,paloma_mc4_en,1.7816185233910775
19.9m-g002-ai-r0.0227,paloma_programming,3.3797413710350237
19.9m-g002-ai-r0.0227,paloma_ptb,1.9106611353420235
19.9m-g002-ai-r0.0227,paloma_reddit_100,1.699148152866787
19.9m-g002-ai-r0.0227,paloma_redpajama,2.289104467824032
19.9m-g002-ai-r0.0227,paloma_twitteraae,2.9595475590153972
19.9m-g002-ai-r0.0227,paloma_wikitext_103,1.7899898267885368
19.9m-g002-ai-r0.0459,c4,1.4587539202773083
19.9m-g002-ai-r0.0459,cosmopedia,1.1853324513936347
19.9m-g002-ai-r0.0459,fw22,1.453786466785761
19.9m-g002-ai-r0.0459,fw26,1.339187466988013
19.9m-g002-ai-r0.0459,fw26_ai,1.1816470110266033
19.9m-g002-ai-r0.0459,fw26_human,1.3824318380465572
19.9m-g002-ai-r0.0459,paloma,1.9940801182753702
19.9m-g002-ai-r0.0459,paloma_4chan,2.182973259737838
19.9m-g002-ai-r0.0459,paloma_c4,1.4752221575850506
19.9m-g002-ai-r0.0459,paloma_c4_100_domains,1.5074911751742086
19.9m-g002-ai-r0.0459,paloma_dolma,1.914229237709831
19.9m-g002-ai-r0.0459,paloma_falcon_refinedweb,1.5814808271360918
19.9m-g002-ai-r0.0459,paloma_gab,2.5204649875418275
19.9m-g002-ai-r0.0459,paloma_m2d2_s2orc,1.7190957973790104
19.9m-g002-ai-r0.0459,paloma_m2d2_wikipedia,1.599933352866259
19.9m-g002-ai-r0.0459,paloma_manosphere,1.8906474625608503
19.9m-g002-ai-r0.0459,paloma_mc4_en,1.7301032784599915
19.9m-g002-ai-r0.0459,paloma_programming,3.2596568318988415
19.9m-g002-ai-r0.0459,paloma_ptb,1.8760135984061683
19.9m-g002-ai-r0.0459,paloma_reddit_100,1.6858035576043104
19.9m-g002-ai-r0.0459,paloma_redpajama,2.247749406849935
19.9m-g002-ai-r0.0459,paloma_twitteraae,2.9639984977516027
19.9m-g002-ai-r0.0459,paloma_wikitext_103,1.7504184637441085
19.9m-g002-ai-r2.01,c4,1.3475105616598597
19.9m-g002-ai-r2.01,cosmopedia,0.9393793461150467
19.9m-g002-ai-r2.01,fw22,1.3405330387166667
19.9m-g002-ai-r2.01,fw26,1.1938693542704368
19.9m-g002-ai-r2.01,fw26_ai,0.9166482491203435
19.9m-g002-ai-r2.01,fw26_human,1.2694593947124015
19.9m-g002-ai-r2.01,paloma,1.7952283401209796
19.9m-g002-ai-r2.01,paloma_4chan,1.8202729294514413
19.9m-g002-ai-r2.01,paloma_c4,1.3661621413801726
19.9m-g002-ai-r2.01,paloma_c4_100_domains,1.3890757370389377
19.9m-g002-ai-r2.01,paloma_dolma,1.701421055661025
19.9m-g002-ai-r2.01,paloma_falcon_refinedweb,1.4726080456326387
19.9m-g002-ai-r2.01,paloma_gab,2.447702666154156
19.9m-g002-ai-r2.01,paloma_m2d2_s2orc,1.5404070207785063
19.9m-g002-ai-r2.01,paloma_m2d2_wikipedia,1.485681404223275
19.9m-g002-ai-r2.01,paloma_manosphere,1.7709733210311647
19.9m-g002-ai-r2.01,paloma_mc4_en,1.499664631830611
19.9m-g002-ai-r2.01,paloma_programming,2.512858270423403
19.9m-g002-ai-r2.01,paloma_ptb,1.6847655187746147
19.9m-g002-ai-r2.01,paloma_reddit_100,1.5978422896072888
19.9m-g002-ai-r2.01,paloma_redpajama,1.9197536490831582
19.9m-g002-ai-r2.01,paloma_twitteraae,2.9372236186445333
19.9m-g002-ai-r2.01,paloma_wikitext_103,1.577241142220748
19.9m-g002-ai-r4.24,c4,1.3323948257124665
19.9m-g002-ai-r4.24,cosmopedia,0.9025255030826349
19.9m-g002-ai-r4.24,fw22,1.3250962478457868
19.9m-g002-ai-r4.24,fw26,1.1726841992193278
19.9m-g002-ai-r4.24,fw26_ai,0.8731901467634225
19.9m-g002-ai-r4.24,fw26_human,1.2542346946506506
19.9m-g002-ai-r4.24,paloma,1.7846176833076839
19.9m-g002-ai-r4.24,paloma_4chan,1.787334759590544
19.9m-g002-ai-r4.24,paloma_c4,1.3520934982150818
19.9m-g002-ai-r4.24,paloma_c4_100_domains,1.375944682455368
19.9m-g002-ai-r4.24,paloma_dolma,1.6799920161634587
19.9m-g002-ai-r4.24,paloma_falcon_refinedweb,1.4610930076027324
19.9m-g002-ai-r4.24,paloma_gab,2.4614220252287082
19.9m-g002-ai-r4.24,paloma_m2d2_s2orc,1.5345969724497446
19.9m-g002-ai-r4.24,paloma_m2d2_wikipedia,1.482531846751825
19.9m-g002-ai-r4.24,paloma_manosphere,1.7689945770434268
19.9m-g002-ai-r4.24,paloma_mc4_en,1.4839269110858087
19.9m-g002-ai-r4.24,paloma_programming,2.4705917362280947
19.9m-g002-ai-r4.24,paloma_ptb,1.681337644347866
19.9m-g002-ai-r4.24,paloma_reddit_100,1.5916522707079943
19.9m-g002-ai-r4.24,paloma_redpajama,1.8919052466566508
19.9m-g002-ai-r4.24,paloma_twitteraae,2.960693525671898
19.9m-g002-ai-r4.24,paloma_wikitext_103,1.5697722127237392
19.9m-g002-ai-r8.73,c4,1.3310344229065167
19.9m-g002-ai-r8.73,cosmopedia,0.8695086585203586
19.9m-g002-ai-r8.73,fw22,1.3225665076442028
19.9m-g002-ai-r8.73,fw26,1.1658103140559941
19.9m-g002-ai-r8.73,fw26_ai,0.8501148135911886
19.9m-g002-ai-r8.73,fw26_human,1.251701486195457
19.9m-g002-ai-r8.73,paloma,1.7890159587213659
19.9m-g002-ai-r8.73,paloma_4chan,1.8010148258806002
19.9m-g002-ai-r8.73,paloma_c4,1.3520450546714708
19.9m-g002-ai-r8.73,paloma_c4_100_domains,1.3761423138722384
19.9m-g002-ai-r8.73,paloma_dolma,1.6812451109658924
19.9m-g002-ai-r8.73,paloma_falcon_refinedweb,1.4622111890184375
19.9m-g002-ai-r8.73,paloma_gab,2.470619787532917
19.9m-g002-ai-r8.73,paloma_m2d2_s2orc,1.5424391392881258
19.9m-g002-ai-r8.73,paloma_m2d2_wikipedia,1.4841427542660304
19.9m-g002-ai-r8.73,paloma_manosphere,1.7740844812301604
19.9m-g002-ai-r8.73,paloma_mc4_en,1.478801766835321
19.9m-g002-ai-r8.73,paloma_programming,2.483177987866303
19.9m-g002-ai-r8.73,paloma_ptb,1.6818561136675896
19.9m-g002-ai-r8.73,paloma_reddit_100,1.5925305312906253
19.9m-g002-ai-r8.73,paloma_redpajama,1.887084375782054
19.9m-g002-ai-r8.73,paloma_twitteraae,2.976098523057882
19.9m-g002-ai-r8.73,paloma_wikitext_103,1.5807613843162058
19.9m-g002-ai-r17.7,c4,1.333368451399039
19.9m-g002-ai-r17.7,cosmopedia,0.8649608606114932
19.9m-g002-ai-r17.7,fw22,1.3235108745728978
19.9m-g002-ai-r17.7,fw26,1.1630945962765602
19.9m-g002-ai-r17.7,fw26_ai,0.8353842617539338
19.9m-g002-ai-r17.7,fw26_human,1.2522959691243323
19.9m-g002-ai-r17.7,paloma,1.8089005043078292
19.9m-g002-ai-r17.7,paloma_4chan,1.8375589245055508
19.9m-g002-ai-r17.7,paloma_c4,1.354928047739293
19.9m-g002-ai-r17.7,paloma_c4_100_domains,1.380669956484763
19.9m-g002-ai-r17.7,paloma_dolma,1.6992659287201632
19.9m-g002-ai-r17.7,paloma_falcon_refinedweb,1.466640287117595
19.9m-g002-ai-r17.7,paloma_gab,2.4844215427827008
19.9m-g002-ai-r17.7,paloma_m2d2_s2orc,1.548320091161132
19.9m-g002-ai-r17.7,paloma_m2d2_wikipedia,1.4875455584410693
19.9m-g002-ai-r17.7,paloma_manosphere,1.807754233293002
19.9m-g002-ai-r17.7,paloma_mc4_en,1.4935696317909959
19.9m-g002-ai-r17.7,paloma_programming,2.560831377746485
19.9m-g002-ai-r17.7,paloma_ptb,1.6937229432076721
19.9m-g002-ai-r17.7,paloma_reddit_100,1.6045860275296306
19.9m-g002-ai-r17.7,paloma_redpajama,1.9204575968437905
19.9m-g002-ai-r17.7,paloma_twitteraae,3.006079440159608
19.9m-g002-ai-r17.7,paloma_wikitext_103,1.5960564814018183
19.9m-g002-ai-r35.5,c4,1.3363640460652135
19.9m-g002-ai-r35.5,cosmopedia,0.8587888983282025
19.9m-g002-ai-r35.5,fw22,1.3257767656154105
19.9m-g002-ai-r35.5,fw26,1.162365490956709
19.9m-g002-ai-r35.5,fw26_ai,0.8250508683545198
19.9m-g002-ai-r35.5,fw26_human,1.2541369878790591
19.9m-g002-ai-r35.5,paloma,1.8320093170780256
19.9m-g002-ai-r35.5,paloma_4chan,1.8798053322240171
19.9m-g002-ai-r35.5,paloma_c4,1.3596095112220963
19.9m-g002-ai-r35.5,paloma_c4_100_domains,1.3857978171192913
19.9m-g002-ai-r35.5,paloma_dolma,1.7227548170360991
19.9m-g002-ai-r35.5,paloma_falcon_refinedweb,1.4733994846163128
19.9m-g002-ai-r35.5,paloma_gab,2.505326344939154
19.9m-g002-ai-r35.5,paloma_m2d2_s2orc,1.5612593614197077
19.9m-g002-ai-r35.5,paloma_m2d2_wikipedia,1.4975464084518257
19.9m-g002-ai-r35.5,paloma_manosphere,1.832199660086238
19.9m-g002-ai-r35.5,paloma_mc4_en,1.4990948943653137
19.9m-g002-ai-r35.5,paloma_programming,2.6454208581274266
19.9m-g002-ai-r35.5,paloma_ptb,1.7342685408881777
19.9m-g002-ai-r35.5,paloma_reddit_100,1.6151123191351704
19.9m-g002-ai-r35.5,paloma_redpajama,1.951311339808477
19.9m-g002-ai-r35.5,paloma_twitteraae,3.04071842612678
19.9m-g002-ai-r35.5,paloma_wikitext_103,1.6085239576823205
19.9m-g002-ai-r70.6,c4,1.33390821676419
19.9m-g002-ai-r70.6,cosmopedia,0.8487236866571052
19.9m-g002-ai-r70.6,fw22,1.3238588782957257
19.9m-g002-ai-r70.6,fw26,1.158907685814852
19.9m-g002-ai-r70.6,fw26_ai,0.8144568203295635
19.9m-g002-ai-r70.6,fw26_human,1.25260969966531
19.9m-g002-ai-r70.6,paloma,1.8253364071214677
19.9m-g002-ai-r70.6,paloma_4chan,1.8810612567474292
19.9m-g002-ai-r70.6,paloma_c4,1.3580031308512976
19.9m-g002-ai-r70.6,paloma_c4_100_domains,1.384706036537771
19.9m-g002-ai-r70.6,paloma_dolma,1.7105794936936487
19.9m-g002-ai-r70.6,paloma_falcon_refinedweb,1.4733160240099943
19.9m-g002-ai-r70.6,paloma_gab,2.5149751028098435
19.9m-g002-ai-r70.6,paloma_m2d2_s2orc,1.5631772928121717
19.9m-g002-ai-r70.6,paloma_m2d2_wikipedia,1.501011817381727
19.9m-g002-ai-r70.6,paloma_manosphere,1.8305231895647605
19.9m-g002-ai-r70.6,paloma_mc4_en,1.491165228338325
19.9m-g002-ai-r70.6,paloma_programming,2.547374897947452
19.9m-g002-ai-r70.6,paloma_ptb,1.7390182724396985
19.9m-g002-ai-r70.6,paloma_reddit_100,1.6230419162406526
19.9m-g002-ai-r70.6,paloma_redpajama,1.93371286605286
19.9m-g002-ai-r70.6,paloma_twitteraae,3.0491714740297384
19.9m-g002-ai-r70.6,paloma_wikitext_103,1.604544514486115
19.9m-g002-human-r0.025,c4,1.4674721264169124
19.9m-g002-human-r0.025,cosmopedia,1.2233917739417886
19.9m-g002-human-r0.025,fw22,1.462184940046713
19.9m-g002-human-r0.025,fw26,1.3544894547238053
19.9m-g002-human-r0.025,fw26_ai,1.2195682476751675
19.9m-g002-human-r0.025,fw26_human,1.3916130281073056
19.9m-g002-human-r0.025,paloma,2.003502186548098
19.9m-g002-human-r0.025,paloma_4chan,2.2352889859993748
19.9m-g002-human-r0.025,paloma_c4,1.483534572332618
19.9m-g002-human-r0.025,paloma_c4_100_domains,1.5167711853848178
19.9m-g002-human-r0.025,paloma_dolma,1.9128017763884573
19.9m-g002-human-r0.025,paloma_falcon_refinedweb,1.5900566011580914
19.9m-g002-human-r0.025,paloma_gab,2.521691465682378
19.9m-g002-human-r0.025,paloma_m2d2_s2orc,1.7337326202060261
19.9m-g002-human-r0.025,paloma_m2d2_wikipedia,1.6109691222592675
19.9m-g002-human-r0.025,paloma_manosphere,1.9131527760601552
19.9m-g002-human-r0.025,paloma_mc4_en,1.7543133830612734
19.9m-g002-human-r0.025,paloma_programming,3.2268362682354534
19.9m-g002-human-r0.025,paloma_ptb,1.906048083467611
19.9m-g002-human-r0.025,paloma_reddit_100,1.6915586069094777
19.9m-g002-human-r0.025,paloma_redpajama,2.238027477488593
19.9m-g002-human-r0.025,paloma_twitteraae,2.9511481841246017
19.9m-g002-human-r0.025,paloma_wikitext_103,1.7701038760113654
19.9m-g002-human-r0.05,c4,1.4610568877850338
19.9m-g002-human-r0.05,cosmopedia,1.216359343594898
19.9m-g002-human-r0.05,fw22,1.455829339220293
19.9m-g002-human-r0.05,fw26,1.3481314746170536
19.9m-g002-human-r0.05,fw26_ai,1.2126319596973965
19.9m-g002-human-r0.05,fw26_human,1.3854121626314557
19.9m-g002-human-r0.05,paloma,1.9906699743211251
19.9m-g002-human-r0.05,paloma_4chan,2.2189054382416358
19.9m-g002-human-r0.05,paloma_c4,1.4777786535189636
19.9m-g002-human-r0.05,paloma_c4_100_domains,1.5085902688319741
19.9m-g002-human-r0.05,paloma_dolma,1.9014420353095673
19.9m-g002-human-r0.05,paloma_falcon_refinedweb,1.5830343579244361
19.9m-g002-human-r0.05,paloma_gab,2.513834307758722
19.9m-g002-human-r0.05,paloma_m2d2_s2orc,1.7230075743906086
19.9m-g002-human-r0.05,paloma_m2d2_wikipedia,1.6034554046937128
19.9m-g002-human-r0.05,paloma_manosphere,1.8913026313996113
19.9m-g002-human-r0.05,paloma_mc4_en,1.7413118718293752
19.9m-g002-human-r0.05,paloma_programming,3.192236135242631
19.9m-g002-human-r0.05,paloma_ptb,1.88018912307162
19.9m-g002-human-r0.05,paloma_reddit_100,1.6813432625135498
19.9m-g002-human-r0.05,paloma_redpajama,2.219515243431913
19.9m-g002-human-r0.05,paloma_twitteraae,2.9610232871727895
19.9m-g002-human-r0.05,paloma_wikitext_103,1.7537499938068926
19.9m-g002-human-r4,c4,1.2631166236648506
19.9m-g002-human-r4,cosmopedia,0.9981152237832475
19.9m-g002-human-r4,fw22,1.2559116125186687
19.9m-g002-human-r4,fw26,1.1459323454738883
19.9m-g002-human-r4,fw26_ai,0.9904088987914497
19.9m-g002-human-r4,fw26_human,1.1884506503572625
19.9m-g002-human-r4,paloma,1.6732336118581101
19.9m-g002-human-r4,paloma_4chan,1.6590833442843134
19.9m-g002-human-r4,paloma_c4,1.2795818046393337
19.9m-g002-human-r4,paloma_c4_100_domains,1.2886410597211175
19.9m-g002-human-r4,paloma_dolma,1.5809686113634311
19.9m-g002-human-r4,paloma_falcon_refinedweb,1.3814953205976317
19.9m-g002-human-r4,paloma_gab,2.2741018301448075
19.9m-g002-human-r4,paloma_m2d2_s2orc,1.44422234425657
19.9m-g002-human-r4,paloma_m2d2_wikipedia,1.3789343130878249
19.9m-g002-human-r4,paloma_manosphere,1.6614357160047148
19.9m-g002-human-r4,paloma_mc4_en,1.4005972072030057
19.9m-g002-human-r4,paloma_programming,2.3529485699354793
19.9m-g002-human-r4,paloma_ptb,1.5643992856894497
19.9m-g002-human-r4,paloma_reddit_100,1.5002826788861434
19.9m-g002-human-r4,paloma_redpajama,1.7741052846624008
19.9m-g002-human-r4,paloma_twitteraae,2.778391379708476
19.9m-g002-human-r4,paloma_wikitext_103,1.452549039545064
19.9m-g003-control,c4,1.4739682827390612
19.9m-g003-control,cosmopedia,1.2287662495862792
19.9m-g003-control,fw22,1.468713154747386
19.9m-g003-control,fw26,1.3614463394699863
19.9m-g003-control,fw26_ai,1.228097553927903
19.9m-g003-control,fw26_human,1.398186846930479
19.9m-g003-control,paloma,2.016055568895702
19.9m-g003-control,paloma_4chan,2.2354613253390965
19.9m-g003-control,paloma_c4,1.4899102401475672
19.9m-g003-control,paloma_c4_100_domains,1.5234179368134755
19.9m-g003-control,paloma_dolma,1.9235659230570201
19.9m-g003-control,paloma_falcon_refinedweb,1.5977110456445713
19.9m-g003-control,paloma_gab,2.5159697080332664
19.9m-g003-control,paloma_m2d2_s2orc,1.7374680547575645
19.9m-g003-control,paloma_m2d2_wikipedia,1.615156682321741
19.9m-g003-control,paloma_manosphere,1.9231939294346012
19.9m-g003-control,paloma_mc4_en,1.7616303397177686
19.9m-g003-control,paloma_programming,3.266232543681033
19.9m-g003-control,paloma_ptb,1.9689059899969679
19.9m-g003-control,paloma_reddit_100,1.696419318313403
19.9m-g003-control,paloma_redpajama,2.252466721698656
19.9m-g003-control,paloma_twitteraae,2.964547921976557
19.9m-g003-control,paloma_wikitext_103,1.7848314213979426
19.9m-g003-ai-r0.025,c4,1.4595990741612954
19.9m-g003-ai-r0.025,cosmopedia,1.1993593622770273
19.9m-g003-ai-r0.025,fw22,1.4548565540848202
19.9m-g003-ai-r0.025,fw26,1.3441509165458905
19.9m-g003-ai-r0.025,fw26_ai,1.1964032290349629
19.9m-g003-ai-r0.025,fw26_human,1.3847546375064739
19.9m-g003-ai-r0.025,paloma,1.9793890825236908
19.9m-g003-ai-r0.025,paloma_4chan,2.2014125473445123
19.9m-g003-ai-r0.025,paloma_c4,1.4757395860753169
19.9m-g003-ai-r0.025,paloma_c4_100_domains,1.5066843190732866
19.9m-g003-ai-r0.025,paloma_dolma,1.8840618107047105
19.9m-g003-ai-r0.025,paloma_falcon_refinedweb,1.5815845884418391
19.9m-g003-ai-r0.025,paloma_gab,2.517375182345795
19.9m-g003-ai-r0.025,paloma_m2d2_s2orc,1.7075202226232669
19.9m-g003-ai-r0.025,paloma_m2d2_wikipedia,1.5989786932796701
19.9m-g003-ai-r0.025,paloma_manosphere,1.9069057706584986
19.9m-g003-ai-r0.025,paloma_mc4_en,1.7185014399231144
19.9m-g003-ai-r0.025,paloma_programming,3.076971651076202
19.9m-g003-ai-r0.025,paloma_ptb,1.9003073678710505
19.9m-g003-ai-r0.025,paloma_reddit_100,1.6874872202877091
19.9m-g003-ai-r0.025,paloma_redpajama,2.189395766720216
19.9m-g003-ai-r0.025,paloma_twitteraae,2.95684351774951
19.9m-g003-ai-r0.025,paloma_wikitext_103,1.760455636204356
19.9m-g003-ai-r0.05,c4,1.4502280915470909
19.9m-g003-ai-r0.05,cosmopedia,1.1764834693477275
19.9m-g003-ai-r0.05,fw22,1.4458861418577638
19.9m-g003-ai-r0.05,fw26,1.3322233256823388
19.9m-g003-ai-r0.05,fw26_ai,1.1740756571300137
19.9m-g003-ai-r0.05,fw26_human,1.375629566329317
19.9m-g003-ai-r0.05,paloma,1.9534555359430823
19.9m-g003-ai-r0.05,paloma_4chan,2.1125692283094755
19.9m-g003-ai-r0.05,paloma_c4,1.4665671200108898
19.9m-g003-ai-r0.05,paloma_c4_100_domains,1.49656946103968
19.9m-g003-ai-r0.05,paloma_dolma,1.860122292792246
19.9m-g003-ai-r0.05,paloma_falcon_refinedweb,1.572082936449895
19.9m-g003-ai-r0.05,paloma_gab,2.5124054617671905
19.9m-g003-ai-r0.05,paloma_m2d2_s2orc,1.6965803395733723
19.9m-g003-ai-r0.05,paloma_m2d2_wikipedia,1.5869783223610259
19.9m-g003-ai-r0.05,paloma_manosphere,1.8856944047241286
19.9m-g003-ai-r0.05,paloma_mc4_en,1.691397245675563
19.9m-g003-ai-r0.05,paloma_programming,2.9814849695545025
19.9m-g003-ai-r0.05,paloma_ptb,1.859029400559307
19.9m-g003-ai-r0.05,paloma_reddit_100,1.6776370796730558
19.9m-g003-ai-r0.05,paloma_redpajama,2.1530786123556034
19.9m-g003-ai-r0.05,paloma_twitteraae,2.9622428880984275
19.9m-g003-ai-r0.05,paloma_wikitext_103,1.7408488121449521
19.9m-g003-ai-r0.1,c4,1.436032783606234
19.9m-g003-ai-r0.1,cosmopedia,1.149832992600484
19.9m-g003-ai-r0.1,fw22,1.4320027076666388
19.9m-g003-ai-r0.1,fw26,1.3148845982075936
19.9m-g003-ai-r0.1,fw26_ai,1.1431703193740006
19.9m-g003-ai-r0.1,fw26_human,1.3619607517672239
19.9m-g003-ai-r0.1,paloma,1.9212410763070171
19.9m-g003-ai-r0.1,paloma_4chan,2.0409034573553515
19.9m-g003-ai-r0.1,paloma_c4,1.452876338517936
19.9m-g003-ai-r0.1,paloma_c4_100_domains,1.4801705018793458
19.9m-g003-ai-r0.1,paloma_dolma,1.829260018661148
19.9m-g003-ai-r0.1,paloma_falcon_refinedweb,1.5569716220580725
19.9m-g003-ai-r0.1,paloma_gab,2.495887541504199
19.9m-g003-ai-r0.1,paloma_m2d2_s2orc,1.6610454702936714
19.9m-g003-ai-r0.1,paloma_m2d2_wikipedia,1.570274258115383
19.9m-g003-ai-r0.1,paloma_manosphere,1.866514943467455
19.9m-g003-ai-r0.1,paloma_mc4_en,1.6495990604763757
19.9m-g003-ai-r0.1,paloma_programming,2.870738322778788
19.9m-g003-ai-r0.1,paloma_ptb,1.842461712037891
19.9m-g003-ai-r0.1,paloma_reddit_100,1.667385607862548
19.9m-g003-ai-r0.1,paloma_redpajama,2.102623873747929
19.9m-g003-ai-r0.1,paloma_twitteraae,2.9444100294422686
19.9m-g003-ai-r0.1,paloma_wikitext_103,1.7087344627139123
19.9m-g003-ai-r2,c4,1.3406831621391544
19.9m-g003-ai-r2,cosmopedia,0.9253289160364314
19.9m-g003-ai-r2,fw22,1.3338622447485697
19.9m-g003-ai-r2,fw26,1.1875268694461436
19.9m-g003-ai-r2,fw26_ai,0.9094543617998444
19.9m-g003-ai-r2,fw26_human,1.2633354416909857
19.9m-g003-ai-r2,paloma,1.7809076208351018
19.9m-g003-ai-r2,paloma_4chan,1.7603201135171311
19.9m-g003-ai-r2,paloma_c4,1.3590172999027792
19.9m-g003-ai-r2,paloma_c4_100_domains,1.3817629019875257
19.9m-g003-ai-r2,paloma_dolma,1.6846405735266747
19.9m-g003-ai-r2,paloma_falcon_refinedweb,1.4657463749641881
19.9m-g003-ai-r2,paloma_gab,2.4391500650778952
19.9m-g003-ai-r2,paloma_m2d2_s2orc,1.5350485880923401
19.9m-g003-ai-r2,paloma_m2d2_wikipedia,1.4791021170934917
19.9m-g003-ai-r2,paloma_manosphere,1.751401510537292
19.9m-g003-ai-r2,paloma_mc4_en,1.4881179493125325
19.9m-g003-ai-r2,paloma_programming,2.4947211368870463
19.9m-g003-ai-r2,paloma_ptb,1.6687016533080175
19.9m-g003-ai-r2,paloma_reddit_100,1.5898569434599614
19.9m-g003-ai-r2,paloma_redpajama,1.9112217600945478
19.9m-g003-ai-r2,paloma_twitteraae,2.9222329154704973
19.9m-g003-ai-r2,paloma_wikitext_103,1.5634800301297083
19.9m-g003-ai-r8,c4,1.3289201941694955
19.9m-g003-ai-r8,cosmopedia,0.8661486467786373
19.9m-g003-ai-r8,fw22,1.3208729742331526
19.9m-g003-ai-r8,fw26,1.164123779034743
19.9m-g003-ai-r8,fw26_ai,0.8491357256204324
19.9m-g003-ai-r8,fw26_human,1.2498573819270713
19.9m-g003-ai-r8,paloma,1.7895649169714314
19.9m-g003-ai-r8,paloma_4chan,1.768039325825728
19.9m-g003-ai-r8,paloma_c4,1.3507720653944737
19.9m-g003-ai-r8,paloma_c4_100_domains,1.3743930293489632
19.9m-g003-ai-r8,paloma_dolma,1.6914751519611764
19.9m-g003-ai-r8,paloma_falcon_refinedweb,1.4607375406362393
19.9m-g003-ai-r8,paloma_gab,2.463117242853947
19.9m-g003-ai-r8,paloma_m2d2_s2orc,1.5388754464339096
19.9m-g003-ai-r8,paloma_m2d2_wikipedia,1.4791742734417912
19.9m-g003-ai-r8,paloma_manosphere,1.7566755763854536
19.9m-g003-ai-r8,paloma_mc4_en,1.483173687797373
19.9m-g003-ai-r8,paloma_programming,2.539355983015736
19.9m-g003-ai-r8,paloma_ptb,1.6809658773177119
19.9m-g003-ai-r8,paloma_reddit_100,1.5858832221593075
19.9m-g003-ai-r8,paloma_redpajama,1.9073062767147815
19.9m-g003-ai-r8,paloma_twitteraae,2.9725131292230693
19.9m-g003-ai-r8,paloma_wikitext_103,1.5805808430332424
19.9m-g003-human-r0.025,c4,1.4613880636883367
19.9m-g003-human-r0.025,cosmopedia,1.2163335847798051
19.9m-g003-human-r0.025,fw22,1.4564709550319503
19.9m-g003-human-r0.025,fw26,1.3494009319281248
19.9m-g003-human-r0.025,fw26_ai,1.2144449663148302
19.9m-g003-human-r0.025,fw26_human,1.3865673791442903
19.9m-g003-human-r0.025,paloma,1.9856712681394233
19.9m-g003-human-r0.025,paloma_4chan,2.215622059557086
19.9m-g003-human-r0.025,paloma_c4,1.4774180660674896
19.9m-g003-human-r0.025,paloma_c4_100_domains,1.5080220581401313
19.9m-g003-human-r0.025,paloma_dolma,1.8909663781381922
19.9m-g003-human-r0.025,paloma_falcon_refinedweb,1.583879833628185
19.9m-g003-human-r0.025,paloma_gab,2.51771201557118
19.9m-g003-human-r0.025,paloma_m2d2_s2orc,1.712404065195439
19.9m-g003-human-r0.025,paloma_m2d2_wikipedia,1.5998623589638756
19.9m-g003-human-r0.025,paloma_manosphere,1.9061261110239742
19.9m-g003-human-r0.025,paloma_mc4_en,1.7272599836645797
19.9m-g003-human-r0.025,paloma_programming,3.120620717504215
19.9m-g003-human-r0.025,paloma_ptb,1.8963894144783011
19.9m-g003-human-r0.025,paloma_reddit_100,1.686507641029304
19.9m-g003-human-r0.025,paloma_redpajama,2.203208608795778
19.9m-g003-human-r0.025,paloma_twitteraae,2.955428080703859
19.9m-g003-human-r0.025,paloma_wikitext_103,1.7693128977691843
19.9m-g003-human-r0.05,c4,1.449363184471827
19.9m-g003-human-r0.05,cosmopedia,1.2080294619654977
19.9m-g003-human-r0.05,fw22,1.4446735267999966
19.9m-g003-human-r0.05,fw26,1.3377844292555796
19.9m-g003-human-r0.05,fw26_ai,1.2019260651798913
19.9m-g003-human-r0.05,fw26_human,1.3751894993905365
19.9m-g003-human-r0.05,paloma,1.9625793867113446
19.9m-g003-human-r0.05,paloma_4chan,2.137951234736742
19.9m-g003-human-r0.05,paloma_c4,1.4658549154767462
19.9m-g003-human-r0.05,paloma_c4_100_domains,1.4946284392071079
19.9m-g003-human-r0.05,paloma_dolma,1.8741416206922779
19.9m-g003-human-r0.05,paloma_falcon_refinedweb,1.5711840323883026
19.9m-g003-human-r0.05,paloma_gab,2.501378065569795
19.9m-g003-human-r0.05,paloma_m2d2_s2orc,1.695520473295106
19.9m-g003-human-r0.05,paloma_m2d2_wikipedia,1.585937544358366
19.9m-g003-human-r0.05,paloma_manosphere,1.8845199758533246
19.9m-g003-human-r0.05,paloma_mc4_en,1.699899342315916
19.9m-g003-human-r0.05,paloma_programming,3.0781728697995225
19.9m-g003-human-r0.05,paloma_ptb,1.8617154888919152
19.9m-g003-human-r0.05,paloma_reddit_100,1.672563643844051
19.9m-g003-human-r0.05,paloma_redpajama,2.183420428945297
19.9m-g003-human-r0.05,paloma_twitteraae,2.950715906153424
19.9m-g003-human-r0.05,paloma_wikitext_103,1.7436662058536163
19.9m-g004-control,c4,1.4784734589196344
19.9m-g004-control,cosmopedia,1.2333275524622984
19.9m-g004-control,fw22,1.4731642211036213
19.9m-g004-control,fw26,1.3659833575548583
19.9m-g004-control,fw26_ai,1.232588304964888
19.9m-g004-control,fw26_human,1.402703988674961
19.9m-g004-control,paloma,2.058655616261864
19.9m-g004-control,paloma_4chan,2.2557132274787666
19.9m-g004-control,paloma_c4,1.4948835684072768
19.9m-g004-control,paloma_c4_100_domains,1.5302038606008734
19.9m-g004-control,paloma_dolma,1.9960638401546043
19.9m-g004-control,paloma_falcon_refinedweb,1.6008208234278354
19.9m-g004-control,paloma_gab,2.5150338687684277
19.9m-g004-control,paloma_m2d2_s2orc,1.7475951386368596
19.9m-g004-control,paloma_m2d2_wikipedia,1.6185952550463176
19.9m-g004-control,paloma_manosphere,1.9277167226015328
19.9m-g004-control,paloma_mc4_en,1.7572880809672917
19.9m-g004-control,paloma_programming,3.666412219543483
19.9m-g004-control,paloma_ptb,1.9771562775362075
19.9m-g004-control,paloma_reddit_100,1.7020553367377227
19.9m-g004-control,paloma_redpajama,2.3999736300229726
19.9m-g004-control,paloma_twitteraae,2.934649412518775
19.9m-g004-control,paloma_wikitext_103,1.814328597740882
19.9m-g004-ai-r0.025,c4,1.469138128078489
19.9m-g004-ai-r0.025,cosmopedia,1.207894027925873
19.9m-g004-ai-r0.025,fw22,1.4645935416410611
19.9m-g004-ai-r0.025,fw26,1.353513217887817
19.9m-g004-ai-r0.025,fw26_ai,1.206703408328223
19.9m-g004-ai-r0.025,fw26_human,1.3938488689708808
19.9m-g004-ai-r0.025,paloma,2.006141280531412
19.9m-g004-ai-r0.025,paloma_4chan,2.207907614557556
19.9m-g004-ai-r0.025,paloma_c4,1.48604120343021
19.9m-g004-ai-r0.025,paloma_c4_100_domains,1.518938403331821
19.9m-g004-ai-r0.025,paloma_dolma,1.917944828172167
19.9m-g004-ai-r0.025,paloma_falcon_refinedweb,1.591474169567218
19.9m-g004-ai-r0.025,paloma_gab,2.5103646891588514
19.9m-g004-ai-r0.025,paloma_m2d2_s2orc,1.7316351015153404
19.9m-g004-ai-r0.025,paloma_m2d2_wikipedia,1.6085576446230712
19.9m-g004-ai-r0.025,paloma_manosphere,1.9179459976332798
19.9m-g004-ai-r0.025,paloma_mc4_en,1.7332786621394816
19.9m-g004-ai-r0.025,paloma_programming,3.2755816282640957
19.9m-g004-ai-r0.025,paloma_ptb,1.941113243352518
19.9m-g004-ai-r0.025,paloma_reddit_100,1.696661089110092
19.9m-g004-ai-r0.025,paloma_redpajama,2.2294929730683206
19.9m-g004-ai-r0.025,paloma_twitteraae,2.9439321592298504
19.9m-g004-ai-r0.025,paloma_wikitext_103,1.7873910813487195
19.9m-g004-ai-r0.05,c4,1.4603289497118075
19.9m-g004-ai-r0.05,cosmopedia,1.1889721077290922
19.9m-g004-ai-r0.05,fw22,1.4560534049627865
19.9m-g004-ai-r0.05,fw26,1.3421876243761606
19.9m-g004-ai-r0.05,fw26_ai,1.1849120779576532
19.9m-g004-ai-r0.05,fw26_human,1.3853635586391488
19.9m-g004-ai-r0.05,paloma,1.9859604526531642
19.9m-g004-ai-r0.05,paloma_4chan,2.1772078042769354
19.9m-g004-ai-r0.05,paloma_c4,1.4768377774442487
19.9m-g004-ai-r0.05,paloma_c4_100_domains,1.5084362194668546
19.9m-g004-ai-r0.05,paloma_dolma,1.8956048455409436
19.9m-g004-ai-r0.05,paloma_falcon_refinedweb,1.583270436170037
19.9m-g004-ai-r0.05,paloma_gab,2.508258696383852
19.9m-g004-ai-r0.05,paloma_m2d2_s2orc,1.7132383172614556
19.9m-g004-ai-r0.05,paloma_m2d2_wikipedia,1.6003656387510985
19.9m-g004-ai-r0.05,paloma_manosphere,1.9156571788193428
19.9m-g004-ai-r0.05,paloma_mc4_en,1.7126809994878172
19.9m-g004-ai-r0.05,paloma_programming,3.1659625697022737
19.9m-g004-ai-r0.05,paloma_ptb,1.9122760869229045
19.9m-g004-ai-r0.05,paloma_reddit_100,1.6921004589875306
19.9m-g004-ai-r0.05,paloma_redpajama,2.1996572546468327
19.9m-g004-ai-r0.05,paloma_twitteraae,2.9437519827383802
19.9m-g004-ai-r0.05,paloma_wikitext_103,1.7700609758501198
19.9m-g004-ai-r0.1,c4,1.4427700603850553
19.9m-g004-ai-r0.1,cosmopedia,1.1602098790995292
19.9m-g004-ai-r0.1,fw22,1.4391885655557464
19.9m-g004-ai-r0.1,fw26,1.3219836131100866
19.9m-g004-ai-r0.1,fw26_ai,1.150717192106336
19.9m-g004-ai-r0.1,fw26_human,1.3689264071917537
19.9m-g004-ai-r0.1,paloma,1.9348252495978064
19.9m-g004-ai-r0.1,paloma_4chan,2.01894967642456
19.9m-g004-ai-r0.1,paloma_c4,1.4599372093302276
19.9m-g004-ai-r0.1,paloma_c4_100_domains,1.488292960603667
19.9m-g004-ai-r0.1,paloma_dolma,1.8414651752773643
19.9m-g004-ai-r0.1,paloma_falcon_refinedweb,1.5644326231618066
19.9m-g004-ai-r0.1,paloma_gab,2.4975604304778947
19.9m-g004-ai-r0.1,paloma_m2d2_s2orc,1.670265578966958
19.9m-g004-ai-r0.1,paloma_m2d2_wikipedia,1.5812733052255974
19.9m-g004-ai-r0.1,paloma_manosphere,1.8829928056856475
19.9m-g004-ai-r0.1,paloma_mc4_en,1.6596501050339538
19.9m-g004-ai-r0.1,paloma_programming,2.9345027015904344
19.9m-g004-ai-r0.1,paloma_ptb,1.88642699407786
19.9m-g004-ai-r0.1,paloma_reddit_100,1.6774935876349462
19.9m-g004-ai-r0.1,paloma_redpajama,2.111430369110114
19.9m-g004-ai-r0.1,paloma_twitteraae,2.948614318915779
19.9m-g004-ai-r0.1,paloma_wikitext_103,1.7339161520480872
19.9m-g004-human-r0.025,c4,1.4717429930464236
19.9m-g004-human-r0.025,cosmopedia,1.2264299074102716
19.9m-g004-human-r0.025,fw22,1.4668058397487551
19.9m-g004-human-r0.025,fw26,1.3599190478074423
19.9m-g004-human-r0.025,fw26_ai,1.2258054833541108
19.9m-g004-human-r0.025,fw26_human,1.3968299194711915
19.9m-g004-human-r0.025,paloma,2.0104946381522
19.9m-g004-human-r0.025,paloma_4chan,2.2305663953615094
19.9m-g004-human-r0.025,paloma_c4,1.4880666376008946
19.9m-g004-human-r0.025,paloma_c4_100_domains,1.520551314075987
19.9m-g004-human-r0.025,paloma_dolma,1.9199057228332534
19.9m-g004-human-r0.025,paloma_falcon_refinedweb,1.5943833449195477
19.9m-g004-human-r0.025,paloma_gab,2.5116337912153295
19.9m-g004-human-r0.025,paloma_m2d2_s2orc,1.7406485972550005
19.9m-g004-human-r0.025,paloma_m2d2_wikipedia,1.612057591637432
19.9m-g004-human-r0.025,paloma_manosphere,1.9207271456367925
19.9m-g004-human-r0.025,paloma_mc4_en,1.7398447265094599
19.9m-g004-human-r0.025,paloma_programming,3.2570928364072484
19.9m-g004-human-r0.025,paloma_ptb,1.9620295192864832
19.9m-g004-human-r0.025,paloma_reddit_100,1.6972690769943126
19.9m-g004-human-r0.025,paloma_redpajama,2.2415849932432024
19.9m-g004-human-r0.025,paloma_twitteraae,2.9356594307953667
19.9m-g004-human-r0.025,paloma_wikitext_103,1.7958930866633722
19.9m-g004-human-r0.05,c4,1.4609369069218763
19.9m-g004-human-r0.05,cosmopedia,1.217021648703467
19.9m-g004-human-r0.05,fw22,1.4562628067390957
19.9m-g004-human-r0.05,fw26,1.349619777600491
19.9m-g004-human-r0.05,fw26_ai,1.21461321334808
19.9m-g004-human-r0.05,fw26_human,1.3867792454433656
19.9m-g004-human-r0.05,paloma,1.990189829832314
19.9m-g004-human-r0.05,paloma_4chan,2.1842867234500036
19.9m-g004-human-r0.05,paloma_c4,1.477414952966465
19.9m-g004-human-r0.05,paloma_c4_100_domains,1.5074351815816607
19.9m-g004-human-r0.05,paloma_dolma,1.9030093935680152
19.9m-g004-human-r0.05,paloma_falcon_refinedweb,1.5820006952095818
19.9m-g004-human-r0.05,paloma_gab,2.503373736015137
19.9m-g004-human-r0.05,paloma_m2d2_s2orc,1.7118256554017215
19.9m-g004-human-r0.05,paloma_m2d2_wikipedia,1.5978391080457648
19.9m-g004-human-r0.05,paloma_manosphere,1.9085782202121238
19.9m-g004-human-r0.05,paloma_mc4_en,1.7124342103101011
19.9m-g004-human-r0.05,paloma_programming,3.218759326872479
19.9m-g004-human-r0.05,paloma_ptb,1.9251626291777821
19.9m-g004-human-r0.05,paloma_reddit_100,1.6887734001984187
19.9m-g004-human-r0.05,paloma_redpajama,2.2167787841508053
19.9m-g004-human-r0.05,paloma_twitteraae,2.929334684898192
19.9m-g004-human-r0.05,paloma_wikitext_103,1.7760305752587744
19.9m-g005-control,c4,1.3543884620424604
19.9m-g005-control,cosmopedia,1.1048278642726315
19.9m-g005-control,fw22,1.350363232865395
19.9m-g005-control,fw26,1.2425976038621707
19.9m-g005-control,fw26_ai,1.094881974484651
19.9m-g005-control,fw26_human,1.283081774072648
19.9m-g005-control,paloma,1.778359847558582
19.9m-g005-control,paloma_4chan,1.7866818541955534
19.9m-g005-control,paloma_c4,1.3703168464539217
19.9m-g005-control,paloma_c4_100_domains,1.3872864408490255
19.9m-g005-control,paloma_dolma,1.6886913866665383
19.9m-g005-control,paloma_falcon_refinedweb,1.4720106502096966
19.9m-g005-control,paloma_gab,2.400530416738379
19.9m-g005-control,paloma_m2d2_s2orc,1.5347845936137243
19.9m-g005-control,paloma_m2d2_wikipedia,1.4740766783206805
19.9m-g005-control,paloma_manosphere,1.7508346353862936
19.9m-g005-control,paloma_mc4_en,1.5064608576569887
19.9m-g005-control,paloma_programming,2.497453271137343
19.9m-g005-control,paloma_ptb,1.6512960264567393
19.9m-g005-control,paloma_reddit_100,1.585508226954565
19.9m-g005-control,paloma_redpajama,1.903841269572432
19.9m-g005-control,paloma_twitteraae,2.8754721335410833
19.9m-g005-control,paloma_wikitext_103,1.568512273184348
19.9m-g005-ai-r0.025,c4,1.3485901193082626
19.9m-g005-ai-r0.025,cosmopedia,1.0805564362041882
19.9m-g005-ai-r0.025,fw22,1.344375490016345
19.9m-g005-ai-r0.025,fw26,1.232921152563237
19.9m-g005-ai-r0.025,fw26_ai,1.0722226505355663
19.9m-g005-ai-r0.025,fw26_human,1.276909677783854
19.9m-g005-ai-r0.025,paloma,1.7763856861207838
19.9m-g005-ai-r0.025,paloma_4chan,1.759205131156803
19.9m-g005-ai-r0.025,paloma_c4,1.3656743848376314
19.9m-g005-ai-r0.025,paloma_c4_100_domains,1.3817049541122277
19.9m-g005-ai-r0.025,paloma_dolma,1.691493427518237
19.9m-g005-ai-r0.025,paloma_falcon_refinedweb,1.4684648460080918
19.9m-g005-ai-r0.025,paloma_gab,2.396675820444908
19.9m-g005-ai-r0.025,paloma_m2d2_s2orc,1.5363425824724974
19.9m-g005-ai-r0.025,paloma_m2d2_wikipedia,1.4738030128943176
19.9m-g005-ai-r0.025,paloma_manosphere,1.7429759946654009
19.9m-g005-ai-r0.025,paloma_mc4_en,1.502727666898349
19.9m-g005-ai-r0.025,paloma_programming,2.5067378997327863
19.9m-g005-ai-r0.025,paloma_ptb,1.6550153883384429
19.9m-g005-ai-r0.025,paloma_reddit_100,1.58207879976332
19.9m-g005-ai-r0.025,paloma_redpajama,1.915458917072787
19.9m-g005-ai-r0.025,paloma_twitteraae,2.870664644807303
19.9m-g005-ai-r0.025,paloma_wikitext_103,1.5731475072094403
19.9m-g005-ai-r0.05,c4,1.3453531947876283
19.9m-g005-ai-r0.05,cosmopedia,1.0672089340399664
19.9m-g005-ai-r0.05,fw22,1.3411305646375802
19.9m-g005-ai-r0.05,fw26,1.2268657447602394
19.9m-g005-ai-r0.05,fw26_ai,1.0562495731313783
19.9m-g005-ai-r0.05,fw26_human,1.273515669230428
19.9m-g005-ai-r0.05,paloma,1.7675230198487601
19.9m-g005-ai-r0.05,paloma_4chan,1.7711880388039398
19.9m-g005-ai-r0.05,paloma_c4,1.361747763429372
19.9m-g005-ai-r0.05,paloma_c4_100_domains,1.3782742442793325
19.9m-g005-ai-r0.05,paloma_dolma,1.6756030609062187
19.9m-g005-ai-r0.05,paloma_falcon_refinedweb,1.4639053227333023
19.9m-g005-ai-r0.05,paloma_gab,2.3942444167803383
19.9m-g005-ai-r0.05,paloma_m2d2_s2orc,1.525939221035415
19.9m-g005-ai-r0.05,paloma_m2d2_wikipedia,1.4666540643196178
19.9m-g005-ai-r0.05,paloma_manosphere,1.7400015682272025
19.9m-g005-ai-r0.05,paloma_mc4_en,1.4932360170783339
19.9m-g005-ai-r0.05,paloma_programming,2.4570629900445544
19.9m-g005-ai-r0.05,paloma_ptb,1.6486770374705664
19.9m-g005-ai-r0.05,paloma_reddit_100,1.5805269094570722
19.9m-g005-ai-r0.05,paloma_redpajama,1.8879599197451964
19.9m-g005-ai-r0.05,paloma_twitteraae,2.867990267722085
19.9m-g005-ai-r0.05,paloma_wikitext_103,1.5673574755476136
19.9m-g005-ai-r0.1,c4,1.3403697653287052
19.9m-g005-ai-r0.1,cosmopedia,1.0436308523741196
19.9m-g005-ai-r0.1,fw22,1.3355818101623012
19.9m-g005-ai-r0.1,fw26,1.2171649809503804
19.9m-g005-ai-r0.1,fw26_ai,1.0328332821673456
19.9m-g005-ai-r0.1,fw26_human,1.2675083666861262
19.9m-g005-ai-r0.1,paloma,1.7655570019162519
19.9m-g005-ai-r0.1,paloma_4chan,1.757823841546062
19.9m-g005-ai-r0.1,paloma_c4,1.3568841918351338
19.9m-g005-ai-r0.1,paloma_c4_100_domains,1.372994160050583
19.9m-g005-ai-r0.1,paloma_dolma,1.675873437426703
19.9m-g005-ai-r0.1,paloma_falcon_refinedweb,1.4588270370605108
19.9m-g005-ai-r0.1,paloma_gab,2.3885511610697323
19.9m-g005-ai-r0.1,paloma_m2d2_s2orc,1.523690038072124
19.9m-g005-ai-r0.1,paloma_m2d2_wikipedia,1.4642739580439934
19.9m-g005-ai-r0.1,paloma_manosphere,1.7347407448353465
19.9m-g005-ai-r0.1,paloma_mc4_en,1.48848786159939
19.9m-g005-ai-r0.1,paloma_programming,2.4838487727468133
19.9m-g005-ai-r0.1,paloma_ptb,1.6499581557064313
19.9m-g005-ai-r0.1,paloma_reddit_100,1.576449347939762
19.9m-g005-ai-r0.1,paloma_redpajama,1.8912728882509569
19.9m-g005-ai-r0.1,paloma_twitteraae,2.8690217157807893
19.9m-g005-ai-r0.1,paloma_wikitext_103,1.5562147186956963
19.9m-g005-ai-r0.25,c4,1.3356710796134887
19.9m-g005-ai-r0.25,cosmopedia,1.0086600595763475
19.9m-g005-ai-r0.25,fw22,1.330268317037444
19.9m-g005-ai-r0.25,fw26,1.2037861534267005
19.9m-g005-ai-r0.25,fw26_ai,0.9945860459447697
19.9m-g005-ai-r0.25,fw26_human,1.2609279795474542
19.9m-g005-ai-r0.25,paloma,1.7610716872751127
19.9m-g005-ai-r0.25,paloma_4chan,1.7627140974080622
19.9m-g005-ai-r0.25,paloma_c4,1.3526333454534214
19.9m-g005-ai-r0.25,paloma_c4_100_domains,1.3697103369173538
19.9m-g005-ai-r0.25,paloma_dolma,1.667441158733597
19.9m-g005-ai-r0.25,paloma_falcon_refinedweb,1.455955704855909
19.9m-g005-ai-r0.25,paloma_gab,2.386910329563562
19.9m-g005-ai-r0.25,paloma_m2d2_s2orc,1.522363179252816
19.9m-g005-ai-r0.25,paloma_m2d2_wikipedia,1.4644770381026013
19.9m-g005-ai-r0.25,paloma_manosphere,1.7302779073015109
19.9m-g005-ai-r0.25,paloma_mc4_en,1.4827871396491374
19.9m-g005-ai-r0.25,paloma_programming,2.4473944652862043
19.9m-g005-ai-r0.25,paloma_ptb,1.6569953124358265
19.9m-g005-ai-r0.25,paloma_reddit_100,1.5731535538395365
19.9m-g005-ai-r0.25,paloma_redpajama,1.8816637388329538
19.9m-g005-ai-r0.25,paloma_twitteraae,2.8655291123734448
19.9m-g005-ai-r0.25,paloma_wikitext_103,1.5571405763958632
19.9m-g005-ai-r0.5,c4,1.3292841478690511
19.9m-g005-ai-r0.5,cosmopedia,0.9695630168201091
19.9m-g005-ai-r0.5,fw22,1.3230437363716054
19.9m-g005-ai-r0.5,fw26,1.189778088504497
19.9m-g005-ai-r0.5,fw26_ai,0.9578631394940069
19.9m-g005-ai-r0.5,fw26_human,1.2530771959075246
19.9m-g005-ai-r0.5,paloma,1.7604247644526685
19.9m-g005-ai-r0.5,paloma_4chan,1.7653115066439033
19.9m-g005-ai-r0.5,paloma_c4,1.3469867154869675
19.9m-g005-ai-r0.5,paloma_c4_100_domains,1.364573516572869
19.9m-g005-ai-r0.5,paloma_dolma,1.6684958185929417
19.9m-g005-ai-r0.5,paloma_falcon_refinedweb,1.450699487272042
19.9m-g005-ai-r0.5,paloma_gab,2.3753974346908295
19.9m-g005-ai-r0.5,paloma_m2d2_s2orc,1.5198930337955803
19.9m-g005-ai-r0.5,paloma_m2d2_wikipedia,1.4591672354788237
19.9m-g005-ai-r0.5,paloma_manosphere,1.7317255029454384
19.9m-g005-ai-r0.5,paloma_mc4_en,1.4789283030550062
19.9m-g005-ai-r0.5,paloma_programming,2.4808544027630144
19.9m-g005-ai-r0.5,paloma_ptb,1.6613693581298172
19.9m-g005-ai-r0.5,paloma_reddit_100,1.565358014029417
19.9m-g005-ai-r0.5,paloma_redpajama,1.8841062546059821
19.9m-g005-ai-r0.5,paloma_twitteraae,2.862513344053676
19.9m-g005-ai-r0.5,paloma_wikitext_103,1.5514163031263868
19.9m-g005-ai-r1,c4,1.3216079573906827
19.9m-g005-ai-r1,cosmopedia,0.9372202897074899
19.9m-g005-ai-r1,fw22,1.3147310574732376
19.9m-g005-ai-r1,fw26,1.175153430716445
19.9m-g005-ai-r1,fw26_ai,0.9197803209769874
19.9m-g005-ai-r1,fw26_human,1.2448190961046885
19.9m-g005-ai-r1,paloma,1.7588892726668908
19.9m-g005-ai-r1,paloma_4chan,1.7586285604732947
19.9m-g005-ai-r1,paloma_c4,1.3393663038537789
19.9m-g005-ai-r1,paloma_c4_100_domains,1.3590983715024167
19.9m-g005-ai-r1,paloma_dolma,1.6699940061091072
19.9m-g005-ai-r1,paloma_falcon_refinedweb,1.4450070866458467
19.9m-g005-ai-r1,paloma_gab,2.3836083210724186
19.9m-g005-ai-r1,paloma_m2d2_s2orc,1.5158587524280112
19.9m-g005-ai-r1,paloma_m2d2_wikipedia,1.4544166065539947
19.9m-g005-ai-r1,paloma_manosphere,1.7276275875983098
19.9m-g005-ai-r1,paloma_mc4_en,1.471202044179983
19.9m-g005-ai-r1,paloma_programming,2.498867664204709
19.9m-g005-ai-r1,paloma_ptb,1.6497272409177857
19.9m-g005-ai-r1,paloma_reddit_100,1.5627064537407716
19.9m-g005-ai-r1,paloma_redpajama,1.8892656002888286
19.9m-g005-ai-r1,paloma_twitteraae,2.87366863349673
19.9m-g005-ai-r1,paloma_wikitext_103,1.5431851296042638
19.9m-g005-ai-r2,c4,1.3131915311793458
19.9m-g005-ai-r2,cosmopedia,0.8980484203305734
19.9m-g005-ai-r2,fw22,1.3054434589684465
19.9m-g005-ai-r2,fw26,1.159399144323626
19.9m-g005-ai-r2,fw26_ai,0.8806651659869354
19.9m-g005-ai-r2,fw26_human,1.2353417942511566
19.9m-g005-ai-r2,paloma,1.7547279706154084
19.9m-g005-ai-r2,paloma_4chan,1.74615088051932
19.9m-g005-ai-r2,paloma_c4,1.3325988226484693
19.9m-g005-ai-r2,paloma_c4_100_domains,1.3524355515783777
19.9m-g005-ai-r2,paloma_dolma,1.658978319623362
19.9m-g005-ai-r2,paloma_falcon_refinedweb,1.4402914686311026
19.9m-g005-ai-r2,paloma_gab,2.3997973866363163
19.9m-g005-ai-r2,paloma_m2d2_s2orc,1.516608132901726
19.9m-g005-ai-r2,paloma_m2d2_wikipedia,1.4564761741873793
19.9m-g005-ai-r2,paloma_manosphere,1.7356391335435384
19.9m-g005-ai-r2,paloma_mc4_en,1.4570431815760732
19.9m-g005-ai-r2,paloma_programming,2.458416696662699
19.9m-g005-ai-r2,paloma_ptb,1.6397796359402654
19.9m-g005-ai-r2,paloma_reddit_100,1.5632112127016486
19.9m-g005-ai-r2,paloma_redpajama,1.87752633931877
19.9m-g005-ai-r2,paloma_twitteraae,2.899060902879942
19.9m-g005-ai-r2,paloma_wikitext_103,1.5416336904975436
19.9m-g005-ai-r4,c4,1.3148820292520351
19.9m-g005-ai-r4,cosmopedia,0.8781616008658104
19.9m-g005-ai-r4,fw22,1.305947379732477
19.9m-g005-ai-r4,fw26,1.1539562017081313
19.9m-g005-ai-r4,fw26_ai,0.8547726156822869
19.9m-g005-ai-r4,fw26_human,1.235446137750426
19.9m-g005-ai-r4,paloma,1.7703463950245582
19.9m-g005-ai-r4,paloma_4chan,1.7983049808552432
19.9m-g005-ai-r4,paloma_c4,1.3358575997386188
19.9m-g005-ai-r4,paloma_c4_100_domains,1.3574864123247516
19.9m-g005-ai-r4,paloma_dolma,1.6682664871059447
19.9m-g005-ai-r4,paloma_falcon_refinedweb,1.4451217912503656
19.9m-g005-ai-r4,paloma_gab,2.4204418007603024
19.9m-g005-ai-r4,paloma_m2d2_s2orc,1.53021959003461
19.9m-g005-ai-r4,paloma_m2d2_wikipedia,1.4704622420427984
19.9m-g005-ai-r4,paloma_manosphere,1.75896442160666
19.9m-g005-ai-r4,paloma_mc4_en,1.4659918771584228
19.9m-g005-ai-r4,paloma_programming,2.47111920903348
19.9m-g005-ai-r4,paloma_ptb,1.671000228818461
19.9m-g005-ai-r4,paloma_reddit_100,1.5707165810087391
19.9m-g005-ai-r4,paloma_redpajama,1.8763658401543764
19.9m-g005-ai-r4,paloma_twitteraae,2.9357612596279155
19.9m-g005-ai-r4,paloma_wikitext_103,1.5494619988722418
19.9m-g005-ai-r8,c4,1.3177108997722857
19.9m-g005-ai-r8,cosmopedia,0.8648264261706303
19.9m-g005-ai-r8,fw22,1.3083350262305111
19.9m-g005-ai-r8,fw26,1.151755993257343
19.9m-g005-ai-r8,fw26_ai,0.8361346753219051
19.9m-g005-ai-r8,fw26_human,1.2376643071262363
19.9m-g005-ai-r8,paloma,1.776435597852915
19.9m-g005-ai-r8,paloma_4chan,1.7826535624274957
19.9m-g005-ai-r8,paloma_c4,1.3399523592368547
19.9m-g005-ai-r8,paloma_c4_100_domains,1.3619280479492202
19.9m-g005-ai-r8,paloma_dolma,1.6642496174272186
19.9m-g005-ai-r8,paloma_falcon_refinedweb,1.450025178157567
19.9m-g005-ai-r8,paloma_gab,2.443255546532947
19.9m-g005-ai-r8,paloma_m2d2_s2orc,1.535252805833159
19.9m-g005-ai-r8,paloma_m2d2_wikipedia,1.4762579013524317
19.9m-g005-ai-r8,paloma_manosphere,1.773849561831403
19.9m-g005-ai-r8,paloma_mc4_en,1.46738278283382
19.9m-g005-ai-r8,paloma_programming,2.4670397509119333
19.9m-g005-ai-r8,paloma_ptb,1.682007749732632
19.9m-g005-ai-r8,paloma_reddit_100,1.5784662000981982
19.9m-g005-ai-r8,paloma_redpajama,1.8749429927114833
19.9m-g005-ai-r8,paloma_twitteraae,2.969976887434587
19.9m-g005-ai-r8,paloma_wikitext_103,1.555728621175689
19.9m-g005-ai-r16,c4,1.3238210996641433
19.9m-g005-ai-r16,cosmopedia,0.8595497201195597
19.9m-g005-ai-r16,fw22,1.3139426281578241
19.9m-g005-ai-r16,fw26,1.1536260164528316
19.9m-g005-ai-r16,fw26_ai,0.8254416363332636
19.9m-g005-ai-r16,fw26_human,1.2428860530183439
19.9m-g005-ai-r16,paloma,1.803536199095849
19.9m-g005-ai-r16,paloma_4chan,1.8310310155041098
19.9m-g005-ai-r16,paloma_c4,1.347174732518531
19.9m-g005-ai-r16,paloma_c4_100_domains,1.371347139690616
19.9m-g005-ai-r16,paloma_dolma,1.6986419852306227
19.9m-g005-ai-r16,paloma_falcon_refinedweb,1.4608558098807596
19.9m-g005-ai-r16,paloma_gab,2.471932350108921
19.9m-g005-ai-r16,paloma_m2d2_s2orc,1.5506904474245677
19.9m-g005-ai-r16,paloma_m2d2_wikipedia,1.4940314529637704
19.9m-g005-ai-r16,paloma_manosphere,1.7979555756406955
19.9m-g005-ai-r16,paloma_mc4_en,1.4806895072372086
19.9m-g005-ai-r16,paloma_programming,2.54445098242513
19.9m-g005-ai-r16,paloma_ptb,1.7053480318460705
19.9m-g005-ai-r16,paloma_reddit_100,1.5975494954553733
19.9m-g005-ai-r16,paloma_redpajama,1.9138078599426347
19.9m-g005-ai-r16,paloma_twitteraae,3.012509883458751
19.9m-g005-ai-r16,paloma_wikitext_103,1.5785629162058201
19.9m-g005-ai-r32,c4,1.326826779697741
19.9m-g005-ai-r32,cosmopedia,0.8523140433354454
19.9m-g005-ai-r32,fw22,1.3164153064381792
19.9m-g005-ai-r32,fw26,1.1536656225139388
19.9m-g005-ai-r32,fw26_ai,0.8160718310548999
19.9m-g005-ai-r32,fw26_human,1.2455209065476958
19.9m-g005-ai-r32,paloma,1.808463256930884
19.9m-g005-ai-r32,paloma_4chan,1.8553503281082817
19.9m-g005-ai-r32,paloma_c4,1.3508232676853829
19.9m-g005-ai-r32,paloma_c4_100_domains,1.375642104097274
19.9m-g005-ai-r32,paloma_dolma,1.693249697918752
19.9m-g005-ai-r32,paloma_falcon_refinedweb,1.4648475953512665
19.9m-g005-ai-r32,paloma_gab,2.506077658827072
19.9m-g005-ai-r32,paloma_m2d2_s2orc,1.5548580415900801
19.9m-g005-ai-r32,paloma_m2d2_wikipedia,1.4947011092540463
19.9m-g005-ai-r32,paloma_manosphere,1.8191532764621658
19.9m-g005-ai-r32,paloma_mc4_en,1.4811354980992784
19.9m-g005-ai-r32,paloma_programming,2.5069555268246093
19.9m-g005-ai-r32,paloma_ptb,1.696775103583888
19.9m-g005-ai-r32,paloma_reddit_100,1.616213442431604
19.9m-g005-ai-r32,paloma_redpajama,1.9082916538536707
19.9m-g005-ai-r32,paloma_twitteraae,3.0241479845737054
19.9m-g005-ai-r32,paloma_wikitext_103,1.5871898222330676
19.9m-g005-ai-r64,c4,1.3297917753688557
19.9m-g005-ai-r64,cosmopedia,0.8479880426235415
19.9m-g005-ai-r64,fw22,1.3193600201738418
19.9m-g005-ai-r64,fw26,1.1543489375082432
19.9m-g005-ai-r64,fw26_ai,0.8099528367160803
19.9m-g005-ai-r64,fw26_human,1.2480141005950063
19.9m-g005-ai-r64,paloma,1.81368430401516
19.9m-g005-ai-r64,paloma_4chan,1.8658126995162327
19.9m-g005-ai-r64,paloma_c4,1.3539514437503986
19.9m-g005-ai-r64,paloma_c4_100_domains,1.379522375877549
19.9m-g005-ai-r64,paloma_dolma,1.6999473648097148
19.9m-g005-ai-r64,paloma_falcon_refinedweb,1.4690781430183952
19.9m-g005-ai-r64,paloma_gab,2.514446273431188
19.9m-g005-ai-r64,paloma_m2d2_s2orc,1.5568957347249632
19.9m-g005-ai-r64,paloma_m2d2_wikipedia,1.5004923025192272
19.9m-g005-ai-r64,paloma_manosphere,1.8224330888594502
19.9m-g005-ai-r64,paloma_mc4_en,1.4842092084249299
19.9m-g005-ai-r64,paloma_programming,2.503865032209586
19.9m-g005-ai-r64,paloma_ptb,1.7071218369006864
19.9m-g005-ai-r64,paloma_reddit_100,1.6168483470432782
19.9m-g005-ai-r64,paloma_redpajama,1.907165434683829
19.9m-g005-ai-r64,paloma_twitteraae,3.0453820317717977
19.9m-g005-ai-r64,paloma_wikitext_103,1.591777546701333
19.9m-g005-human-r0.025,c4,1.3481935455650473
19.9m-g005-human-r0.025,cosmopedia,1.1000131021808348
19.9m-g005-human-r0.025,fw22,1.3438882428436272
19.9m-g005-human-r0.025,fw26,1.2363609379646554
19.9m-g005-human-r0.025,fw26_ai,1.0884415639947815
19.9m-g005-human-r0.025,fw26_human,1.2768740828027345
19.9m-g005-human-r0.025,paloma,1.7743363221700705
19.9m-g005-human-r0.025,paloma_4chan,1.768796805587384
19.9m-g005-human-r0.025,paloma_c4,1.3646800952706293
19.9m-g005-human-r0.025,paloma_c4_100_domains,1.3804436218757878
19.9m-g005-human-r0.025,paloma_dolma,1.6890811272920825
19.9m-g005-human-r0.025,paloma_falcon_refinedweb,1.4661337279107087
19.9m-g005-human-r0.025,paloma_gab,2.393147824266685
19.9m-g005-human-r0.025,paloma_m2d2_s2orc,1.5348476844026266
19.9m-g005-human-r0.025,paloma_m2d2_wikipedia,1.4694061396917155
19.9m-g005-human-r0.025,paloma_manosphere,1.7396941940833828
19.9m-g005-human-r0.025,paloma_mc4_en,1.497530567966451
19.9m-g005-human-r0.025,paloma_programming,2.5046517439127878
19.9m-g005-human-r0.025,paloma_ptb,1.6482392283315785
19.9m-g005-human-r0.025,paloma_reddit_100,1.5804645421503007
19.9m-g005-human-r0.025,paloma_redpajama,1.911489010263152
19.9m-g005-human-r0.025,paloma_twitteraae,2.874113802130797
19.9m-g005-human-r0.025,paloma_wikitext_103,1.5666610395850606
19.9m-g005-human-r0.05,c4,1.344381065090181
19.9m-g005-human-r0.05,cosmopedia,1.0914505917124016
19.9m-g005-human-r0.05,fw22,1.340245308829013
19.9m-g005-human-r0.05,fw26,1.2328875094993361
19.9m-g005-human-r0.05,fw26_ai,1.0849293453319064
19.9m-g005-human-r0.05,fw26_human,1.2734183970627517
19.9m-g005-human-r0.05,paloma,1.7669807655650285
19.9m-g005-human-r0.05,paloma_4chan,1.754169123400439
19.9m-g005-human-r0.05,paloma_c4,1.3609100876618496
19.9m-g005-human-r0.05,paloma_c4_100_domains,1.376688334664044
19.9m-g005-human-r0.05,paloma_dolma,1.6799983560939904
19.9m-g005-human-r0.05,paloma_falcon_refinedweb,1.4632982467924902
19.9m-g005-human-r0.05,paloma_gab,2.390736115654496
19.9m-g005-human-r0.05,paloma_m2d2_s2orc,1.5280031500493185
19.9m-g005-human-r0.05,paloma_m2d2_wikipedia,1.4669029066476165
19.9m-g005-human-r0.05,paloma_manosphere,1.728794886477766
19.9m-g005-human-r0.05,paloma_mc4_en,1.4938152752983285
19.9m-g005-human-r0.05,paloma_programming,2.4745220054313832
19.9m-g005-human-r0.05,paloma_ptb,1.6494493565866353
19.9m-g005-human-r0.05,paloma_reddit_100,1.5771140080629078
19.9m-g005-human-r0.05,paloma_redpajama,1.8933718076701123
19.9m-g005-human-r0.05,paloma_twitteraae,2.8730473422088343
19.9m-g005-human-r0.05,paloma_wikitext_103,1.5608712463402468
19.9m-g005-human-r4,c4,1.2457661743418842
19.9m-g005-human-r4,cosmopedia,0.9756234022567765
19.9m-g005-human-r4,fw22,1.23747895912871
19.9m-g005-human-r4,fw26,1.1265694177682954
19.9m-g005-human-r4,fw26_ai,0.9701580703442652
19.9m-g005-human-r4,fw26_human,1.169360820151927
19.9m-g005-human-r4,paloma,1.6624456794489775
19.9m-g005-human-r4,paloma_4chan,1.6428546904079464
19.9m-g005-human-r4,paloma_c4,1.2645522473904223
19.9m-g005-human-r4,paloma_c4_100_domains,1.2715014212126348
19.9m-g005-human-r4,paloma_dolma,1.5773570089817104
19.9m-g005-human-r4,paloma_falcon_refinedweb,1.3672469332880692
19.9m-g005-human-r4,paloma_gab,2.2392954273102488
19.9m-g005-human-r4,paloma_m2d2_s2orc,1.4444709853467133
19.9m-g005-human-r4,paloma_m2d2_wikipedia,1.380667395769617
19.9m-g005-human-r4,paloma_manosphere,1.6389084938420306
19.9m-g005-human-r4,paloma_mc4_en,1.3869603819957095
19.9m-g005-human-r4,paloma_programming,2.3779037941282595
19.9m-g005-human-r4,paloma_ptb,1.5696556032100544
19.9m-g005-human-r4,paloma_reddit_100,1.4783723623445493
19.9m-g005-human-r4,paloma_redpajama,1.768959456902653
19.9m-g005-human-r4,paloma_twitteraae,2.7605797289810012
19.9m-g005-human-r4,paloma_wikitext_103,1.4298449400720212
19.9m-g006-control,c4,1.2742812635926486
19.9m-g006-control,cosmopedia,1.0087133761986105
19.9m-g006-control,fw22,1.268022917907414
19.9m-g006-control,fw26,1.157830601795296
19.9m-g006-control,fw26_ai,1.002841209640453
19.9m-g006-control,fw26_human,1.2002003430895085
19.9m-g006-control,paloma,1.6936518919411594
19.9m-g006-control,paloma_4chan,1.6801041497205236
19.9m-g006-control,paloma_c4,1.2922087328725937
19.9m-g006-control,paloma_c4_100_domains,1.30108156955791
19.9m-g006-control,paloma_dolma,1.605258440490904
19.9m-g006-control,paloma_falcon_refinedweb,1.3938284538585153
19.9m-g006-control,paloma_gab,2.281246031941767
19.9m-g006-control,paloma_m2d2_s2orc,1.4606413965268608
19.9m-g006-control,paloma_m2d2_wikipedia,1.3961603222764432
19.9m-g006-control,paloma_manosphere,1.6686489775415307
19.9m-g006-control,paloma_mc4_en,1.4110825922892662
19.9m-g006-control,paloma_programming,2.4391441389919417
19.9m-g006-control,paloma_ptb,1.5787336373086789
19.9m-g006-control,paloma_reddit_100,1.5045103393256858
19.9m-g006-control,paloma_redpajama,1.8122855928308854
19.9m-g006-control,paloma_twitteraae,2.7901680044133146
19.9m-g006-control,paloma_wikitext_103,1.483327891111731
19.9m-g006-ai-r0.05,c4,1.2728330284309273
19.9m-g006-ai-r0.05,cosmopedia,0.9691962141808926
19.9m-g006-ai-r0.05,fw22,1.2660177339922793
19.9m-g006-ai-r0.05,fw26,1.1483448468762405
19.9m-g006-ai-r0.05,fw26_ai,0.9672991136397442
19.9m-g006-ai-r0.05,fw26_human,1.1977680085166367
19.9m-g006-ai-r0.05,paloma,1.6825600303622799
19.9m-g006-ai-r0.05,paloma_4chan,1.6575665260813606
19.9m-g006-ai-r0.05,paloma_c4,1.2905102596987288
19.9m-g006-ai-r0.05,paloma_c4_100_domains,1.30022471399521
19.9m-g006-ai-r0.05,paloma_dolma,1.5921637737507055
19.9m-g006-ai-r0.05,paloma_falcon_refinedweb,1.3923061796656901
19.9m-g006-ai-r0.05,paloma_gab,2.2828900226431412
19.9m-g006-ai-r0.05,paloma_m2d2_s2orc,1.457091002502564
19.9m-g006-ai-r0.05,paloma_m2d2_wikipedia,1.389194618089791
19.9m-g006-ai-r0.05,paloma_manosphere,1.655219133314903
19.9m-g006-ai-r0.05,paloma_mc4_en,1.4100290506043027
19.9m-g006-ai-r0.05,paloma_programming,2.376851772710335
19.9m-g006-ai-r0.05,paloma_ptb,1.577274000979693
19.9m-g006-ai-r0.05,paloma_reddit_100,1.5022709634658482
19.9m-g006-ai-r0.05,paloma_redpajama,1.7897456086166537
19.9m-g006-ai-r0.05,paloma_twitteraae,2.7863511201362954
19.9m-g006-ai-r0.05,paloma_wikitext_103,1.461271739541257
19.9m-g006-ai-r0.1,c4,1.271440277579341
19.9m-g006-ai-r0.1,cosmopedia,0.9485820592085816
19.9m-g006-ai-r0.1,fw22,1.26420727516713
19.9m-g006-ai-r0.1,fw26,1.142561723490278
19.9m-g006-ai-r0.1,fw26_ai,0.9477320261654982
19.9m-g006-ai-r0.1,fw26_human,1.1956709097910183
19.9m-g006-ai-r0.1,paloma,1.680167436323785
19.9m-g006-ai-r0.1,paloma_4chan,1.6598721706769908
19.9m-g006-ai-r0.1,paloma_c4,1.2887670968506049
19.9m-g006-ai-r0.1,paloma_c4_100_domains,1.2991093217678558
19.9m-g006-ai-r0.1,paloma_dolma,1.5824363982681506
19.9m-g006-ai-r0.1,paloma_falcon_refinedweb,1.390221145775884
19.9m-g006-ai-r0.1,paloma_gab,2.281226182078084
19.9m-g006-ai-r0.1,paloma_m2d2_s2orc,1.4552086941848639
19.9m-g006-ai-r0.1,paloma_m2d2_wikipedia,1.3869182566348628
19.9m-g006-ai-r0.1,paloma_manosphere,1.6581639602325093
19.9m-g006-ai-r0.1,paloma_mc4_en,1.405451209462732
19.9m-g006-ai-r0.1,paloma_programming,2.3402229803394583
19.9m-g006-ai-r0.1,paloma_ptb,1.5880131104116222
19.9m-g006-ai-r0.1,paloma_reddit_100,1.5018466826872763
19.9m-g006-ai-r0.1,paloma_redpajama,1.779792065090262
19.9m-g006-ai-r0.1,paloma_twitteraae,2.7964050780518392
19.9m-g006-ai-r0.1,paloma_wikitext_103,1.4690246286675641
19.9m-g006-ai-r0.25,c4,1.2728829037599707
19.9m-g006-ai-r0.25,cosmopedia,0.9260857409710936
19.9m-g006-ai-r0.25,fw22,1.2652578249588438
19.9m-g006-ai-r0.25,fw26,1.136504028936843
19.9m-g006-ai-r0.25,fw26_ai,0.9185882120651517
19.9m-g006-ai-r0.25,fw26_human,1.1959474027122656
19.9m-g006-ai-r0.25,paloma,1.6960765415702561
19.9m-g006-ai-r0.25,paloma_4chan,1.6956331383170757
19.9m-g006-ai-r0.25,paloma_c4,1.2926310640372802
19.9m-g006-ai-r0.25,paloma_c4_100_domains,1.303572712660047
19.9m-g006-ai-r0.25,paloma_dolma,1.5987803429047303
19.9m-g006-ai-r0.25,paloma_falcon_refinedweb,1.3965965572949757
19.9m-g006-ai-r0.25,paloma_gab,2.291871949845316
19.9m-g006-ai-r0.25,paloma_m2d2_s2orc,1.4785110651363833
19.9m-g006-ai-r0.25,paloma_m2d2_wikipedia,1.4156643157104307
19.9m-g006-ai-r0.25,paloma_manosphere,1.6795533865329753
19.9m-g006-ai-r0.25,paloma_mc4_en,1.4147568089937934
19.9m-g006-ai-r0.25,paloma_programming,2.3764031395338896
19.9m-g006-ai-r0.25,paloma_ptb,1.6017339681955143
19.9m-g006-ai-r0.25,paloma_reddit_100,1.5095537212855734
19.9m-g006-ai-r0.25,paloma_redpajama,1.800998747358022
19.9m-g006-ai-r0.25,paloma_twitteraae,2.794462004228414
19.9m-g006-ai-r0.25,paloma_wikitext_103,1.4865017430896774
19.9m-g006-ai-r0.5,c4,1.2760905412299786
19.9m-g006-ai-r0.5,cosmopedia,0.9006670762498742
19.9m-g006-ai-r0.5,fw22,1.2679939400144624
19.9m-g006-ai-r0.5,fw26,1.133135673588467
19.9m-g006-ai-r0.5,fw26_ai,0.8959513054931378
19.9m-g006-ai-r0.5,fw26_human,1.1978255563440687
19.9m-g006-ai-r0.5,paloma,1.705427778767198
19.9m-g006-ai-r0.5,paloma_4chan,1.7087781228484213
19.9m-g006-ai-r0.5,paloma_c4,1.295728278396972
19.9m-g006-ai-r0.5,paloma_c4_100_domains,1.3092475225829032
19.9m-g006-ai-r0.5,paloma_dolma,1.615107348763997
19.9m-g006-ai-r0.5,paloma_falcon_refinedweb,1.4004597771787552
19.9m-g006-ai-r0.5,paloma_gab,2.2989803065804635
19.9m-g006-ai-r0.5,paloma_m2d2_s2orc,1.4793158831713171
19.9m-g006-ai-r0.5,paloma_m2d2_wikipedia,1.413964202967867
19.9m-g006-ai-r0.5,paloma_manosphere,1.6757228590564637
19.9m-g006-ai-r0.5,paloma_mc4_en,1.4213034548136478
19.9m-g006-ai-r0.5,paloma_programming,2.43432577966238
19.9m-g006-ai-r0.5,paloma_ptb,1.6137947092081937
19.9m-g006-ai-r0.5,paloma_reddit_100,1.5108274418910799
19.9m-g006-ai-r0.5,paloma_redpajama,1.8192463454397405
19.9m-g006-ai-r0.5,paloma_twitteraae,2.8008826627536587
19.9m-g006-ai-r0.5,paloma_wikitext_103,1.489159764959309
19.9m-g006-ai-r1,c4,1.2785700863171792
19.9m-g006-ai-r1,cosmopedia,0.8849693669682641
19.9m-g006-ai-r1,fw22,1.2697587710682021
19.9m-g006-ai-r1,fw26,1.1286928996783516
19.9m-g006-ai-r1,fw26_ai,0.8701742195428624
19.9m-g006-ai-r1,fw26_human,1.1991471893382812
19.9m-g006-ai-r1,paloma,1.7151367776221005
19.9m-g006-ai-r1,paloma_4chan,1.709115107763017
19.9m-g006-ai-r1,paloma_c4,1.2985649343442978
19.9m-g006-ai-r1,paloma_c4_100_domains,1.3137639979792661
19.9m-g006-ai-r1,paloma_dolma,1.6211873316907324
19.9m-g006-ai-r1,paloma_falcon_refinedweb,1.4050874328510965
19.9m-g006-ai-r1,paloma_gab,2.3186568986803766
19.9m-g006-ai-r1,paloma_m2d2_s2orc,1.4901443527777194
19.9m-g006-ai-r1,paloma_m2d2_wikipedia,1.4209002797491688
19.9m-g006-ai-r1,paloma_manosphere,1.6942050234653094
19.9m-g006-ai-r1,paloma_mc4_en,1.4239105939497918
19.9m-g006-ai-r1,paloma_programming,2.437322956550639
19.9m-g006-ai-r1,paloma_ptb,1.6189128669190482
19.9m-g006-ai-r1,paloma_reddit_100,1.520135446712591
19.9m-g006-ai-r1,paloma_redpajama,1.8286622955316798
19.9m-g006-ai-r1,paloma_twitteraae,2.8349127139269297
19.9m-g006-ai-r1,paloma_wikitext_103,1.5067062090619436
19.9m-g007-control,c4,1.275008016643419
19.9m-g007-control,cosmopedia,1.0035940516267876
19.9m-g007-control,fw22,1.26832865338922
19.9m-g007-control,fw26,1.1588035403182333
19.9m-g007-control,fw26_ai,1.003945094393271
19.9m-g007-control,fw26_human,1.2011398261493675
19.9m-g007-control,paloma,1.6836220103958806
19.9m-g007-control,paloma_4chan,1.6672383830084476
19.9m-g007-control,paloma_c4,1.2918105745418267
19.9m-g007-control,paloma_c4_100_domains,1.3015917965042907
19.9m-g007-control,paloma_dolma,1.5958819034852543
19.9m-g007-control,paloma_falcon_refinedweb,1.3929093047824572
19.9m-g007-control,paloma_gab,2.286795125144422
19.9m-g007-control,paloma_m2d2_s2orc,1.4560644477856857
19.9m-g007-control,paloma_m2d2_wikipedia,1.390014332349826
19.9m-g007-control,paloma_manosphere,1.6576949795322409
19.9m-g007-control,paloma_mc4_en,1.412342646646323
19.9m-g007-control,paloma_programming,2.3676021202785646
19.9m-g007-control,paloma_ptb,1.575628445894377
19.9m-g007-control,paloma_reddit_100,1.506335563345306
19.9m-g007-control,paloma_redpajama,1.7870414818678815
19.9m-g007-control,paloma_twitteraae,2.7948489254959554
19.9m-g007-control,paloma_wikitext_103,1.4541521356712301
19.9m-g007-ai-r0.0244,c4,1.2746298857120537
19.9m-g007-ai-r0.0244,cosmopedia,0.9862245754448729
19.9m-g007-ai-r0.0244,fw22,1.267893438500033
19.9m-g007-ai-r0.0244,fw26,1.1533200744657393
19.9m-g007-ai-r0.0244,fw26_ai,0.982653137679804
19.9m-g007-ai-r0.0244,fw26_human,1.1999402651108761
19.9m-g007-ai-r0.0244,paloma,1.6866960573350407
19.9m-g007-ai-r0.0244,paloma_4chan,1.6733732506531611
19.9m-g007-ai-r0.0244,paloma_c4,1.2911814011584393
19.9m-g007-ai-r0.0244,paloma_c4_100_domains,1.3015750418931222
19.9m-g007-ai-r0.0244,paloma_dolma,1.5965202859733898
19.9m-g007-ai-r0.0244,paloma_falcon_refinedweb,1.393117671975968
19.9m-g007-ai-r0.0244,paloma_gab,2.2891560943360014
19.9m-g007-ai-r0.0244,paloma_m2d2_s2orc,1.4566333877340332
19.9m-g007-ai-r0.0244,paloma_m2d2_wikipedia,1.3902710718122062
19.9m-g007-ai-r0.0244,paloma_manosphere,1.6648587819261471
19.9m-g007-ai-r0.0244,paloma_mc4_en,1.411517541244261
19.9m-g007-ai-r0.0244,paloma_programming,2.372824569308422
19.9m-g007-ai-r0.0244,paloma_ptb,1.5838731935085855
19.9m-g007-ai-r0.0244,paloma_reddit_100,1.5090818320651456
19.9m-g007-ai-r0.0244,paloma_redpajama,1.7901297248180175
19.9m-g007-ai-r0.0244,paloma_twitteraae,2.7935507477733275
19.9m-g007-ai-r0.0244,paloma_wikitext_103,1.4694723211804217
19.9m-g007-ai-r0.0495,c4,1.2737608462387509
19.9m-g007-ai-r0.0495,cosmopedia,0.9709423711397251
19.9m-g007-ai-r0.0495,fw22,1.2669875744937924
19.9m-g007-ai-r0.0495,fw26,1.1493294408054264
19.9m-g007-ai-r0.0495,fw26_ai,0.9681717205656362
19.9m-g007-ai-r0.0495,fw26_human,1.1987493695321345
19.9m-g007-ai-r0.0495,paloma,1.684581824312238
19.9m-g007-ai-r0.0495,paloma_4chan,1.6640669560940102
19.9m-g007-ai-r0.0495,paloma_c4,1.2904388305496606
19.9m-g007-ai-r0.0495,paloma_c4_100_domains,1.3014966249212618
19.9m-g007-ai-r0.0495,paloma_dolma,1.594008185513367
19.9m-g007-ai-r0.0495,paloma_falcon_refinedweb,1.3927940442911617
19.9m-g007-ai-r0.0495,paloma_gab,2.2886171158280857
19.9m-g007-ai-r0.0495,paloma_m2d2_s2orc,1.4575108874678144
19.9m-g007-ai-r0.0495,paloma_m2d2_wikipedia,1.3918754979255419
19.9m-g007-ai-r0.0495,paloma_manosphere,1.667467081634086
19.9m-g007-ai-r0.0495,paloma_mc4_en,1.4135545272523835
19.9m-g007-ai-r0.0495,paloma_programming,2.3637085484194076
19.9m-g007-ai-r0.0495,paloma_ptb,1.580053055738717
19.9m-g007-ai-r0.0495,paloma_reddit_100,1.5076707952892303
19.9m-g007-ai-r0.0495,paloma_redpajama,1.7848330373361936
19.9m-g007-ai-r0.0495,paloma_twitteraae,2.7871714067761353
19.9m-g007-ai-r0.0495,paloma_wikitext_103,1.4680425939587498
19.9m-g007-ai-r2.13,c4,1.280226902646217
19.9m-g007-ai-r2.13,cosmopedia,0.8702123048448547
19.9m-g007-ai-r2.13,fw22,1.2711462409434573
19.9m-g007-ai-r2.13,fw26,1.1252102814664782
19.9m-g007-ai-r2.13,fw26_ai,0.8463691006996854
19.9m-g007-ai-r2.13,fw26_human,1.2011507106514323
19.9m-g007-ai-r2.13,paloma,1.7254166124133725
19.9m-g007-ai-r2.13,paloma_4chan,1.7357603849774328
19.9m-g007-ai-r2.13,paloma_c4,1.3013018586800795
19.9m-g007-ai-r2.13,paloma_c4_100_domains,1.3173739072666726
19.9m-g007-ai-r2.13,paloma_dolma,1.6254498852610861
19.9m-g007-ai-r2.13,paloma_falcon_refinedweb,1.409412755683147
19.9m-g007-ai-r2.13,paloma_gab,2.3524176174388476
19.9m-g007-ai-r2.13,paloma_m2d2_s2orc,1.4957279310781886
19.9m-g007-ai-r2.13,paloma_m2d2_wikipedia,1.4317962727905769
19.9m-g007-ai-r2.13,paloma_manosphere,1.7193131415839311
19.9m-g007-ai-r2.13,paloma_mc4_en,1.4221645344389444
19.9m-g007-ai-r2.13,paloma_programming,2.4160947446673173
19.9m-g007-ai-r2.13,paloma_ptb,1.636641331844288
19.9m-g007-ai-r2.13,paloma_reddit_100,1.5414281157734464
19.9m-g007-ai-r2.13,paloma_redpajama,1.8220391550507526
19.9m-g007-ai-r2.13,paloma_twitteraae,2.8753169862099415
19.9m-g007-ai-r2.13,paloma_wikitext_103,1.5044271758693069
19.9m-g007-ai-r4.32,c4,1.2897736210232311
19.9m-g007-ai-r4.32,cosmopedia,0.8497371195930908
19.9m-g007-ai-r4.32,fw22,1.2803378623777963
19.9m-g007-ai-r4.32,fw26,1.129256554745453
19.9m-g007-ai-r4.32,fw26_ai,0.8313543616766027
19.9m-g007-ai-r4.32,fw26_human,1.2103281882941908
19.9m-g007-ai-r4.32,paloma,1.7416857834976505
19.9m-g007-ai-r4.32,paloma_4chan,1.7519108835975385
19.9m-g007-ai-r4.32,paloma_c4,1.3118002896321668
19.9m-g007-ai-r4.32,paloma_c4_100_domains,1.3297747970110803
19.9m-g007-ai-r4.32,paloma_dolma,1.6372421824510293
19.9m-g007-ai-r4.32,paloma_falcon_refinedweb,1.4221512610310185
19.9m-g007-ai-r4.32,paloma_gab,2.381454892990799
19.9m-g007-ai-r4.32,paloma_m2d2_s2orc,1.5128397318172369
19.9m-g007-ai-r4.32,paloma_m2d2_wikipedia,1.4493683599969651
19.9m-g007-ai-r4.32,paloma_manosphere,1.7282904801024233
19.9m-g007-ai-r4.32,paloma_mc4_en,1.4359101328657937
19.9m-g007-ai-r4.32,paloma_programming,2.4458515654738653
19.9m-g007-ai-r4.32,paloma_ptb,1.64647248562414
19.9m-g007-ai-r4.32,paloma_reddit_100,1.5446965169144227
19.9m-g007-ai-r4.32,paloma_redpajama,1.8415645138737062
19.9m-g007-ai-r4.32,paloma_twitteraae,2.9010865104835086
19.9m-g007-ai-r4.32,paloma_wikitext_103,1.526557932096711
19.9m-g007-ai-r8.71,c4,1.3019338050145204
19.9m-g007-ai-r8.71,cosmopedia,0.854668742548797
19.9m-g007-ai-r8.71,fw22,1.291833987076086
19.9m-g007-ai-r8.71,fw26,1.1357177010865833
19.9m-g007-ai-r8.71,fw26_ai,0.8203063931866033
19.9m-g007-ai-r8.71,fw26_human,1.2215343388011315
19.9m-g007-ai-r8.71,paloma,1.7692418121948879
19.9m-g007-ai-r8.71,paloma_4chan,1.8039125092465091
19.9m-g007-ai-r8.71,paloma_c4,1.325533844698884
19.9m-g007-ai-r8.71,paloma_c4_100_domains,1.346044563739962
19.9m-g007-ai-r8.71,paloma_dolma,1.6570297536857004
19.9m-g007-ai-r8.71,paloma_falcon_refinedweb,1.43517403313966
19.9m-g007-ai-r8.71,paloma_gab,2.4242181988012588
19.9m-g007-ai-r8.71,paloma_m2d2_s2orc,1.5281475441704226
19.9m-g007-ai-r8.71,paloma_m2d2_wikipedia,1.4646124187419105
19.9m-g007-ai-r8.71,paloma_manosphere,1.7716557248629574
19.9m-g007-ai-r8.71,paloma_mc4_en,1.4536100580843985
19.9m-g007-ai-r8.71,paloma_programming,2.472284862351238
19.9m-g007-ai-r8.71,paloma_ptb,1.6673301624019852
19.9m-g007-ai-r8.71,paloma_reddit_100,1.5716663723044417
19.9m-g007-ai-r8.71,paloma_redpajama,1.8698304140886672
19.9m-g007-ai-r8.71,paloma_twitteraae,2.948804344557783
19.9m-g007-ai-r8.71,paloma_wikitext_103,1.5680141902424252
19.9m-g007-ai-r17.5,c4,1.3115681942386985
19.9m-g007-ai-r17.5,cosmopedia,0.8457590730896702
19.9m-g007-ai-r17.5,fw22,1.3012258004340413
19.9m-g007-ai-r17.5,fw26,1.1414315848490648
19.9m-g007-ai-r17.5,fw26_ai,0.8126758617635625
19.9m-g007-ai-r17.5,fw26_human,1.2308255480842907
19.9m-g007-ai-r17.5,paloma,1.786475984991167
19.9m-g007-ai-r17.5,paloma_4chan,1.811732073331978
19.9m-g007-ai-r17.5,paloma_c4,1.3350945066279067
19.9m-g007-ai-r17.5,paloma_c4_100_domains,1.3571946741551262
19.9m-g007-ai-r17.5,paloma_dolma,1.6739360956528484
19.9m-g007-ai-r17.5,paloma_falcon_refinedweb,1.4463827533239708
19.9m-g007-ai-r17.5,paloma_gab,2.449564101285478
19.9m-g007-ai-r17.5,paloma_m2d2_s2orc,1.5405290879260785
19.9m-g007-ai-r17.5,paloma_m2d2_wikipedia,1.4730716534913828
19.9m-g007-ai-r17.5,paloma_manosphere,1.7871831631981094
19.9m-g007-ai-r17.5,paloma_mc4_en,1.4631792606967542
19.9m-g007-ai-r17.5,paloma_programming,2.5142675017888885
19.9m-g007-ai-r17.5,paloma_ptb,1.686422816245557
19.9m-g007-ai-r17.5,paloma_reddit_100,1.5872795536843405
19.9m-g007-ai-r17.5,paloma_redpajama,1.8882010819056438
19.9m-g007-ai-r17.5,paloma_twitteraae,2.9887494295743853
19.9m-g007-ai-r17.5,paloma_wikitext_103,1.5808280069702279
19.9m-g007-ai-r34.7,c4,1.3184700342033182
19.9m-g007-ai-r34.7,cosmopedia,0.8457636471577863
19.9m-g007-ai-r34.7,fw22,1.3077754915997417
19.9m-g007-ai-r34.7,fw26,1.1448807853259946
19.9m-g007-ai-r34.7,fw26_ai,0.8076014589433701
19.9m-g007-ai-r34.7,fw26_human,1.2365962325543831
19.9m-g007-ai-r34.7,paloma,1.8009310504086145
19.9m-g007-ai-r34.7,paloma_4chan,1.8524908865626375
19.9m-g007-ai-r34.7,paloma_c4,1.3422395839533374
19.9m-g007-ai-r34.7,paloma_c4_100_domains,1.3664137310039008
19.9m-g007-ai-r34.7,paloma_dolma,1.688824154852308
19.9m-g007-ai-r34.7,paloma_falcon_refinedweb,1.4553495355208543
19.9m-g007-ai-r34.7,paloma_gab,2.4807409767362034
19.9m-g007-ai-r34.7,paloma_m2d2_s2orc,1.5448202176555932
19.9m-g007-ai-r34.7,paloma_m2d2_wikipedia,1.4831164304079216
19.9m-g007-ai-r34.7,paloma_manosphere,1.8019133055869638
19.9m-g007-ai-r34.7,paloma_mc4_en,1.4746616452139945
19.9m-g007-ai-r34.7,paloma_programming,2.53600910467497
19.9m-g007-ai-r34.7,paloma_ptb,1.6928037949335215
19.9m-g007-ai-r34.7,paloma_reddit_100,1.596846174814933
19.9m-g007-ai-r34.7,paloma_redpajama,1.9010551796564676
19.9m-g007-ai-r34.7,paloma_twitteraae,3.016935249281194
19.9m-g007-ai-r34.7,paloma_wikitext_103,1.580676835683032
19.9m-g007-ai-r69,c4,1.3237254062838126
19.9m-g007-ai-r69,cosmopedia,0.8401199014515017
19.9m-g007-ai-r69,fw22,1.3129088042513328
19.9m-g007-ai-r69,fw26,1.1483690245766227
19.9m-g007-ai-r69,fw26_ai,0.8043696001335909
19.9m-g007-ai-r69,fw26_human,1.241919653373236
19.9m-g007-ai-r69,paloma,1.8090667895571801
19.9m-g007-ai-r69,paloma_4chan,1.8284710461281786
19.9m-g007-ai-r69,paloma_c4,1.3487887945087638
19.9m-g007-ai-r69,paloma_c4_100_domains,1.3729267269389718
19.9m-g007-ai-r69,paloma_dolma,1.7008024209122317
19.9m-g007-ai-r69,paloma_falcon_refinedweb,1.4628458681718726
19.9m-g007-ai-r69,paloma_gab,2.499545354088078
19.9m-g007-ai-r69,paloma_m2d2_s2orc,1.5550081286930915
19.9m-g007-ai-r69,paloma_m2d2_wikipedia,1.494920038767367
19.9m-g007-ai-r69,paloma_manosphere,1.8031477347317004
19.9m-g007-ai-r69,paloma_mc4_en,1.4798524447773076
19.9m-g007-ai-r69,paloma_programming,2.5397469043058227
19.9m-g007-ai-r69,paloma_ptb,1.7070912474927527
19.9m-g007-ai-r69,paloma_reddit_100,1.6075741084241804
19.9m-g007-ai-r69,paloma_redpajama,1.9160574471617058
19.9m-g007-ai-r69,paloma_twitteraae,3.046750085049785
19.9m-g007-ai-r69,paloma_wikitext_103,1.5815402827630702
19.9m-g007-human-r0.025,c4,1.2750328867779368
19.9m-g007-human-r0.025,cosmopedia,1.0093761654483409
19.9m-g007-human-r0.025,fw22,1.2682960862181616
19.9m-g007-human-r0.025,fw26,1.1587019587363396
19.9m-g007-human-r0.025,fw26_ai,1.0040089939924755
19.9m-g007-human-r0.025,fw26_human,1.2009815196208455
19.9m-g007-human-r0.025,paloma,1.6849775084771061
19.9m-g007-human-r0.025,paloma_4chan,1.6768166942161273
19.9m-g007-human-r0.025,paloma_c4,1.2910687979521882
19.9m-g007-human-r0.025,paloma_c4_100_domains,1.30156588979531
19.9m-g007-human-r0.025,paloma_dolma,1.5935721169966552
19.9m-g007-human-r0.025,paloma_falcon_refinedweb,1.3933075579401053
19.9m-g007-human-r0.025,paloma_gab,2.2876226242499023
19.9m-g007-human-r0.025,paloma_m2d2_s2orc,1.459712624647352
19.9m-g007-human-r0.025,paloma_m2d2_wikipedia,1.3911009351047967
19.9m-g007-human-r0.025,paloma_manosphere,1.6674094373650925
19.9m-g007-human-r0.025,paloma_mc4_en,1.4140037713680411
19.9m-g007-human-r0.025,paloma_programming,2.3629407104422477
19.9m-g007-human-r0.025,paloma_ptb,1.5826986166299382
19.9m-g007-human-r0.025,paloma_reddit_100,1.510732292147498
19.9m-g007-human-r0.025,paloma_redpajama,1.7823279784304151
19.9m-g007-human-r0.025,paloma_twitteraae,2.7833022841963455
19.9m-g007-human-r0.025,paloma_wikitext_103,1.4614578041516844
19.9m-g007-human-r0.05,c4,1.2707639601297203
19.9m-g007-human-r0.05,cosmopedia,1.0062091539543605
19.9m-g007-human-r0.05,fw22,1.2641496048777097
19.9m-g007-human-r0.05,fw26,1.1544184862095552
19.9m-g007-human-r0.05,fw26_ai,0.9991004602119873
19.9m-g007-human-r0.05,fw26_human,1.1968845326419386
19.9m-g007-human-r0.05,paloma,1.6822031788044929
19.9m-g007-human-r0.05,paloma_4chan,1.6711168223690367
19.9m-g007-human-r0.05,paloma_c4,1.2872058435703528
19.9m-g007-human-r0.05,paloma_c4_100_domains,1.297008195293086
19.9m-g007-human-r0.05,paloma_dolma,1.5947007634991348
19.9m-g007-human-r0.05,paloma_falcon_refinedweb,1.3891861962088183
19.9m-g007-human-r0.05,paloma_gab,2.283404446920528
19.9m-g007-human-r0.05,paloma_m2d2_s2orc,1.4530836389651685
19.9m-g007-human-r0.05,paloma_m2d2_wikipedia,1.3893245693244458
19.9m-g007-human-r0.05,paloma_manosphere,1.6628241190900241
19.9m-g007-human-r0.05,paloma_mc4_en,1.4089420298847994
19.9m-g007-human-r0.05,paloma_programming,2.375223597801774
19.9m-g007-human-r0.05,paloma_ptb,1.5717076591048558
19.9m-g007-human-r0.05,paloma_reddit_100,1.5060583416844695
19.9m-g007-human-r0.05,paloma_redpajama,1.7894210300516384
19.9m-g007-human-r0.05,paloma_twitteraae,2.7841136521016443
19.9m-g007-human-r0.05,paloma_wikitext_103,1.4519299550021103
19.9m-g007-human-r2,c4,1.230235311819513
19.9m-g007-human-r2,cosmopedia,0.9639530393554683
19.9m-g007-human-r2,fw22,1.222065084611332
19.9m-g007-human-r2,fw26,1.1112526530948914
19.9m-g007-human-r2,fw26_ai,0.953355894119243
19.9m-g007-human-r2,fw26_human,1.1543983750687299
19.9m-g007-human-r2,paloma,1.640283060056088
19.9m-g007-human-r2,paloma_4chan,1.6399227188366803
19.9m-g007-human-r2,paloma_c4,1.2483457301814986
19.9m-g007-human-r2,paloma_c4_100_domains,1.253040608198103
19.9m-g007-human-r2,paloma_dolma,1.5460558366372104
19.9m-g007-human-r2,paloma_falcon_refinedweb,1.3516302602058083
19.9m-g007-human-r2,paloma_gab,2.2223451130934295
19.9m-g007-human-r2,paloma_m2d2_s2orc,1.4199427340147674
19.9m-g007-human-r2,paloma_m2d2_wikipedia,1.3589782911122454
19.9m-g007-human-r2,paloma_manosphere,1.6320735997011087
19.9m-g007-human-r2,paloma_mc4_en,1.3608158873381988
19.9m-g007-human-r2,paloma_programming,2.3149993691488806
19.9m-g007-human-r2,paloma_ptb,1.534970724642118
19.9m-g007-human-r2,paloma_reddit_100,1.4675769539965173
19.9m-g007-human-r2,paloma_redpajama,1.738448808198662
19.9m-g007-human-r2,paloma_twitteraae,2.7490882726844683
19.9m-g007-human-r2,paloma_wikitext_103,1.4062940529077113
19.9m-g007-human-r4,c4,1.2192662874547777
19.9m-g007-human-r4,cosmopedia,0.9483721595114462
19.9m-g007-human-r4,fw22,1.2106294206243515
19.9m-g007-human-r4,fw26,1.0996425190116752
19.9m-g007-human-r4,fw26_ai,0.9410239816789301
19.9m-g007-human-r4,fw26_human,1.1429685677346277
19.9m-g007-human-r4,paloma,1.6243834570468962
19.9m-g007-human-r4,paloma_4chan,1.6048950315676034
19.9m-g007-human-r4,paloma_c4,1.2379759079939796
19.9m-g007-human-r4,paloma_c4_100_domains,1.241904641624455
19.9m-g007-human-r4,paloma_dolma,1.531432326905027
19.9m-g007-human-r4,paloma_falcon_refinedweb,1.340741151568772
19.9m-g007-human-r4,paloma_gab,2.205303272250797
19.9m-g007-human-r4,paloma_m2d2_s2orc,1.4122537509043516
19.9m-g007-human-r4,paloma_m2d2_wikipedia,1.3498841497107774
19.9m-g007-human-r4,paloma_manosphere,1.6124974060136312
19.9m-g007-human-r4,paloma_mc4_en,1.351623005839136
19.9m-g007-human-r4,paloma_programming,2.2744195432278236
19.9m-g007-human-r4,paloma_ptb,1.536530516613209
19.9m-g007-human-r4,paloma_reddit_100,1.4568440806479441
19.9m-g007-human-r4,paloma_redpajama,1.7159118210201185
19.9m-g007-human-r4,paloma_twitteraae,2.731574728974584
19.9m-g007-human-r4,paloma_wikitext_103,1.3863439778881315
19.9m-g008-control,c4,1.271163183271398
19.9m-g008-control,cosmopedia,1.0162897288112178
19.9m-g008-control,fw22,1.2648874359876316
19.9m-g008-control,fw26,1.1552642908468709
19.9m-g008-control,fw26_ai,1.0001761840949355
19.9m-g008-control,fw26_human,1.1976804411762876
19.9m-g008-control,paloma,1.686162011005952
19.9m-g008-control,paloma_4chan,1.6794621351005974
19.9m-g008-control,paloma_c4,1.2888292882950634
19.9m-g008-control,paloma_c4_100_domains,1.2975429421346045
19.9m-g008-control,paloma_dolma,1.5934287874318445
19.9m-g008-control,paloma_falcon_refinedweb,1.3908737640728004
19.9m-g008-control,paloma_gab,2.293980431116032
19.9m-g008-control,paloma_m2d2_s2orc,1.455071644079402
19.9m-g008-control,paloma_m2d2_wikipedia,1.4008954203124695
19.9m-g008-control,paloma_manosphere,1.6718343493929382
19.9m-g008-control,paloma_mc4_en,1.402518075058046
19.9m-g008-control,paloma_programming,2.3589336548135194
19.9m-g008-control,paloma_ptb,1.5780515358012621
19.9m-g008-control,paloma_reddit_100,1.5134096015164848
19.9m-g008-control,paloma_redpajama,1.7924325271190942
19.9m-g008-control,paloma_twitteraae,2.796948668525266
19.9m-g008-control,paloma_wikitext_103,1.4643793513258063
19.9m-g008-ai-r2.13,c4,1.2792876678074625
19.9m-g008-ai-r2.13,cosmopedia,0.8591264006476448
19.9m-g008-ai-r2.13,fw22,1.270318672541536
19.9m-g008-ai-r2.13,fw26,1.1245958471166473
19.9m-g008-ai-r2.13,fw26_ai,0.8454665015297003
19.9m-g008-ai-r2.13,fw26_human,1.2006085366697068
19.9m-g008-ai-r2.13,paloma,1.7216685836467627
19.9m-g008-ai-r2.13,paloma_4chan,1.6887711534817647
19.9m-g008-ai-r2.13,paloma_c4,1.300644539885277
19.9m-g008-ai-r2.13,paloma_c4_100_domains,1.316539059696726
19.9m-g008-ai-r2.13,paloma_dolma,1.6327590899009587
19.9m-g008-ai-r2.13,paloma_falcon_refinedweb,1.4065419732672568
19.9m-g008-ai-r2.13,paloma_gab,2.3533401763156916
19.9m-g008-ai-r2.13,paloma_m2d2_s2orc,1.485460456231243
19.9m-g008-ai-r2.13,paloma_m2d2_wikipedia,1.4147773584328611
19.9m-g008-ai-r2.13,paloma_manosphere,1.6947256306300933
19.9m-g008-ai-r2.13,paloma_mc4_en,1.425398935124362
19.9m-g008-ai-r2.13,paloma_programming,2.4809599976407206
19.9m-g008-ai-r2.13,paloma_ptb,1.612661688815532
19.9m-g008-ai-r2.13,paloma_reddit_100,1.5253525119558788
19.9m-g008-ai-r2.13,paloma_redpajama,1.839276419327723
19.9m-g008-ai-r2.13,paloma_twitteraae,2.8698767185978946
19.9m-g008-ai-r2.13,paloma_wikitext_103,1.4996116290442216
19.9m-g008-ai-r4.32,c4,1.290393421571834
19.9m-g008-ai-r4.32,cosmopedia,0.8513087075120404
19.9m-g008-ai-r4.32,fw22,1.2807725961001948
19.9m-g008-ai-r4.32,fw26,1.1294876273666157
19.9m-g008-ai-r4.32,fw26_ai,0.8305817411999492
19.9m-g008-ai-r4.32,fw26_human,1.2108576050215478
19.9m-g008-ai-r4.32,paloma,1.7423548012621408
19.9m-g008-ai-r4.32,paloma_4chan,1.7209856987638756
19.9m-g008-ai-r4.32,paloma_c4,1.3116939787057442
19.9m-g008-ai-r4.32,paloma_c4_100_domains,1.3303355756449469
19.9m-g008-ai-r4.32,paloma_dolma,1.6458828527130198
19.9m-g008-ai-r4.32,paloma_falcon_refinedweb,1.4197267457709508
19.9m-g008-ai-r4.32,paloma_gab,2.3850891556720817
19.9m-g008-ai-r4.32,paloma_m2d2_s2orc,1.5036740436182061
19.9m-g008-ai-r4.32,paloma_m2d2_wikipedia,1.4369212929757744
19.9m-g008-ai-r4.32,paloma_manosphere,1.715250357349861
19.9m-g008-ai-r4.32,paloma_mc4_en,1.4385390428566946
19.9m-g008-ai-r4.32,paloma_programming,2.492449987631251
19.9m-g008-ai-r4.32,paloma_ptb,1.6415064573558755
19.9m-g008-ai-r4.32,paloma_reddit_100,1.5440431723776413
19.9m-g008-ai-r4.32,paloma_redpajama,1.8503145790532376
19.9m-g008-ai-r4.32,paloma_twitteraae,2.915358559543761
19.9m-g008-ai-r4.32,paloma_wikitext_103,1.5259053201613284
19.9m-g008-ai-r17.5,c4,1.3119849701733788
19.9m-g008-ai-r17.5,cosmopedia,0.842338004950159
19.9m-g008-ai-r17.5,fw22,1.3013078109474832
19.9m-g008-ai-r17.5,fw26,1.1415289704769727
19.9m-g008-ai-r17.5,fw26_ai,0.8134276219302278
19.9m-g008-ai-r17.5,fw26_human,1.2307569682332589
19.9m-g008-ai-r17.5,paloma,1.7929057352713225
19.9m-g008-ai-r17.5,paloma_4chan,1.7745286096274322
19.9m-g008-ai-r17.5,paloma_c4,1.3337867630757498
19.9m-g008-ai-r17.5,paloma_c4_100_domains,1.3565273717450257
19.9m-g008-ai-r17.5,paloma_dolma,1.6926469165872493
19.9m-g008-ai-r17.5,paloma_falcon_refinedweb,1.4450854824079116
19.9m-g008-ai-r17.5,paloma_gab,2.455486037294489
19.9m-g008-ai-r17.5,paloma_m2d2_s2orc,1.531158527467053
19.9m-g008-ai-r17.5,paloma_m2d2_wikipedia,1.4646502085958353
19.9m-g008-ai-r17.5,paloma_manosphere,1.7757852600814323
19.9m-g008-ai-r17.5,paloma_mc4_en,1.4682350017421868
19.9m-g008-ai-r17.5,paloma_programming,2.6249344887320496
19.9m-g008-ai-r17.5,paloma_ptb,1.6999367373896028
19.9m-g008-ai-r17.5,paloma_reddit_100,1.5859456754533958
19.9m-g008-ai-r17.5,paloma_redpajama,1.9142165768897452
19.9m-g008-ai-r17.5,paloma_twitteraae,2.999043030783799
19.9m-g008-ai-r17.5,paloma_wikitext_103,1.5645250764682044
19.9m-g009-control,c4,1.276838882754427
19.9m-g009-control,cosmopedia,1.0107385665861455
19.9m-g009-control,fw22,1.2703854397727745
19.9m-g009-control,fw26,1.1605644905660224
19.9m-g009-control,fw26_ai,1.0058717349883353
19.9m-g009-control,fw26_human,1.2028963518826838
19.9m-g009-control,paloma,1.689605272604317
19.9m-g009-control,paloma_4chan,1.665741713326054
19.9m-g009-control,paloma_c4,1.2949025995466938
19.9m-g009-control,paloma_c4_100_domains,1.3041489452878705
19.9m-g009-control,paloma_dolma,1.597840005657656
19.9m-g009-control,paloma_falcon_refinedweb,1.3987424038180345
19.9m-g009-control,paloma_gab,2.29378892998433
19.9m-g009-control,paloma_m2d2_s2orc,1.4741192373981118
19.9m-g009-control,paloma_m2d2_wikipedia,1.4117350507563882
19.9m-g009-control,paloma_manosphere,1.6707545586727357
19.9m-g009-control,paloma_mc4_en,1.4126315201161264
19.9m-g009-control,paloma_programming,2.3518315104096255
19.9m-g009-control,paloma_ptb,1.584697613293651
19.9m-g009-control,paloma_reddit_100,1.510298174202679
19.9m-g009-control,paloma_redpajama,1.7926166308923313
19.9m-g009-control,paloma_twitteraae,2.793930959108568
19.9m-g009-control,paloma_wikitext_103,1.4759045091982144
19.9m-g009-ai-r2.13,c4,1.281633855926208
19.9m-g009-ai-r2.13,cosmopedia,0.8685935694223932
19.9m-g009-ai-r2.13,fw22,1.2723685283330923
19.9m-g009-ai-r2.13,fw26,1.126322667087108
19.9m-g009-ai-r2.13,fw26_ai,0.8471980728404946
19.9m-g009-ai-r2.13,fw26_human,1.2023590192442877
19.9m-g009-ai-r2.13,paloma,1.7243108684284354
19.9m-g009-ai-r2.13,paloma_4chan,1.7027829745690528
19.9m-g009-ai-r2.13,paloma_c4,1.3037694927196355
19.9m-g009-ai-r2.13,paloma_c4_100_domains,1.3189984591059958
19.9m-g009-ai-r2.13,paloma_dolma,1.6260542134568203
19.9m-g009-ai-r2.13,paloma_falcon_refinedweb,1.4107866681244652
19.9m-g009-ai-r2.13,paloma_gab,2.3636992028326715
19.9m-g009-ai-r2.13,paloma_m2d2_s2orc,1.4955286032825001
19.9m-g009-ai-r2.13,paloma_m2d2_wikipedia,1.4313605191525132
19.9m-g009-ai-r2.13,paloma_manosphere,1.7073220262760043
19.9m-g009-ai-r2.13,paloma_mc4_en,1.4253741172886443
19.9m-g009-ai-r2.13,paloma_programming,2.4323144882307566
19.9m-g009-ai-r2.13,paloma_ptb,1.6273114919420142
19.9m-g009-ai-r2.13,paloma_reddit_100,1.539499985908111
19.9m-g009-ai-r2.13,paloma_redpajama,1.8250216708006202
19.9m-g009-ai-r2.13,paloma_twitteraae,2.87343211492883
19.9m-g009-ai-r2.13,paloma_wikitext_103,1.5057178662363315
19.9m-g009-ai-r4.32,c4,1.2904856705307128
19.9m-g009-ai-r4.32,cosmopedia,0.8561653986897623
19.9m-g009-ai-r4.32,fw22,1.2808081232950126
19.9m-g009-ai-r4.32,fw26,1.1295440071860665
19.9m-g009-ai-r4.32,fw26_ai,0.8313553691319219
19.9m-g009-ai-r4.32,fw26_human,1.2106894006189683
19.9m-g009-ai-r4.32,paloma,1.7365927454396495
19.9m-g009-ai-r4.32,paloma_4chan,1.7100952141111407
19.9m-g009-ai-r4.32,paloma_c4,1.311841401489374
19.9m-g009-ai-r4.32,paloma_c4_100_domains,1.330080471848098
19.9m-g009-ai-r4.32,paloma_dolma,1.6330968883739772
19.9m-g009-ai-r4.32,paloma_falcon_refinedweb,1.4211189547344603
19.9m-g009-ai-r4.32,paloma_gab,2.3954446580522974
19.9m-g009-ai-r4.32,paloma_m2d2_s2orc,1.5057221329827148
19.9m-g009-ai-r4.32,paloma_m2d2_wikipedia,1.4403175772961905
19.9m-g009-ai-r4.32,paloma_manosphere,1.723878612853292
19.9m-g009-ai-r4.32,paloma_mc4_en,1.4347272817980037
19.9m-g009-ai-r4.32,paloma_programming,2.430960258805672
19.9m-g009-ai-r4.32,paloma_ptb,1.6444117462845058
19.9m-g009-ai-r4.32,paloma_reddit_100,1.5500165548542066
19.9m-g009-ai-r4.32,paloma_redpajama,1.8315758838542744
19.9m-g009-ai-r4.32,paloma_twitteraae,2.910475117846011
19.9m-g009-ai-r4.32,paloma_wikitext_103,1.5117211718501746
19.9m-g009-ai-r17.5,c4,1.3110343593068479
19.9m-g009-ai-r17.5,cosmopedia,0.8417444129439319
19.9m-g009-ai-r17.5,fw22,1.3008329637130143
19.9m-g009-ai-r17.5,fw26,1.1411201535391142
19.9m-g009-ai-r17.5,fw26_ai,0.8133856559300449
19.9m-g009-ai-r17.5,fw26_human,1.2302812719828833
19.9m-g009-ai-r17.5,paloma,1.781614447636593
19.9m-g009-ai-r17.5,paloma_4chan,1.7758698720745403
19.9m-g009-ai-r17.5,paloma_c4,1.334429476587248
19.9m-g009-ai-r17.5,paloma_c4_100_domains,1.3567396471384416
19.9m-g009-ai-r17.5,paloma_dolma,1.677589893840229
19.9m-g009-ai-r17.5,paloma_falcon_refinedweb,1.4463930774284217
19.9m-g009-ai-r17.5,paloma_gab,2.4568884257747223
19.9m-g009-ai-r17.5,paloma_m2d2_s2orc,1.535739442450091
19.9m-g009-ai-r17.5,paloma_m2d2_wikipedia,1.4708859207767744
19.9m-g009-ai-r17.5,paloma_manosphere,1.7628852390850784
19.9m-g009-ai-r17.5,paloma_mc4_en,1.4663640019833224
19.9m-g009-ai-r17.5,paloma_programming,2.5037059387566747
19.9m-g009-ai-r17.5,paloma_ptb,1.6878053447121477
19.9m-g009-ai-r17.5,paloma_reddit_100,1.5801637116454361
19.9m-g009-ai-r17.5,paloma_redpajama,1.8871627243733846
19.9m-g009-ai-r17.5,paloma_twitteraae,3.0077779847259096
19.9m-g009-ai-r17.5,paloma_wikitext_103,1.5554304608330642
19.9m-g010-control,c4,1.2529535026800105
19.9m-g010-control,cosmopedia,0.987779697839404
19.9m-g010-control,fw22,1.245540597107056
19.9m-g010-control,fw26,1.1349794029255313
19.9m-g010-control,fw26_ai,0.978143358704535
19.9m-g010-control,fw26_human,1.1778775729698994
19.9m-g010-control,paloma,1.6655045980749041
19.9m-g010-control,paloma_4chan,1.677211648182863
19.9m-g010-control,paloma_c4,1.2703277186345698
19.9m-g010-control,paloma_c4_100_domains,1.2784445772027833
19.9m-g010-control,paloma_dolma,1.5758169814614256
19.9m-g010-control,paloma_falcon_refinedweb,1.3731856726358216
19.9m-g010-control,paloma_gab,2.261358275076405
19.9m-g010-control,paloma_m2d2_s2orc,1.4410451090961152
19.9m-g010-control,paloma_m2d2_wikipedia,1.374014349879481
19.9m-g010-control,paloma_manosphere,1.6498727188832574
19.9m-g010-control,paloma_mc4_en,1.389457672731387
19.9m-g010-control,paloma_programming,2.3582938391455928
19.9m-g010-control,paloma_ptb,1.5525838097037923
19.9m-g010-control,paloma_reddit_100,1.4919341277367721
19.9m-g010-control,paloma_redpajama,1.7654175473828386
19.9m-g010-control,paloma_twitteraae,2.759592643182991
19.9m-g010-control,paloma_wikitext_103,1.4295168782623708
19.9m-g010-ai-r0.025,c4,1.2492608628437747
19.9m-g010-ai-r0.025,cosmopedia,0.9624750451750705
19.9m-g010-ai-r0.025,fw22,1.2417832576794712
19.9m-g010-ai-r0.025,fw26,1.1262774813781444
19.9m-g010-ai-r0.025,fw26_ai,0.9524143732596033
19.9m-g010-ai-r0.025,fw26_human,1.173739196622697
19.9m-g010-ai-r0.025,paloma,1.6572687178033056
19.9m-g010-ai-r0.025,paloma_4chan,1.6517525721018302
19.9m-g010-ai-r0.025,paloma_c4,1.2666403337662329
19.9m-g010-ai-r0.025,paloma_c4_100_domains,1.2740326245962752
19.9m-g010-ai-r0.025,paloma_dolma,1.5645239617129263
19.9m-g010-ai-r0.025,paloma_falcon_refinedweb,1.3686976167582918
19.9m-g010-ai-r0.025,paloma_gab,2.2561238735348805
19.9m-g010-ai-r0.025,paloma_m2d2_s2orc,1.4304802227320117
19.9m-g010-ai-r0.025,paloma_m2d2_wikipedia,1.3687535064185627
19.9m-g010-ai-r0.025,paloma_manosphere,1.6496775573806843
19.9m-g010-ai-r0.025,paloma_mc4_en,1.3807712192812958
19.9m-g010-ai-r0.025,paloma_programming,2.33198327762195
19.9m-g010-ai-r0.025,paloma_ptb,1.548259722010593
19.9m-g010-ai-r0.025,paloma_reddit_100,1.4886314881197589
19.9m-g010-ai-r0.025,paloma_redpajama,1.7519504470536442
19.9m-g010-ai-r0.025,paloma_twitteraae,2.761504300712012
19.9m-g010-ai-r0.025,paloma_wikitext_103,1.4225167610519391
19.9m-g010-ai-r0.05,c4,1.248569204110967
19.9m-g010-ai-r0.05,cosmopedia,0.9487056226695298
19.9m-g010-ai-r0.05,fw22,1.2408628057138107
19.9m-g010-ai-r0.05,fw26,1.1223832380300203
19.9m-g010-ai-r0.05,fw26_ai,0.9384154973188653
19.9m-g010-ai-r0.05,fw26_human,1.1725569301830572
19.9m-g010-ai-r0.05,paloma,1.6578400568661986
19.9m-g010-ai-r0.05,paloma_4chan,1.6536541205180666
19.9m-g010-ai-r0.05,paloma_c4,1.2662245679563304
19.9m-g010-ai-r0.05,paloma_c4_100_domains,1.2735894539804429
19.9m-g010-ai-r0.05,paloma_dolma,1.5663423254630109
19.9m-g010-ai-r0.05,paloma_falcon_refinedweb,1.3681624753586212
19.9m-g010-ai-r0.05,paloma_gab,2.2574250183256286
19.9m-g010-ai-r0.05,paloma_m2d2_s2orc,1.4318876510412164
19.9m-g010-ai-r0.05,paloma_m2d2_wikipedia,1.369932618231556
19.9m-g010-ai-r0.05,paloma_manosphere,1.6499735039896186
19.9m-g010-ai-r0.05,paloma_mc4_en,1.3789348371264498
19.9m-g010-ai-r0.05,paloma_programming,2.3311002203955935
19.9m-g010-ai-r0.05,paloma_ptb,1.5460244538877206
19.9m-g010-ai-r0.05,paloma_reddit_100,1.4874145734387403
19.9m-g010-ai-r0.05,paloma_redpajama,1.7540618587484669
19.9m-g010-ai-r0.05,paloma_twitteraae,2.7665824070370215
19.9m-g010-ai-r0.05,paloma_wikitext_103,1.4241308243606954
19.9m-g010-ai-r0.1,c4,1.2505865873103252
19.9m-g010-ai-r0.1,cosmopedia,0.9369655109158602
19.9m-g010-ai-r0.1,fw22,1.2426424734763806
19.9m-g010-ai-r0.1,fw26,1.1203918435677476
19.9m-g010-ai-r0.1,fw26_ai,0.9243301208654375
19.9m-g010-ai-r0.1,fw26_human,1.1738729812410063
19.9m-g010-ai-r0.1,paloma,1.6613961852958534
19.9m-g010-ai-r0.1,paloma_4chan,1.652139780404202
19.9m-g010-ai-r0.1,paloma_c4,1.2677590639238752
19.9m-g010-ai-r0.1,paloma_c4_100_domains,1.2767169889669063
19.9m-g010-ai-r0.1,paloma_dolma,1.5682829872771442
19.9m-g010-ai-r0.1,paloma_falcon_refinedweb,1.370281087200807
19.9m-g010-ai-r0.1,paloma_gab,2.260777731574
19.9m-g010-ai-r0.1,paloma_m2d2_s2orc,1.4327127835567717
19.9m-g010-ai-r0.1,paloma_m2d2_wikipedia,1.3691565448772878
19.9m-g010-ai-r0.1,paloma_manosphere,1.6467358931553047
19.9m-g010-ai-r0.1,paloma_mc4_en,1.3860240287953431
19.9m-g010-ai-r0.1,paloma_programming,2.35094835957169
19.9m-g010-ai-r0.1,paloma_ptb,1.5541566268421325
19.9m-g010-ai-r0.1,paloma_reddit_100,1.4853951078601704
19.9m-g010-ai-r0.1,paloma_redpajama,1.7640665719388429
19.9m-g010-ai-r0.1,paloma_twitteraae,2.769297842590341
19.9m-g010-ai-r0.1,paloma_wikitext_103,1.427887566198836
19.9m-g010-ai-r0.25,c4,1.2498719273730277
19.9m-g010-ai-r0.25,cosmopedia,0.9006354925770971
19.9m-g010-ai-r0.25,fw22,1.2417634111198286
19.9m-g010-ai-r0.25,fw26,1.112815144622002
19.9m-g010-ai-r0.25,fw26_ai,0.8942427440628397
19.9m-g010-ai-r0.25,fw26_human,1.1723745286363199
19.9m-g010-ai-r0.25,paloma,1.6723601111153186
19.9m-g010-ai-r0.25,paloma_4chan,1.6492653611093935
19.9m-g010-ai-r0.25,paloma_c4,1.269165863263901
19.9m-g010-ai-r0.25,paloma_c4_100_domains,1.2786755474441538
19.9m-g010-ai-r0.25,paloma_dolma,1.584049912181041
19.9m-g010-ai-r0.25,paloma_falcon_refinedweb,1.37388954789798
19.9m-g010-ai-r0.25,paloma_gab,2.2740076695373217
19.9m-g010-ai-r0.25,paloma_m2d2_s2orc,1.4462223302779564
19.9m-g010-ai-r0.25,paloma_m2d2_wikipedia,1.3841337762186907
19.9m-g010-ai-r0.25,paloma_manosphere,1.6500881797623241
19.9m-g010-ai-r0.25,paloma_mc4_en,1.3874803663648516
19.9m-g010-ai-r0.25,paloma_programming,2.3970172328132677
19.9m-g010-ai-r0.25,paloma_ptb,1.5659923031142273
19.9m-g010-ai-r0.25,paloma_reddit_100,1.4891433556449047
19.9m-g010-ai-r0.25,paloma_redpajama,1.7862497156551729
19.9m-g010-ai-r0.25,paloma_twitteraae,2.781886129930194
19.9m-g010-ai-r0.25,paloma_wikitext_103,1.4404944866297154
19.9m-g010-ai-r0.5,c4,1.253209031363361
19.9m-g010-ai-r0.5,cosmopedia,0.8840574578624016
19.9m-g010-ai-r0.5,fw22,1.2448338518214834
19.9m-g010-ai-r0.5,fw26,1.110126325897822
19.9m-g010-ai-r0.5,fw26_ai,0.8724724605311139
19.9m-g010-ai-r0.5,fw26_human,1.1748989134130519
19.9m-g010-ai-r0.5,paloma,1.6745253650018705
19.9m-g010-ai-r0.5,paloma_4chan,1.6636926531705438
19.9m-g010-ai-r0.5,paloma_c4,1.2730700687161058
19.9m-g010-ai-r0.5,paloma_c4_100_domains,1.2835677115975253
19.9m-g010-ai-r0.5,paloma_dolma,1.5779490402707086
19.9m-g010-ai-r0.5,paloma_falcon_refinedweb,1.3781416855238797
19.9m-g010-ai-r0.5,paloma_gab,2.2860281332124814
19.9m-g010-ai-r0.5,paloma_m2d2_s2orc,1.4538951737471077
19.9m-g010-ai-r0.5,paloma_m2d2_wikipedia,1.393292459679044
19.9m-g010-ai-r0.5,paloma_manosphere,1.66160489154798
19.9m-g010-ai-r0.5,paloma_mc4_en,1.3899416563787956
19.9m-g010-ai-r0.5,paloma_programming,2.341599433031215
19.9m-g010-ai-r0.5,paloma_ptb,1.5741621983062573
19.9m-g010-ai-r0.5,paloma_reddit_100,1.4930766479871251
19.9m-g010-ai-r0.5,paloma_redpajama,1.770922113251061
19.9m-g010-ai-r0.5,paloma_twitteraae,2.796154623072362
19.9m-g010-ai-r0.5,paloma_wikitext_103,1.455307350537737
19.9m-g010-ai-r1,c4,1.258974476734857
19.9m-g010-ai-r1,cosmopedia,0.8664113632437137
19.9m-g010-ai-r1,fw22,1.24997687669279
19.9m-g010-ai-r1,fw26,1.10941718278941
19.9m-g010-ai-r1,fw26_ai,0.8511465026993679
19.9m-g010-ai-r1,fw26_human,1.1797631698467776
19.9m-g010-ai-r1,paloma,1.6873003612677318
19.9m-g010-ai-r1,paloma_4chan,1.6668486390762192
19.9m-g010-ai-r1,paloma_c4,1.2794579167908708
19.9m-g010-ai-r1,paloma_c4_100_domains,1.2920544796416031
19.9m-g010-ai-r1,paloma_dolma,1.5887734293491544
19.9m-g010-ai-r1,paloma_falcon_refinedweb,1.3857454991398805
19.9m-g010-ai-r1,paloma_gab,2.3092358946936264
19.9m-g010-ai-r1,paloma_m2d2_s2orc,1.4653793724413247
19.9m-g010-ai-r1,paloma_m2d2_wikipedia,1.4091432027678954
19.9m-g010-ai-r1,paloma_manosphere,1.6787283697887676
19.9m-g010-ai-r1,paloma_mc4_en,1.3982005130815187
19.9m-g010-ai-r1,paloma_programming,2.3637724091782477
19.9m-g010-ai-r1,paloma_ptb,1.5892014877650928
19.9m-g010-ai-r1,paloma_reddit_100,1.505028124443256
19.9m-g010-ai-r1,paloma_redpajama,1.783411464802249
19.9m-g010-ai-r1,paloma_twitteraae,2.816332596041897
19.9m-g010-ai-r1,paloma_wikitext_103,1.4654923812821061
19.9m-g010-ai-r2,c4,1.2702223502486338
19.9m-g010-ai-r2,cosmopedia,0.8515175483838853
19.9m-g010-ai-r2,fw22,1.2605911643165157
19.9m-g010-ai-r2,fw26,1.114278323136607
19.9m-g010-ai-r2,fw26_ai,0.8352694627190633
19.9m-g010-ai-r2,fw26_human,1.1902725281306197
19.9m-g010-ai-r2,paloma,1.7129895303368627
19.9m-g010-ai-r2,paloma_4chan,1.6965983995982772
19.9m-g010-ai-r2,paloma_c4,1.2922842070365357
19.9m-g010-ai-r2,paloma_c4_100_domains,1.306284072039966
19.9m-g010-ai-r2,paloma_dolma,1.6129950063586973
19.9m-g010-ai-r2,paloma_falcon_refinedweb,1.4007349775610012
19.9m-g010-ai-r2,paloma_gab,2.342748920698199
19.9m-g010-ai-r2,paloma_m2d2_s2orc,1.4927183611843045
19.9m-g010-ai-r2,paloma_m2d2_wikipedia,1.428706553533644
19.9m-g010-ai-r2,paloma_manosphere,1.7015473680801025
19.9m-g010-ai-r2,paloma_mc4_en,1.4133627049669264
19.9m-g010-ai-r2,paloma_programming,2.4129823867663296
19.9m-g010-ai-r2,paloma_ptb,1.6212036611607457
19.9m-g010-ai-r2,paloma_reddit_100,1.522497108679749
19.9m-g010-ai-r2,paloma_redpajama,1.8107259153526003
19.9m-g010-ai-r2,paloma_twitteraae,2.861038132886593
19.9m-g010-ai-r2,paloma_wikitext_103,1.4914047094861327
19.9m-g010-ai-r4,c4,1.282341003209256
19.9m-g010-ai-r4,cosmopedia,0.8503350206314646
19.9m-g010-ai-r4,fw22,1.2724057091461494
19.9m-g010-ai-r4,fw26,1.1211580612437764
19.9m-g010-ai-r4,fw26_ai,0.8232095602224637
19.9m-g010-ai-r4,fw26_human,1.2022657719516807
19.9m-g010-ai-r4,paloma,1.7371765765538898
19.9m-g010-ai-r4,paloma_4chan,1.745394884406886
19.9m-g010-ai-r4,paloma_c4,1.3045765947948986
19.9m-g010-ai-r4,paloma_c4_100_domains,1.3216921782549875
19.9m-g010-ai-r4,paloma_dolma,1.6350961421945662
19.9m-g010-ai-r4,paloma_falcon_refinedweb,1.4136956611767435
19.9m-g010-ai-r4,paloma_gab,2.372546707013607
19.9m-g010-ai-r4,paloma_m2d2_s2orc,1.5027953582137374
19.9m-g010-ai-r4,paloma_m2d2_wikipedia,1.4402399319266719
19.9m-g010-ai-r4,paloma_manosphere,1.728707626128814
19.9m-g010-ai-r4,paloma_mc4_en,1.4274192743599599
19.9m-g010-ai-r4,paloma_programming,2.4631449062700828
19.9m-g010-ai-r4,paloma_ptb,1.6420939149532152
19.9m-g010-ai-r4,paloma_reddit_100,1.5434540184876762
19.9m-g010-ai-r4,paloma_redpajama,1.8432540053731639
19.9m-g010-ai-r4,paloma_twitteraae,2.899734440608432
19.9m-g010-ai-r4,paloma_wikitext_103,1.5109795806987965
19.9m-g010-ai-r8,c4,1.2952829915243222
19.9m-g010-ai-r8,cosmopedia,0.849255229259715
19.9m-g010-ai-r8,fw22,1.2850663353641194
19.9m-g010-ai-r8,fw26,1.1292955751446874
19.9m-g010-ai-r8,fw26_ai,0.8148488690732871
19.9m-g010-ai-r8,fw26_human,1.2148016061980584
19.9m-g010-ai-r8,paloma,1.7653913944738595
19.9m-g010-ai-r8,paloma_4chan,1.777021863528791
19.9m-g010-ai-r8,paloma_c4,1.3184053736036045
19.9m-g010-ai-r8,paloma_c4_100_domains,1.3383071030786198
19.9m-g010-ai-r8,paloma_dolma,1.663504783711648
19.9m-g010-ai-r8,paloma_falcon_refinedweb,1.428403942009306
19.9m-g010-ai-r8,paloma_gab,2.415803956820615
19.9m-g010-ai-r8,paloma_m2d2_s2orc,1.5129505271931833
19.9m-g010-ai-r8,paloma_m2d2_wikipedia,1.4553533439145023
19.9m-g010-ai-r8,paloma_manosphere,1.7638566867876833
19.9m-g010-ai-r8,paloma_mc4_en,1.4482156501190844
19.9m-g010-ai-r8,paloma_programming,2.523281903210035
19.9m-g010-ai-r8,paloma_ptb,1.672023973132643
19.9m-g010-ai-r8,paloma_reddit_100,1.5629492666887534
19.9m-g010-ai-r8,paloma_redpajama,1.8741490126202807
19.9m-g010-ai-r8,paloma_twitteraae,2.9440314423667324
19.9m-g010-ai-r8,paloma_wikitext_103,1.548003482796271
19.9m-g010-ai-r16,c4,1.305686018208267
19.9m-g010-ai-r16,cosmopedia,0.8404735374509894
19.9m-g010-ai-r16,fw22,1.2955974051603463
19.9m-g010-ai-r16,fw26,1.1358248342710986
19.9m-g010-ai-r16,fw26_ai,0.8084950129600551
19.9m-g010-ai-r16,fw26_human,1.2248533524313077
19.9m-g010-ai-r16,paloma,1.7799440183225874
19.9m-g010-ai-r16,paloma_4chan,1.7868982444909876
19.9m-g010-ai-r16,paloma_c4,1.3293162426668983
19.9m-g010-ai-r16,paloma_c4_100_domains,1.3510888940398553
19.9m-g010-ai-r16,paloma_dolma,1.6749885934167477
19.9m-g010-ai-r16,paloma_falcon_refinedweb,1.441216472972984
19.9m-g010-ai-r16,paloma_gab,2.4513979923773452
19.9m-g010-ai-r16,paloma_m2d2_s2orc,1.5300398212360813
19.9m-g010-ai-r16,paloma_m2d2_wikipedia,1.4721290771859554
19.9m-g010-ai-r16,paloma_manosphere,1.7825481159244343
19.9m-g010-ai-r16,paloma_mc4_en,1.4574458879199397
19.9m-g010-ai-r16,paloma_programming,2.5052115521213496
19.9m-g010-ai-r16,paloma_ptb,1.6797452753621507
19.9m-g010-ai-r16,paloma_reddit_100,1.5805013206143823
19.9m-g010-ai-r16,paloma_redpajama,1.8856362277314724
19.9m-g010-ai-r16,paloma_twitteraae,2.994188012459288
19.9m-g010-ai-r16,paloma_wikitext_103,1.556752562641529
19.9m-g010-ai-r32,c4,1.3153584121918525
19.9m-g010-ai-r32,cosmopedia,0.8400629775050941
19.9m-g010-ai-r32,fw22,1.3046049708757137
19.9m-g010-ai-r32,fw26,1.1420025479241598
19.9m-g010-ai-r32,fw26_ai,0.8041967746647822
19.9m-g010-ai-r32,fw26_human,1.233843587681543
19.9m-g010-ai-r32,paloma,1.8026825416931662
19.9m-g010-ai-r32,paloma_4chan,1.8434183316303399
19.9m-g010-ai-r32,paloma_c4,1.33938420418467
19.9m-g010-ai-r32,paloma_c4_100_domains,1.363046808361946
19.9m-g010-ai-r32,paloma_dolma,1.6899504332339343
19.9m-g010-ai-r32,paloma_falcon_refinedweb,1.4526913441714087
19.9m-g010-ai-r32,paloma_gab,2.4826711420840053
19.9m-g010-ai-r32,paloma_m2d2_s2orc,1.545323512206418
19.9m-g010-ai-r32,paloma_m2d2_wikipedia,1.4817121120903445
19.9m-g010-ai-r32,paloma_manosphere,1.8050441880580217
19.9m-g010-ai-r32,paloma_mc4_en,1.4707690926575705
19.9m-g010-ai-r32,paloma_programming,2.5473211561036804
19.9m-g010-ai-r32,paloma_ptb,1.6995442625989627
19.9m-g010-ai-r32,paloma_reddit_100,1.602259532014099
19.9m-g010-ai-r32,paloma_redpajama,1.9141609646379982
19.9m-g010-ai-r32,paloma_twitteraae,3.0275503654617477
19.9m-g010-ai-r32,paloma_wikitext_103,1.578073217595515
19.9m-g010-human-r0.025,c4,1.2482817857722033
19.9m-g010-human-r0.025,cosmopedia,0.9907431019329936
19.9m-g010-human-r0.025,fw22,1.2411971657513379
19.9m-g010-human-r0.025,fw26,1.1305591112362814
19.9m-g010-human-r0.025,fw26_ai,0.9732126988112862
19.9m-g010-human-r0.025,fw26_human,1.173581169464637
19.9m-g010-human-r0.025,paloma,1.662218018076468
19.9m-g010-human-r0.025,paloma_4chan,1.6670806969330874
19.9m-g010-human-r0.025,paloma_c4,1.265815569224574
19.9m-g010-human-r0.025,paloma_c4_100_domains,1.2729584599287078
19.9m-g010-human-r0.025,paloma_dolma,1.571363211722599
19.9m-g010-human-r0.025,paloma_falcon_refinedweb,1.3680984569083559
19.9m-g010-human-r0.025,paloma_gab,2.257994609835255
19.9m-g010-human-r0.025,paloma_m2d2_s2orc,1.4294442975582133
19.9m-g010-human-r0.025,paloma_m2d2_wikipedia,1.370321496414756
19.9m-g010-human-r0.025,paloma_manosphere,1.6583486143149684
19.9m-g010-human-r0.025,paloma_mc4_en,1.3827794764138515
19.9m-g010-human-r0.025,paloma_programming,2.358726189550544
19.9m-g010-human-r0.025,paloma_ptb,1.5445433203941732
19.9m-g010-human-r0.025,paloma_reddit_100,1.4922182308259122
19.9m-g010-human-r0.025,paloma_redpajama,1.7676612479293037
19.9m-g010-human-r0.025,paloma_twitteraae,2.7626030161006803
19.9m-g010-human-r0.025,paloma_wikitext_103,1.4255313951685071
19.9m-g010-human-r0.05,c4,1.2472557118869125
19.9m-g010-human-r0.05,cosmopedia,0.9821970738009618
19.9m-g010-human-r0.05,fw22,1.2400573772657166
19.9m-g010-human-r0.05,fw26,1.1293025804575585
19.9m-g010-human-r0.05,fw26_ai,0.9720030492046128
19.9m-g010-human-r0.05,fw26_human,1.1722773497579788
19.9m-g010-human-r0.05,paloma,1.6565052642678242
19.9m-g010-human-r0.05,paloma_4chan,1.6464987648653338
19.9m-g010-human-r0.05,paloma_c4,1.2647531391964921
19.9m-g010-human-r0.05,paloma_c4_100_domains,1.2718858751784152
19.9m-g010-human-r0.05,paloma_dolma,1.5655790993983638
19.9m-g010-human-r0.05,paloma_falcon_refinedweb,1.3665872654674225
19.9m-g010-human-r0.05,paloma_gab,2.2580404658476443
19.9m-g010-human-r0.05,paloma_m2d2_s2orc,1.4294313364888087
19.9m-g010-human-r0.05,paloma_m2d2_wikipedia,1.3666306460094781
19.9m-g010-human-r0.05,paloma_manosphere,1.6507983941774644
19.9m-g010-human-r0.05,paloma_mc4_en,1.3791968360960145
19.9m-g010-human-r0.05,paloma_programming,2.328384431992149
19.9m-g010-human-r0.05,paloma_ptb,1.5392482938808563
19.9m-g010-human-r0.05,paloma_reddit_100,1.4897171060422374
19.9m-g010-human-r0.05,paloma_redpajama,1.7567994087761656
19.9m-g010-human-r0.05,paloma_twitteraae,2.7663509467403213
19.9m-g010-human-r0.05,paloma_wikitext_103,1.424182218128023
19.9m-g010-human-r2,c4,1.2189922300407543
19.9m-g010-human-r2,cosmopedia,0.9481437616881672
19.9m-g010-human-r2,fw22,1.2105672946739345
19.9m-g010-human-r2,fw26,1.0995921801358426
19.9m-g010-human-r2,fw26_ai,0.9413696445863132
19.9m-g010-human-r2,fw26_human,1.1428482140440717
19.9m-g010-human-r2,paloma,1.6302010827917401
19.9m-g010-human-r2,paloma_4chan,1.6055040762298918
19.9m-g010-human-r2,paloma_c4,1.2389243035959223
19.9m-g010-human-r2,paloma_c4_100_domains,1.2420137775341236
19.9m-g010-human-r2,paloma_dolma,1.5362261733688733
19.9m-g010-human-r2,paloma_falcon_refinedweb,1.3419085803965556
19.9m-g010-human-r2,paloma_gab,2.20726305950197
19.9m-g010-human-r2,paloma_m2d2_s2orc,1.4195577005987687
19.9m-g010-human-r2,paloma_m2d2_wikipedia,1.3528028220971453
19.9m-g010-human-r2,paloma_manosphere,1.6184876452030013
19.9m-g010-human-r2,paloma_mc4_en,1.351965592804892
19.9m-g010-human-r2,paloma_programming,2.31091361491131
19.9m-g010-human-r2,paloma_ptb,1.5480600168759402
19.9m-g010-human-r2,paloma_reddit_100,1.45508518447866
19.9m-g010-human-r2,paloma_redpajama,1.7233495372159489
19.9m-g010-human-r2,paloma_twitteraae,2.73022371206985
19.9m-g010-human-r2,paloma_wikitext_103,1.4009315277849892
19.9m-g010-human-r4,c4,1.2113363688323289
19.9m-g010-human-r4,cosmopedia,0.9410853539704029
19.9m-g010-human-r4,fw22,1.20250397496741
19.9m-g010-human-r4,fw26,1.0913430800473456
19.9m-g010-human-r4,fw26_ai,0.9326836750415367
19.9m-g010-human-r4,fw26_human,1.1346983532543629
19.9m-g010-human-r4,paloma,1.6253148897992815
19.9m-g010-human-r4,paloma_4chan,1.5887251606631851
19.9m-g010-human-r4,paloma_c4,1.2316476502878844
19.9m-g010-human-r4,paloma_c4_100_domains,1.2339842975765525
19.9m-g010-human-r4,paloma_dolma,1.5363581515732667
19.9m-g010-human-r4,paloma_falcon_refinedweb,1.3350931533616959
19.9m-g010-human-r4,paloma_gab,2.19679442687359
19.9m-g010-human-r4,paloma_m2d2_s2orc,1.417088229777627
19.9m-g010-human-r4,paloma_m2d2_wikipedia,1.3496657826221254
19.9m-g010-human-r4,paloma_manosphere,1.6150349510613882
19.9m-g010-human-r4,paloma_mc4_en,1.347019726312039
19.9m-g010-human-r4,paloma_programming,2.326281354566059
19.9m-g010-human-r4,paloma_ptb,1.5416628835974262
19.9m-g010-human-r4,paloma_reddit_100,1.4517847586247756
19.9m-g010-human-r4,paloma_redpajama,1.7251474038228218
19.9m-g010-human-r4,paloma_twitteraae,2.724929490459666
19.9m-g010-human-r4,paloma_wikitext_103,1.3838208156084015
19.9m-g011-control,c4,1.2418784820317028
19.9m-g011-control,cosmopedia,0.9726149497401565
19.9m-g011-control,fw22,1.2344146269210965
19.9m-g011-control,fw26,1.1234357758928306
19.9m-g011-control,fw26_ai,0.9655950727911351
19.9m-g011-control,fw26_human,1.1665099463359911
19.9m-g011-control,paloma,1.6503434482731798
19.9m-g011-control,paloma_4chan,1.6217621605168706
19.9m-g011-control,paloma_c4,1.2604141881779811
19.9m-g011-control,paloma_c4_100_domains,1.2661670597759582
19.9m-g011-control,paloma_dolma,1.5634766924476093
19.9m-g011-control,paloma_falcon_refinedweb,1.362211435250711
19.9m-g011-control,paloma_gab,2.244253303182118
19.9m-g011-control,paloma_m2d2_s2orc,1.4282099741199297
19.9m-g011-control,paloma_m2d2_wikipedia,1.3661158565401792
19.9m-g011-control,paloma_manosphere,1.6287574380040168
19.9m-g011-control,paloma_mc4_en,1.3727649369154453
19.9m-g011-control,paloma_programming,2.34451141340338
19.9m-g011-control,paloma_ptb,1.5353899686888255
19.9m-g011-control,paloma_reddit_100,1.4771363508940438
19.9m-g011-control,paloma_redpajama,1.7556794074426574
19.9m-g011-control,paloma_twitteraae,2.751392489229168
19.9m-g011-control,paloma_wikitext_103,1.4272524977819805
19.9m-g011-ai-r0.05,c4,1.2414539810714746
19.9m-g011-ai-r0.05,cosmopedia,0.9378401896103765
19.9m-g011-ai-r0.05,fw22,1.23394146094369
19.9m-g011-ai-r0.05,fw26,1.1151809097040184
19.9m-g011-ai-r0.05,fw26_ai,0.9311160516229766
19.9m-g011-ai-r0.05,fw26_human,1.1653894448992685
19.9m-g011-ai-r0.05,paloma,1.6529946866795124
19.9m-g011-ai-r0.05,paloma_4chan,1.639660958886514
19.9m-g011-ai-r0.05,paloma_c4,1.2604892219785047
19.9m-g011-ai-r0.05,paloma_c4_100_domains,1.2668145025568218
19.9m-g011-ai-r0.05,paloma_dolma,1.5579244731831494
19.9m-g011-ai-r0.05,paloma_falcon_refinedweb,1.3630169703130508
19.9m-g011-ai-r0.05,paloma_gab,2.2407319632567453
19.9m-g011-ai-r0.05,paloma_m2d2_s2orc,1.4322112387214037
19.9m-g011-ai-r0.05,paloma_m2d2_wikipedia,1.3713062925686061
19.9m-g011-ai-r0.05,paloma_manosphere,1.6409964532173702
19.9m-g011-ai-r0.05,paloma_mc4_en,1.3737571671362439
19.9m-g011-ai-r0.05,paloma_programming,2.3311798203371192
19.9m-g011-ai-r0.05,paloma_ptb,1.5518016794227825
19.9m-g011-ai-r0.05,paloma_reddit_100,1.4785635971972801
19.9m-g011-ai-r0.05,paloma_redpajama,1.7597757804065792
19.9m-g011-ai-r0.05,paloma_twitteraae,2.752077674931255
19.9m-g011-ai-r0.05,paloma_wikitext_103,1.4276071927587721
19.9m-g011-ai-r0.1,c4,1.2414437897531527
19.9m-g011-ai-r0.1,cosmopedia,0.9245723725101928
19.9m-g011-ai-r0.1,fw22,1.2336339818604305
19.9m-g011-ai-r0.1,fw26,1.1110365562423854
19.9m-g011-ai-r0.1,fw26_ai,0.9142909692554321
19.9m-g011-ai-r0.1,fw26_human,1.164710931912856
19.9m-g011-ai-r0.1,paloma,1.6538643413511964
19.9m-g011-ai-r0.1,paloma_4chan,1.6436087195287046
19.9m-g011-ai-r0.1,paloma_c4,1.2600165196914113
19.9m-g011-ai-r0.1,paloma_c4_100_domains,1.2671202800878942
19.9m-g011-ai-r0.1,paloma_dolma,1.5613367393548885
19.9m-g011-ai-r0.1,paloma_falcon_refinedweb,1.362848914218404
19.9m-g011-ai-r0.1,paloma_gab,2.245998901367006
19.9m-g011-ai-r0.1,paloma_m2d2_s2orc,1.4320462026963985
19.9m-g011-ai-r0.1,paloma_m2d2_wikipedia,1.3724695463761396
19.9m-g011-ai-r0.1,paloma_manosphere,1.64588741178344
19.9m-g011-ai-r0.1,paloma_mc4_en,1.3731984031668645
19.9m-g011-ai-r0.1,paloma_programming,2.325973033202103
19.9m-g011-ai-r0.1,paloma_ptb,1.5408636965497806
19.9m-g011-ai-r0.1,paloma_reddit_100,1.4827333680405277
19.9m-g011-ai-r0.1,paloma_redpajama,1.7566198063284213
19.9m-g011-ai-r0.1,paloma_twitteraae,2.7578926417564946
19.9m-g011-ai-r0.1,paloma_wikitext_103,1.433215277470664
19.9m-g011-ai-r0.25,c4,1.2465364250097168
19.9m-g011-ai-r0.25,cosmopedia,0.8927412009696516
19.9m-g011-ai-r0.25,fw22,1.2380651154427387
19.9m-g011-ai-r0.25,fw26,1.1089525107681184
19.9m-g011-ai-r0.25,fw26_ai,0.8905422369882288
19.9m-g011-ai-r0.25,fw26_human,1.1684812380496863
19.9m-g011-ai-r0.25,paloma,1.6725813963660794
19.9m-g011-ai-r0.25,paloma_4chan,1.641030563208288
19.9m-g011-ai-r0.25,paloma_c4,1.2685977781672997
19.9m-g011-ai-r0.25,paloma_c4_100_domains,1.276277125067297
19.9m-g011-ai-r0.25,paloma_dolma,1.5804563805906318
19.9m-g011-ai-r0.25,paloma_falcon_refinedweb,1.374844931837334
19.9m-g011-ai-r0.25,paloma_gab,2.246269156552418
19.9m-g011-ai-r0.25,paloma_m2d2_s2orc,1.473194580574415
19.9m-g011-ai-r0.25,paloma_m2d2_wikipedia,1.4056191334965564
19.9m-g011-ai-r0.25,paloma_manosphere,1.6512970772717375
19.9m-g011-ai-r0.25,paloma_mc4_en,1.3899798325753117
19.9m-g011-ai-r0.25,paloma_programming,2.3650731034310364
19.9m-g011-ai-r0.25,paloma_ptb,1.6012932269842453
19.9m-g011-ai-r0.25,paloma_reddit_100,1.4785484081457307
19.9m-g011-ai-r0.25,paloma_redpajama,1.7817964330523939
19.9m-g011-ai-r0.25,paloma_twitteraae,2.7659133359449917
19.9m-g011-ai-r0.25,paloma_wikitext_103,1.461111274957582
19.9m-g011-ai-r0.5,c4,1.2490615440072865
19.9m-g011-ai-r0.5,cosmopedia,0.877778733113068
19.9m-g011-ai-r0.5,fw22,1.2402657455698864
19.9m-g011-ai-r0.5,fw26,1.1054779034358526
19.9m-g011-ai-r0.5,fw26_ai,0.8678629963457221
19.9m-g011-ai-r0.5,fw26_human,1.1702160412991547
19.9m-g011-ai-r0.5,paloma,1.6725706001787373
19.9m-g011-ai-r0.5,paloma_4chan,1.6548581231856123
19.9m-g011-ai-r0.5,paloma_c4,1.2689084987659944
19.9m-g011-ai-r0.5,paloma_c4_100_domains,1.279097718558931
19.9m-g011-ai-r0.5,paloma_dolma,1.5780911687894559
19.9m-g011-ai-r0.5,paloma_falcon_refinedweb,1.373922790697492
19.9m-g011-ai-r0.5,paloma_gab,2.2649305205375385
19.9m-g011-ai-r0.5,paloma_m2d2_s2orc,1.4524068305711524
19.9m-g011-ai-r0.5,paloma_m2d2_wikipedia,1.3909665231967914
19.9m-g011-ai-r0.5,paloma_manosphere,1.6566965975460255
19.9m-g011-ai-r0.5,paloma_mc4_en,1.3859620950494416
19.9m-g011-ai-r0.5,paloma_programming,2.3665722567937673
19.9m-g011-ai-r0.5,paloma_ptb,1.582594344809438
19.9m-g011-ai-r0.5,paloma_reddit_100,1.4880932742250297
19.9m-g011-ai-r0.5,paloma_redpajama,1.7805590142412162
19.9m-g011-ai-r0.5,paloma_twitteraae,2.783002021260595
19.9m-g011-ai-r0.5,paloma_wikitext_103,1.454467824631319
19.9m-g011-ai-r1,c4,1.255137179335673
19.9m-g011-ai-r1,cosmopedia,0.8680840260139427
19.9m-g011-ai-r1,fw22,1.2462218762006325
19.9m-g011-ai-r1,fw26,1.1056571836643483
19.9m-g011-ai-r1,fw26_ai,0.8474938178330375
19.9m-g011-ai-r1,fw26_human,1.175973600830513
19.9m-g011-ai-r1,paloma,1.692742521063105
19.9m-g011-ai-r1,paloma_4chan,1.7112775232320856
19.9m-g011-ai-r1,paloma_c4,1.2763814748963564
19.9m-g011-ai-r1,paloma_c4_100_domains,1.2880167741187476
19.9m-g011-ai-r1,paloma_dolma,1.5962256157149726
19.9m-g011-ai-r1,paloma_falcon_refinedweb,1.3831871910477298
19.9m-g011-ai-r1,paloma_gab,2.2935335464576854
19.9m-g011-ai-r1,paloma_m2d2_s2orc,1.468338003950941
19.9m-g011-ai-r1,paloma_m2d2_wikipedia,1.410826105661328
19.9m-g011-ai-r1,paloma_manosphere,1.6889208605911132
19.9m-g011-ai-r1,paloma_mc4_en,1.3968568485138801
19.9m-g011-ai-r1,paloma_programming,2.3941448624499255
19.9m-g011-ai-r1,paloma_ptb,1.5923565244081752
19.9m-g011-ai-r1,paloma_reddit_100,1.502360288044998
19.9m-g011-ai-r1,paloma_redpajama,1.797589985217525
19.9m-g011-ai-r1,paloma_twitteraae,2.8109697962280666
19.9m-g011-ai-r1,paloma_wikitext_103,1.4728949364761479
19.9m-g012-control,c4,1.2306176200645862
19.9m-g012-control,cosmopedia,0.9632857874582161
19.9m-g012-control,fw22,1.2228946131711693
19.9m-g012-control,fw26,1.1116472855265502
19.9m-g012-control,fw26_ai,0.9538000143382366
19.9m-g012-control,fw26_human,1.1547645817313459
19.9m-g012-control,paloma,1.637514131437654
19.9m-g012-control,paloma_4chan,1.605435376388588
19.9m-g012-control,paloma_c4,1.2497251667285059
19.9m-g012-control,paloma_c4_100_domains,1.254098473198778
19.9m-g012-control,paloma_dolma,1.5449588717014546
19.9m-g012-control,paloma_falcon_refinedweb,1.3519509921120694
19.9m-g012-control,paloma_gab,2.2230850585795383
19.9m-g012-control,paloma_m2d2_s2orc,1.426160220279778
19.9m-g012-control,paloma_m2d2_wikipedia,1.360625462581616
19.9m-g012-control,paloma_manosphere,1.6230622778638635
19.9m-g012-control,paloma_mc4_en,1.3631036159961227
19.9m-g012-control,paloma_programming,2.3177539994582856
19.9m-g012-control,paloma_ptb,1.5470590947974472
19.9m-g012-control,paloma_reddit_100,1.4666850403583063
19.9m-g012-control,paloma_redpajama,1.7317541728644028
19.9m-g012-control,paloma_twitteraae,2.729156283622461
19.9m-g012-control,paloma_wikitext_103,1.4056119964712446
19.9m-g012-ai-r0.05,c4,1.2312013320469875
19.9m-g012-ai-r0.05,cosmopedia,0.9263386427542539
19.9m-g012-ai-r0.05,fw22,1.2228506273971298
19.9m-g012-ai-r0.05,fw26,1.104166096272614
19.9m-g012-ai-r0.05,fw26_ai,0.9200235456280292
19.9m-g012-ai-r0.05,fw26_human,1.154391663212041
19.9m-g012-ai-r0.05,paloma,1.64154491678395
19.9m-g012-ai-r0.05,paloma_4chan,1.6031801302851898
19.9m-g012-ai-r0.05,paloma_c4,1.2509826564230477
19.9m-g012-ai-r0.05,paloma_c4_100_domains,1.255885944458036
19.9m-g012-ai-r0.05,paloma_dolma,1.5555442153876082
19.9m-g012-ai-r0.05,paloma_falcon_refinedweb,1.3528701423916931
19.9m-g012-ai-r0.05,paloma_gab,2.219221085788793
19.9m-g012-ai-r0.05,paloma_m2d2_s2orc,1.4286084580665863
19.9m-g012-ai-r0.05,paloma_m2d2_wikipedia,1.3636740835624417
19.9m-g012-ai-r0.05,paloma_manosphere,1.6246240833080925
19.9m-g012-ai-r0.05,paloma_mc4_en,1.365206018311004
19.9m-g012-ai-r0.05,paloma_programming,2.338464122471201
19.9m-g012-ai-r0.05,paloma_ptb,1.5474191194419753
19.9m-g012-ai-r0.05,paloma_reddit_100,1.467604620142049
19.9m-g012-ai-r0.05,paloma_redpajama,1.7447220379908843
19.9m-g012-ai-r0.05,paloma_twitteraae,2.7340702979584366
19.9m-g012-ai-r0.05,paloma_wikitext_103,1.4126416525561611
19.9m-g012-ai-r0.1,c4,1.2313005418390404
19.9m-g012-ai-r0.1,cosmopedia,0.9125809334760182
19.9m-g012-ai-r0.1,fw22,1.2228411932930743
19.9m-g012-ai-r0.1,fw26,1.1002478713473374
19.9m-g012-ai-r0.1,fw26_ai,0.903318329496366
19.9m-g012-ai-r0.1,fw26_human,1.15393314563297
19.9m-g012-ai-r0.1,paloma,1.646267334743807
19.9m-g012-ai-r0.1,paloma_4chan,1.6461163013070212
19.9m-g012-ai-r0.1,paloma_c4,1.251283312259103
19.9m-g012-ai-r0.1,paloma_c4_100_domains,1.2569511505391098
19.9m-g012-ai-r0.1,paloma_dolma,1.5551825124028547
19.9m-g012-ai-r0.1,paloma_falcon_refinedweb,1.3544802724514948
19.9m-g012-ai-r0.1,paloma_gab,2.229589817472044
19.9m-g012-ai-r0.1,paloma_m2d2_s2orc,1.4316906024679266
19.9m-g012-ai-r0.1,paloma_m2d2_wikipedia,1.3723899268559188
19.9m-g012-ai-r0.1,paloma_manosphere,1.6406719922844255
19.9m-g012-ai-r0.1,paloma_mc4_en,1.366139455290975
19.9m-g012-ai-r0.1,paloma_programming,2.309673189652498
19.9m-g012-ai-r0.1,paloma_ptb,1.550212834562405
19.9m-g012-ai-r0.1,paloma_reddit_100,1.4723641069629605
19.9m-g012-ai-r0.1,paloma_redpajama,1.7417506856116332
19.9m-g012-ai-r0.1,paloma_twitteraae,2.7439606389377076
19.9m-g012-ai-r0.1,paloma_wikitext_103,1.4178205568428373
19.9m-g012-ai-r0.25,c4,1.2348986487468094
19.9m-g012-ai-r0.25,cosmopedia,0.8879868060942192
19.9m-g012-ai-r0.25,fw22,1.2260826467016925
19.9m-g012-ai-r0.25,fw26,1.097142941022969
19.9m-g012-ai-r0.25,fw26_ai,0.8785780098300857
19.9m-g012-ai-r0.25,fw26_human,1.156695524936953
19.9m-g012-ai-r0.25,paloma,1.6544419354046922
19.9m-g012-ai-r0.25,paloma_4chan,1.627236427647846
19.9m-g012-ai-r0.25,paloma_c4,1.2548259836103295
19.9m-g012-ai-r0.25,paloma_c4_100_domains,1.2621331205468482
19.9m-g012-ai-r0.25,paloma_dolma,1.565821296791637
19.9m-g012-ai-r0.25,paloma_falcon_refinedweb,1.3594787537091835
19.9m-g012-ai-r0.25,paloma_gab,2.23966774888646
19.9m-g012-ai-r0.25,paloma_m2d2_s2orc,1.4385680846864581
19.9m-g012-ai-r0.25,paloma_m2d2_wikipedia,1.3778816651125985
19.9m-g012-ai-r0.25,paloma_manosphere,1.6376773778998752
19.9m-g012-ai-r0.25,paloma_mc4_en,1.3682510813348985
19.9m-g012-ai-r0.25,paloma_programming,2.3558545307865972
19.9m-g012-ai-r0.25,paloma_ptb,1.565641920476624
19.9m-g012-ai-r0.25,paloma_reddit_100,1.4720320295308447
19.9m-g012-ai-r0.25,paloma_redpajama,1.758540064145915
19.9m-g012-ai-r0.25,paloma_twitteraae,2.755070467098423
19.9m-g012-ai-r0.25,paloma_wikitext_103,1.4323904142105348
19.9m-g012-ai-r0.5,c4,1.239489883818485
19.9m-g012-ai-r0.5,cosmopedia,0.8721575772179972
19.9m-g012-ai-r0.5,fw22,1.2304655513224192
19.9m-g012-ai-r0.5,fw26,1.0958666956045364
19.9m-g012-ai-r0.5,fw26_ai,0.8588595606727305
19.9m-g012-ai-r0.5,fw26_human,1.160475110999286
19.9m-g012-ai-r0.5,paloma,1.6591876015500693
19.9m-g012-ai-r0.5,paloma_4chan,1.631328037502995
19.9m-g012-ai-r0.5,paloma_c4,1.2599521172782429
19.9m-g012-ai-r0.5,paloma_c4_100_domains,1.2689655684427514
19.9m-g012-ai-r0.5,paloma_dolma,1.5627674784904917
19.9m-g012-ai-r0.5,paloma_falcon_refinedweb,1.3655876193644463
19.9m-g012-ai-r0.5,paloma_gab,2.256407981608052
19.9m-g012-ai-r0.5,paloma_m2d2_s2orc,1.447502117257236
19.9m-g012-ai-r0.5,paloma_m2d2_wikipedia,1.38360064981566
19.9m-g012-ai-r0.5,paloma_manosphere,1.6468022972352023
19.9m-g012-ai-r0.5,paloma_mc4_en,1.377408139288464
19.9m-g012-ai-r0.5,paloma_programming,2.338468578657712
19.9m-g012-ai-r0.5,paloma_ptb,1.5637404434092639
19.9m-g012-ai-r0.5,paloma_reddit_100,1.4786933087435543
19.9m-g012-ai-r0.5,paloma_redpajama,1.754134037970539
19.9m-g012-ai-r0.5,paloma_twitteraae,2.778549237118983
19.9m-g012-ai-r0.5,paloma_wikitext_103,1.4330940126175147
19.9m-g012-ai-r1,c4,1.2471293821078815
19.9m-g012-ai-r1,cosmopedia,0.8658925481913907
19.9m-g012-ai-r1,fw22,1.2377494067427828
19.9m-g012-ai-r1,fw26,1.0975355673499563
19.9m-g012-ai-r1,fw26_ai,0.8398791982191552
19.9m-g012-ai-r1,fw26_human,1.1676999980816012
19.9m-g012-ai-r1,paloma,1.681201223156906
19.9m-g012-ai-r1,paloma_4chan,1.6799617162361151
19.9m-g012-ai-r1,paloma_c4,1.2684293902691917
19.9m-g012-ai-r1,paloma_c4_100_domains,1.2787381961781803
19.9m-g012-ai-r1,paloma_dolma,1.5811178028664286
19.9m-g012-ai-r1,paloma_falcon_refinedweb,1.374478490199129
19.9m-g012-ai-r1,paloma_gab,2.2862937373715018
19.9m-g012-ai-r1,paloma_m2d2_s2orc,1.4611283967269444
19.9m-g012-ai-r1,paloma_m2d2_wikipedia,1.3972294425005105
19.9m-g012-ai-r1,paloma_manosphere,1.681049752288605
19.9m-g012-ai-r1,paloma_mc4_en,1.3874534913450347
19.9m-g012-ai-r1,paloma_programming,2.3819873998117553
19.9m-g012-ai-r1,paloma_ptb,1.5805786578881247
19.9m-g012-ai-r1,paloma_reddit_100,1.4997563054499048
19.9m-g012-ai-r1,paloma_redpajama,1.7821601825740718
19.9m-g012-ai-r1,paloma_twitteraae,2.8064670603074733
19.9m-g012-ai-r1,paloma_wikitext_103,1.4523895484975249
19.9m-g013-control,c4,1.230579684165438
19.9m-g013-control,cosmopedia,0.9626470013251048
19.9m-g013-control,fw22,1.222398822775333
19.9m-g013-control,fw26,1.1116522410228664
19.9m-g013-control,fw26_ai,0.9537600183620685
19.9m-g013-control,fw26_human,1.1548009493969311
19.9m-g013-control,paloma,1.6394047974457937
19.9m-g013-control,paloma_4chan,1.6300150063620173
19.9m-g013-control,paloma_c4,1.2489636773999582
19.9m-g013-control,paloma_c4_100_domains,1.2536678844599276
19.9m-g013-control,paloma_dolma,1.5484544994322282
19.9m-g013-control,paloma_falcon_refinedweb,1.3516714933160678
19.9m-g013-control,paloma_gab,2.2255347053387418
19.9m-g013-control,paloma_m2d2_s2orc,1.4210088971094668
19.9m-g013-control,paloma_m2d2_wikipedia,1.357504556044526
19.9m-g013-control,paloma_manosphere,1.6290245827533771
19.9m-g013-control,paloma_mc4_en,1.3604641036614777
19.9m-g013-control,paloma_programming,2.322356720498726
19.9m-g013-control,paloma_ptb,1.538244200089559
19.9m-g013-control,paloma_reddit_100,1.4673061353825232
19.9m-g013-control,paloma_redpajama,1.7352327555638951
19.9m-g013-control,paloma_twitteraae,2.7381860502784363
19.9m-g013-control,paloma_wikitext_103,1.4028414914417695
19.9m-g013-ai-r2.1,c4,1.2606937547962662
19.9m-g013-ai-r2.1,cosmopedia,0.8407010169883662
19.9m-g013-ai-r2.1,fw22,1.250674143118258
19.9m-g013-ai-r2.1,fw26,1.1044961045528106
19.9m-g013-ai-r2.1,fw26_ai,0.8260887887234697
19.9m-g013-ai-r2.1,fw26_human,1.180305014206186
19.9m-g013-ai-r2.1,paloma,1.6991930613651303
19.9m-g013-ai-r2.1,paloma_4chan,1.6760959958674717
19.9m-g013-ai-r2.1,paloma_c4,1.282932576268997
19.9m-g013-ai-r2.1,paloma_c4_100_domains,1.2960893762433925
19.9m-g013-ai-r2.1,paloma_dolma,1.6004074798585262
19.9m-g013-ai-r2.1,paloma_falcon_refinedweb,1.3913941166215151
19.9m-g013-ai-r2.1,paloma_gab,2.3154752916882675
19.9m-g013-ai-r2.1,paloma_m2d2_s2orc,1.4816293580379998
19.9m-g013-ai-r2.1,paloma_m2d2_wikipedia,1.4173670015332855
19.9m-g013-ai-r2.1,paloma_manosphere,1.6879819572036918
19.9m-g013-ai-r2.1,paloma_mc4_en,1.4041862042162447
19.9m-g013-ai-r2.1,paloma_programming,2.40265651036182
19.9m-g013-ai-r2.1,paloma_ptb,1.6057689225494847
19.9m-g013-ai-r2.1,paloma_reddit_100,1.5080298142578905
19.9m-g013-ai-r2.1,paloma_redpajama,1.7982547638692712
19.9m-g013-ai-r2.1,paloma_twitteraae,2.8388301911437575
19.9m-g013-ai-r2.1,paloma_wikitext_103,1.4799894221204692
19.9m-g013-ai-r4.25,c4,1.2753829123946196
19.9m-g013-ai-r4.25,cosmopedia,0.8498023927219438
19.9m-g013-ai-r4.25,fw22,1.2650198289352959
19.9m-g013-ai-r4.25,fw26,1.1137225095172105
19.9m-g013-ai-r4.25,fw26_ai,0.8162742308234666
19.9m-g013-ai-r4.25,fw26_human,1.1946785199859509
19.9m-g013-ai-r4.25,paloma,1.7312468176990883
19.9m-g013-ai-r4.25,paloma_4chan,1.7417940160713428
19.9m-g013-ai-r4.25,paloma_c4,1.2976909595396275
19.9m-g013-ai-r4.25,paloma_c4_100_domains,1.3138273697759997
19.9m-g013-ai-r4.25,paloma_dolma,1.6303386819564283
19.9m-g013-ai-r4.25,paloma_falcon_refinedweb,1.4074115449135818
19.9m-g013-ai-r4.25,paloma_gab,2.3633282444453525
19.9m-g013-ai-r4.25,paloma_m2d2_s2orc,1.4967093601415586
19.9m-g013-ai-r4.25,paloma_m2d2_wikipedia,1.4374644518799071
19.9m-g013-ai-r4.25,paloma_manosphere,1.7333066732103766
19.9m-g013-ai-r4.25,paloma_mc4_en,1.4212681678194505
19.9m-g013-ai-r4.25,paloma_programming,2.4458118061534044
19.9m-g013-ai-r4.25,paloma_ptb,1.646464633872887
19.9m-g013-ai-r4.25,paloma_reddit_100,1.5336222906930357
19.9m-g013-ai-r4.25,paloma_redpajama,1.8408191217344363
19.9m-g013-ai-r4.25,paloma_twitteraae,2.879947866678335
19.9m-g013-ai-r4.25,paloma_wikitext_103,1.5101438942996892
19.9m-g013-ai-r8.57,c4,1.2902257865924853
19.9m-g013-ai-r8.57,cosmopedia,0.84191633547
19.9m-g013-ai-r8.57,fw22,1.2796901096480804
19.9m-g013-ai-r8.57,fw26,1.123770364250025
19.9m-g013-ai-r8.57,fw26_ai,0.809224371709338
19.9m-g013-ai-r8.57,fw26_human,1.2093164562515617
19.9m-g013-ai-r8.57,paloma,1.7587792032068221
19.9m-g013-ai-r8.57,paloma_4chan,1.7567997397521433
19.9m-g013-ai-r8.57,paloma_c4,1.3142464700315009
19.9m-g013-ai-r8.57,paloma_c4_100_domains,1.3323279063200417
19.9m-g013-ai-r8.57,paloma_dolma,1.6591390646726003
19.9m-g013-ai-r8.57,paloma_falcon_refinedweb,1.4243276595021268
19.9m-g013-ai-r8.57,paloma_gab,2.405960376464875
19.9m-g013-ai-r8.57,paloma_m2d2_s2orc,1.5216867076104206
19.9m-g013-ai-r8.57,paloma_m2d2_wikipedia,1.4634344025316988
19.9m-g013-ai-r8.57,paloma_manosphere,1.7544875547625924
19.9m-g013-ai-r8.57,paloma_mc4_en,1.442393134141251
19.9m-g013-ai-r8.57,paloma_programming,2.4886862174067836
19.9m-g013-ai-r8.57,paloma_ptb,1.658518185669877
19.9m-g013-ai-r8.57,paloma_reddit_100,1.5593870449365077
19.9m-g013-ai-r8.57,paloma_redpajama,1.8692344545125947
19.9m-g013-ai-r8.57,paloma_twitteraae,2.9525584550401716
19.9m-g013-ai-r8.57,paloma_wikitext_103,1.5372798779539671
19.9m-g013-ai-r17.2,c4,1.3020647664284675
19.9m-g013-ai-r17.2,cosmopedia,0.8362223031442945
19.9m-g013-ai-r17.2,fw22,1.291615049120521
19.9m-g013-ai-r17.2,fw26,1.1319275506260855
19.9m-g013-ai-r17.2,fw26_ai,0.8043757765329335
19.9m-g013-ai-r17.2,fw26_human,1.220936132259546
19.9m-g013-ai-r17.2,paloma,1.7803008496262667
19.9m-g013-ai-r17.2,paloma_4chan,1.8033889367697096
19.9m-g013-ai-r17.2,paloma_c4,1.3264961068624757
19.9m-g013-ai-r17.2,paloma_c4_100_domains,1.3471028347934306
19.9m-g013-ai-r17.2,paloma_dolma,1.6723236326309996
19.9m-g013-ai-r17.2,paloma_falcon_refinedweb,1.4372515079161117
19.9m-g013-ai-r17.2,paloma_gab,2.4399477385469064
19.9m-g013-ai-r17.2,paloma_m2d2_s2orc,1.5294596754633862
19.9m-g013-ai-r17.2,paloma_m2d2_wikipedia,1.467052845470845
19.9m-g013-ai-r17.2,paloma_manosphere,1.7803855726227986
19.9m-g013-ai-r17.2,paloma_mc4_en,1.4568046647793391
19.9m-g013-ai-r17.2,paloma_programming,2.536918632822283
19.9m-g013-ai-r17.2,paloma_ptb,1.686305491064805
19.9m-g013-ai-r17.2,paloma_reddit_100,1.578598270388989
19.9m-g013-ai-r17.2,paloma_redpajama,1.8904279876172745
19.9m-g013-ai-r17.2,paloma_twitteraae,2.9680596592411903
19.9m-g013-ai-r17.2,paloma_wikitext_103,1.5642900370297257
19.9m-g013-human-r2,c4,1.2105448570900497
19.9m-g013-human-r2,cosmopedia,0.9420573799808808
19.9m-g013-human-r2,fw22,1.2016024851190445
19.9m-g013-human-r2,fw26,1.0907524313448533
19.9m-g013-human-r2,fw26_ai,0.932896246118904
19.9m-g013-human-r2,fw26_human,1.1338472724122084
19.9m-g013-human-r2,paloma,1.623732264639779
19.9m-g013-human-r2,paloma_4chan,1.6015415133942925
19.9m-g013-human-r2,paloma_c4,1.2302209428451856
19.9m-g013-human-r2,paloma_c4_100_domains,1.2327711168780962
19.9m-g013-human-r2,paloma_dolma,1.5323366866777686
19.9m-g013-human-r2,paloma_falcon_refinedweb,1.334005111392031
19.9m-g013-human-r2,paloma_gab,2.195229806767178
19.9m-g013-human-r2,paloma_m2d2_s2orc,1.412813164148187
19.9m-g013-human-r2,paloma_m2d2_wikipedia,1.3501694133837172
19.9m-g013-human-r2,paloma_manosphere,1.6179893203548024
19.9m-g013-human-r2,paloma_mc4_en,1.3447697671939325
19.9m-g013-human-r2,paloma_programming,2.3272300960753545
19.9m-g013-human-r2,paloma_ptb,1.5318463619859775
19.9m-g013-human-r2,paloma_reddit_100,1.4510069914463073
19.9m-g013-human-r2,paloma_redpajama,1.7137563823989275
19.9m-g013-human-r2,paloma_twitteraae,2.721152090267768
19.9m-g013-human-r2,paloma_wikitext_103,1.3828774690269394
19.9m-g014-control,c4,1.2296004825193985
19.9m-g014-control,cosmopedia,0.9554722099620112
19.9m-g014-control,fw22,1.2216579700824544
19.9m-g014-control,fw26,1.1108139202081555
19.9m-g014-control,fw26_ai,0.9524687309602111
19.9m-g014-control,fw26_human,1.1540578431237356
19.9m-g014-control,paloma,1.6413838721387688
19.9m-g014-control,paloma_4chan,1.6136487016545131
19.9m-g014-control,paloma_c4,1.2482125090793366
19.9m-g014-control,paloma_c4_100_domains,1.25309478757041
19.9m-g014-control,paloma_dolma,1.5564398335143164
19.9m-g014-control,paloma_falcon_refinedweb,1.350546184144876
19.9m-g014-control,paloma_gab,2.2217277652056393
19.9m-g014-control,paloma_m2d2_s2orc,1.424395089639422
19.9m-g014-control,paloma_m2d2_wikipedia,1.3539153449147139
19.9m-g014-control,paloma_manosphere,1.617712789773198
19.9m-g014-control,paloma_mc4_en,1.3649090463457916
19.9m-g014-control,paloma_programming,2.3490437465570695
19.9m-g014-control,paloma_ptb,1.547024910781669
19.9m-g014-control,paloma_reddit_100,1.4664757049089678
19.9m-g014-control,paloma_redpajama,1.7488164719902506
19.9m-g014-control,paloma_twitteraae,2.7439235560456767
19.9m-g014-control,paloma_wikitext_103,1.402255512094451
19.9m-g014-ai-r0.25,c4,1.2341429307236234
19.9m-g014-ai-r0.25,cosmopedia,0.8909954929896627
19.9m-g014-ai-r0.25,fw22,1.2252895943219544
19.9m-g014-ai-r0.25,fw26,1.096443547018488
19.9m-g014-ai-r0.25,fw26_ai,0.8782407576783959
19.9m-g014-ai-r0.25,fw26_human,1.1559469835027145
19.9m-g014-ai-r0.25,paloma,1.6516965000926542
19.9m-g014-ai-r0.25,paloma_4chan,1.6559328518296355
19.9m-g014-ai-r0.25,paloma_c4,1.2536031174313977
19.9m-g014-ai-r0.25,paloma_c4_100_domains,1.260755345451084
19.9m-g014-ai-r0.25,paloma_dolma,1.5543456803573463
19.9m-g014-ai-r0.25,paloma_falcon_refinedweb,1.3574756222898252
19.9m-g014-ai-r0.25,paloma_gab,2.2493731916862116
19.9m-g014-ai-r0.25,paloma_m2d2_s2orc,1.4308591272149422
19.9m-g014-ai-r0.25,paloma_m2d2_wikipedia,1.3660282739524616
19.9m-g014-ai-r0.25,paloma_manosphere,1.6370815135626229
19.9m-g014-ai-r0.25,paloma_mc4_en,1.3688839932993289
19.9m-g014-ai-r0.25,paloma_programming,2.313177151468045
19.9m-g014-ai-r0.25,paloma_ptb,1.5691523440152895
19.9m-g014-ai-r0.25,paloma_reddit_100,1.4759186084796132
19.9m-g014-ai-r0.25,paloma_redpajama,1.7486743894275272
19.9m-g014-ai-r0.25,paloma_twitteraae,2.7695470406929577
19.9m-g014-ai-r0.25,paloma_wikitext_103,1.4163357503241811
19.9m-g014-ai-r1,c4,1.2472962610328873
19.9m-g014-ai-r1,cosmopedia,0.8677374514868984
19.9m-g014-ai-r1,fw22,1.237609413118692
19.9m-g014-ai-r1,fw26,1.0974725999949282
19.9m-g014-ai-r1,fw26_ai,0.8394779098134307
19.9m-g014-ai-r1,fw26_human,1.1677481990639809
19.9m-g014-ai-r1,paloma,1.685102116928641
19.9m-g014-ai-r1,paloma_4chan,1.6975967669041099
19.9m-g014-ai-r1,paloma_c4,1.2680656382194564
19.9m-g014-ai-r1,paloma_c4_100_domains,1.2783652650749406
19.9m-g014-ai-r1,paloma_dolma,1.5888982482532503
19.9m-g014-ai-r1,paloma_falcon_refinedweb,1.3729226643718895
19.9m-g014-ai-r1,paloma_gab,2.2915420884704654
19.9m-g014-ai-r1,paloma_m2d2_s2orc,1.4562808304363166
19.9m-g014-ai-r1,paloma_m2d2_wikipedia,1.3928181441706784
19.9m-g014-ai-r1,paloma_manosphere,1.6864613939295583
19.9m-g014-ai-r1,paloma_mc4_en,1.3870749169933911
19.9m-g014-ai-r1,paloma_programming,2.4119148383274807
19.9m-g014-ai-r1,paloma_ptb,1.5852261757083426
19.9m-g014-ai-r1,paloma_reddit_100,1.5019310318765133
19.9m-g014-ai-r1,paloma_redpajama,1.7875889842253954
19.9m-g014-ai-r1,paloma_twitteraae,2.79866794429529
19.9m-g014-ai-r1,paloma_wikitext_103,1.456278939601177
19.9m-g015-control,c4,1.228229419988865
19.9m-g015-control,cosmopedia,0.9589071632612362
19.9m-g015-control,fw22,1.2200150692683858
19.9m-g015-control,fw26,1.109370915308037
19.9m-g015-control,fw26_ai,0.952135697153615
19.9m-g015-control,fw26_human,1.1523265821325097
19.9m-g015-control,paloma,1.6384679551390313
19.9m-g015-control,paloma_4chan,1.6127716399912182
19.9m-g015-control,paloma_c4,1.2467718914884725
19.9m-g015-control,paloma_c4_100_domains,1.251513056123451
19.9m-g015-control,paloma_dolma,1.5490630651450477
19.9m-g015-control,paloma_falcon_refinedweb,1.349499187529256
19.9m-g015-control,paloma_gab,2.221397375451651
19.9m-g015-control,paloma_m2d2_s2orc,1.422469784422732
19.9m-g015-control,paloma_m2d2_wikipedia,1.3550893772955257
19.9m-g015-control,paloma_manosphere,1.6232016044306528
19.9m-g015-control,paloma_mc4_en,1.3611854184276997
19.9m-g015-control,paloma_programming,2.327486974331172
19.9m-g015-control,paloma_ptb,1.5501420419326157
19.9m-g015-control,paloma_reddit_100,1.4638286046700777
19.9m-g015-control,paloma_redpajama,1.7356118892038326
19.9m-g015-control,paloma_twitteraae,2.7425090861281465
19.9m-g015-control,paloma_wikitext_103,1.4029462856529493
19.9m-g015-ai-r0.05,c4,1.2283840699578872
19.9m-g015-ai-r0.05,cosmopedia,0.928718883875151
19.9m-g015-ai-r0.05,fw22,1.2202148071929206
19.9m-g015-ai-r0.05,fw26,1.1013818788770722
19.9m-g015-ai-r0.05,fw26_ai,0.9172750848274416
19.9m-g015-ai-r0.05,fw26_human,1.1516257767266054
19.9m-g015-ai-r0.05,paloma,1.6428571500306188
19.9m-g015-ai-r0.05,paloma_4chan,1.6333046411948067
19.9m-g015-ai-r0.05,paloma_c4,1.2477577386109022
19.9m-g015-ai-r0.05,paloma_c4_100_domains,1.2524848176514645
19.9m-g015-ai-r0.05,paloma_dolma,1.5518884747219712
19.9m-g015-ai-r0.05,paloma_falcon_refinedweb,1.3502338373188398
19.9m-g015-ai-r0.05,paloma_gab,2.2282810651639764
19.9m-g015-ai-r0.05,paloma_m2d2_s2orc,1.4249840192863827
19.9m-g015-ai-r0.05,paloma_m2d2_wikipedia,1.3605412174144278
19.9m-g015-ai-r0.05,paloma_manosphere,1.6367111522121132
19.9m-g015-ai-r0.05,paloma_mc4_en,1.3629832558317474
19.9m-g015-ai-r0.05,paloma_programming,2.330770006963336
19.9m-g015-ai-r0.05,paloma_ptb,1.546248545969712
19.9m-g015-ai-r0.05,paloma_reddit_100,1.4709027224098086
19.9m-g015-ai-r0.05,paloma_redpajama,1.7407220930953449
19.9m-g015-ai-r0.05,paloma_twitteraae,2.74017885541243
19.9m-g015-ai-r0.05,paloma_wikitext_103,1.4077219572326392
19.9m-g015-ai-r0.1,c4,1.2293973046913995
19.9m-g015-ai-r0.1,cosmopedia,0.9048698722663523
19.9m-g015-ai-r0.1,fw22,1.2209968560231441
19.9m-g015-ai-r0.1,fw26,1.0984020556382046
19.9m-g015-ai-r0.1,fw26_ai,0.9010676822933572
19.9m-g015-ai-r0.1,fw26_human,1.1522144515858694
19.9m-g015-ai-r0.1,paloma,1.6451805420931067
19.9m-g015-ai-r0.1,paloma_4chan,1.6106508213076816
19.9m-g015-ai-r0.1,paloma_c4,1.2486632250710554
19.9m-g015-ai-r0.1,paloma_c4_100_domains,1.254515348383009
19.9m-g015-ai-r0.1,paloma_dolma,1.5552327955360212
19.9m-g015-ai-r0.1,paloma_falcon_refinedweb,1.3525264142005162
19.9m-g015-ai-r0.1,paloma_gab,2.2301359876686098
19.9m-g015-ai-r0.1,paloma_m2d2_s2orc,1.4260318224005555
19.9m-g015-ai-r0.1,paloma_m2d2_wikipedia,1.3613392058272975
19.9m-g015-ai-r0.1,paloma_manosphere,1.626202993068211
19.9m-g015-ai-r0.1,paloma_mc4_en,1.3658198047675314
19.9m-g015-ai-r0.1,paloma_programming,2.369854228210289
19.9m-g015-ai-r0.1,paloma_ptb,1.5447215283642641
19.9m-g015-ai-r0.1,paloma_reddit_100,1.4657288828738746
19.9m-g015-ai-r0.1,paloma_redpajama,1.7549915530166709
19.9m-g015-ai-r0.1,paloma_twitteraae,2.751575494464613
19.9m-g015-ai-r0.1,paloma_wikitext_103,1.4048985683295065
19.9m-g015-ai-r0.25,c4,1.2320562726952746
19.9m-g015-ai-r0.25,cosmopedia,0.8909847356279869
19.9m-g015-ai-r0.25,fw22,1.2232235103010347
19.9m-g015-ai-r0.25,fw26,1.094560570212493
19.9m-g015-ai-r0.25,fw26_ai,0.8767785599703171
19.9m-g015-ai-r0.25,fw26_human,1.1539372016044842
19.9m-g015-ai-r0.25,paloma,1.6528093586919024
19.9m-g015-ai-r0.25,paloma_4chan,1.6300776386985407
19.9m-g015-ai-r0.25,paloma_c4,1.2528415339497698
19.9m-g015-ai-r0.25,paloma_c4_100_domains,1.2596756887736575
19.9m-g015-ai-r0.25,paloma_dolma,1.561520478054845
19.9m-g015-ai-r0.25,paloma_falcon_refinedweb,1.3572563045761499
19.9m-g015-ai-r0.25,paloma_gab,2.2413942339495976
19.9m-g015-ai-r0.25,paloma_m2d2_s2orc,1.4390642139312009
19.9m-g015-ai-r0.25,paloma_m2d2_wikipedia,1.3792330915158793
19.9m-g015-ai-r0.25,paloma_manosphere,1.6405193134772011
19.9m-g015-ai-r0.25,paloma_mc4_en,1.3683453307792908
19.9m-g015-ai-r0.25,paloma_programming,2.347092726482038
19.9m-g015-ai-r0.25,paloma_ptb,1.5589327893336882
19.9m-g015-ai-r0.25,paloma_reddit_100,1.4737234344821561
19.9m-g015-ai-r0.25,paloma_redpajama,1.7506136268197372
19.9m-g015-ai-r0.25,paloma_twitteraae,2.763548577923643
19.9m-g015-ai-r0.25,paloma_wikitext_103,1.4211107563230436
19.9m-g015-ai-r0.5,c4,1.2375193916384486
19.9m-g015-ai-r0.5,cosmopedia,0.8778610867772516
19.9m-g015-ai-r0.5,fw22,1.2281102328253983
19.9m-g015-ai-r0.5,fw26,1.0939427628912615
19.9m-g015-ai-r0.5,fw26_ai,0.8573530977718836
19.9m-g015-ai-r0.5,fw26_human,1.1584043034472151
19.9m-g015-ai-r0.5,paloma,1.6618467838935196
19.9m-g015-ai-r0.5,paloma_4chan,1.653767314943124
19.9m-g015-ai-r0.5,paloma_c4,1.2577195914685062
19.9m-g015-ai-r0.5,paloma_c4_100_domains,1.2661649589700015
19.9m-g015-ai-r0.5,paloma_dolma,1.564389268733729
19.9m-g015-ai-r0.5,paloma_falcon_refinedweb,1.3626880085062743
19.9m-g015-ai-r0.5,paloma_gab,2.258806471126283
19.9m-g015-ai-r0.5,paloma_m2d2_s2orc,1.4439712621612406
19.9m-g015-ai-r0.5,paloma_m2d2_wikipedia,1.3834915860913888
19.9m-g015-ai-r0.5,paloma_manosphere,1.6525293842983935
19.9m-g015-ai-r0.5,paloma_mc4_en,1.3748505681053704
19.9m-g015-ai-r0.5,paloma_programming,2.331815753871931
19.9m-g015-ai-r0.5,paloma_ptb,1.579400627366646
19.9m-g015-ai-r0.5,paloma_reddit_100,1.484032167186453
19.9m-g015-ai-r0.5,paloma_redpajama,1.7576825313962392
19.9m-g015-ai-r0.5,paloma_twitteraae,2.79179118287194
19.9m-g015-ai-r0.5,paloma_wikitext_103,1.426447865198794
19.9m-g015-ai-r1,c4,1.2488029402438725
19.9m-g015-ai-r1,cosmopedia,0.8547946415568133
19.9m-g015-ai-r1,fw22,1.2390806133959889
19.9m-g015-ai-r1,fw26,1.0988354864282028
19.9m-g015-ai-r1,fw26_ai,0.8415660045994443
19.9m-g015-ai-r1,fw26_human,1.1689046910286036
19.9m-g015-ai-r1,paloma,1.6883143126184623
19.9m-g015-ai-r1,paloma_4chan,1.6700224152335537
19.9m-g015-ai-r1,paloma_c4,1.2704544344103534
19.9m-g015-ai-r1,paloma_c4_100_domains,1.2814010100173052
19.9m-g015-ai-r1,paloma_dolma,1.594570715286397
19.9m-g015-ai-r1,paloma_falcon_refinedweb,1.3767599169292466
19.9m-g015-ai-r1,paloma_gab,2.277774157663278
19.9m-g015-ai-r1,paloma_m2d2_s2orc,1.4677778446951943
19.9m-g015-ai-r1,paloma_m2d2_wikipedia,1.4009194928430904
19.9m-g015-ai-r1,paloma_manosphere,1.6652797079572648
19.9m-g015-ai-r1,paloma_mc4_en,1.3982918388582248
19.9m-g015-ai-r1,paloma_programming,2.4348911437613294
19.9m-g015-ai-r1,paloma_ptb,1.6054100961075715
19.9m-g015-ai-r1,paloma_reddit_100,1.4894656582551948
19.9m-g015-ai-r1,paloma_redpajama,1.8081060925518588
19.9m-g015-ai-r1,paloma_twitteraae,2.8126500735361875
19.9m-g015-ai-r1,paloma_wikitext_103,1.4592544037893458
19.9m-g016-control,c4,1.2243254880821188
19.9m-g016-control,cosmopedia,0.9553904485631155
19.9m-g016-control,fw22,1.2160759163213746
19.9m-g016-control,fw26,1.1047248662466098
19.9m-g016-control,fw26_ai,0.9455980841826219
19.9m-g016-control,fw26_human,1.148197536211437
19.9m-g016-control,paloma,1.6384760655159032
19.9m-g016-control,paloma_4chan,1.5915022764879414
19.9m-g016-control,paloma_c4,1.2436099711611182
19.9m-g016-control,paloma_c4_100_domains,1.2478721760447424
19.9m-g016-control,paloma_dolma,1.5544450424008998
19.9m-g016-control,paloma_falcon_refinedweb,1.3462105261355723
19.9m-g016-control,paloma_gab,2.2106024651908993
19.9m-g016-control,paloma_m2d2_s2orc,1.4193798533636166
19.9m-g016-control,paloma_m2d2_wikipedia,1.3544410517274827
19.9m-g016-control,paloma_manosphere,1.6216937407199847
19.9m-g016-control,paloma_mc4_en,1.3590283751694123
19.9m-g016-control,paloma_programming,2.370901747345539
19.9m-g016-control,paloma_ptb,1.5465683391993816
19.9m-g016-control,paloma_reddit_100,1.4610013358733982
19.9m-g016-control,paloma_redpajama,1.7585659786369798
19.9m-g016-control,paloma_twitteraae,2.727409732703344
19.9m-g016-control,paloma_wikitext_103,1.4023844360941375
19.9m-g016-ai-r0.05,c4,1.2250792899120997
19.9m-g016-ai-r0.05,cosmopedia,0.9214230040387433
19.9m-g016-ai-r0.05,fw22,1.216636686690218
19.9m-g016-ai-r0.05,fw26,1.0978412412632854
19.9m-g016-ai-r0.05,fw26_ai,0.9132302803962711
19.9m-g016-ai-r0.05,fw26_human,1.148185363072691
19.9m-g016-ai-r0.05,paloma,1.6383031519543696
19.9m-g016-ai-r0.05,paloma_4chan,1.6209768639682662
19.9m-g016-ai-r0.05,paloma_c4,1.2449818683265408
19.9m-g016-ai-r0.05,paloma_c4_100_domains,1.2494222584773726
19.9m-g016-ai-r0.05,paloma_dolma,1.5484582474268267
19.9m-g016-ai-r0.05,paloma_falcon_refinedweb,1.3486753639684947
19.9m-g016-ai-r0.05,paloma_gab,2.2154878912993317
19.9m-g016-ai-r0.05,paloma_m2d2_s2orc,1.42598232911793
19.9m-g016-ai-r0.05,paloma_m2d2_wikipedia,1.361963514110951
19.9m-g016-ai-r0.05,paloma_manosphere,1.621435283803787
19.9m-g016-ai-r0.05,paloma_mc4_en,1.3605257606452823
19.9m-g016-ai-r0.05,paloma_programming,2.3267434884776548
19.9m-g016-ai-r0.05,paloma_ptb,1.5453010778243454
19.9m-g016-ai-r0.05,paloma_reddit_100,1.4606635296311423
19.9m-g016-ai-r0.05,paloma_redpajama,1.7449437920068234
19.9m-g016-ai-r0.05,paloma_twitteraae,2.730239367082958
19.9m-g016-ai-r0.05,paloma_wikitext_103,1.407049795102205
19.9m-g016-ai-r0.1,c4,1.225136976342015
19.9m-g016-ai-r0.1,cosmopedia,0.9087772114146083
19.9m-g016-ai-r0.1,fw22,1.21649590049146
19.9m-g016-ai-r0.1,fw26,1.093871482154919
19.9m-g016-ai-r0.1,fw26_ai,0.8970841441128342
19.9m-g016-ai-r0.1,fw26_human,1.1475323601171274
19.9m-g016-ai-r0.1,paloma,1.6412812101698315
19.9m-g016-ai-r0.1,paloma_4chan,1.633871976246527
19.9m-g016-ai-r0.1,paloma_c4,1.2449986276523928
19.9m-g016-ai-r0.1,paloma_c4_100_domains,1.249912373394255
19.9m-g016-ai-r0.1,paloma_dolma,1.5504943276440397
19.9m-g016-ai-r0.1,paloma_falcon_refinedweb,1.3485989136496719
19.9m-g016-ai-r0.1,paloma_gab,2.214411819441178
19.9m-g016-ai-r0.1,paloma_m2d2_s2orc,1.424062142114687
19.9m-g016-ai-r0.1,paloma_m2d2_wikipedia,1.3644368598605752
19.9m-g016-ai-r0.1,paloma_manosphere,1.6331843659940115
19.9m-g016-ai-r0.1,paloma_mc4_en,1.3614613367295472
19.9m-g016-ai-r0.1,paloma_programming,2.3300485113674454
19.9m-g016-ai-r0.1,paloma_ptb,1.5529655006708982
19.9m-g016-ai-r0.1,paloma_reddit_100,1.466774318500882
19.9m-g016-ai-r0.1,paloma_redpajama,1.7435258678499566
19.9m-g016-ai-r0.1,paloma_twitteraae,2.7321281002540996
19.9m-g016-ai-r0.1,paloma_wikitext_103,1.4096243213471358
19.9m-g016-ai-r0.25,c4,1.2284937209997022
19.9m-g016-ai-r0.25,cosmopedia,0.8850172276075311
19.9m-g016-ai-r0.25,fw22,1.2197093114870745
19.9m-g016-ai-r0.25,fw26,1.0909022928955
19.9m-g016-ai-r0.25,fw26_ai,0.8726975729309835
19.9m-g016-ai-r0.25,fw26_human,1.1503435488987257
19.9m-g016-ai-r0.25,paloma,1.6516582606287644
19.9m-g016-ai-r0.25,paloma_4chan,1.6496286906698694
19.9m-g016-ai-r0.25,paloma_c4,1.2490179987637102
19.9m-g016-ai-r0.25,paloma_c4_100_domains,1.2555575881398033
19.9m-g016-ai-r0.25,paloma_dolma,1.5578216203540938
19.9m-g016-ai-r0.25,paloma_falcon_refinedweb,1.354442842527915
19.9m-g016-ai-r0.25,paloma_gab,2.228200521633016
19.9m-g016-ai-r0.25,paloma_m2d2_s2orc,1.4359462840103732
19.9m-g016-ai-r0.25,paloma_m2d2_wikipedia,1.3737036629818853
19.9m-g016-ai-r0.25,paloma_manosphere,1.6403671320649875
19.9m-g016-ai-r0.25,paloma_mc4_en,1.365755448573912
19.9m-g016-ai-r0.25,paloma_programming,2.374012773115579
19.9m-g016-ai-r0.25,paloma_ptb,1.5519728955282028
19.9m-g016-ai-r0.25,paloma_reddit_100,1.4667854316981177
19.9m-g016-ai-r0.25,paloma_redpajama,1.7484615276134616
19.9m-g016-ai-r0.25,paloma_twitteraae,2.754209301551196
19.9m-g016-ai-r0.25,paloma_wikitext_103,1.4206484508341082
19.9m-g016-ai-r0.5,c4,1.2341966578451504
19.9m-g016-ai-r0.5,cosmopedia,0.8696286909154384
19.9m-g016-ai-r0.5,fw22,1.224876126632633
19.9m-g016-ai-r0.5,fw26,1.0905456896090802
19.9m-g016-ai-r0.5,fw26_ai,0.8535493913632992
19.9m-g016-ai-r0.5,fw26_human,1.1551022284237875
19.9m-g016-ai-r0.5,paloma,1.6614280825001737
19.9m-g016-ai-r0.5,paloma_4chan,1.6604956616825244
19.9m-g016-ai-r0.5,paloma_c4,1.2542621022083404
19.9m-g016-ai-r0.5,paloma_c4_100_domains,1.2628533886869469
19.9m-g016-ai-r0.5,paloma_dolma,1.5645339796568696
19.9m-g016-ai-r0.5,paloma_falcon_refinedweb,1.3597267761386094
19.9m-g016-ai-r0.5,paloma_gab,2.243072186507229
19.9m-g016-ai-r0.5,paloma_m2d2_s2orc,1.4418157666209905
19.9m-g016-ai-r0.5,paloma_m2d2_wikipedia,1.3801123285533552
19.9m-g016-ai-r0.5,paloma_manosphere,1.6509449159552219
19.9m-g016-ai-r0.5,paloma_mc4_en,1.3723342647834966
19.9m-g016-ai-r0.5,paloma_programming,2.35993330407056
19.9m-g016-ai-r0.5,paloma_ptb,1.580057341075128
19.9m-g016-ai-r0.5,paloma_reddit_100,1.477989042693319
19.9m-g016-ai-r0.5,paloma_redpajama,1.7642636801582452
19.9m-g016-ai-r0.5,paloma_twitteraae,2.77276912382736
19.9m-g016-ai-r0.5,paloma_wikitext_103,1.4376854573845845
19.9m-g016-ai-r1,c4,1.2423508845355529
19.9m-g016-ai-r1,cosmopedia,0.8633809123021098
19.9m-g016-ai-r1,fw22,1.232773549955293
19.9m-g016-ai-r1,fw26,1.0925625369595582
19.9m-g016-ai-r1,fw26_ai,0.8348938484642877
19.9m-g016-ai-r1,fw26_human,1.1627085790797218
19.9m-g016-ai-r1,paloma,1.67993924930618
19.9m-g016-ai-r1,paloma_4chan,1.6805785582366337
19.9m-g016-ai-r1,paloma_c4,1.2637858325528322
19.9m-g016-ai-r1,paloma_c4_100_domains,1.2742012680337016
19.9m-g016-ai-r1,paloma_dolma,1.5819107432362223
19.9m-g016-ai-r1,paloma_falcon_refinedweb,1.3703881214022833
19.9m-g016-ai-r1,paloma_gab,2.275628384543491
19.9m-g016-ai-r1,paloma_m2d2_s2orc,1.4566192631719208
19.9m-g016-ai-r1,paloma_m2d2_wikipedia,1.4000179303875893
19.9m-g016-ai-r1,paloma_manosphere,1.6816785102798406
19.9m-g016-ai-r1,paloma_mc4_en,1.3852142409110526
19.9m-g016-ai-r1,paloma_programming,2.386187359791066
19.9m-g016-ai-r1,paloma_ptb,1.5851042550681498
19.9m-g016-ai-r1,paloma_reddit_100,1.4962353066077205
19.9m-g016-ai-r1,paloma_redpajama,1.784145454035437
19.9m-g016-ai-r1,paloma_twitteraae,2.8088515375315026
19.9m-g016-ai-r1,paloma_wikitext_103,1.4484812231094373
19.9m-g017-control,c4,1.2205945804089866
19.9m-g017-control,cosmopedia,0.9529807206522781
19.9m-g017-control,fw22,1.2121367431163625
19.9m-g017-control,fw26,1.101075430335011
19.9m-g017-control,fw26_ai,0.942470726418887
19.9m-g017-control,fw26_human,1.144392477433989
19.9m-g017-control,paloma,1.63147349608614
19.9m-g017-control,paloma_4chan,1.6220114472080192
19.9m-g017-control,paloma_c4,1.2400138915914176
19.9m-g017-control,paloma_c4_100_domains,1.243255054578297
19.9m-g017-control,paloma_dolma,1.5388734544853893
19.9m-g017-control,paloma_falcon_refinedweb,1.3432420826454519
19.9m-g017-control,paloma_gab,2.2106778157306066
19.9m-g017-control,paloma_m2d2_s2orc,1.4158267710534718
19.9m-g017-control,paloma_m2d2_wikipedia,1.353441573241949
19.9m-g017-control,paloma_manosphere,1.627143133520125
19.9m-g017-control,paloma_mc4_en,1.3554924563809292
19.9m-g017-control,paloma_programming,2.3215623720533034
19.9m-g017-control,paloma_ptb,1.5357285666512985
19.9m-g017-control,paloma_reddit_100,1.4588698599155867
19.9m-g017-control,paloma_redpajama,1.7225541260620052
19.9m-g017-control,paloma_twitteraae,2.7290250346624916
19.9m-g017-control,paloma_wikitext_103,1.3858582975978968
19.9m-g017-ai-r0.05,c4,1.2212606118574287
19.9m-g017-ai-r0.05,cosmopedia,0.9123777947233923
19.9m-g017-ai-r0.05,fw22,1.2127992400590735
19.9m-g017-ai-r0.05,fw26,1.0940525259451572
19.9m-g017-ai-r0.05,fw26_ai,0.9097868240501057
19.9m-g017-ai-r0.05,fw26_human,1.1443169630757222
19.9m-g017-ai-r0.05,paloma,1.638426435545092
19.9m-g017-ai-r0.05,paloma_4chan,1.6221354651644195
19.9m-g017-ai-r0.05,paloma_c4,1.2408260598624512
19.9m-g017-ai-r0.05,paloma_c4_100_domains,1.245344440842298
19.9m-g017-ai-r0.05,paloma_dolma,1.5517893740728663
19.9m-g017-ai-r0.05,paloma_falcon_refinedweb,1.343662265648763
19.9m-g017-ai-r0.05,paloma_gab,2.21777423723589
19.9m-g017-ai-r0.05,paloma_m2d2_s2orc,1.4176008135754836
19.9m-g017-ai-r0.05,paloma_m2d2_wikipedia,1.3508824000824264
19.9m-g017-ai-r0.05,paloma_manosphere,1.6218381012401677
19.9m-g017-ai-r0.05,paloma_mc4_en,1.3574709832371383
19.9m-g017-ai-r0.05,paloma_programming,2.368800410014595
19.9m-g017-ai-r0.05,paloma_ptb,1.5457105248026133
19.9m-g017-ai-r0.05,paloma_reddit_100,1.4590191579116136
19.9m-g017-ai-r0.05,paloma_redpajama,1.745945958982293
19.9m-g017-ai-r0.05,paloma_twitteraae,2.7335460420425526
19.9m-g017-ai-r0.05,paloma_wikitext_103,1.3924767340058974
19.9m-g017-ai-r0.1,c4,1.221691914646234
19.9m-g017-ai-r0.1,cosmopedia,0.9083290550396166
19.9m-g017-ai-r0.1,fw22,1.2128456753238337
19.9m-g017-ai-r0.1,fw26,1.0904367603690328
19.9m-g017-ai-r0.1,fw26_ai,0.8937447549086899
19.9m-g017-ai-r0.1,fw26_human,1.1440832752817178
19.9m-g017-ai-r0.1,paloma,1.6391819542449284
19.9m-g017-ai-r0.1,paloma_4chan,1.6419510977118117
19.9m-g017-ai-r0.1,paloma_c4,1.2414740426890916
19.9m-g017-ai-r0.1,paloma_c4_100_domains,1.2464569855685559
19.9m-g017-ai-r0.1,paloma_dolma,1.5471337857651968
19.9m-g017-ai-r0.1,paloma_falcon_refinedweb,1.3455060839940727
19.9m-g017-ai-r0.1,paloma_gab,2.217221060195658
19.9m-g017-ai-r0.1,paloma_m2d2_s2orc,1.4231783585368218
19.9m-g017-ai-r0.1,paloma_m2d2_wikipedia,1.361916669195597
19.9m-g017-ai-r0.1,paloma_manosphere,1.6313984021540442
19.9m-g017-ai-r0.1,paloma_mc4_en,1.3571895631195579
19.9m-g017-ai-r0.1,paloma_programming,2.3318219162366045
19.9m-g017-ai-r0.1,paloma_ptb,1.5433142041517953
19.9m-g017-ai-r0.1,paloma_reddit_100,1.461872523321233
19.9m-g017-ai-r0.1,paloma_redpajama,1.7384382057676926
19.9m-g017-ai-r0.1,paloma_twitteraae,2.736437654841337
19.9m-g017-ai-r0.1,paloma_wikitext_103,1.4016007146697844
19.9m-g017-ai-r0.25,c4,1.2252548286406686
19.9m-g017-ai-r0.25,cosmopedia,0.8794854548733548
19.9m-g017-ai-r0.25,fw22,1.2158119913125782
19.9m-g017-ai-r0.25,fw26,1.0871427239263185
19.9m-g017-ai-r0.25,fw26_ai,0.8689992194168024
19.9m-g017-ai-r0.25,fw26_human,1.1466145923267408
19.9m-g017-ai-r0.25,paloma,1.6461965477062124
19.9m-g017-ai-r0.25,paloma_4chan,1.6335393549530197
19.9m-g017-ai-r0.25,paloma_c4,1.2456600943014304
19.9m-g017-ai-r0.25,paloma_c4_100_domains,1.2518349697208777
19.9m-g017-ai-r0.25,paloma_dolma,1.5513766780920566
19.9m-g017-ai-r0.25,paloma_falcon_refinedweb,1.3500052473367055
19.9m-g017-ai-r0.25,paloma_gab,2.235589063768021
19.9m-g017-ai-r0.25,paloma_m2d2_s2orc,1.4333988104895583
19.9m-g017-ai-r0.25,paloma_m2d2_wikipedia,1.366634739879248
19.9m-g017-ai-r0.25,paloma_manosphere,1.6360361589800179
19.9m-g017-ai-r0.25,paloma_mc4_en,1.3608314876798155
19.9m-g017-ai-r0.25,paloma_programming,2.3307727499370587
19.9m-g017-ai-r0.25,paloma_ptb,1.5631588076669825
19.9m-g017-ai-r0.25,paloma_reddit_100,1.4672883026361598
19.9m-g017-ai-r0.25,paloma_redpajama,1.738107995111101
19.9m-g017-ai-r0.25,paloma_twitteraae,2.7679944831052845
19.9m-g017-ai-r0.25,paloma_wikitext_103,1.4069158196420593
19.9m-g017-ai-r0.5,c4,1.2313687391614792
19.9m-g017-ai-r0.5,cosmopedia,0.8614649514567302
19.9m-g017-ai-r0.5,fw22,1.2219362544022228
19.9m-g017-ai-r0.5,fw26,1.0876978547893041
19.9m-g017-ai-r0.5,fw26_ai,0.8505440583832774
19.9m-g017-ai-r0.5,fw26_human,1.1523018505078721
19.9m-g017-ai-r0.5,paloma,1.6636486886036286
19.9m-g017-ai-r0.5,paloma_4chan,1.6726239200181976
19.9m-g017-ai-r0.5,paloma_c4,1.255240305403591
19.9m-g017-ai-r0.5,paloma_c4_100_domains,1.262025030077817
19.9m-g017-ai-r0.5,paloma_dolma,1.5696751040351096
19.9m-g017-ai-r0.5,paloma_falcon_refinedweb,1.3632056929910326
19.9m-g017-ai-r0.5,paloma_gab,2.2450244475443855
19.9m-g017-ai-r0.5,paloma_m2d2_s2orc,1.4628283979685863
19.9m-g017-ai-r0.5,paloma_m2d2_wikipedia,1.3965404599243965
19.9m-g017-ai-r0.5,paloma_manosphere,1.6469405913189419
19.9m-g017-ai-r0.5,paloma_mc4_en,1.3761783813750226
19.9m-g017-ai-r0.5,paloma_programming,2.321132684925432
19.9m-g017-ai-r0.5,paloma_ptb,1.5908177503205998
19.9m-g017-ai-r0.5,paloma_reddit_100,1.469807990731526
19.9m-g017-ai-r0.5,paloma_redpajama,1.7636738381476018
19.9m-g017-ai-r0.5,paloma_twitteraae,2.7876872238122736
19.9m-g017-ai-r0.5,paloma_wikitext_103,1.4349771990635418
19.9m-g017-ai-r1,c4,1.2405710587439691
19.9m-g017-ai-r1,cosmopedia,0.8515301652827538
19.9m-g017-ai-r1,fw22,1.2306344809101097
19.9m-g017-ai-r1,fw26,1.0906254013233085
19.9m-g017-ai-r1,fw26_ai,0.8334931484223354
19.9m-g017-ai-r1,fw26_human,1.1605952131817951
19.9m-g017-ai-r1,paloma,1.6691344534820827
19.9m-g017-ai-r1,paloma_4chan,1.6436243787410858
19.9m-g017-ai-r1,paloma_c4,1.2618595815946547
19.9m-g017-ai-r1,paloma_c4_100_domains,1.2714822218014896
19.9m-g017-ai-r1,paloma_dolma,1.5719732225948653
19.9m-g017-ai-r1,paloma_falcon_refinedweb,1.3671809421939818
19.9m-g017-ai-r1,paloma_gab,2.2668685459256537
19.9m-g017-ai-r1,paloma_m2d2_s2orc,1.4489714030114782
19.9m-g017-ai-r1,paloma_m2d2_wikipedia,1.385794364113086
19.9m-g017-ai-r1,paloma_manosphere,1.6578744226544673
19.9m-g017-ai-r1,paloma_mc4_en,1.3826440529787378
19.9m-g017-ai-r1,paloma_programming,2.364074087423785
19.9m-g017-ai-r1,paloma_ptb,1.5920386060131853
19.9m-g017-ai-r1,paloma_reddit_100,1.4884168500855284
19.9m-g017-ai-r1,paloma_redpajama,1.7671376534687067
19.9m-g017-ai-r1,paloma_twitteraae,2.799823725835215
19.9m-g017-ai-r1,paloma_wikitext_103,1.4363871972774023
19.9m-g017-ai-r2,c4,1.2547198522059202
19.9m-g017-ai-r2,cosmopedia,0.8397203803855878
19.9m-g017-ai-r2,fw22,1.2444580147042537
19.9m-g017-ai-r2,fw26,1.0982861951633895
19.9m-g017-ai-r2,fw26_ai,0.8201112042046719
19.9m-g017-ai-r2,fw26_human,1.1739983053873313
19.9m-g017-ai-r2,paloma,1.6978708813740866
19.9m-g017-ai-r2,paloma_4chan,1.6957223648684587
19.9m-g017-ai-r2,paloma_c4,1.277336759029266
19.9m-g017-ai-r2,paloma_c4_100_domains,1.289547503197957
19.9m-g017-ai-r2,paloma_dolma,1.5995588701714076
19.9m-g017-ai-r2,paloma_falcon_refinedweb,1.3856971924345813
19.9m-g017-ai-r2,paloma_gab,2.310037476828147
19.9m-g017-ai-r2,paloma_m2d2_s2orc,1.4787696477047887
19.9m-g017-ai-r2,paloma_m2d2_wikipedia,1.413198490500056
19.9m-g017-ai-r2,paloma_manosphere,1.6814926229360272
19.9m-g017-ai-r2,paloma_mc4_en,1.4007372377398382
19.9m-g017-ai-r2,paloma_programming,2.404631315462247
19.9m-g017-ai-r2,paloma_ptb,1.6131045163090012
19.9m-g017-ai-r2,paloma_reddit_100,1.5041354271749585
19.9m-g017-ai-r2,paloma_redpajama,1.7975447528364985
19.9m-g017-ai-r2,paloma_twitteraae,2.8422729869246046
19.9m-g017-ai-r2,paloma_wikitext_103,1.47214693786755
19.9m-g017-ai-r4,c4,1.2713430320261736
19.9m-g017-ai-r4,cosmopedia,0.8445699410848179
19.9m-g017-ai-r4,fw22,1.2609544182312529
19.9m-g017-ai-r4,fw26,1.1094234094118254
19.9m-g017-ai-r4,fw26_ai,0.8118125174417233
19.9m-g017-ai-r4,fw26_human,1.190388244470526
19.9m-g017-ai-r4,paloma,1.7243914480519544
19.9m-g017-ai-r4,paloma_4chan,1.7454950567919512
19.9m-g017-ai-r4,paloma_c4,1.2937891072939818
19.9m-g017-ai-r4,paloma_c4_100_domains,1.309578779000415
19.9m-g017-ai-r4,paloma_dolma,1.6228000347020488
19.9m-g017-ai-r4,paloma_falcon_refinedweb,1.4031954181273232
19.9m-g017-ai-r4,paloma_gab,2.353254919936701
19.9m-g017-ai-r4,paloma_m2d2_s2orc,1.4974066522347953
19.9m-g017-ai-r4,paloma_m2d2_wikipedia,1.4360147042300422
19.9m-g017-ai-r4,paloma_manosphere,1.7290699173584039
19.9m-g017-ai-r4,paloma_mc4_en,1.4197437640933166
19.9m-g017-ai-r4,paloma_programming,2.4035312936174034
19.9m-g017-ai-r4,paloma_ptb,1.6367441799181515
19.9m-g017-ai-r4,paloma_reddit_100,1.530089147673794
19.9m-g017-ai-r4,paloma_redpajama,1.8361182689955966
19.9m-g017-ai-r4,paloma_twitteraae,2.8762063782445235
19.9m-g017-ai-r4,paloma_wikitext_103,1.497225546612825
19.9m-g017-ai-r8,c4,1.2863375997404443
19.9m-g017-ai-r8,cosmopedia,0.8379113692455928
19.9m-g017-ai-r8,fw22,1.2756865519610734
19.9m-g017-ai-r8,fw26,1.1194879671129416
19.9m-g017-ai-r8,fw26_ai,0.805140526888332
19.9m-g017-ai-r8,fw26_human,1.2049269562092577
19.9m-g017-ai-r8,paloma,1.7530753507865682
19.9m-g017-ai-r8,paloma_4chan,1.7649767249766086
19.9m-g017-ai-r8,paloma_c4,1.309757177949207
19.9m-g017-ai-r8,paloma_c4_100_domains,1.3280766390389134
19.9m-g017-ai-r8,paloma_dolma,1.6593191713431745
19.9m-g017-ai-r8,paloma_falcon_refinedweb,1.420810100254259
19.9m-g017-ai-r8,paloma_gab,2.3958961576359425
19.9m-g017-ai-r8,paloma_m2d2_s2orc,1.5124111502598463
19.9m-g017-ai-r8,paloma_m2d2_wikipedia,1.456335924473084
19.9m-g017-ai-r8,paloma_manosphere,1.7521032076525322
19.9m-g017-ai-r8,paloma_mc4_en,1.4382772844519314
19.9m-g017-ai-r8,paloma_programming,2.471643297826379
19.9m-g017-ai-r8,paloma_ptb,1.6589081230902738
19.9m-g017-ai-r8,paloma_reddit_100,1.550555530742355
19.9m-g017-ai-r8,paloma_redpajama,1.871507101904538
19.9m-g017-ai-r8,paloma_twitteraae,2.9336161338111406
19.9m-g017-ai-r8,paloma_wikitext_103,1.525011887174906
19.9m-g017-ai-r16,c4,1.3004618855232402
19.9m-g017-ai-r16,cosmopedia,0.8378763838383467
19.9m-g017-ai-r16,fw22,1.2895023060545947
19.9m-g017-ai-r16,fw26,1.1295446860741687
19.9m-g017-ai-r16,fw26_ai,0.8017397098416968
19.9m-g017-ai-r16,fw26_human,1.2187035112462719
19.9m-g017-ai-r16,paloma,1.771841301151456
19.9m-g017-ai-r16,paloma_4chan,1.804548581371795
19.9m-g017-ai-r16,paloma_c4,1.3252308817245808
19.9m-g017-ai-r16,paloma_c4_100_domains,1.3450171257226116
19.9m-g017-ai-r16,paloma_dolma,1.6606453756512074
19.9m-g017-ai-r16,paloma_falcon_refinedweb,1.4372592635315904
19.9m-g017-ai-r16,paloma_gab,2.4385202324506863
19.9m-g017-ai-r16,paloma_m2d2_s2orc,1.5300221020751064
19.9m-g017-ai-r16,paloma_m2d2_wikipedia,1.4748539095343252
19.9m-g017-ai-r16,paloma_manosphere,1.77269391654933
19.9m-g017-ai-r16,paloma_mc4_en,1.4519699179221173
19.9m-g017-ai-r16,paloma_programming,2.4352139367112744
19.9m-g017-ai-r16,paloma_ptb,1.6910902947116893
19.9m-g017-ai-r16,paloma_reddit_100,1.5739744235511657
19.9m-g017-ai-r16,paloma_redpajama,1.870806416768022
19.9m-g017-ai-r16,paloma_twitteraae,2.9826605401542237
19.9m-g017-ai-r16,paloma_wikitext_103,1.5549538999935701
19.9m-g017-human-r2,c4,1.2049894948220183
19.9m-g017-human-r2,cosmopedia,0.9344172985244591
19.9m-g017-human-r2,fw22,1.1958432044698688
19.9m-g017-human-r2,fw26,1.0848498994717255
19.9m-g017-human-r2,fw26_ai,0.9271213456506198
19.9m-g017-human-r2,fw26_human,1.1278921969692133
19.9m-g017-human-r2,paloma,1.615579637806416
19.9m-g017-human-r2,paloma_4chan,1.588231010247945
19.9m-g017-human-r2,paloma_c4,1.2253028306361593
19.9m-g017-human-r2,paloma_c4_100_domains,1.2272928877708853
19.9m-g017-human-r2,paloma_dolma,1.5221161333330402
19.9m-g017-human-r2,paloma_falcon_refinedweb,1.3298111797975045
19.9m-g017-human-r2,paloma_gab,2.1888772018878964
19.9m-g017-human-r2,paloma_m2d2_s2orc,1.413811991046933
19.9m-g017-human-r2,paloma_m2d2_wikipedia,1.3482846519375509
19.9m-g017-human-r2,paloma_manosphere,1.6108023212649423
19.9m-g017-human-r2,paloma_mc4_en,1.3385172508990284
19.9m-g017-human-r2,paloma_programming,2.2693090726001124
19.9m-g017-human-r2,paloma_ptb,1.5340885232980108
19.9m-g017-human-r2,paloma_reddit_100,1.4449017783776597
19.9m-g017-human-r2,paloma_redpajama,1.705584304670081
19.9m-g017-human-r2,paloma_twitteraae,2.7169424805314257
19.9m-g017-human-r2,paloma_wikitext_103,1.3854005866034795
19.9m-g018-control,c4,1.2198072408158955
19.9m-g018-control,cosmopedia,0.9486012833267025
19.9m-g018-control,fw22,1.2114872877723115
19.9m-g018-control,fw26,1.10020853181267
19.9m-g018-control,fw26_ai,0.9417096717287926
19.9m-g018-control,fw26_human,1.1434549693715448
19.9m-g018-control,paloma,1.635950528336605
19.9m-g018-control,paloma_4chan,1.6489738925220767
19.9m-g018-control,paloma_c4,1.239469420071848
19.9m-g018-control,paloma_c4_100_domains,1.2428338549206417
19.9m-g018-control,paloma_dolma,1.5398932753937344
19.9m-g018-control,paloma_falcon_refinedweb,1.3422334378043317
19.9m-g018-control,paloma_gab,2.209626175580857
19.9m-g018-control,paloma_m2d2_s2orc,1.4159095739775962
19.9m-g018-control,paloma_m2d2_wikipedia,1.3525602361552473
19.9m-g018-control,paloma_manosphere,1.6216313995431726
19.9m-g018-control,paloma_mc4_en,1.3542871477489233
19.9m-g018-control,paloma_programming,2.3384261947441276
19.9m-g018-control,paloma_ptb,1.5509818973866618
19.9m-g018-control,paloma_reddit_100,1.458757687654546
19.9m-g018-control,paloma_redpajama,1.7299428171795574
19.9m-g018-control,paloma_twitteraae,2.7354222633723957
19.9m-g018-control,paloma_wikitext_103,1.394259179329963
19.9m-g018-ai-r0.05,c4,1.2204131121861215
19.9m-g018-ai-r0.05,cosmopedia,0.9182570259872551
19.9m-g018-ai-r0.05,fw22,1.2120231846134737
19.9m-g018-ai-r0.05,fw26,1.0930931487439561
19.9m-g018-ai-r0.05,fw26_ai,0.9082124217539733
19.9m-g018-ai-r0.05,fw26_human,1.143496553776743
19.9m-g018-ai-r0.05,paloma,1.634697960228542
19.9m-g018-ai-r0.05,paloma_4chan,1.6168720650920716
19.9m-g018-ai-r0.05,paloma_c4,1.2407262987795968
19.9m-g018-ai-r0.05,paloma_c4_100_domains,1.2446230616960652
19.9m-g018-ai-r0.05,paloma_dolma,1.543357792123049
19.9m-g018-ai-r0.05,paloma_falcon_refinedweb,1.3445044509649644
19.9m-g018-ai-r0.05,paloma_gab,2.2070805406441307
19.9m-g018-ai-r0.05,paloma_m2d2_s2orc,1.419819254270726
19.9m-g018-ai-r0.05,paloma_m2d2_wikipedia,1.3561656211615816
19.9m-g018-ai-r0.05,paloma_manosphere,1.6180402820369773
19.9m-g018-ai-r0.05,paloma_mc4_en,1.35582484644729
19.9m-g018-ai-r0.05,paloma_programming,2.3275506803957353
19.9m-g018-ai-r0.05,paloma_ptb,1.551985920695452
19.9m-g018-ai-r0.05,paloma_reddit_100,1.45804423622954
19.9m-g018-ai-r0.05,paloma_redpajama,1.7313356934986863
19.9m-g018-ai-r0.05,paloma_twitteraae,2.735347205935321
19.9m-g018-ai-r0.05,paloma_wikitext_103,1.4038894136854831
19.9m-g018-ai-r0.1,c4,1.2216395950909993
19.9m-g018-ai-r0.1,cosmopedia,0.9055190084276659
19.9m-g018-ai-r0.1,fw22,1.2127549756982572
19.9m-g018-ai-r0.1,fw26,1.0899574027022052
19.9m-g018-ai-r0.1,fw26_ai,0.8929801232534725
19.9m-g018-ai-r0.1,fw26_human,1.143689493286762
19.9m-g018-ai-r0.1,paloma,1.6465307718462627
19.9m-g018-ai-r0.1,paloma_4chan,1.6350803669053686
19.9m-g018-ai-r0.1,paloma_c4,1.2422357452968573
19.9m-g018-ai-r0.1,paloma_c4_100_domains,1.2468112301724301
19.9m-g018-ai-r0.1,paloma_dolma,1.5560852636682743
19.9m-g018-ai-r0.1,paloma_falcon_refinedweb,1.346538239764708
19.9m-g018-ai-r0.1,paloma_gab,2.2173252112959956
19.9m-g018-ai-r0.1,paloma_m2d2_s2orc,1.4281480818208376
19.9m-g018-ai-r0.1,paloma_m2d2_wikipedia,1.3687759213863246
19.9m-g018-ai-r0.1,paloma_manosphere,1.6388156287954019
19.9m-g018-ai-r0.1,paloma_mc4_en,1.36023399918551
19.9m-g018-ai-r0.1,paloma_programming,2.381433098531497
19.9m-g018-ai-r0.1,paloma_ptb,1.5567037095749092
19.9m-g018-ai-r0.1,paloma_reddit_100,1.463594685160754
19.9m-g018-ai-r0.1,paloma_redpajama,1.7526577576275268
19.9m-g018-ai-r0.1,paloma_twitteraae,2.7427637727037184
19.9m-g018-ai-r0.1,paloma_wikitext_103,1.407289637650088
19.9m-g018-ai-r0.25,c4,1.2249122615290318
19.9m-g018-ai-r0.25,cosmopedia,0.8850663433217741
19.9m-g018-ai-r0.25,fw22,1.2158899059408435
19.9m-g018-ai-r0.25,fw26,1.0867499194637351
19.9m-g018-ai-r0.25,fw26_ai,0.8681987752186923
19.9m-g018-ai-r0.25,fw26_human,1.1463124020496602
19.9m-g018-ai-r0.25,paloma,1.6451540891827636
19.9m-g018-ai-r0.25,paloma_4chan,1.6583344870632004
19.9m-g018-ai-r0.25,paloma_c4,1.2457311750685902
19.9m-g018-ai-r0.25,paloma_c4_100_domains,1.2514331946190511
19.9m-g018-ai-r0.25,paloma_dolma,1.5469914557422018
19.9m-g018-ai-r0.25,paloma_falcon_refinedweb,1.350785724085511
19.9m-g018-ai-r0.25,paloma_gab,2.2275573946231977
19.9m-g018-ai-r0.25,paloma_m2d2_s2orc,1.4309976989348565
19.9m-g018-ai-r0.25,paloma_m2d2_wikipedia,1.3699645930007667
19.9m-g018-ai-r0.25,paloma_manosphere,1.6411923067439969
19.9m-g018-ai-r0.25,paloma_mc4_en,1.3618077881462884
19.9m-g018-ai-r0.25,paloma_programming,2.310337556490627
19.9m-g018-ai-r0.25,paloma_ptb,1.5486233835524696
19.9m-g018-ai-r0.25,paloma_reddit_100,1.4689868405287516
19.9m-g018-ai-r0.25,paloma_redpajama,1.7369461866935718
19.9m-g018-ai-r0.25,paloma_twitteraae,2.7587337411235375
19.9m-g018-ai-r0.25,paloma_wikitext_103,1.4140419005076013
19.9m-g018-ai-r0.5,c4,1.2306617018983448
19.9m-g018-ai-r0.5,cosmopedia,0.8651131827826416
19.9m-g018-ai-r0.5,fw22,1.2211302067502618
19.9m-g018-ai-r0.5,fw26,1.086672273619541
19.9m-g018-ai-r0.5,fw26_ai,0.8496547626109069
19.9m-g018-ai-r0.5,fw26_human,1.151263125009582
19.9m-g018-ai-r0.5,paloma,1.657330850552539
19.9m-g018-ai-r0.5,paloma_4chan,1.648643055669337
19.9m-g018-ai-r0.5,paloma_c4,1.2512825646960541
19.9m-g018-ai-r0.5,paloma_c4_100_domains,1.2591081517017981
19.9m-g018-ai-r0.5,paloma_dolma,1.561138831827764
19.9m-g018-ai-r0.5,paloma_falcon_refinedweb,1.3564543849442747
19.9m-g018-ai-r0.5,paloma_gab,2.244219975066903
19.9m-g018-ai-r0.5,paloma_m2d2_s2orc,1.4403347348507942
19.9m-g018-ai-r0.5,paloma_m2d2_wikipedia,1.3775525531547808
19.9m-g018-ai-r0.5,paloma_manosphere,1.6505060147844024
19.9m-g018-ai-r0.5,paloma_mc4_en,1.367681181414753
19.9m-g018-ai-r0.5,paloma_programming,2.3565503067666205
19.9m-g018-ai-r0.5,paloma_ptb,1.5667672441795477
19.9m-g018-ai-r0.5,paloma_reddit_100,1.4743083401555361
19.9m-g018-ai-r0.5,paloma_redpajama,1.7616639688941202
19.9m-g018-ai-r0.5,paloma_twitteraae,2.7784459139458155
19.9m-g018-ai-r0.5,paloma_wikitext_103,1.4226363867881253
19.9m-g018-ai-r1,c4,1.240064139565828
19.9m-g018-ai-r1,cosmopedia,0.8625316524470273
19.9m-g018-ai-r1,fw22,1.2304565270895513
19.9m-g018-ai-r1,fw26,1.0897896803985898
19.9m-g018-ai-r1,fw26_ai,0.8324503433913085
19.9m-g018-ai-r1,fw26_human,1.159812216637725
19.9m-g018-ai-r1,paloma,1.6726019854582617
19.9m-g018-ai-r1,paloma_4chan,1.670389993559231
19.9m-g018-ai-r1,paloma_c4,1.261625392016595
19.9m-g018-ai-r1,paloma_c4_100_domains,1.2712812275371839
19.9m-g018-ai-r1,paloma_dolma,1.5720090814239887
19.9m-g018-ai-r1,paloma_falcon_refinedweb,1.3673878270762474
19.9m-g018-ai-r1,paloma_gab,2.269055942682773
19.9m-g018-ai-r1,paloma_m2d2_s2orc,1.45181478984513
19.9m-g018-ai-r1,paloma_m2d2_wikipedia,1.3905246600422372
19.9m-g018-ai-r1,paloma_manosphere,1.6662193449977014
19.9m-g018-ai-r1,paloma_mc4_en,1.3830376374309297
19.9m-g018-ai-r1,paloma_programming,2.3744925413041287
19.9m-g018-ai-r1,paloma_ptb,1.5757219902773483
19.9m-g018-ai-r1,paloma_reddit_100,1.4893664712473498
19.9m-g018-ai-r1,paloma_redpajama,1.7744593116001575
19.9m-g018-ai-r1,paloma_twitteraae,2.807146704098579
19.9m-g018-ai-r1,paloma_wikitext_103,1.4370988521926074
19.9m-g019-control,c4,1.2158422559950752
19.9m-g019-control,cosmopedia,0.9440164994944811
19.9m-g019-control,fw22,1.2068257632399668
19.9m-g019-control,fw26,1.096291513799575
19.9m-g019-control,fw26_ai,0.938828714594056
19.9m-g019-control,fw26_human,1.13926272726477
19.9m-g019-control,paloma,1.6285001968199468
19.9m-g019-control,paloma_4chan,1.6201994340324641
19.9m-g019-control,paloma_c4,1.2353458531435035
19.9m-g019-control,paloma_c4_100_domains,1.2384710722684988
19.9m-g019-control,paloma_dolma,1.5404297938648766
19.9m-g019-control,paloma_falcon_refinedweb,1.3377894593832418
19.9m-g019-control,paloma_gab,2.1995016548151445
19.9m-g019-control,paloma_m2d2_s2orc,1.4138108531974578
19.9m-g019-control,paloma_m2d2_wikipedia,1.3503402421491513
19.9m-g019-control,paloma_manosphere,1.613463959265063
19.9m-g019-control,paloma_mc4_en,1.3497022375699568
19.9m-g019-control,paloma_programming,2.3271787655043346
19.9m-g019-control,paloma_ptb,1.5403687260978107
19.9m-g019-control,paloma_reddit_100,1.4543147325630705
19.9m-g019-control,paloma_redpajama,1.7304258788993423
19.9m-g019-control,paloma_twitteraae,2.7244380788633498
19.9m-g019-control,paloma_wikitext_103,1.380222407501884
19.9m-g019-ai-r0.05,c4,1.21584632610588
19.9m-g019-ai-r0.05,cosmopedia,0.9211554245152528
19.9m-g019-ai-r0.05,fw22,1.2068803613799466
19.9m-g019-ai-r0.05,fw26,1.0885072307939296
19.9m-g019-ai-r0.05,fw26_ai,0.9051542921303479
19.9m-g019-ai-r0.05,fw26_human,1.1385214897635332
19.9m-g019-ai-r0.05,paloma,1.6332770683608
19.9m-g019-ai-r0.05,paloma_4chan,1.6334064971550573
19.9m-g019-ai-r0.05,paloma_c4,1.2361621217268954
19.9m-g019-ai-r0.05,paloma_c4_100_domains,1.2394177027592874
19.9m-g019-ai-r0.05,paloma_dolma,1.5386418799404813
19.9m-g019-ai-r0.05,paloma_falcon_refinedweb,1.3391503287854518
19.9m-g019-ai-r0.05,paloma_gab,2.2091289404229237
19.9m-g019-ai-r0.05,paloma_m2d2_s2orc,1.4174105747011627
19.9m-g019-ai-r0.05,paloma_m2d2_wikipedia,1.3562760172778792
19.9m-g019-ai-r0.05,paloma_manosphere,1.6231075964816095
19.9m-g019-ai-r0.05,paloma_mc4_en,1.3500208503221323
19.9m-g019-ai-r0.05,paloma_programming,2.323103810255957
19.9m-g019-ai-r0.05,paloma_ptb,1.5455543073746314
19.9m-g019-ai-r0.05,paloma_reddit_100,1.4548183083967356
19.9m-g019-ai-r0.05,paloma_redpajama,1.7338388836336336
19.9m-g019-ai-r0.05,paloma_twitteraae,2.7361763620007924
19.9m-g019-ai-r0.05,paloma_wikitext_103,1.396218912538171
19.9m-g019-ai-r0.1,c4,1.2171397083173159
19.9m-g019-ai-r0.1,cosmopedia,0.8942930865629601
19.9m-g019-ai-r0.1,fw22,1.2081788279624093
19.9m-g019-ai-r0.1,fw26,1.0856908994767478
19.9m-g019-ai-r0.1,fw26_ai,0.8886434360743091
19.9m-g019-ai-r0.1,fw26_human,1.1394411651342418
19.9m-g019-ai-r0.1,paloma,1.6381985488274766
19.9m-g019-ai-r0.1,paloma_4chan,1.6186499563663723
19.9m-g019-ai-r0.1,paloma_c4,1.2371961474613695
19.9m-g019-ai-r0.1,paloma_c4_100_domains,1.2415561676887412
19.9m-g019-ai-r0.1,paloma_dolma,1.550810693399386
19.9m-g019-ai-r0.1,paloma_falcon_refinedweb,1.340343483664898
19.9m-g019-ai-r0.1,paloma_gab,2.211022763247191
19.9m-g019-ai-r0.1,paloma_m2d2_s2orc,1.4198019955820886
19.9m-g019-ai-r0.1,paloma_m2d2_wikipedia,1.3541804732115947
19.9m-g019-ai-r0.1,paloma_manosphere,1.622420210578426
19.9m-g019-ai-r0.1,paloma_mc4_en,1.3541131780042766
19.9m-g019-ai-r0.1,paloma_programming,2.3817485468016635
19.9m-g019-ai-r0.1,paloma_ptb,1.5393114743999154
19.9m-g019-ai-r0.1,paloma_reddit_100,1.4557616253846095
19.9m-g019-ai-r0.1,paloma_redpajama,1.7522697409880088
19.9m-g019-ai-r0.1,paloma_twitteraae,2.734175339164585
19.9m-g019-ai-r0.1,paloma_wikitext_103,1.397814985296501
19.9m-g019-ai-r0.25,c4,1.221551212009657
19.9m-g019-ai-r0.25,cosmopedia,0.879702069364458
19.9m-g019-ai-r0.25,fw22,1.2119048478919565
19.9m-g019-ai-r0.25,fw26,1.0832859343125776
19.9m-g019-ai-r0.25,fw26_ai,0.8652434928184193
19.9m-g019-ai-r0.25,fw26_human,1.1427137351043384
19.9m-g019-ai-r0.25,paloma,1.6419255260302368
19.9m-g019-ai-r0.25,paloma_4chan,1.6164847595345189
19.9m-g019-ai-r0.25,paloma_c4,1.2421923186233501
19.9m-g019-ai-r0.25,paloma_c4_100_domains,1.2478953827246286
19.9m-g019-ai-r0.25,paloma_dolma,1.5517626822978532
19.9m-g019-ai-r0.25,paloma_falcon_refinedweb,1.3474951867344325
19.9m-g019-ai-r0.25,paloma_gab,2.2241502093227568
19.9m-g019-ai-r0.25,paloma_m2d2_s2orc,1.4314930491552016
19.9m-g019-ai-r0.25,paloma_m2d2_wikipedia,1.3677084438153797
19.9m-g019-ai-r0.25,paloma_manosphere,1.6260890423267136
19.9m-g019-ai-r0.25,paloma_mc4_en,1.3590621981648565
19.9m-g019-ai-r0.25,paloma_programming,2.3426910222510595
19.9m-g019-ai-r0.25,paloma_ptb,1.5592313673288232
19.9m-g019-ai-r0.25,paloma_reddit_100,1.4635202206016376
19.9m-g019-ai-r0.25,paloma_redpajama,1.7398147750324888
19.9m-g019-ai-r0.25,paloma_twitteraae,2.745994446401026
19.9m-g019-ai-r0.25,paloma_wikitext_103,1.4052233121690618
19.9m-g019-ai-r0.5,c4,1.2281129023272301
19.9m-g019-ai-r0.5,cosmopedia,0.8608832059649684
19.9m-g019-ai-r0.5,fw22,1.2184223219260146
19.9m-g019-ai-r0.5,fw26,1.0838500889716924
19.9m-g019-ai-r0.5,fw26_ai,0.8467189859420844
19.9m-g019-ai-r0.5,fw26_human,1.1484733606835025
19.9m-g019-ai-r0.5,paloma,1.6548554762018834
19.9m-g019-ai-r0.5,paloma_4chan,1.6337560151259396
19.9m-g019-ai-r0.5,paloma_c4,1.250172495923796
19.9m-g019-ai-r0.5,paloma_c4_100_domains,1.2568653842402473
19.9m-g019-ai-r0.5,paloma_dolma,1.5577587701778628
19.9m-g019-ai-r0.5,paloma_falcon_refinedweb,1.3559145270924382
19.9m-g019-ai-r0.5,paloma_gab,2.2410727945364264
19.9m-g019-ai-r0.5,paloma_m2d2_s2orc,1.4429963146330032
19.9m-g019-ai-r0.5,paloma_m2d2_wikipedia,1.379473924264665
19.9m-g019-ai-r0.5,paloma_manosphere,1.6442352946941836
19.9m-g019-ai-r0.5,paloma_mc4_en,1.3708415717933968
19.9m-g019-ai-r0.5,paloma_programming,2.349007075194137
19.9m-g019-ai-r0.5,paloma_ptb,1.5759357073343447
19.9m-g019-ai-r0.5,paloma_reddit_100,1.4721451566070265
19.9m-g019-ai-r0.5,paloma_redpajama,1.74730443760923
19.9m-g019-ai-r0.5,paloma_twitteraae,2.778630160906528
19.9m-g019-ai-r0.5,paloma_wikitext_103,1.4215779890969107
19.9m-g019-ai-r1,c4,1.2377976121246261
19.9m-g019-ai-r1,cosmopedia,0.8539619318354762
19.9m-g019-ai-r1,fw22,1.2277062304908475
19.9m-g019-ai-r1,fw26,1.0873962311881549
19.9m-g019-ai-r1,fw26_ai,0.8296227484716269
19.9m-g019-ai-r1,fw26_human,1.1575724633438258
19.9m-g019-ai-r1,paloma,1.674484359756626
19.9m-g019-ai-r1,paloma_4chan,1.6777170000933164
19.9m-g019-ai-r1,paloma_c4,1.2601975802528826
19.9m-g019-ai-r1,paloma_c4_100_domains,1.2691918806463005
19.9m-g019-ai-r1,paloma_dolma,1.5760158596141223
19.9m-g019-ai-r1,paloma_falcon_refinedweb,1.3677503328948568
19.9m-g019-ai-r1,paloma_gab,2.2730342988925916
19.9m-g019-ai-r1,paloma_m2d2_s2orc,1.4588715801529708
19.9m-g019-ai-r1,paloma_m2d2_wikipedia,1.3949892877939856
19.9m-g019-ai-r1,paloma_manosphere,1.6656665369324863
19.9m-g019-ai-r1,paloma_mc4_en,1.3804496425075115
19.9m-g019-ai-r1,paloma_programming,2.3764830937096715
19.9m-g019-ai-r1,paloma_ptb,1.58715046091489
19.9m-g019-ai-r1,paloma_reddit_100,1.4884962483321809
19.9m-g019-ai-r1,paloma_redpajama,1.77372660709671
19.9m-g019-ai-r1,paloma_twitteraae,2.7976831803563416
19.9m-g019-ai-r1,paloma_wikitext_103,1.4443261659152
19.9m-g020-control,c4,1.2129584830338782
19.9m-g020-control,cosmopedia,0.9425276486188598
19.9m-g020-control,fw22,1.203895274076012
19.9m-g020-control,fw26,1.0929922158773602
19.9m-g020-control,fw26_ai,0.9351619842046085
19.9m-g020-control,fw26_human,1.1361226811387164
19.9m-g020-control,paloma,1.62593973591451
19.9m-g020-control,paloma_4chan,1.6181072966013013
19.9m-g020-control,paloma_c4,1.2323555522434149
19.9m-g020-control,paloma_c4_100_domains,1.2350797565632212
19.9m-g020-control,paloma_dolma,1.5373080090802649
19.9m-g020-control,paloma_falcon_refinedweb,1.334902138212425
19.9m-g020-control,paloma_gab,2.1969611614813407
19.9m-g020-control,paloma_m2d2_s2orc,1.4104948696249227
19.9m-g020-control,paloma_m2d2_wikipedia,1.3456444204607416
19.9m-g020-control,paloma_manosphere,1.609234316559354
19.9m-g020-control,paloma_mc4_en,1.345655489037446
19.9m-g020-control,paloma_programming,2.3339408210949237
19.9m-g020-control,paloma_ptb,1.5343654913565734
19.9m-g020-control,paloma_reddit_100,1.4512993854993417
19.9m-g020-control,paloma_redpajama,1.7259784496505222
19.9m-g020-control,paloma_twitteraae,2.7189767306796133
19.9m-g020-control,paloma_wikitext_103,1.3847318864867522
19.9m-g020-ai-r0.05,c4,1.2141902648921816
19.9m-g020-ai-r0.05,cosmopedia,0.9182833759688137
19.9m-g020-ai-r0.05,fw22,1.2048523135622593
19.9m-g020-ai-r0.05,fw26,1.0863697055709263
19.9m-g020-ai-r0.05,fw26_ai,0.9021230136846781
19.9m-g020-ai-r0.05,fw26_human,1.1366374521867928
19.9m-g020-ai-r0.05,paloma,1.6265725535927802
19.9m-g020-ai-r0.05,paloma_4chan,1.618156755035334
19.9m-g020-ai-r0.05,paloma_c4,1.233918918073712
19.9m-g020-ai-r0.05,paloma_c4_100_domains,1.2374370653311155
19.9m-g020-ai-r0.05,paloma_dolma,1.5367434520536951
19.9m-g020-ai-r0.05,paloma_falcon_refinedweb,1.3363536053642506
19.9m-g020-ai-r0.05,paloma_gab,2.203571796874302
19.9m-g020-ai-r0.05,paloma_m2d2_s2orc,1.415773459445111
19.9m-g020-ai-r0.05,paloma_m2d2_wikipedia,1.3484859497832928
19.9m-g020-ai-r0.05,paloma_manosphere,1.617686564665928
19.9m-g020-ai-r0.05,paloma_mc4_en,1.346947949672829
19.9m-g020-ai-r0.05,paloma_programming,2.30871207530232
19.9m-g020-ai-r0.05,paloma_ptb,1.5402722637390596
19.9m-g020-ai-r0.05,paloma_reddit_100,1.4558595654016053
19.9m-g020-ai-r0.05,paloma_redpajama,1.7262524282475356
19.9m-g020-ai-r0.05,paloma_twitteraae,2.712715646745246
19.9m-g020-ai-r0.05,paloma_wikitext_103,1.3862733617491447
19.9m-g020-ai-r0.1,c4,1.215213800024926
19.9m-g020-ai-r0.1,cosmopedia,0.9011873938319833
19.9m-g020-ai-r0.1,fw22,1.2058412791873097
19.9m-g020-ai-r0.1,fw26,1.0836324117218405
19.9m-g020-ai-r0.1,fw26_ai,0.8863625073578578
19.9m-g020-ai-r0.1,fw26_human,1.1374049487700457
19.9m-g020-ai-r0.1,paloma,1.6302726994760288
19.9m-g020-ai-r0.1,paloma_4chan,1.6175230826985616
19.9m-g020-ai-r0.1,paloma_c4,1.235434014551352
19.9m-g020-ai-r0.1,paloma_c4_100_domains,1.239417519169884
19.9m-g020-ai-r0.1,paloma_dolma,1.5389749162946045
19.9m-g020-ai-r0.1,paloma_falcon_refinedweb,1.3391654182068269
19.9m-g020-ai-r0.1,paloma_gab,2.2094166683924277
19.9m-g020-ai-r0.1,paloma_m2d2_s2orc,1.4213606964414656
19.9m-g020-ai-r0.1,paloma_m2d2_wikipedia,1.3549830058098529
19.9m-g020-ai-r0.1,paloma_manosphere,1.6181264823068786
19.9m-g020-ai-r0.1,paloma_mc4_en,1.35007811981269
19.9m-g020-ai-r0.1,paloma_programming,2.314746559717581
19.9m-g020-ai-r0.1,paloma_ptb,1.5424842867312025
19.9m-g020-ai-r0.1,paloma_reddit_100,1.458056550826465
19.9m-g020-ai-r0.1,paloma_redpajama,1.7291563373282461
19.9m-g020-ai-r0.1,paloma_twitteraae,2.7221378764581443
19.9m-g020-ai-r0.1,paloma_wikitext_103,1.3933016568702798
19.9m-g020-ai-r0.25,c4,1.2186733816888056
19.9m-g020-ai-r0.25,cosmopedia,0.8778460390634104
19.9m-g020-ai-r0.25,fw22,1.2093033199296848
19.9m-g020-ai-r0.25,fw26,1.0804819183350363
19.9m-g020-ai-r0.25,fw26_ai,0.8623643102015169
19.9m-g020-ai-r0.25,fw26_human,1.1399252176213177
19.9m-g020-ai-r0.25,paloma,1.6436543236968748
19.9m-g020-ai-r0.25,paloma_4chan,1.6264670098691425
19.9m-g020-ai-r0.25,paloma_c4,1.2403093263522118
19.9m-g020-ai-r0.25,paloma_c4_100_domains,1.2451847679216417
19.9m-g020-ai-r0.25,paloma_dolma,1.5508911771798066
19.9m-g020-ai-r0.25,paloma_falcon_refinedweb,1.34479567746348
19.9m-g020-ai-r0.25,paloma_gab,2.2192811658430034
19.9m-g020-ai-r0.25,paloma_m2d2_s2orc,1.4278905904832757
19.9m-g020-ai-r0.25,paloma_m2d2_wikipedia,1.3665699012283097
19.9m-g020-ai-r0.25,paloma_manosphere,1.6337679691456615
19.9m-g020-ai-r0.25,paloma_mc4_en,1.3590323213673998
19.9m-g020-ai-r0.25,paloma_programming,2.3718304983614966
19.9m-g020-ai-r0.25,paloma_ptb,1.5533965575857385
19.9m-g020-ai-r0.25,paloma_reddit_100,1.4606808318582571
19.9m-g020-ai-r0.25,paloma_redpajama,1.7441150076149623
19.9m-g020-ai-r0.25,paloma_twitteraae,2.75080591374585
19.9m-g020-ai-r0.25,paloma_wikitext_103,1.4034504631297626
19.9m-g020-ai-r0.5,c4,1.2254357334614154
19.9m-g020-ai-r0.5,cosmopedia,0.863060355472722
19.9m-g020-ai-r0.5,fw22,1.2156827432233044
19.9m-g020-ai-r0.5,fw26,1.0813025468616035
19.9m-g020-ai-r0.5,fw26_ai,0.8440874378375758
19.9m-g020-ai-r0.5,fw26_human,1.1458924184389188
19.9m-g020-ai-r0.5,paloma,1.6605648126615011
19.9m-g020-ai-r0.5,paloma_4chan,1.6866764693638914
19.9m-g020-ai-r0.5,paloma_c4,1.2486214467744583
19.9m-g020-ai-r0.5,paloma_c4_100_domains,1.2548387416696098
19.9m-g020-ai-r0.5,paloma_dolma,1.5632056702775812
19.9m-g020-ai-r0.5,paloma_falcon_refinedweb,1.3549637795280267
19.9m-g020-ai-r0.5,paloma_gab,2.2452719449672314
19.9m-g020-ai-r0.5,paloma_m2d2_s2orc,1.4511004405403731
19.9m-g020-ai-r0.5,paloma_m2d2_wikipedia,1.3876744492412083
19.9m-g020-ai-r0.5,paloma_manosphere,1.655777902588998
19.9m-g020-ai-r0.5,paloma_mc4_en,1.3690671637383753
19.9m-g020-ai-r0.5,paloma_programming,2.352893888920394
19.9m-g020-ai-r0.5,paloma_ptb,1.5811584328922277
19.9m-g020-ai-r0.5,paloma_reddit_100,1.473941543804034
19.9m-g020-ai-r0.5,paloma_redpajama,1.7566758055186533
19.9m-g020-ai-r0.5,paloma_twitteraae,2.7663622848751466
19.9m-g020-ai-r0.5,paloma_wikitext_103,1.4208070378838071
19.9m-g020-ai-r1,c4,1.2353595572214386
19.9m-g020-ai-r1,cosmopedia,0.8491933678646151
19.9m-g020-ai-r1,fw22,1.2252332610606143
19.9m-g020-ai-r1,fw26,1.085078924403903
19.9m-g020-ai-r1,fw26_ai,0.8280135390929598
19.9m-g020-ai-r1,fw26_human,1.1550754004012138
19.9m-g020-ai-r1,paloma,1.6661164746443828
19.9m-g020-ai-r1,paloma_4chan,1.6664307364971835
19.9m-g020-ai-r1,paloma_c4,1.2569840086624757
19.9m-g020-ai-r1,paloma_c4_100_domains,1.2659835363663408
19.9m-g020-ai-r1,paloma_dolma,1.5653392661952628
19.9m-g020-ai-r1,paloma_falcon_refinedweb,1.3631945306433437
19.9m-g020-ai-r1,paloma_gab,2.2669238270933127
19.9m-g020-ai-r1,paloma_m2d2_s2orc,1.4537085836934116
19.9m-g020-ai-r1,paloma_m2d2_wikipedia,1.3877828286196379
19.9m-g020-ai-r1,paloma_manosphere,1.6638606573305246
19.9m-g020-ai-r1,paloma_mc4_en,1.3763233839308073
19.9m-g020-ai-r1,paloma_programming,2.343232976725744
19.9m-g020-ai-r1,paloma_ptb,1.5787553318242593
19.9m-g020-ai-r1,paloma_reddit_100,1.48310623411335
19.9m-g020-ai-r1,paloma_redpajama,1.7618518498526252
19.9m-g020-ai-r1,paloma_twitteraae,2.7909831099148477
19.9m-g020-ai-r1,paloma_wikitext_103,1.4334027328469994
19.9m-f01-ai-removed,c4,1.2878059439757805
19.9m-f01-ai-removed,cosmopedia,1.0265043137437169
19.9m-f01-ai-removed,fw22,1.2822647924609243
19.9m-f01-ai-removed,fw26,1.1727179734188793
19.9m-f01-ai-removed,fw26_ai,1.0192437891867026
19.9m-f01-ai-removed,fw26_human,1.2146857861204117
19.9m-f01-web-mix,c4,1.2861720579564664
19.9m-f01-web-mix,cosmopedia,0.9445969324428543
19.9m-f01-web-mix,fw22,1.2791073342217125
19.9m-f01-web-mix,fw26,1.149807561387268
19.9m-f01-web-mix,fw26_ai,0.9306981312271626
19.9m-f01-web-mix,fw26_human,1.2095585997908902
19.9m-f02-ai-removed,c4,1.2509433898719908
19.9m-f02-ai-removed,cosmopedia,0.9814414198813597
19.9m-f02-ai-removed,fw22,1.2436569808290747
19.9m-f02-ai-removed,fw26,1.1332930489411075
19.9m-f02-ai-removed,fw26_ai,0.9761822062811686
19.9m-f02-ai-removed,fw26_human,1.1761998025907336
19.9m-f02-web-mix,c4,1.2531570343558398
19.9m-f02-web-mix,cosmopedia,0.9013910458445649
19.9m-f02-web-mix,fw22,1.2449554171030552
19.9m-f02-web-mix,fw26,1.1150161041048425
19.9m-f02-web-mix,fw26_ai,0.8931940409295338
19.9m-f02-web-mix,fw26_human,1.1754900309602636
19.9m-f03-ai-removed,c4,1.236945030409709
19.9m-f03-ai-removed,cosmopedia,0.9722262810840584
19.9m-f03-ai-removed,fw22,1.229199280671365
19.9m-f03-ai-removed,fw26,1.1183830345618657
19.9m-f03-ai-removed,fw26_ai,0.9605402993899766
19.9m-f03-ai-removed,fw26_human,1.1615425002054915
19.9m-f03-web-mix,c4,1.2403541118376953
19.9m-f03-web-mix,cosmopedia,0.891201115190855
19.9m-f03-web-mix,fw22,1.231774760613001
19.9m-f03-web-mix,fw26,1.1015923100118628
19.9m-f03-web-mix,fw26_ai,0.8794339987306151
19.9m-f03-web-mix,fw26_human,1.1621709882164466
19.9m-f04-ai-removed,c4,1.2290370134186157
19.9m-f04-ai-removed,cosmopedia,0.9595806949286575
19.9m-f04-ai-removed,fw22,1.2209549470868266
19.9m-f04-ai-removed,fw26,1.1100211067522414
19.9m-f04-ai-removed,fw26_ai,0.9521266978844182
19.9m-f04-ai-removed,fw26_human,1.1531627483733276
19.9m-f04-web-mix,c4,1.2355041370035944
19.9m-f04-web-mix,cosmopedia,0.881755552781249
19.9m-f04-web-mix,fw22,1.2267147187962335
19.9m-f04-web-mix,fw26,1.0967646046135813
19.9m-f04-web-mix,fw26_ai,0.875069525734255
19.9m-f04-web-mix,fw26_human,1.1571985552112551
19.9m-f05-ai-removed,c4,1.2246317730363259
19.9m-f05-ai-removed,cosmopedia,0.9574887074554459
19.9m-f05-ai-removed,fw22,1.2165020730573193
19.9m-f05-ai-removed,fw26,1.1057814122570397
19.9m-f05-ai-removed,fw26_ai,0.9482185323239712
19.9m-f05-ai-removed,fw26_human,1.1488281718672693
19.9m-f05-web-mix,c4,1.2318861587466043
19.9m-f05-web-mix,cosmopedia,0.8890406985510164
19.9m-f05-web-mix,fw22,1.222953146545665
19.9m-f05-web-mix,fw26,1.0929531718814451
19.9m-f05-web-mix,fw26_ai,0.8708925242130898
19.9m-f05-web-mix,fw26_human,1.153460931935663
19.9m-g010-repeat-r1,c4,1.2301476960605564
19.9m-g010-repeat-r1,cosmopedia,0.971889145002131
19.9m-g010-repeat-r1,fw22,1.22187151878154
19.9m-g010-repeat-r1,fw26,1.1106890146615158
19.9m-g010-repeat-r1,fw26_ai,0.9532158408727204
19.9m-g010-repeat-r1,fw26_human,1.1537619032320998
19.9m-g010-repeat-r4,c4,1.2173750412257258
19.9m-g010-repeat-r4,cosmopedia,0.9466049635094906
19.9m-g010-repeat-r4,fw22,1.208665659139428
19.9m-g010-repeat-r4,fw26,1.0961862014277655
19.9m-g010-repeat-r4,fw26_ai,0.9374082903724207
19.9m-g010-repeat-r4,fw26_human,1.1395631328546794
19.9m-g010-repeat-r8,c4,1.2135310197787574
19.9m-g010-repeat-r8,cosmopedia,0.9452124221120487
19.9m-g010-repeat-r8,fw22,1.2042871586709814
19.9m-g010-repeat-r8,fw26,1.0918821723239756
19.9m-g010-repeat-r8,fw26_ai,0.9336096940565091
19.9m-g010-repeat-r8,fw26_human,1.135136249910054
35.8m-g021-control,c4,1.2682099098073618
35.8m-g021-control,cosmopedia,1.0060789977786162
35.8m-g021-control,fw22,1.262285298557897
35.8m-g021-control,fw26,1.152402251018862
35.8m-g021-control,fw26_ai,0.997935852835402
35.8m-g021-control,fw26_human,1.194609687383014
35.8m-g021-control,paloma,1.6893362314440898
35.8m-g021-control,paloma_4chan,1.6946587278280638
35.8m-g021-control,paloma_c4,1.2858294658351148
35.8m-g021-control,paloma_c4_100_domains,1.2945059757702162
35.8m-g021-control,paloma_dolma,1.5988214792029842
35.8m-g021-control,paloma_falcon_refinedweb,1.3867707380999394
35.8m-g021-control,paloma_gab,2.2860296911388756
35.8m-g021-control,paloma_m2d2_s2orc,1.4551692215942653
35.8m-g021-control,paloma_m2d2_wikipedia,1.3849791920322114
35.8m-g021-control,paloma_manosphere,1.6663785015182984
35.8m-g021-control,paloma_mc4_en,1.4114841675109446
35.8m-g021-control,paloma_programming,2.394176558005776
35.8m-g021-control,paloma_ptb,1.586193477631111
35.8m-g021-control,paloma_reddit_100,1.509687993571795
35.8m-g021-control,paloma_redpajama,1.8214126539010078
35.8m-g021-control,paloma_twitteraae,2.7986363247525796
35.8m-g021-control,paloma_wikitext_103,1.454645534712255
35.8m-g021-ai-r0.05,c4,1.264353695399545
35.8m-g021-ai-r0.05,cosmopedia,0.9664264698482642
35.8m-g021-ai-r0.05,fw22,1.2577340488477784
35.8m-g021-ai-r0.05,fw26,1.1407547964644829
35.8m-g021-ai-r0.05,fw26_ai,0.9619250377487448
35.8m-g021-ai-r0.05,fw26_human,1.1895395816879346
35.8m-g021-ai-r0.05,paloma,1.6875221141849464
35.8m-g021-ai-r0.05,paloma_4chan,1.6897046281143049
35.8m-g021-ai-r0.05,paloma_c4,1.2820836584375506
35.8m-g021-ai-r0.05,paloma_c4_100_domains,1.2912718428394392
35.8m-g021-ai-r0.05,paloma_dolma,1.600940402534447
35.8m-g021-ai-r0.05,paloma_falcon_refinedweb,1.3840183045243666
35.8m-g021-ai-r0.05,paloma_gab,2.2840485955899696
35.8m-g021-ai-r0.05,paloma_m2d2_s2orc,1.4536688055692362
35.8m-g021-ai-r0.05,paloma_m2d2_wikipedia,1.3831562853540307
35.8m-g021-ai-r0.05,paloma_manosphere,1.6528669562113354
35.8m-g021-ai-r0.05,paloma_mc4_en,1.4089933458727977
35.8m-g021-ai-r0.05,paloma_programming,2.417413032792291
35.8m-g021-ai-r0.05,paloma_ptb,1.5759634351525038
35.8m-g021-ai-r0.05,paloma_reddit_100,1.5020037569865459
35.8m-g021-ai-r0.05,paloma_redpajama,1.8215021644171034
35.8m-g021-ai-r0.05,paloma_twitteraae,2.797172606595643
35.8m-g021-ai-r0.05,paloma_wikitext_103,1.455546005967577
35.8m-g021-ai-r0.1,c4,1.2615807658581464
35.8m-g021-ai-r0.1,cosmopedia,0.9475838213385245
35.8m-g021-ai-r0.1,fw22,1.2549193699656227
35.8m-g021-ai-r0.1,fw26,1.1337615041678921
35.8m-g021-ai-r0.1,fw26_ai,0.9417454204329323
35.8m-g021-ai-r0.1,fw26_human,1.1861074817307844
35.8m-g021-ai-r0.1,paloma,1.6852118401927032
35.8m-g021-ai-r0.1,paloma_4chan,1.6810162690559205
35.8m-g021-ai-r0.1,paloma_c4,1.2794188566797424
35.8m-g021-ai-r0.1,paloma_c4_100_domains,1.2893435132837203
35.8m-g021-ai-r0.1,paloma_dolma,1.5938809701263963
35.8m-g021-ai-r0.1,paloma_falcon_refinedweb,1.3814721614301875
35.8m-g021-ai-r0.1,paloma_gab,2.2873562918828942
35.8m-g021-ai-r0.1,paloma_m2d2_s2orc,1.4579085585297744
35.8m-g021-ai-r0.1,paloma_m2d2_wikipedia,1.3818669564268573
35.8m-g021-ai-r0.1,paloma_manosphere,1.6539602362343713
35.8m-g021-ai-r0.1,paloma_mc4_en,1.404663156928674
35.8m-g021-ai-r0.1,paloma_programming,2.387805956654632
35.8m-g021-ai-r0.1,paloma_ptb,1.5857520879807798
35.8m-g021-ai-r0.1,paloma_reddit_100,1.5041863037264542
35.8m-g021-ai-r0.1,paloma_redpajama,1.8150785163853844
35.8m-g021-ai-r0.1,paloma_twitteraae,2.803834199691988
35.8m-g021-ai-r0.1,paloma_wikitext_103,1.4558454080654772
35.8m-g021-ai-r0.25,c4,1.2513971858643758
35.8m-g021-ai-r0.25,cosmopedia,0.9094657815657626
35.8m-g021-ai-r0.25,fw22,1.2437363659683742
35.8m-g021-ai-r0.25,fw26,1.1156779285191079
35.8m-g021-ai-r0.25,fw26_ai,0.8990617838916157
35.8m-g021-ai-r0.25,fw26_human,1.1746997673013826
35.8m-g021-ai-r0.25,paloma,1.676500190375338
35.8m-g021-ai-r0.25,paloma_4chan,1.6620131843650015
35.8m-g021-ai-r0.25,paloma_c4,1.2691880807539482
35.8m-g021-ai-r0.25,paloma_c4_100_domains,1.2790506812570182
35.8m-g021-ai-r0.25,paloma_dolma,1.5889723363785941
35.8m-g021-ai-r0.25,paloma_falcon_refinedweb,1.3711315947711151
35.8m-g021-ai-r0.25,paloma_gab,2.290679464636717
35.8m-g021-ai-r0.25,paloma_m2d2_s2orc,1.4384517126907053
35.8m-g021-ai-r0.25,paloma_m2d2_wikipedia,1.3718794228424578
35.8m-g021-ai-r0.25,paloma_manosphere,1.6561757740626188
35.8m-g021-ai-r0.25,paloma_mc4_en,1.3881789662023543
35.8m-g021-ai-r0.25,paloma_programming,2.3919351905765924
35.8m-g021-ai-r0.25,paloma_ptb,1.5644242505933441
35.8m-g021-ai-r0.25,paloma_reddit_100,1.502212697911977
35.8m-g021-ai-r0.25,paloma_redpajama,1.8076632702415272
35.8m-g021-ai-r0.25,paloma_twitteraae,2.800971381698467
35.8m-g021-ai-r0.25,paloma_wikitext_103,1.4410750370229708
35.8m-g021-ai-r0.5,c4,1.2438885112684082
35.8m-g021-ai-r0.5,cosmopedia,0.8768643717651956
35.8m-g021-ai-r0.5,fw22,1.2358218583980205
35.8m-g021-ai-r0.5,fw26,1.101938036389074
35.8m-g021-ai-r0.5,fw26_ai,0.8644001569582095
35.8m-g021-ai-r0.5,fw26_human,1.1666282685579883
35.8m-g021-ai-r0.5,paloma,1.6661985180269538
35.8m-g021-ai-r0.5,paloma_4chan,1.6337971055527105
35.8m-g021-ai-r0.5,paloma_c4,1.26335921230429
35.8m-g021-ai-r0.5,paloma_c4_100_domains,1.2727074023972447
35.8m-g021-ai-r0.5,paloma_dolma,1.5726192670444472
35.8m-g021-ai-r0.5,paloma_falcon_refinedweb,1.3654092784015832
35.8m-g021-ai-r0.5,paloma_gab,2.2869936340299013
35.8m-g021-ai-r0.5,paloma_m2d2_s2orc,1.4358433206291128
35.8m-g021-ai-r0.5,paloma_m2d2_wikipedia,1.3683708766280127
35.8m-g021-ai-r0.5,paloma_manosphere,1.646745905385157
35.8m-g021-ai-r0.5,paloma_mc4_en,1.3771322670559016
35.8m-g021-ai-r0.5,paloma_programming,2.360593015037479
35.8m-g021-ai-r0.5,paloma_ptb,1.5516605593477484
35.8m-g021-ai-r0.5,paloma_reddit_100,1.4951102959891174
35.8m-g021-ai-r0.5,paloma_redpajama,1.7923926110733117
35.8m-g021-ai-r0.5,paloma_twitteraae,2.8025713484184274
35.8m-g021-ai-r0.5,paloma_wikitext_103,1.433870189136816
35.8m-g021-ai-r1,c4,1.235454401273076
35.8m-g021-ai-r1,cosmopedia,0.8451754972893922
35.8m-g021-ai-r1,fw22,1.226315576183432
35.8m-g021-ai-r1,fw26,1.0859378845774166
35.8m-g021-ai-r1,fw26_ai,0.8255545261904303
35.8m-g021-ai-r1,fw26_human,1.1567913256208517
35.8m-g021-ai-r1,paloma,1.6621488323359495
35.8m-g021-ai-r1,paloma_4chan,1.6295593425973698
35.8m-g021-ai-r1,paloma_c4,1.2557070108219621
35.8m-g021-ai-r1,paloma_c4_100_domains,1.2663933747836935
35.8m-g021-ai-r1,paloma_dolma,1.5603181215931254
35.8m-g021-ai-r1,paloma_falcon_refinedweb,1.360215022374576
35.8m-g021-ai-r1,paloma_gab,2.286016247497964
35.8m-g021-ai-r1,paloma_m2d2_s2orc,1.4397858368478857
35.8m-g021-ai-r1,paloma_m2d2_wikipedia,1.3708761936786695
35.8m-g021-ai-r1,paloma_manosphere,1.6426192626779834
35.8m-g021-ai-r1,paloma_mc4_en,1.3751571746129507
35.8m-g021-ai-r1,paloma_programming,2.3436340413270864
35.8m-g021-ai-r1,paloma_ptb,1.5478345574333177
35.8m-g021-ai-r1,paloma_reddit_100,1.4843702605838212
35.8m-g021-ai-r1,paloma_redpajama,1.7772394715864215
35.8m-g021-ai-r1,paloma_twitteraae,2.8193715906493058
35.8m-g021-ai-r1,paloma_wikitext_103,1.4352838083090589
35.8m-g022-control,c4,1.2678287117774631
35.8m-g022-control,cosmopedia,1.004917493905569
35.8m-g022-control,fw22,1.2617620637526898
35.8m-g022-control,fw26,1.152293580375223
35.8m-g022-control,fw26_ai,0.9982470348363787
35.8m-g022-control,fw26_human,1.1944318746764726
35.8m-g022-control,paloma,1.6804111834106465
35.8m-g022-control,paloma_4chan,1.6598830129372897
35.8m-g022-control,paloma_c4,1.2849819911671927
35.8m-g022-control,paloma_c4_100_domains,1.293730710460435
35.8m-g022-control,paloma_dolma,1.5946442852255756
35.8m-g022-control,paloma_falcon_refinedweb,1.3857990954352273
35.8m-g022-control,paloma_gab,2.297850503514271
35.8m-g022-control,paloma_m2d2_s2orc,1.4515054134078673
35.8m-g022-control,paloma_m2d2_wikipedia,1.3820650613787424
35.8m-g022-control,paloma_manosphere,1.6605927154613567
35.8m-g022-control,paloma_mc4_en,1.4068449373148337
35.8m-g022-control,paloma_programming,2.36760541452288
35.8m-g022-control,paloma_ptb,1.559838094843511
35.8m-g022-control,paloma_reddit_100,1.5038776241811227
35.8m-g022-control,paloma_redpajama,1.7915341790905241
35.8m-g022-control,paloma_twitteraae,2.7953285139521675
35.8m-g022-control,paloma_wikitext_103,1.4504973816773477
35.8m-g022-ai-r0.0234,c4,1.2665558328646247
35.8m-g022-ai-r0.0234,cosmopedia,0.98527698153129
35.8m-g022-ai-r0.0234,fw22,1.2602110843258219
35.8m-g022-ai-r0.0234,fw26,1.1460447246646708
35.8m-g022-ai-r0.0234,fw26_ai,0.9764890382696242
35.8m-g022-ai-r0.0234,fw26_human,1.1923868473211643
35.8m-g022-ai-r0.0234,paloma,1.6839910019899187
35.8m-g022-ai-r0.0234,paloma_4chan,1.668530973412023
35.8m-g022-ai-r0.0234,paloma_c4,1.283415829052455
35.8m-g022-ai-r0.0234,paloma_c4_100_domains,1.2926371392636997
35.8m-g022-ai-r0.0234,paloma_dolma,1.5992810515423084
35.8m-g022-ai-r0.0234,paloma_falcon_refinedweb,1.3841269478928897
35.8m-g022-ai-r0.0234,paloma_gab,2.298002171105822
35.8m-g022-ai-r0.0234,paloma_m2d2_s2orc,1.4488094721228681
35.8m-g022-ai-r0.0234,paloma_m2d2_wikipedia,1.380657921859079
35.8m-g022-ai-r0.0234,paloma_manosphere,1.6639748656196212
35.8m-g022-ai-r0.0234,paloma_mc4_en,1.403335040571619
35.8m-g022-ai-r0.0234,paloma_programming,2.3879135694326648
35.8m-g022-ai-r0.0234,paloma_ptb,1.5681897644204739
35.8m-g022-ai-r0.0234,paloma_reddit_100,1.5062959152513684
35.8m-g022-ai-r0.0234,paloma_redpajama,1.8004911827686771
35.8m-g022-ai-r0.0234,paloma_twitteraae,2.803684783958177
35.8m-g022-ai-r0.0234,paloma_wikitext_103,1.454509403564952
35.8m-g022-ai-r0.0465,c4,1.2654298563591757
35.8m-g022-ai-r0.0465,cosmopedia,0.9683547877210086
35.8m-g022-ai-r0.0465,fw22,1.2587241938339848
35.8m-g022-ai-r0.0465,fw26,1.1419229733414593
35.8m-g022-ai-r0.0465,fw26_ai,0.9630903493465731
35.8m-g022-ai-r0.0465,fw26_human,1.190726823310003
35.8m-g022-ai-r0.0465,paloma,1.684661043102464
35.8m-g022-ai-r0.0465,paloma_4chan,1.6965713245231147
35.8m-g022-ai-r0.0465,paloma_c4,1.2833496039163104
35.8m-g022-ai-r0.0465,paloma_c4_100_domains,1.2923598829586178
35.8m-g022-ai-r0.0465,paloma_dolma,1.5983451358592111
35.8m-g022-ai-r0.0465,paloma_falcon_refinedweb,1.3844967879988221
35.8m-g022-ai-r0.0465,paloma_gab,2.2902990638547687
35.8m-g022-ai-r0.0465,paloma_m2d2_s2orc,1.4536087650701703
35.8m-g022-ai-r0.0465,paloma_m2d2_wikipedia,1.3835312750947506
35.8m-g022-ai-r0.0465,paloma_manosphere,1.6576073137932992
35.8m-g022-ai-r0.0465,paloma_mc4_en,1.4065258948713173
35.8m-g022-ai-r0.0465,paloma_programming,2.37483393317668
35.8m-g022-ai-r0.0465,paloma_ptb,1.5861688228502466
35.8m-g022-ai-r0.0465,paloma_reddit_100,1.5023497734752518
35.8m-g022-ai-r0.0465,paloma_redpajama,1.7992693570062896
35.8m-g022-ai-r0.0465,paloma_twitteraae,2.7944148062117105
35.8m-g022-ai-r0.0465,paloma_wikitext_103,1.45084494897886
35.8m-g022-ai-r2.1,c4,1.2300356937538999
35.8m-g022-ai-r2.1,cosmopedia,0.8130713072741125
35.8m-g022-ai-r2.1,fw22,1.2204231409485613
35.8m-g022-ai-r2.1,fw26,1.0739003894667167
35.8m-g022-ai-r2.1,fw26_ai,0.7924855235271858
35.8m-g022-ai-r2.1,fw26_human,1.1505208503797113
35.8m-g022-ai-r2.1,paloma,1.6725422848165508
35.8m-g022-ai-r2.1,paloma_4chan,1.6989836887406424
35.8m-g022-ai-r2.1,paloma_c4,1.2528470740907411
35.8m-g022-ai-r2.1,paloma_c4_100_domains,1.2642241453242389
35.8m-g022-ai-r2.1,paloma_dolma,1.5679203974650957
35.8m-g022-ai-r2.1,paloma_falcon_refinedweb,1.3593561273971497
35.8m-g022-ai-r2.1,paloma_gab,2.300326730913639
35.8m-g022-ai-r2.1,paloma_m2d2_s2orc,1.4499497749213288
35.8m-g022-ai-r2.1,paloma_m2d2_wikipedia,1.374889973384858
35.8m-g022-ai-r2.1,paloma_manosphere,1.6580228677155613
35.8m-g022-ai-r2.1,paloma_mc4_en,1.3751672175439453
35.8m-g022-ai-r2.1,paloma_programming,2.357498198286001
35.8m-g022-ai-r2.1,paloma_ptb,1.573728505345664
35.8m-g022-ai-r2.1,paloma_reddit_100,1.4853263536520518
35.8m-g022-ai-r2.1,paloma_redpajama,1.774558865250135
35.8m-g022-ai-r2.1,paloma_twitteraae,2.8215263404817836
35.8m-g022-ai-r2.1,paloma_wikitext_103,1.446350296551977
35.8m-g022-ai-r4.31,c4,1.2261333461026107
35.8m-g022-ai-r4.31,cosmopedia,0.7835398550371527
35.8m-g022-ai-r4.31,fw22,1.215023474212493
35.8m-g022-ai-r4.31,fw26,1.0633578407720865
35.8m-g022-ai-r4.31,fw26_ai,0.7618114635980985
35.8m-g022-ai-r4.31,fw26_human,1.1453501451973407
35.8m-g022-ai-r4.31,paloma,1.6608888825985313
35.8m-g022-ai-r4.31,paloma_4chan,1.6443743170516927
35.8m-g022-ai-r4.31,paloma_c4,1.2492863508640444
35.8m-g022-ai-r4.31,paloma_c4_100_domains,1.2609060847783822
35.8m-g022-ai-r4.31,paloma_dolma,1.5503501541558056
35.8m-g022-ai-r4.31,paloma_falcon_refinedweb,1.356437930920358
35.8m-g022-ai-r4.31,paloma_gab,2.313002897388766
35.8m-g022-ai-r4.31,paloma_m2d2_s2orc,1.4422055111329841
35.8m-g022-ai-r4.31,paloma_m2d2_wikipedia,1.3712257062473032
35.8m-g022-ai-r4.31,paloma_manosphere,1.6512113644121116
35.8m-g022-ai-r4.31,paloma_mc4_en,1.3636950555586347
35.8m-g022-ai-r4.31,paloma_programming,2.2899647563722967
35.8m-g022-ai-r4.31,paloma_ptb,1.5473004128040908
35.8m-g022-ai-r4.31,paloma_reddit_100,1.4829738321501094
35.8m-g022-ai-r4.31,paloma_redpajama,1.7468552412121028
35.8m-g022-ai-r4.31,paloma_twitteraae,2.8601067826774957
35.8m-g022-ai-r4.31,paloma_wikitext_103,1.4443257238503222
35.8m-g022-ai-r8.76,c4,1.2255086236105004
35.8m-g022-ai-r8.76,cosmopedia,0.7679808998871296
35.8m-g022-ai-r8.76,fw22,1.2141745279658909
35.8m-g022-ai-r8.76,fw26,1.0581290463488042
35.8m-g022-ai-r8.76,fw26_ai,0.7407835190295841
35.8m-g022-ai-r8.76,fw26_human,1.1443751096962989
35.8m-g022-ai-r8.76,paloma,1.6809594599755258
35.8m-g022-ai-r8.76,paloma_4chan,1.6527993848985234
35.8m-g022-ai-r8.76,paloma_c4,1.2511267974211804
35.8m-g022-ai-r8.76,paloma_c4_100_domains,1.264026272173373
35.8m-g022-ai-r8.76,paloma_dolma,1.5734392084991426
35.8m-g022-ai-r8.76,paloma_falcon_refinedweb,1.361426277915991
35.8m-g022-ai-r8.76,paloma_gab,2.3377286573622302
35.8m-g022-ai-r8.76,paloma_m2d2_s2orc,1.4560359135267344
35.8m-g022-ai-r8.76,paloma_m2d2_wikipedia,1.3852546218042459
35.8m-g022-ai-r8.76,paloma_manosphere,1.6692564401418686
35.8m-g022-ai-r8.76,paloma_mc4_en,1.3717906775261408
35.8m-g022-ai-r8.76,paloma_programming,2.3696983638080273
35.8m-g022-ai-r8.76,paloma_ptb,1.5704063546790548
35.8m-g022-ai-r8.76,paloma_reddit_100,1.4952283842175609
35.8m-g022-ai-r8.76,paloma_redpajama,1.7833777900256325
35.8m-g022-ai-r8.76,paloma_twitteraae,2.902271251059973
35.8m-g022-ai-r8.76,paloma_wikitext_103,1.4514849645487315
35.8m-g022-ai-r17.6,c4,1.2263453964184725
35.8m-g022-ai-r17.6,cosmopedia,0.7544588019816401
35.8m-g022-ai-r17.6,fw22,1.2149329424613604
35.8m-g022-ai-r17.6,fw26,1.0553167463890913
35.8m-g022-ai-r17.6,fw26_ai,0.7238444106745675
35.8m-g022-ai-r17.6,fw26_human,1.1453700006506309
35.8m-g022-ai-r17.6,paloma,1.689497771039779
35.8m-g022-ai-r17.6,paloma_4chan,1.694419550260131
35.8m-g022-ai-r17.6,paloma_c4,1.2521498312876422
35.8m-g022-ai-r17.6,paloma_c4_100_domains,1.266082426557254
35.8m-g022-ai-r17.6,paloma_dolma,1.5756776974124265
35.8m-g022-ai-r17.6,paloma_falcon_refinedweb,1.3639472749165935
35.8m-g022-ai-r17.6,paloma_gab,2.3582203033059446
35.8m-g022-ai-r17.6,paloma_m2d2_s2orc,1.4541256854293518
35.8m-g022-ai-r17.6,paloma_m2d2_wikipedia,1.385300220892459
35.8m-g022-ai-r17.6,paloma_manosphere,1.6858604733060953
35.8m-g022-ai-r17.6,paloma_mc4_en,1.37465632181346
35.8m-g022-ai-r17.6,paloma_programming,2.3792590968595575
35.8m-g022-ai-r17.6,paloma_ptb,1.5807782784437692
35.8m-g022-ai-r17.6,paloma_reddit_100,1.5021859053366553
35.8m-g022-ai-r17.6,paloma_redpajama,1.778255376886506
35.8m-g022-ai-r17.6,paloma_twitteraae,2.9241165378153857
35.8m-g022-ai-r17.6,paloma_wikitext_103,1.456929356113233
35.8m-g022-ai-r35,c4,1.227456736206384
35.8m-g022-ai-r35,cosmopedia,0.7468761370737198
35.8m-g022-ai-r35,fw22,1.2160475932800907
35.8m-g022-ai-r35,fw26,1.053564381271273
35.8m-g022-ai-r35,fw26_ai,0.7130226707651326
35.8m-g022-ai-r35,fw26_human,1.1460584963422034
35.8m-g022-ai-r35,paloma,1.7021654408394473
35.8m-g022-ai-r35,paloma_4chan,1.7092519013495313
35.8m-g022-ai-r35,paloma_c4,1.2527036723571565
35.8m-g022-ai-r35,paloma_c4_100_domains,1.2680626478367214
35.8m-g022-ai-r35,paloma_dolma,1.593682164831337
35.8m-g022-ai-r35,paloma_falcon_refinedweb,1.3657418838022566
35.8m-g022-ai-r35,paloma_gab,2.3753505748121584
35.8m-g022-ai-r35,paloma_m2d2_s2orc,1.453295678161054
35.8m-g022-ai-r35,paloma_m2d2_wikipedia,1.381177954902602
35.8m-g022-ai-r35,paloma_manosphere,1.7009799816791595
35.8m-g022-ai-r35,paloma_mc4_en,1.3794166463382327
35.8m-g022-ai-r35,paloma_programming,2.4562665136487905
35.8m-g022-ai-r35,paloma_ptb,1.5816541645552704
35.8m-g022-ai-r35,paloma_reddit_100,1.5136334581961755
35.8m-g022-ai-r35,paloma_redpajama,1.804660408730341
35.8m-g022-ai-r35,paloma_twitteraae,2.9538648465760944
35.8m-g022-ai-r35,paloma_wikitext_103,1.4449045556542768
35.8m-g022-ai-r69.6,c4,1.2290489958861728
35.8m-g022-ai-r69.6,cosmopedia,0.7376066877692705
35.8m-g022-ai-r69.6,fw22,1.2169655765963001
35.8m-g022-ai-r69.6,fw26,1.0527324785602372
35.8m-g022-ai-r69.6,fw26_ai,0.7047821560682772
35.8m-g022-ai-r69.6,fw26_human,1.1472609630325152
35.8m-g022-ai-r69.6,paloma,1.7014524652611498
35.8m-g022-ai-r69.6,paloma_4chan,1.7069659111008033
35.8m-g022-ai-r69.6,paloma_c4,1.254404414201454
35.8m-g022-ai-r69.6,paloma_c4_100_domains,1.2704670353513479
35.8m-g022-ai-r69.6,paloma_dolma,1.5873920936793633
35.8m-g022-ai-r69.6,paloma_falcon_refinedweb,1.3674471910178505
35.8m-g022-ai-r69.6,paloma_gab,2.3790335421287496
35.8m-g022-ai-r69.6,paloma_m2d2_s2orc,1.4573263935109824
35.8m-g022-ai-r69.6,paloma_m2d2_wikipedia,1.3817007611650025
35.8m-g022-ai-r69.6,paloma_manosphere,1.7047177479215503
35.8m-g022-ai-r69.6,paloma_mc4_en,1.3808747672740205
35.8m-g022-ai-r69.6,paloma_programming,2.392098645853492
35.8m-g022-ai-r69.6,paloma_ptb,1.6050666489486334
35.8m-g022-ai-r69.6,paloma_reddit_100,1.5133764798312668
35.8m-g022-ai-r69.6,paloma_redpajama,1.7940566313131703
35.8m-g022-ai-r69.6,paloma_twitteraae,2.9705891577381207
35.8m-g022-ai-r69.6,paloma_wikitext_103,1.4577220231425883
35.8m-g022-human-r0.025,c4,1.2654394823973718
35.8m-g022-human-r0.025,cosmopedia,1.0047980036694746
35.8m-g022-human-r0.025,fw22,1.259188529678442
35.8m-g022-human-r0.025,fw26,1.149562911197474
35.8m-g022-human-r0.025,fw26_ai,0.9951637168348154
35.8m-g022-human-r0.025,fw26_human,1.1918134532549736
35.8m-g022-human-r0.025,paloma,1.680072878105264
35.8m-g022-human-r0.025,paloma_4chan,1.6810618210359107
35.8m-g022-human-r0.025,paloma_c4,1.2819569420413184
35.8m-g022-human-r0.025,paloma_c4_100_domains,1.290633895363176
35.8m-g022-human-r0.025,paloma_dolma,1.592001634918292
35.8m-g022-human-r0.025,paloma_falcon_refinedweb,1.382474868039704
35.8m-g022-human-r0.025,paloma_gab,2.291503572811477
35.8m-g022-human-r0.025,paloma_m2d2_s2orc,1.4480648961045013
35.8m-g022-human-r0.025,paloma_m2d2_wikipedia,1.3762108753269224
35.8m-g022-human-r0.025,paloma_manosphere,1.6649931151870232
35.8m-g022-human-r0.025,paloma_mc4_en,1.4023160610689775
35.8m-g022-human-r0.025,paloma_programming,2.3618829555485448
35.8m-g022-human-r0.025,paloma_ptb,1.5699187566972919
35.8m-g022-human-r0.025,paloma_reddit_100,1.503819977621797
35.8m-g022-human-r0.025,paloma_redpajama,1.7903672322822175
35.8m-g022-human-r0.025,paloma_twitteraae,2.7942069830152354
35.8m-g022-human-r0.025,paloma_wikitext_103,1.4497524626218323
35.8m-g022-human-r0.05,c4,1.262419645007539
35.8m-g022-human-r0.05,cosmopedia,1.0010426795714988
35.8m-g022-human-r0.05,fw22,1.2562534911013454
35.8m-g022-human-r0.05,fw26,1.146657173025033
35.8m-g022-human-r0.05,fw26_ai,0.9916131769655553
35.8m-g022-human-r0.05,fw26_human,1.1890585027673155
35.8m-g022-human-r0.05,paloma,1.675570108281099
35.8m-g022-human-r0.05,paloma_4chan,1.6897335002666392
35.8m-g022-human-r0.05,paloma_c4,1.279052552026768
35.8m-g022-human-r0.05,paloma_c4_100_domains,1.287674605391817
35.8m-g022-human-r0.05,paloma_dolma,1.5851064272440647
35.8m-g022-human-r0.05,paloma_falcon_refinedweb,1.380182382147578
35.8m-g022-human-r0.05,paloma_gab,2.2843732588822183
35.8m-g022-human-r0.05,paloma_m2d2_s2orc,1.4437335416533843
35.8m-g022-human-r0.05,paloma_m2d2_wikipedia,1.3769995924394682
35.8m-g022-human-r0.05,paloma_manosphere,1.6574015968260833
35.8m-g022-human-r0.05,paloma_mc4_en,1.3995992018682333
35.8m-g022-human-r0.05,paloma_programming,2.365413009825172
35.8m-g022-human-r0.05,paloma_ptb,1.550401699487518
35.8m-g022-human-r0.05,paloma_reddit_100,1.5025561596498622
35.8m-g022-human-r0.05,paloma_redpajama,1.7806007531185168
35.8m-g022-human-r0.05,paloma_twitteraae,2.781354827218254
35.8m-g022-human-r0.05,paloma_wikitext_103,1.4449386244520057
35.8m-g022-human-r4,c4,1.1583637029945482
35.8m-g022-human-r4,cosmopedia,0.8824713515323739
35.8m-g022-human-r4,fw22,1.1484637865104033
35.8m-g022-human-r4,fw26,1.0369258833555965
35.8m-g022-human-r4,fw26_ai,0.8757053038541605
35.8m-g022-human-r4,fw26_human,1.0808862755992805
35.8m-g022-human-r4,paloma,1.5751488253491623
35.8m-g022-human-r4,paloma_4chan,1.5701124070459813
35.8m-g022-human-r4,paloma_c4,1.1821938853071974
35.8m-g022-human-r4,paloma_c4_100_domains,1.1790968254430076
35.8m-g022-human-r4,paloma_dolma,1.4854368101522797
35.8m-g022-human-r4,paloma_falcon_refinedweb,1.2874697213326236
35.8m-g022-human-r4,paloma_gab,2.133002400670481
35.8m-g022-human-r4,paloma_m2d2_s2orc,1.3821964626136098
35.8m-g022-human-r4,paloma_m2d2_wikipedia,1.3133516799023037
35.8m-g022-human-r4,paloma_manosphere,1.5527240574251724
35.8m-g022-human-r4,paloma_mc4_en,1.2964918563147472
35.8m-g022-human-r4,paloma_programming,2.2220695118967964
35.8m-g022-human-r4,paloma_ptb,1.502903932884268
35.8m-g022-human-r4,paloma_reddit_100,1.4029170024265611
35.8m-g022-human-r4,paloma_redpajama,1.6760811917755656
35.8m-g022-human-r4,paloma_twitteraae,2.675219812428346
35.8m-g022-human-r4,paloma_wikitext_103,1.341113647967657
35.8m-g023-control,c4,1.2304721044089115
35.8m-g023-control,cosmopedia,0.9627637947213172
35.8m-g023-control,fw22,1.2230623425115474
35.8m-g023-control,fw26,1.112733415198177
35.8m-g023-control,fw26_ai,0.9556064186321487
35.8m-g023-control,fw26_human,1.1556463843685314
35.8m-g023-control,paloma,1.6419744978965907
35.8m-g023-control,paloma_4chan,1.6283907076451247
35.8m-g023-control,paloma_c4,1.2483034187644124
35.8m-g023-control,paloma_c4_100_domains,1.253594950085081
35.8m-g023-control,paloma_dolma,1.5557595875035022
35.8m-g023-control,paloma_falcon_refinedweb,1.3497368718126335
35.8m-g023-control,paloma_gab,2.2426660007864525
35.8m-g023-control,paloma_m2d2_s2orc,1.414128597894119
35.8m-g023-control,paloma_m2d2_wikipedia,1.347519552699498
35.8m-g023-control,paloma_manosphere,1.6253634676349442
35.8m-g023-control,paloma_mc4_en,1.3618834380693166
35.8m-g023-control,paloma_programming,2.335241524650123
35.8m-g023-control,paloma_ptb,1.522804696860841
35.8m-g023-control,paloma_reddit_100,1.4742968566809709
35.8m-g023-control,paloma_redpajama,1.7493664195744671
35.8m-g023-control,paloma_twitteraae,2.758850775444434
35.8m-g023-control,paloma_wikitext_103,1.4036851002395323
35.8m-g023-ai-r0.025,c4,1.22911224106049
35.8m-g023-ai-r0.025,cosmopedia,0.937055851041206
35.8m-g023-ai-r0.025,fw22,1.2214245416885452
35.8m-g023-ai-r0.025,fw26,1.1061974209602279
35.8m-g023-ai-r0.025,fw26_ai,0.9326112330192109
35.8m-g023-ai-r0.025,fw26_human,1.1535793524224267
35.8m-g023-ai-r0.025,paloma,1.6396943867973155
35.8m-g023-ai-r0.025,paloma_4chan,1.6015844424178485
35.8m-g023-ai-r0.025,paloma_c4,1.2470636335716612
35.8m-g023-ai-r0.025,paloma_c4_100_domains,1.2528973698682662
35.8m-g023-ai-r0.025,paloma_dolma,1.5526437230187626
35.8m-g023-ai-r0.025,paloma_falcon_refinedweb,1.3479702414915482
35.8m-g023-ai-r0.025,paloma_gab,2.241199845429499
35.8m-g023-ai-r0.025,paloma_m2d2_s2orc,1.416143648060968
35.8m-g023-ai-r0.025,paloma_m2d2_wikipedia,1.3422182135360479
35.8m-g023-ai-r0.025,paloma_manosphere,1.617668488527659
35.8m-g023-ai-r0.025,paloma_mc4_en,1.3631184503059772
35.8m-g023-ai-r0.025,paloma_programming,2.344140451958017
35.8m-g023-ai-r0.025,paloma_ptb,1.5246002246240402
35.8m-g023-ai-r0.025,paloma_reddit_100,1.4689383478557294
35.8m-g023-ai-r0.025,paloma_redpajama,1.7496023585938296
35.8m-g023-ai-r0.025,paloma_twitteraae,2.764501476389079
35.8m-g023-ai-r0.025,paloma_wikitext_103,1.4008192731081164
35.8m-g023-ai-r0.05,c4,1.227076520530679
35.8m-g023-ai-r0.05,cosmopedia,0.923560684174574
35.8m-g023-ai-r0.05,fw22,1.219507467515607
35.8m-g023-ai-r0.05,fw26,1.1014362525918513
35.8m-g023-ai-r0.05,fw26_ai,0.9184700066343264
35.8m-g023-ai-r0.05,fw26_human,1.1513572253398678
35.8m-g023-ai-r0.05,paloma,1.639602813633136
35.8m-g023-ai-r0.05,paloma_4chan,1.617838347665498
35.8m-g023-ai-r0.05,paloma_c4,1.2452399799997156
35.8m-g023-ai-r0.05,paloma_c4_100_domains,1.2508675313919266
35.8m-g023-ai-r0.05,paloma_dolma,1.5504960029945707
35.8m-g023-ai-r0.05,paloma_falcon_refinedweb,1.3465580506129866
35.8m-g023-ai-r0.05,paloma_gab,2.236691075996235
35.8m-g023-ai-r0.05,paloma_m2d2_s2orc,1.414290234471141
35.8m-g023-ai-r0.05,paloma_m2d2_wikipedia,1.3418240605089888
35.8m-g023-ai-r0.05,paloma_manosphere,1.6154505769314382
35.8m-g023-ai-r0.05,paloma_mc4_en,1.3599648324586526
35.8m-g023-ai-r0.05,paloma_programming,2.3462747836432314
35.8m-g023-ai-r0.05,paloma_ptb,1.5327719946507499
35.8m-g023-ai-r0.05,paloma_reddit_100,1.4674305351682648
35.8m-g023-ai-r0.05,paloma_redpajama,1.7460188723567547
35.8m-g023-ai-r0.05,paloma_twitteraae,2.7586783388357015
35.8m-g023-ai-r0.05,paloma_wikitext_103,1.4032498004443208
35.8m-g023-ai-r0.1,c4,1.2249396175188971
35.8m-g023-ai-r0.1,cosmopedia,0.9034746424899612
35.8m-g023-ai-r0.1,fw22,1.2170146504264596
35.8m-g023-ai-r0.1,fw26,1.09483451490744
35.8m-g023-ai-r0.1,fw26_ai,0.897981761865133
35.8m-g023-ai-r0.1,fw26_human,1.148522272903772
35.8m-g023-ai-r0.1,paloma,1.6380705833891533
35.8m-g023-ai-r0.1,paloma_4chan,1.5993636950513241
35.8m-g023-ai-r0.1,paloma_c4,1.243773144498676
35.8m-g023-ai-r0.1,paloma_c4_100_domains,1.249454959638725
35.8m-g023-ai-r0.1,paloma_dolma,1.5553498853635543
35.8m-g023-ai-r0.1,paloma_falcon_refinedweb,1.3449996948911078
35.8m-g023-ai-r0.1,paloma_gab,2.240055481619765
35.8m-g023-ai-r0.1,paloma_m2d2_s2orc,1.4138637459469254
35.8m-g023-ai-r0.1,paloma_m2d2_wikipedia,1.3416656630336339
35.8m-g023-ai-r0.1,paloma_manosphere,1.610516299483487
35.8m-g023-ai-r0.1,paloma_mc4_en,1.3602489831339453
35.8m-g023-ai-r0.1,paloma_programming,2.3532787294137214
35.8m-g023-ai-r0.1,paloma_ptb,1.526661189507696
35.8m-g023-ai-r0.1,paloma_reddit_100,1.466608192152356
35.8m-g023-ai-r0.1,paloma_redpajama,1.7554826233866976
35.8m-g023-ai-r0.1,paloma_twitteraae,2.755311537759182
35.8m-g023-ai-r0.1,paloma_wikitext_103,1.3924955093456577
35.8m-g023-ai-r0.25,c4,1.2206782903827564
35.8m-g023-ai-r0.25,cosmopedia,0.8731956105904737
35.8m-g023-ai-r0.25,fw22,1.2123384930216075
35.8m-g023-ai-r0.25,fw26,1.0836918997269904
35.8m-g023-ai-r0.25,fw26_ai,0.8639539190880849
35.8m-g023-ai-r0.25,fw26_human,1.1435407216745919
35.8m-g023-ai-r0.25,paloma,1.6393827405557944
35.8m-g023-ai-r0.25,paloma_4chan,1.6161316137874324
35.8m-g023-ai-r0.25,paloma_c4,1.2403529881757516
35.8m-g023-ai-r0.25,paloma_c4_100_domains,1.2470991708781782
35.8m-g023-ai-r0.25,paloma_dolma,1.5495507087784175
35.8m-g023-ai-r0.25,paloma_falcon_refinedweb,1.343214388603754
35.8m-g023-ai-r0.25,paloma_gab,2.244043699258059
35.8m-g023-ai-r0.25,paloma_m2d2_s2orc,1.417869668271604
35.8m-g023-ai-r0.25,paloma_m2d2_wikipedia,1.3470021636202396
35.8m-g023-ai-r0.25,paloma_manosphere,1.6278055457869538
35.8m-g023-ai-r0.25,paloma_mc4_en,1.3548827590064507
35.8m-g023-ai-r0.25,paloma_programming,2.3297822084759305
35.8m-g023-ai-r0.25,paloma_ptb,1.5439211854035075
35.8m-g023-ai-r0.25,paloma_reddit_100,1.4686720752039661
35.8m-g023-ai-r0.25,paloma_redpajama,1.7382511620645447
35.8m-g023-ai-r0.25,paloma_twitteraae,2.7627414864440927
35.8m-g023-ai-r0.25,paloma_wikitext_103,1.3988030251338262
35.8m-g023-ai-r0.5,c4,1.2163568627951238
35.8m-g023-ai-r0.5,cosmopedia,0.8492117462191139
35.8m-g023-ai-r0.5,fw22,1.207590042662347
35.8m-g023-ai-r0.5,fw26,1.072722136033514
35.8m-g023-ai-r0.5,fw26_ai,0.832886355091204
35.8m-g023-ai-r0.5,fw26_human,1.1380136664075844
35.8m-g023-ai-r0.5,paloma,1.6352114705745566
35.8m-g023-ai-r0.5,paloma_4chan,1.608648163607282
35.8m-g023-ai-r0.5,paloma_c4,1.2375094692134092
35.8m-g023-ai-r0.5,paloma_c4_100_domains,1.2445854295452823
35.8m-g023-ai-r0.5,paloma_dolma,1.541324372726282
35.8m-g023-ai-r0.5,paloma_falcon_refinedweb,1.341184767189604
35.8m-g023-ai-r0.5,paloma_gab,2.2424503024121982
35.8m-g023-ai-r0.5,paloma_m2d2_s2orc,1.4225121143447592
35.8m-g023-ai-r0.5,paloma_m2d2_wikipedia,1.3520056565188898
35.8m-g023-ai-r0.5,paloma_manosphere,1.622328251344427
35.8m-g023-ai-r0.5,paloma_mc4_en,1.3511054908529612
35.8m-g023-ai-r0.5,paloma_programming,2.2973943960312297
35.8m-g023-ai-r0.5,paloma_ptb,1.53642448273004
35.8m-g023-ai-r0.5,paloma_reddit_100,1.4631185096130914
35.8m-g023-ai-r0.5,paloma_redpajama,1.7315155508491427
35.8m-g023-ai-r0.5,paloma_twitteraae,2.760376749650675
35.8m-g023-ai-r0.5,paloma_wikitext_103,1.410899822563635
35.8m-g023-ai-r1,c4,1.2140901110885787
35.8m-g023-ai-r1,cosmopedia,0.8176256977878917
35.8m-g023-ai-r1,fw22,1.2044710860892789
35.8m-g023-ai-r1,fw26,1.063292956090062
35.8m-g023-ai-r1,fw26_ai,0.8022178760655925
35.8m-g023-ai-r1,fw26_human,1.1343212414416426
35.8m-g023-ai-r1,paloma,1.6375823877189175
35.8m-g023-ai-r1,paloma_4chan,1.6079790251717778
35.8m-g023-ai-r1,paloma_c4,1.235653117455523
35.8m-g023-ai-r1,paloma_c4_100_domains,1.2442882815323668
35.8m-g023-ai-r1,paloma_dolma,1.536412793529668
35.8m-g023-ai-r1,paloma_falcon_refinedweb,1.3407550546757723
35.8m-g023-ai-r1,paloma_gab,2.2577354302067585
35.8m-g023-ai-r1,paloma_m2d2_s2orc,1.4229911345088466
35.8m-g023-ai-r1,paloma_m2d2_wikipedia,1.3529829722502624
35.8m-g023-ai-r1,paloma_manosphere,1.6353186534022908
35.8m-g023-ai-r1,paloma_mc4_en,1.3489202163020266
35.8m-g023-ai-r1,paloma_programming,2.2808655983049944
35.8m-g023-ai-r1,paloma_ptb,1.5455947643335113
35.8m-g023-ai-r1,paloma_reddit_100,1.466916745156883
35.8m-g023-ai-r1,paloma_redpajama,1.7301649651529813
35.8m-g023-ai-r1,paloma_twitteraae,2.7831016388943035
35.8m-g023-ai-r1,paloma_wikitext_103,1.4116378126247153
35.8m-g023-ai-r2,c4,1.211654931727204
35.8m-g023-ai-r2,cosmopedia,0.7980321128229927
35.8m-g023-ai-r2,fw22,1.2013317334779152
35.8m-g023-ai-r2,fw26,1.0541715774360747
35.8m-g023-ai-r2,fw26_ai,0.7720612840901311
35.8m-g023-ai-r2,fw26_human,1.1309272480632817
35.8m-g023-ai-r2,paloma,1.646002271823935
35.8m-g023-ai-r2,paloma_4chan,1.616093247182678
35.8m-g023-ai-r2,paloma_c4,1.234526592601683
35.8m-g023-ai-r2,paloma_c4_100_domains,1.244079099456369
35.8m-g023-ai-r2,paloma_dolma,1.5466967202980817
35.8m-g023-ai-r2,paloma_falcon_refinedweb,1.3414249274478873
35.8m-g023-ai-r2,paloma_gab,2.269817155867723
35.8m-g023-ai-r2,paloma_m2d2_s2orc,1.4264008309102338
35.8m-g023-ai-r2,paloma_m2d2_wikipedia,1.3582710997891423
35.8m-g023-ai-r2,paloma_manosphere,1.6416743649101737
35.8m-g023-ai-r2,paloma_mc4_en,1.351498532865298
35.8m-g023-ai-r2,paloma_programming,2.3326671352065174
35.8m-g023-ai-r2,paloma_ptb,1.5381027276019912
35.8m-g023-ai-r2,paloma_reddit_100,1.4697133752221716
35.8m-g023-ai-r2,paloma_redpajama,1.7437363093508178
35.8m-g023-ai-r2,paloma_twitteraae,2.8092787360761093
35.8m-g023-ai-r2,paloma_wikitext_103,1.412055494396083
35.8m-g023-ai-r4,c4,1.2105768680334186
35.8m-g023-ai-r4,cosmopedia,0.7740973458155416
35.8m-g023-ai-r4,fw22,1.1996134165223984
35.8m-g023-ai-r4,fw26,1.0478136569012702
35.8m-g023-ai-r4,fw26_ai,0.7473152847698042
35.8m-g023-ai-r4,fw26_human,1.1294931088773734
35.8m-g023-ai-r4,paloma,1.6624441285950067
35.8m-g023-ai-r4,paloma_4chan,1.6614753602809684
35.8m-g023-ai-r4,paloma_c4,1.2337235251487793
35.8m-g023-ai-r4,paloma_c4_100_domains,1.2447260474912
35.8m-g023-ai-r4,paloma_dolma,1.5604842188658086
35.8m-g023-ai-r4,paloma_falcon_refinedweb,1.343534979933567
35.8m-g023-ai-r4,paloma_gab,2.2988140846952922
35.8m-g023-ai-r4,paloma_m2d2_s2orc,1.432826086972864
35.8m-g023-ai-r4,paloma_m2d2_wikipedia,1.3621476689403649
35.8m-g023-ai-r4,paloma_manosphere,1.6543275508452406
35.8m-g023-ai-r4,paloma_mc4_en,1.3538754133838806
35.8m-g023-ai-r4,paloma_programming,2.3882418973335566
35.8m-g023-ai-r4,paloma_ptb,1.5621141018552904
35.8m-g023-ai-r4,paloma_reddit_100,1.478070895907837
35.8m-g023-ai-r4,paloma_redpajama,1.7653810845854347
35.8m-g023-ai-r4,paloma_twitteraae,2.840267738867473
35.8m-g023-ai-r4,paloma_wikitext_103,1.4190954024125513
35.8m-g023-ai-r8,c4,1.2159771163081832
35.8m-g023-ai-r8,cosmopedia,0.7554928270696679
35.8m-g023-ai-r8,fw22,1.2045790701869799
35.8m-g023-ai-r8,fw26,1.0480145839894592
35.8m-g023-ai-r8,fw26_ai,0.7300765572079287
35.8m-g023-ai-r8,fw26_human,1.13439913032445
35.8m-g023-ai-r8,paloma,1.6748116125153083
35.8m-g023-ai-r8,paloma_4chan,1.6755083493758403
35.8m-g023-ai-r8,paloma_c4,1.2423295672902683
35.8m-g023-ai-r8,paloma_c4_100_domains,1.2539203163555488
35.8m-g023-ai-r8,paloma_dolma,1.5667789582974023
35.8m-g023-ai-r8,paloma_falcon_refinedweb,1.3530256353489076
35.8m-g023-ai-r8,paloma_gab,2.3228389812080406
35.8m-g023-ai-r8,paloma_m2d2_s2orc,1.4494845454579117
35.8m-g023-ai-r8,paloma_m2d2_wikipedia,1.3819468764987797
35.8m-g023-ai-r8,paloma_manosphere,1.6695652861434191
35.8m-g023-ai-r8,paloma_mc4_en,1.3629784204619158
35.8m-g023-ai-r8,paloma_programming,2.375575080816167
35.8m-g023-ai-r8,paloma_ptb,1.5671987098929272
35.8m-g023-ai-r8,paloma_reddit_100,1.4866700032606461
35.8m-g023-ai-r8,paloma_redpajama,1.774396123514284
35.8m-g023-ai-r8,paloma_twitteraae,2.8713173138788073
35.8m-g023-ai-r8,paloma_wikitext_103,1.4434516324440652
35.8m-g023-ai-r16,c4,1.2190068155825993
35.8m-g023-ai-r16,cosmopedia,0.7484191665977976
35.8m-g023-ai-r16,fw22,1.2073720964066088
35.8m-g023-ai-r16,fw26,1.0477930498428416
35.8m-g023-ai-r16,fw26_ai,0.7171349178462931
35.8m-g023-ai-r16,fw26_human,1.1376020049518394
35.8m-g023-ai-r16,paloma,1.6847951758949467
35.8m-g023-ai-r16,paloma_4chan,1.710620226009748
35.8m-g023-ai-r16,paloma_c4,1.2444520736745368
35.8m-g023-ai-r16,paloma_c4_100_domains,1.2579256544051267
35.8m-g023-ai-r16,paloma_dolma,1.566272453860365
35.8m-g023-ai-r16,paloma_falcon_refinedweb,1.3557850609980184
35.8m-g023-ai-r16,paloma_gab,2.341719335401492
35.8m-g023-ai-r16,paloma_m2d2_s2orc,1.447407043480214
35.8m-g023-ai-r16,paloma_m2d2_wikipedia,1.3785606593919266
35.8m-g023-ai-r16,paloma_manosphere,1.6838229067415114
35.8m-g023-ai-r16,paloma_mc4_en,1.3715216542029232
35.8m-g023-ai-r16,paloma_programming,2.3721443600284395
35.8m-g023-ai-r16,paloma_ptb,1.6055899392718194
35.8m-g023-ai-r16,paloma_reddit_100,1.4988065357911018
35.8m-g023-ai-r16,paloma_redpajama,1.7692735449540058
35.8m-g023-ai-r16,paloma_twitteraae,2.9153628419833746
35.8m-g023-ai-r16,paloma_wikitext_103,1.4374585241245417
35.8m-g023-ai-r32,c4,1.2231923103585913
35.8m-g023-ai-r32,cosmopedia,0.7352633381828829
35.8m-g023-ai-r32,fw22,1.2111747363368086
35.8m-g023-ai-r32,fw26,1.0487182758778495
35.8m-g023-ai-r32,fw26_ai,0.7075297739978308
35.8m-g023-ai-r32,fw26_human,1.1414042344503357
35.8m-g023-ai-r32,paloma,1.6919000182857105
35.8m-g023-ai-r32,paloma_4chan,1.6850154932586816
35.8m-g023-ai-r32,paloma_c4,1.250991698143445
35.8m-g023-ai-r32,paloma_c4_100_domains,1.2640843172988137
35.8m-g023-ai-r32,paloma_dolma,1.577843679541646
35.8m-g023-ai-r32,paloma_falcon_refinedweb,1.3639972342777724
35.8m-g023-ai-r32,paloma_gab,2.3603022099379567
35.8m-g023-ai-r32,paloma_m2d2_s2orc,1.4595153797963543
35.8m-g023-ai-r32,paloma_m2d2_wikipedia,1.3983062247218572
35.8m-g023-ai-r32,paloma_manosphere,1.6922170018341893
35.8m-g023-ai-r32,paloma_mc4_en,1.3733928169362142
35.8m-g023-ai-r32,paloma_programming,2.370120259333893
35.8m-g023-ai-r32,paloma_ptb,1.5930737543969606
35.8m-g023-ai-r32,paloma_reddit_100,1.5077852137931118
35.8m-g023-ai-r32,paloma_redpajama,1.7842436874986496
35.8m-g023-ai-r32,paloma_twitteraae,2.951014178664088
35.8m-g023-ai-r32,paloma_wikitext_103,1.4384971431377338
35.8m-g023-ai-r64,c4,1.2262116557105742
35.8m-g023-ai-r64,cosmopedia,0.733074340732195
35.8m-g023-ai-r64,fw22,1.2137367279044864
35.8m-g023-ai-r64,fw26,1.0493937018442572
35.8m-g023-ai-r64,fw26_ai,0.7009336996913953
35.8m-g023-ai-r64,fw26_human,1.1440749449172596
35.8m-g023-ai-r64,paloma,1.6987538140425569
35.8m-g023-ai-r64,paloma_4chan,1.6932585402494613
35.8m-g023-ai-r64,paloma_c4,1.2515877007141443
35.8m-g023-ai-r64,paloma_c4_100_domains,1.267204221102954
35.8m-g023-ai-r64,paloma_dolma,1.5837881205192537
35.8m-g023-ai-r64,paloma_falcon_refinedweb,1.3643836741192823
35.8m-g023-ai-r64,paloma_gab,2.3684976913881433
35.8m-g023-ai-r64,paloma_m2d2_s2orc,1.4553195120082514
35.8m-g023-ai-r64,paloma_m2d2_wikipedia,1.370924446919389
35.8m-g023-ai-r64,paloma_manosphere,1.6982227221348278
35.8m-g023-ai-r64,paloma_mc4_en,1.3823270898879991
35.8m-g023-ai-r64,paloma_programming,2.4212536225326278
35.8m-g023-ai-r64,paloma_ptb,1.605802105713667
35.8m-g023-ai-r64,paloma_reddit_100,1.5151740549878634
35.8m-g023-ai-r64,paloma_redpajama,1.798063139536753
35.8m-g023-ai-r64,paloma_twitteraae,2.9646504632518234
35.8m-g023-ai-r64,paloma_wikitext_103,1.4396039196144679
35.8m-g023-human-r0.025,c4,1.2296479430443616
35.8m-g023-human-r0.025,cosmopedia,0.9623425490569684
35.8m-g023-human-r0.025,fw22,1.2223431313314426
35.8m-g023-human-r0.025,fw26,1.1119754940763216
35.8m-g023-human-r0.025,fw26_ai,0.9550804401747776
35.8m-g023-human-r0.025,fw26_human,1.1548404488476849
35.8m-g023-human-r0.025,paloma,1.643486117675833
35.8m-g023-human-r0.025,paloma_4chan,1.6380040573446504
35.8m-g023-human-r0.025,paloma_c4,1.2479931902590409
35.8m-g023-human-r0.025,paloma_c4_100_domains,1.2531678732446052
35.8m-g023-human-r0.025,paloma_dolma,1.5539212205500572
35.8m-g023-human-r0.025,paloma_falcon_refinedweb,1.349682857398639
35.8m-g023-human-r0.025,paloma_gab,2.2410185315198436
35.8m-g023-human-r0.025,paloma_m2d2_s2orc,1.422851941849304
35.8m-g023-human-r0.025,paloma_m2d2_wikipedia,1.34866606801149
35.8m-g023-human-r0.025,paloma_manosphere,1.6215475195715674
35.8m-g023-human-r0.025,paloma_mc4_en,1.368619732778159
35.8m-g023-human-r0.025,paloma_programming,2.3297903830299926
35.8m-g023-human-r0.025,paloma_ptb,1.532951936490507
35.8m-g023-human-r0.025,paloma_reddit_100,1.4698712383569437
35.8m-g023-human-r0.025,paloma_redpajama,1.7504018425363739
35.8m-g023-human-r0.025,paloma_twitteraae,2.7604953970162094
35.8m-g023-human-r0.025,paloma_wikitext_103,1.4067940928559477
35.8m-g023-human-r0.05,c4,1.2284687841959334
35.8m-g023-human-r0.05,cosmopedia,0.956071429587297
35.8m-g023-human-r0.05,fw22,1.2208095514861168
35.8m-g023-human-r0.05,fw26,1.1101688705193105
35.8m-g023-human-r0.05,fw26_ai,0.9524043595527238
35.8m-g023-human-r0.05,fw26_human,1.1532727394845521
35.8m-g023-human-r0.05,paloma,1.6427205231494202
35.8m-g023-human-r0.05,paloma_4chan,1.6341396757578828
35.8m-g023-human-r0.05,paloma_c4,1.2467320068011085
35.8m-g023-human-r0.05,paloma_c4_100_domains,1.2517088928395637
35.8m-g023-human-r0.05,paloma_dolma,1.5541441621520962
35.8m-g023-human-r0.05,paloma_falcon_refinedweb,1.348306795710324
35.8m-g023-human-r0.05,paloma_gab,2.23709106627081
35.8m-g023-human-r0.05,paloma_m2d2_s2orc,1.418859706362055
35.8m-g023-human-r0.05,paloma_m2d2_wikipedia,1.3439047505899853
35.8m-g023-human-r0.05,paloma_manosphere,1.6226662273732377
35.8m-g023-human-r0.05,paloma_mc4_en,1.3675140349469164
35.8m-g023-human-r0.05,paloma_programming,2.3494349798904026
35.8m-g023-human-r0.05,paloma_ptb,1.5304041066431588
35.8m-g023-human-r0.05,paloma_reddit_100,1.467793258526922
35.8m-g023-human-r0.05,paloma_redpajama,1.750479368548596
35.8m-g023-human-r0.05,paloma_twitteraae,2.7543631658728724
35.8m-g023-human-r0.05,paloma_wikitext_103,1.4059861721047926
35.8m-g023-human-r4,c4,1.14314917965019
35.8m-g023-human-r4,cosmopedia,0.8657281974309011
35.8m-g023-human-r4,fw22,1.1324864513930277
35.8m-g023-human-r4,fw26,1.02110577615015
35.8m-g023-human-r4,fw26_ai,0.8599844882744706
35.8m-g023-human-r4,fw26_human,1.065028811143458
35.8m-g023-human-r4,paloma,1.550982866552548
35.8m-g023-human-r4,paloma_4chan,1.5791125201818352
35.8m-g023-human-r4,paloma_c4,1.16684181304127
35.8m-g023-human-r4,paloma_c4_100_domains,1.162093573143781
35.8m-g023-human-r4,paloma_dolma,1.4514928601961319
35.8m-g023-human-r4,paloma_falcon_refinedweb,1.2713935723645842
35.8m-g023-human-r4,paloma_gab,2.1094140163797275
35.8m-g023-human-r4,paloma_m2d2_s2orc,1.366174284253675
35.8m-g023-human-r4,paloma_m2d2_wikipedia,1.2963597828376872
35.8m-g023-human-r4,paloma_manosphere,1.542581718469912
35.8m-g023-human-r4,paloma_mc4_en,1.273316138620942
35.8m-g023-human-r4,paloma_programming,2.1522370422736854
35.8m-g023-human-r4,paloma_ptb,1.462446325565201
35.8m-g023-human-r4,paloma_reddit_100,1.3885851879828053
35.8m-g023-human-r4,paloma_redpajama,1.6290962276318883
35.8m-g023-human-r4,paloma_twitteraae,2.6572303954217373
35.8m-g023-human-r4,paloma_wikitext_103,1.3073504064759038
35.8m-g024-control,c4,1.166521387252452
35.8m-g024-control,cosmopedia,0.894752292476511
35.8m-g024-control,fw22,1.1569636399176981
35.8m-g024-control,fw26,1.0454500718043822
35.8m-g024-control,fw26_ai,0.8845527066427957
35.8m-g024-control,fw26_human,1.0892586229947323
35.8m-g024-control,paloma,1.5780476116976332
35.8m-g024-control,paloma_4chan,1.5794808848980126
35.8m-g024-control,paloma_c4,1.1884940087699527
35.8m-g024-control,paloma_c4_100_domains,1.1866835642647477
35.8m-g024-control,paloma_dolma,1.487109835523501
35.8m-g024-control,paloma_falcon_refinedweb,1.2928141664444874
35.8m-g024-control,paloma_gab,2.1487340999790483
35.8m-g024-control,paloma_m2d2_s2orc,1.3759469187371116
35.8m-g024-control,paloma_m2d2_wikipedia,1.3065700437299617
35.8m-g024-control,paloma_manosphere,1.5600451053052051
35.8m-g024-control,paloma_mc4_en,1.297188922876376
35.8m-g024-control,paloma_programming,2.2320323261578046
35.8m-g024-control,paloma_ptb,1.4813778000123148
35.8m-g024-control,paloma_reddit_100,1.414066723784562
35.8m-g024-control,paloma_redpajama,1.6734896285846739
35.8m-g024-control,paloma_twitteraae,2.6790021068593086
35.8m-g024-control,paloma_wikitext_103,1.3457256512350622
35.8m-g024-ai-r0.05,c4,1.1651684850502062
35.8m-g024-ai-r0.05,cosmopedia,0.8571714085308438
35.8m-g024-ai-r0.05,fw22,1.155509323977742
35.8m-g024-ai-r0.05,fw26,1.035770539591323
35.8m-g024-ai-r0.05,fw26_ai,0.8474805653069291
35.8m-g024-ai-r0.05,fw26_human,1.087063463246821
35.8m-g024-ai-r0.05,paloma,1.5799337398451752
35.8m-g024-ai-r0.05,paloma_4chan,1.5842251478713723
35.8m-g024-ai-r0.05,paloma_c4,1.1880873116699628
35.8m-g024-ai-r0.05,paloma_c4_100_domains,1.1863406471468187
35.8m-g024-ai-r0.05,paloma_dolma,1.4865796153649224
35.8m-g024-ai-r0.05,paloma_falcon_refinedweb,1.2920161979576084
35.8m-g024-ai-r0.05,paloma_gab,2.147979670027302
35.8m-g024-ai-r0.05,paloma_m2d2_s2orc,1.3750668611184371
35.8m-g024-ai-r0.05,paloma_m2d2_wikipedia,1.3056145138145276
35.8m-g024-ai-r0.05,paloma_manosphere,1.565165775680742
35.8m-g024-ai-r0.05,paloma_mc4_en,1.2965471730564655
35.8m-g024-ai-r0.05,paloma_programming,2.2487767424844343
35.8m-g024-ai-r0.05,paloma_ptb,1.49090649925916
35.8m-g024-ai-r0.05,paloma_reddit_100,1.4136465572126513
35.8m-g024-ai-r0.05,paloma_redpajama,1.6797856096104486
35.8m-g024-ai-r0.05,paloma_twitteraae,2.675486405304066
35.8m-g024-ai-r0.05,paloma_wikitext_103,1.3427151099438812
35.8m-g024-ai-r0.1,c4,1.1653661623520213
35.8m-g024-ai-r0.1,cosmopedia,0.8349383548510586
35.8m-g024-ai-r0.1,fw22,1.1553555373244813
35.8m-g024-ai-r0.1,fw26,1.0320893123749946
35.8m-g024-ai-r0.1,fw26_ai,0.8311727124951676
35.8m-g024-ai-r0.1,fw26_human,1.0867788665920066
35.8m-g024-ai-r0.1,paloma,1.5764056294243158
35.8m-g024-ai-r0.1,paloma_4chan,1.5887416685454865
35.8m-g024-ai-r0.1,paloma_c4,1.1882863224308844
35.8m-g024-ai-r0.1,paloma_c4_100_domains,1.187439680652257
35.8m-g024-ai-r0.1,paloma_dolma,1.478683256616957
35.8m-g024-ai-r0.1,paloma_falcon_refinedweb,1.292510240083501
35.8m-g024-ai-r0.1,paloma_gab,2.14662840387405
35.8m-g024-ai-r0.1,paloma_m2d2_s2orc,1.380631188780498
35.8m-g024-ai-r0.1,paloma_m2d2_wikipedia,1.3089807114686145
35.8m-g024-ai-r0.1,paloma_manosphere,1.551899348841479
35.8m-g024-ai-r0.1,paloma_mc4_en,1.2997763722424687
35.8m-g024-ai-r0.1,paloma_programming,2.20916406180397
35.8m-g024-ai-r0.1,paloma_ptb,1.494017343370504
35.8m-g024-ai-r0.1,paloma_reddit_100,1.4071391729510792
35.8m-g024-ai-r0.1,paloma_redpajama,1.6612892598912608
35.8m-g024-ai-r0.1,paloma_twitteraae,2.68887065382975
35.8m-g024-ai-r0.1,paloma_wikitext_103,1.338432385406296
35.8m-g024-ai-r0.25,c4,1.1651883767445037
35.8m-g024-ai-r0.25,cosmopedia,0.8191231773863836
35.8m-g024-ai-r0.25,fw22,1.1546973132496396
35.8m-g024-ai-r0.25,fw26,1.0252143920523666
35.8m-g024-ai-r0.25,fw26_ai,0.8032979080668803
35.8m-g024-ai-r0.25,fw26_human,1.0856054220894278
35.8m-g024-ai-r0.25,paloma,1.5789418983647818
35.8m-g024-ai-r0.25,paloma_4chan,1.5681424205425247
35.8m-g024-ai-r0.25,paloma_c4,1.187223001438563
35.8m-g024-ai-r0.25,paloma_c4_100_domains,1.1875717713859935
35.8m-g024-ai-r0.25,paloma_dolma,1.4826115546058405
35.8m-g024-ai-r0.25,paloma_falcon_refinedweb,1.2913698367569098
35.8m-g024-ai-r0.25,paloma_gab,2.1637425478730123
35.8m-g024-ai-r0.25,paloma_m2d2_s2orc,1.3773928605055357
35.8m-g024-ai-r0.25,paloma_m2d2_wikipedia,1.3062009457028778
35.8m-g024-ai-r0.25,paloma_manosphere,1.5718626989049702
35.8m-g024-ai-r0.25,paloma_mc4_en,1.2956806149964644
35.8m-g024-ai-r0.25,paloma_programming,2.2240645056429376
35.8m-g024-ai-r0.25,paloma_ptb,1.487111143138668
35.8m-g024-ai-r0.25,paloma_reddit_100,1.419195222631572
35.8m-g024-ai-r0.25,paloma_redpajama,1.668632476893686
35.8m-g024-ai-r0.25,paloma_twitteraae,2.6925610302377683
35.8m-g024-ai-r0.25,paloma_wikitext_103,1.3397077425791835
35.8m-g024-ai-r0.5,c4,1.1675995833457349
35.8m-g024-ai-r0.5,cosmopedia,0.7947871264721993
35.8m-g024-ai-r0.5,fw22,1.1569025331488927
35.8m-g024-ai-r0.5,fw26,1.021661062325713
35.8m-g024-ai-r0.5,fw26_ai,0.7801936419748586
35.8m-g024-ai-r0.5,fw26_human,1.0873329296153562
35.8m-g024-ai-r0.5,paloma,1.5852150922096835
35.8m-g024-ai-r0.5,paloma_4chan,1.570842939450415
35.8m-g024-ai-r0.5,paloma_c4,1.1900726972772881
35.8m-g024-ai-r0.5,paloma_c4_100_domains,1.1920387516343927
35.8m-g024-ai-r0.5,paloma_dolma,1.4859590368428195
35.8m-g024-ai-r0.5,paloma_falcon_refinedweb,1.2959073660761151
35.8m-g024-ai-r0.5,paloma_gab,2.1684125706152484
35.8m-g024-ai-r0.5,paloma_m2d2_s2orc,1.389938109657271
35.8m-g024-ai-r0.5,paloma_m2d2_wikipedia,1.3112194650885025
35.8m-g024-ai-r0.5,paloma_manosphere,1.5779701635332426
35.8m-g024-ai-r0.5,paloma_mc4_en,1.3030107085001643
35.8m-g024-ai-r0.5,paloma_programming,2.2217784151266553
35.8m-g024-ai-r0.5,paloma_ptb,1.492849744260026
35.8m-g024-ai-r0.5,paloma_reddit_100,1.4200552944991818
35.8m-g024-ai-r0.5,paloma_redpajama,1.673391782883344
35.8m-g024-ai-r0.5,paloma_twitteraae,2.717085338649997
35.8m-g024-ai-r0.5,paloma_wikitext_103,1.3529090912602735
35.8m-g024-ai-r1,c4,1.1708212354434409
35.8m-g024-ai-r1,cosmopedia,0.7844433877097736
35.8m-g024-ai-r1,fw22,1.1596992323482929
35.8m-g024-ai-r1,fw26,1.0187504417679825
35.8m-g024-ai-r1,fw26_ai,0.7578996951380349
35.8m-g024-ai-r1,fw26_human,1.0896742777315582
35.8m-g024-ai-r1,paloma,1.6034570014078924
35.8m-g024-ai-r1,paloma_4chan,1.5987519082893635
35.8m-g024-ai-r1,paloma_c4,1.1948612357690074
35.8m-g024-ai-r1,paloma_c4_100_domains,1.197628121322017
35.8m-g024-ai-r1,paloma_dolma,1.5014776349021066
35.8m-g024-ai-r1,paloma_falcon_refinedweb,1.3012483323220776
35.8m-g024-ai-r1,paloma_gab,2.1940594653783276
35.8m-g024-ai-r1,paloma_m2d2_s2orc,1.3920121302919384
35.8m-g024-ai-r1,paloma_m2d2_wikipedia,1.3285811583184794
35.8m-g024-ai-r1,paloma_manosphere,1.5958889047656337
35.8m-g024-ai-r1,paloma_mc4_en,1.306396714197355
35.8m-g024-ai-r1,paloma_programming,2.2697517224418133
35.8m-g024-ai-r1,paloma_ptb,1.5329430134051514
35.8m-g024-ai-r1,paloma_reddit_100,1.4317481263272973
35.8m-g024-ai-r1,paloma_redpajama,1.6972893143248717
35.8m-g024-ai-r1,paloma_twitteraae,2.748046799052449
35.8m-g024-ai-r1,paloma_wikitext_103,1.364627441418388
35.8m-g025-control,c4,1.167411662134105
35.8m-g025-control,cosmopedia,0.8921706257770334
35.8m-g025-control,fw22,1.1577153380220506
35.8m-g025-control,fw26,1.0463622040027094
35.8m-g025-control,fw26_ai,0.8855653448706388
35.8m-g025-control,fw26_human,1.090188073843891
35.8m-g025-control,paloma,1.5778126653181443
35.8m-g025-control,paloma_4chan,1.5620306793223677
35.8m-g025-control,paloma_c4,1.1887072625497321
35.8m-g025-control,paloma_c4_100_domains,1.1875323517275456
35.8m-g025-control,paloma_dolma,1.4894855713191817
35.8m-g025-control,paloma_falcon_refinedweb,1.2924312672519072
35.8m-g025-control,paloma_gab,2.1493132563922392
35.8m-g025-control,paloma_m2d2_s2orc,1.3752193942684046
35.8m-g025-control,paloma_m2d2_wikipedia,1.3027086307996898
35.8m-g025-control,paloma_manosphere,1.5589714868899343
35.8m-g025-control,paloma_mc4_en,1.2999445441848845
35.8m-g025-control,paloma_programming,2.229448166191595
35.8m-g025-control,paloma_ptb,1.4936555284703044
35.8m-g025-control,paloma_reddit_100,1.4106809852347555
35.8m-g025-control,paloma_redpajama,1.6807152301447557
35.8m-g025-control,paloma_twitteraae,2.6763659907705506
35.8m-g025-control,paloma_wikitext_103,1.34779229957246
35.8m-g025-ai-r0.0256,c4,1.1674797524101408
35.8m-g025-ai-r0.0256,cosmopedia,0.8689417975673075
35.8m-g025-ai-r0.0256,fw22,1.1575431396723808
35.8m-g025-ai-r0.0256,fw26,1.0409169282170785
35.8m-g025-ai-r0.0256,fw26_ai,0.8622883131586391
35.8m-g025-ai-r0.0256,fw26_human,1.0895715572179463
35.8m-g025-ai-r0.0256,paloma,1.5779614242460878
35.8m-g025-ai-r0.0256,paloma_4chan,1.568941127474895
35.8m-g025-ai-r0.0256,paloma_c4,1.1883728605124364
35.8m-g025-ai-r0.0256,paloma_c4_100_domains,1.1878801440886309
35.8m-g025-ai-r0.0256,paloma_dolma,1.4885338754707869
35.8m-g025-ai-r0.0256,paloma_falcon_refinedweb,1.2927933166784866
35.8m-g025-ai-r0.0256,paloma_gab,2.151391063037457
35.8m-g025-ai-r0.0256,paloma_m2d2_s2orc,1.3751254341769032
35.8m-g025-ai-r0.0256,paloma_m2d2_wikipedia,1.3043324474526983
35.8m-g025-ai-r0.0256,paloma_manosphere,1.5577677575186382
35.8m-g025-ai-r0.0256,paloma_mc4_en,1.3013780807488513
35.8m-g025-ai-r0.0256,paloma_programming,2.2303662337036085
35.8m-g025-ai-r0.0256,paloma_ptb,1.485449644910323
35.8m-g025-ai-r0.0256,paloma_reddit_100,1.4112997287056044
35.8m-g025-ai-r0.0256,paloma_redpajama,1.6777303494394766
35.8m-g025-ai-r0.0256,paloma_twitteraae,2.6871910712976685
35.8m-g025-ai-r0.0256,paloma_wikitext_103,1.3388296527209407
35.8m-g025-ai-r0.0514,c4,1.166583907359543
35.8m-g025-ai-r0.0514,cosmopedia,0.8535729332030034
35.8m-g025-ai-r0.0514,fw22,1.1567185118214114
35.8m-g025-ai-r0.0514,fw26,1.0372278222238704
35.8m-g025-ai-r0.0514,fw26_ai,0.849094804979828
35.8m-g025-ai-r0.0514,fw26_human,1.0884881943898734
35.8m-g025-ai-r0.0514,paloma,1.5813679657376678
35.8m-g025-ai-r0.0514,paloma_4chan,1.5643172481378798
35.8m-g025-ai-r0.0514,paloma_c4,1.1885980243466512
35.8m-g025-ai-r0.0514,paloma_c4_100_domains,1.1878204199282176
35.8m-g025-ai-r0.0514,paloma_dolma,1.4926890889367617
35.8m-g025-ai-r0.0514,paloma_falcon_refinedweb,1.2924783170336567
35.8m-g025-ai-r0.0514,paloma_gab,2.1518791174908194
35.8m-g025-ai-r0.0514,paloma_m2d2_s2orc,1.3799345036030715
35.8m-g025-ai-r0.0514,paloma_m2d2_wikipedia,1.3060210106136554
35.8m-g025-ai-r0.0514,paloma_manosphere,1.560797343638943
35.8m-g025-ai-r0.0514,paloma_mc4_en,1.3026614503208782
35.8m-g025-ai-r0.0514,paloma_programming,2.2487204290903193
35.8m-g025-ai-r0.0514,paloma_ptb,1.4895156397602702
35.8m-g025-ai-r0.0514,paloma_reddit_100,1.4111885282221166
35.8m-g025-ai-r0.0514,paloma_redpajama,1.686511752662186
35.8m-g025-ai-r0.0514,paloma_twitteraae,2.6976877541575153
35.8m-g025-ai-r0.0514,paloma_wikitext_103,1.341066823859742
35.8m-g025-ai-r2.11,c4,1.1778008583915434
35.8m-g025-ai-r2.11,cosmopedia,0.7656789167895846
35.8m-g025-ai-r2.11,fw22,1.1660729366040181
35.8m-g025-ai-r2.11,fw26,1.019612905855132
35.8m-g025-ai-r2.11,fw26_ai,0.7388949662304648
35.8m-g025-ai-r2.11,fw26_human,1.09588868558482
35.8m-g025-ai-r2.11,paloma,1.6157745040697726
35.8m-g025-ai-r2.11,paloma_4chan,1.608038522551854
35.8m-g025-ai-r2.11,paloma_c4,1.2017440437949622
35.8m-g025-ai-r2.11,paloma_c4_100_domains,1.2071268364880383
35.8m-g025-ai-r2.11,paloma_dolma,1.5161813472644372
35.8m-g025-ai-r2.11,paloma_falcon_refinedweb,1.3085526754172125
35.8m-g025-ai-r2.11,paloma_gab,2.2177000203391017
35.8m-g025-ai-r2.11,paloma_m2d2_s2orc,1.4034021267914638
35.8m-g025-ai-r2.11,paloma_m2d2_wikipedia,1.3341913365522184
35.8m-g025-ai-r2.11,paloma_manosphere,1.6001405837339662
35.8m-g025-ai-r2.11,paloma_mc4_en,1.3177463653100783
35.8m-g025-ai-r2.11,paloma_programming,2.313124239937718
35.8m-g025-ai-r2.11,paloma_ptb,1.5157187803332697
35.8m-g025-ai-r2.11,paloma_reddit_100,1.4369542342773667
35.8m-g025-ai-r2.11,paloma_redpajama,1.723146666230324
35.8m-g025-ai-r2.11,paloma_twitteraae,2.7710637648045156
35.8m-g025-ai-r2.11,paloma_wikitext_103,1.3775605212898363
35.8m-g025-ai-r4.28,c4,1.186663158065975
35.8m-g025-ai-r4.28,cosmopedia,0.7558934036644047
35.8m-g025-ai-r4.28,fw22,1.1744880867540968
35.8m-g025-ai-r4.28,fw26,1.0226031715921888
35.8m-g025-ai-r4.28,fw26_ai,0.7224052437940751
35.8m-g025-ai-r4.28,fw26_human,1.1041107147553135
35.8m-g025-ai-r4.28,paloma,1.6324110623692445
35.8m-g025-ai-r4.28,paloma_4chan,1.639053942367071
35.8m-g025-ai-r4.28,paloma_c4,1.2093859081376999
35.8m-g025-ai-r4.28,paloma_c4_100_domains,1.217258020940453
35.8m-g025-ai-r4.28,paloma_dolma,1.5254101303371328
35.8m-g025-ai-r4.28,paloma_falcon_refinedweb,1.3159799486043082
35.8m-g025-ai-r4.28,paloma_gab,2.2650901537423476
35.8m-g025-ai-r4.28,paloma_m2d2_s2orc,1.399584744102259
35.8m-g025-ai-r4.28,paloma_m2d2_wikipedia,1.3274190990720076
35.8m-g025-ai-r4.28,paloma_manosphere,1.6327365440318646
35.8m-g025-ai-r4.28,paloma_mc4_en,1.3269612708717742
35.8m-g025-ai-r4.28,paloma_programming,2.3541827357256557
35.8m-g025-ai-r4.28,paloma_ptb,1.5152251490489281
35.8m-g025-ai-r4.28,paloma_reddit_100,1.460593852891652
35.8m-g025-ai-r4.28,paloma_redpajama,1.7329937661721952
35.8m-g025-ai-r4.28,paloma_twitteraae,2.826498401963057
35.8m-g025-ai-r4.28,paloma_wikitext_103,1.370203329899506
35.8m-g025-ai-r8.61,c4,1.197737482912666
35.8m-g025-ai-r8.61,cosmopedia,0.745536122355098
35.8m-g025-ai-r8.61,fw22,1.1855457133536529
35.8m-g025-ai-r8.61,fw26,1.0292955211098864
35.8m-g025-ai-r8.61,fw26_ai,0.7126684893741603
35.8m-g025-ai-r8.61,fw26_human,1.1152494093611303
35.8m-g025-ai-r8.61,paloma,1.6488266644203509
35.8m-g025-ai-r8.61,paloma_4chan,1.6298503470224888
35.8m-g025-ai-r8.61,paloma_c4,1.222661223574998
35.8m-g025-ai-r8.61,paloma_c4_100_domains,1.2324857385167325
35.8m-g025-ai-r8.61,paloma_dolma,1.5465345769469625
35.8m-g025-ai-r8.61,paloma_falcon_refinedweb,1.3331173857256675
35.8m-g025-ai-r8.61,paloma_gab,2.2922510490885406
35.8m-g025-ai-r8.61,paloma_m2d2_s2orc,1.4208977670165979
35.8m-g025-ai-r8.61,paloma_m2d2_wikipedia,1.3589654553338306
35.8m-g025-ai-r8.61,paloma_manosphere,1.6435193898682865
35.8m-g025-ai-r8.61,paloma_mc4_en,1.3451797744803562
35.8m-g025-ai-r8.61,paloma_programming,2.335961725179259
35.8m-g025-ai-r8.61,paloma_ptb,1.5448660315996225
35.8m-g025-ai-r8.61,paloma_reddit_100,1.4701271281914834
35.8m-g025-ai-r8.61,paloma_redpajama,1.7505708300320635
35.8m-g025-ai-r8.61,paloma_twitteraae,2.8510480914299494
35.8m-g025-ai-r8.61,paloma_wikitext_103,1.4031901167187764
35.8m-g025-ai-r17.2,c4,1.2072608481153664
35.8m-g025-ai-r17.2,cosmopedia,0.7409764173866519
35.8m-g025-ai-r17.2,fw22,1.1946894310537013
35.8m-g025-ai-r17.2,fw26,1.0349326957390226
35.8m-g025-ai-r17.2,fw26_ai,0.7041519927661848
35.8m-g025-ai-r17.2,fw26_human,1.1247521978609847
35.8m-g025-ai-r17.2,paloma,1.6739373533676374
35.8m-g025-ai-r17.2,paloma_4chan,1.7132051626635216
35.8m-g025-ai-r17.2,paloma_c4,1.2328558786099586
35.8m-g025-ai-r17.2,paloma_c4_100_domains,1.2439204116144142
35.8m-g025-ai-r17.2,paloma_dolma,1.5660038719919263
35.8m-g025-ai-r17.2,paloma_falcon_refinedweb,1.343989667393964
35.8m-g025-ai-r17.2,paloma_gab,2.315941721336102
35.8m-g025-ai-r17.2,paloma_m2d2_s2orc,1.4433677905663291
35.8m-g025-ai-r17.2,paloma_m2d2_wikipedia,1.3701368052461023
35.8m-g025-ai-r17.2,paloma_manosphere,1.6670804664898444
35.8m-g025-ai-r17.2,paloma_mc4_en,1.3576869967467569
35.8m-g025-ai-r17.2,paloma_programming,2.374785372428872
35.8m-g025-ai-r17.2,paloma_ptb,1.5688229228751966
35.8m-g025-ai-r17.2,paloma_reddit_100,1.4866094606250195
35.8m-g025-ai-r17.2,paloma_redpajama,1.7720908809829046
35.8m-g025-ai-r17.2,paloma_twitteraae,2.9113314210893635
35.8m-g025-ai-r17.2,paloma_wikitext_103,1.4151688232219193
35.8m-g025-ai-r34.4,c4,1.2143828884769938
35.8m-g025-ai-r34.4,cosmopedia,0.7377016393226948
35.8m-g025-ai-r34.4,fw22,1.2016269754721294
35.8m-g025-ai-r34.4,fw26,1.0392926514899488
35.8m-g025-ai-r34.4,fw26_ai,0.6986045038903543
35.8m-g025-ai-r34.4,fw26_human,1.1318297091883531
35.8m-g025-ai-r34.4,paloma,1.6853242896532636
35.8m-g025-ai-r34.4,paloma_4chan,1.70046996520638
35.8m-g025-ai-r34.4,paloma_c4,1.2409977414121363
35.8m-g025-ai-r34.4,paloma_c4_100_domains,1.2534965969044134
35.8m-g025-ai-r34.4,paloma_dolma,1.5741645976755283
35.8m-g025-ai-r34.4,paloma_falcon_refinedweb,1.354640397771767
35.8m-g025-ai-r34.4,paloma_gab,2.3524852474227367
35.8m-g025-ai-r34.4,paloma_m2d2_s2orc,1.4522768926948202
35.8m-g025-ai-r34.4,paloma_m2d2_wikipedia,1.3831403993757807
35.8m-g025-ai-r34.4,paloma_manosphere,1.6743733978297177
35.8m-g025-ai-r34.4,paloma_mc4_en,1.3692019122411405
35.8m-g025-ai-r34.4,paloma_programming,2.386016699668631
35.8m-g025-ai-r34.4,paloma_ptb,1.5760248254158915
35.8m-g025-ai-r34.4,paloma_reddit_100,1.5001320292722007
35.8m-g025-ai-r34.4,paloma_redpajama,1.7841174624290608
35.8m-g025-ai-r34.4,paloma_twitteraae,2.932165200143655
35.8m-g025-ai-r34.4,paloma_wikitext_103,1.4314852689883573
35.8m-g025-human-r0.025,c4,1.1662895087815315
35.8m-g025-human-r0.025,cosmopedia,0.8869431698261888
35.8m-g025-human-r0.025,fw22,1.15649858844757
35.8m-g025-human-r0.025,fw26,1.0451449910961272
35.8m-g025-human-r0.025,fw26_ai,0.8844845288496671
35.8m-g025-human-r0.025,fw26_human,1.0889507612236264
35.8m-g025-human-r0.025,paloma,1.5722166667046467
35.8m-g025-human-r0.025,paloma_4chan,1.562241173381426
35.8m-g025-human-r0.025,paloma_c4,1.1877008389463377
35.8m-g025-human-r0.025,paloma_c4_100_domains,1.1864019305343956
35.8m-g025-human-r0.025,paloma_dolma,1.4807585763726878
35.8m-g025-human-r0.025,paloma_falcon_refinedweb,1.291310653029178
35.8m-g025-human-r0.025,paloma_gab,2.1465771572047205
35.8m-g025-human-r0.025,paloma_m2d2_s2orc,1.3760526321465305
35.8m-g025-human-r0.025,paloma_m2d2_wikipedia,1.302575976990437
35.8m-g025-human-r0.025,paloma_manosphere,1.5535433490749861
35.8m-g025-human-r0.025,paloma_mc4_en,1.299939105064946
35.8m-g025-human-r0.025,paloma_programming,2.2035737112572225
35.8m-g025-human-r0.025,paloma_ptb,1.4745275065048407
35.8m-g025-human-r0.025,paloma_reddit_100,1.407293499761839
35.8m-g025-human-r0.025,paloma_redpajama,1.665704732594889
35.8m-g025-human-r0.025,paloma_twitteraae,2.6812525570923538
35.8m-g025-human-r0.025,paloma_wikitext_103,1.3360132673175598
35.8m-g025-human-r0.05,c4,1.1649370296003767
35.8m-g025-human-r0.05,cosmopedia,0.8925983413078314
35.8m-g025-human-r0.05,fw22,1.1552497399916402
35.8m-g025-human-r0.05,fw26,1.04394971555919
35.8m-g025-human-r0.05,fw26_ai,0.8831614627161155
35.8m-g025-human-r0.05,fw26_human,1.0877517004647426
35.8m-g025-human-r0.05,paloma,1.5760446153218997
35.8m-g025-human-r0.05,paloma_4chan,1.563801687592529
35.8m-g025-human-r0.05,paloma_c4,1.186738543511188
35.8m-g025-human-r0.05,paloma_c4_100_domains,1.1852526330264972
35.8m-g025-human-r0.05,paloma_dolma,1.4862552488220826
35.8m-g025-human-r0.05,paloma_falcon_refinedweb,1.2908479768627878
35.8m-g025-human-r0.05,paloma_gab,2.144747622856639
35.8m-g025-human-r0.05,paloma_m2d2_s2orc,1.375729882261634
35.8m-g025-human-r0.05,paloma_m2d2_wikipedia,1.3070983648218604
35.8m-g025-human-r0.05,paloma_manosphere,1.5547724631555768
35.8m-g025-human-r0.05,paloma_mc4_en,1.2985711266526427
35.8m-g025-human-r0.05,paloma_programming,2.2412831236007382
35.8m-g025-human-r0.05,paloma_ptb,1.482116287525139
35.8m-g025-human-r0.05,paloma_reddit_100,1.408559185490425
35.8m-g025-human-r0.05,paloma_redpajama,1.669874626558442
35.8m-g025-human-r0.05,paloma_twitteraae,2.6871618453283883
35.8m-g025-human-r0.05,paloma_wikitext_103,1.3339032270838274
35.8m-g025-human-r2,c4,1.1313657018089092
35.8m-g025-human-r2,cosmopedia,0.8524780895023584
35.8m-g025-human-r2,fw22,1.1200959001361308
35.8m-g025-human-r2,fw26,1.0085601578586258
35.8m-g025-human-r2,fw26_ai,0.8471649933942103
35.8m-g025-human-r2,fw26_human,1.0525230461643094
35.8m-g025-human-r2,paloma,1.540464402263948
35.8m-g025-human-r2,paloma_4chan,1.5421219532583121
35.8m-g025-human-r2,paloma_c4,1.1543215248048773
35.8m-g025-human-r2,paloma_c4_100_domains,1.148280388349933
35.8m-g025-human-r2,paloma_dolma,1.4486366264708035
35.8m-g025-human-r2,paloma_falcon_refinedweb,1.2588473090806338
35.8m-g025-human-r2,paloma_gab,2.094887542483546
35.8m-g025-human-r2,paloma_m2d2_s2orc,1.3499511567448186
35.8m-g025-human-r2,paloma_m2d2_wikipedia,1.277483130778494
35.8m-g025-human-r2,paloma_manosphere,1.5314220372071936
35.8m-g025-human-r2,paloma_mc4_en,1.261143597068898
35.8m-g025-human-r2,paloma_programming,2.1859517350398106
35.8m-g025-human-r2,paloma_ptb,1.4505132706617672
35.8m-g025-human-r2,paloma_reddit_100,1.3770060854944208
35.8m-g025-human-r2,paloma_redpajama,1.636785741893199
35.8m-g025-human-r2,paloma_twitteraae,2.6417691647442605
35.8m-g025-human-r2,paloma_wikitext_103,1.2883091721422006
35.8m-g025-human-r4,c4,1.122015982303659
35.8m-g025-human-r4,cosmopedia,0.8434989668839852
35.8m-g025-human-r4,fw22,1.1103230843417513
35.8m-g025-human-r4,fw26,0.998456459067057
35.8m-g025-human-r4,fw26_ai,0.8369089536111729
35.8m-g025-human-r4,fw26_human,1.0424161253843103
35.8m-g025-human-r4,paloma,1.5325036926413034
35.8m-g025-human-r4,paloma_4chan,1.5442937656989701
35.8m-g025-human-r4,paloma_c4,1.1458671666882412
35.8m-g025-human-r4,paloma_c4_100_domains,1.138630513050193
35.8m-g025-human-r4,paloma_dolma,1.4358498578747698
35.8m-g025-human-r4,paloma_falcon_refinedweb,1.2510915698755016
35.8m-g025-human-r4,paloma_gab,2.092255092423654
35.8m-g025-human-r4,paloma_m2d2_s2orc,1.3428887675530956
35.8m-g025-human-r4,paloma_m2d2_wikipedia,1.2709346641272619
35.8m-g025-human-r4,paloma_manosphere,1.523005905693326
35.8m-g025-human-r4,paloma_mc4_en,1.253541509639045
35.8m-g025-human-r4,paloma_programming,2.1785267294453443
35.8m-g025-human-r4,paloma_ptb,1.4413487122378446
35.8m-g025-human-r4,paloma_reddit_100,1.3711448536436408
35.8m-g025-human-r4,paloma_redpajama,1.6183274562107381
35.8m-g025-human-r4,paloma_twitteraae,2.636243045162977
35.8m-g025-human-r4,paloma_wikitext_103,1.2761094729362512
35.8m-g026-control,c4,1.1531731875749307
35.8m-g026-control,cosmopedia,0.8744569659957926
35.8m-g026-control,fw22,1.1429865010071105
35.8m-g026-control,fw26,1.0315774497005605
35.8m-g026-control,fw26_ai,0.8708773196176157
35.8m-g026-control,fw26_human,1.0753886699095456
35.8m-g026-control,paloma,1.5643756746545687
35.8m-g026-control,paloma_4chan,1.5722005200081142
35.8m-g026-control,paloma_c4,1.1761180997839682
35.8m-g026-control,paloma_c4_100_domains,1.1729113505561113
35.8m-g026-control,paloma_dolma,1.4738364224514455
35.8m-g026-control,paloma_falcon_refinedweb,1.2813247022553291
35.8m-g026-control,paloma_gab,2.1258116751821605
35.8m-g026-control,paloma_m2d2_s2orc,1.3711806577448795
35.8m-g026-control,paloma_m2d2_wikipedia,1.2987880119172215
35.8m-g026-control,paloma_manosphere,1.548908709306208
35.8m-g026-control,paloma_mc4_en,1.2901586553820685
35.8m-g026-control,paloma_programming,2.199657743866516
35.8m-g026-control,paloma_ptb,1.4842138328298031
35.8m-g026-control,paloma_reddit_100,1.395508336458321
35.8m-g026-control,paloma_redpajama,1.6581827944019703
35.8m-g026-control,paloma_twitteraae,2.657343714473472
35.8m-g026-control,paloma_wikitext_103,1.3238655678555122
35.8m-g026-ai-r0.025,c4,1.152568206536553
35.8m-g026-ai-r0.025,cosmopedia,0.8511164399590938
35.8m-g026-ai-r0.025,fw22,1.1420503175257137
35.8m-g026-ai-r0.025,fw26,1.025229979980808
35.8m-g026-ai-r0.025,fw26_ai,0.8461203380368302
35.8m-g026-ai-r0.025,fw26_human,1.0740280850107828
35.8m-g026-ai-r0.025,paloma,1.5633369937161976
35.8m-g026-ai-r0.025,paloma_4chan,1.5817082223748833
35.8m-g026-ai-r0.025,paloma_c4,1.1753006377676274
35.8m-g026-ai-r0.025,paloma_c4_100_domains,1.1720307949293436
35.8m-g026-ai-r0.025,paloma_dolma,1.4714925710298885
35.8m-g026-ai-r0.025,paloma_falcon_refinedweb,1.2791078586081626
35.8m-g026-ai-r0.025,paloma_gab,2.132125082966288
35.8m-g026-ai-r0.025,paloma_m2d2_s2orc,1.3704041348604554
35.8m-g026-ai-r0.025,paloma_m2d2_wikipedia,1.2966480338809112
35.8m-g026-ai-r0.025,paloma_manosphere,1.549417361187253
35.8m-g026-ai-r0.025,paloma_mc4_en,1.2852267227696936
35.8m-g026-ai-r0.025,paloma_programming,2.189221086234082
35.8m-g026-ai-r0.025,paloma_ptb,1.4743806632502579
35.8m-g026-ai-r0.025,paloma_reddit_100,1.3984172474677472
35.8m-g026-ai-r0.025,paloma_redpajama,1.652792699179308
35.8m-g026-ai-r0.025,paloma_twitteraae,2.6703003211760614
35.8m-g026-ai-r0.025,paloma_wikitext_103,1.314818461777199
35.8m-g026-ai-r0.05,c4,1.1523377384489362
35.8m-g026-ai-r0.05,cosmopedia,0.8382213972683694
35.8m-g026-ai-r0.05,fw22,1.141993627001174
35.8m-g026-ai-r0.05,fw26,1.0223444040113443
35.8m-g026-ai-r0.05,fw26_ai,0.8339564162772743
35.8m-g026-ai-r0.05,fw26_human,1.073659554573025
35.8m-g026-ai-r0.05,paloma,1.5653082215757017
35.8m-g026-ai-r0.05,paloma_4chan,1.575158743483081
35.8m-g026-ai-r0.05,paloma_c4,1.1746751413179615
35.8m-g026-ai-r0.05,paloma_c4_100_domains,1.1721531423551041
35.8m-g026-ai-r0.05,paloma_dolma,1.4751307653711505
35.8m-g026-ai-r0.05,paloma_falcon_refinedweb,1.278990164106278
35.8m-g026-ai-r0.05,paloma_gab,2.1284599380221616
35.8m-g026-ai-r0.05,paloma_m2d2_s2orc,1.3691813835647135
35.8m-g026-ai-r0.05,paloma_m2d2_wikipedia,1.2939669032403172
35.8m-g026-ai-r0.05,paloma_manosphere,1.5482673007562706
35.8m-g026-ai-r0.05,paloma_mc4_en,1.2900451877716241
35.8m-g026-ai-r0.05,paloma_programming,2.211906062325538
35.8m-g026-ai-r0.05,paloma_ptb,1.477425549831776
35.8m-g026-ai-r0.05,paloma_reddit_100,1.3969528673869072
35.8m-g026-ai-r0.05,paloma_redpajama,1.6621105288433962
35.8m-g026-ai-r0.05,paloma_twitteraae,2.6693975204849854
35.8m-g026-ai-r0.05,paloma_wikitext_103,1.3211103463499638
35.8m-g026-ai-r0.1,c4,1.1511390599081093
35.8m-g026-ai-r0.1,cosmopedia,0.820655487787806
35.8m-g026-ai-r0.1,fw22,1.1406175633228368
35.8m-g026-ai-r0.1,fw26,1.0175436525982944
35.8m-g026-ai-r0.1,fw26_ai,0.8167179789822285
35.8m-g026-ai-r0.1,fw26_human,1.0722133086703776
35.8m-g026-ai-r0.1,paloma,1.560364764107429
35.8m-g026-ai-r0.1,paloma_4chan,1.5524396272346848
35.8m-g026-ai-r0.1,paloma_c4,1.174334083340381
35.8m-g026-ai-r0.1,paloma_c4_100_domains,1.1715292064489755
35.8m-g026-ai-r0.1,paloma_dolma,1.46313499100038
35.8m-g026-ai-r0.1,paloma_falcon_refinedweb,1.2783767935180048
35.8m-g026-ai-r0.1,paloma_gab,2.1330454153936045
35.8m-g026-ai-r0.1,paloma_m2d2_s2orc,1.3700202620650415
35.8m-g026-ai-r0.1,paloma_m2d2_wikipedia,1.2926832102244472
35.8m-g026-ai-r0.1,paloma_manosphere,1.5449468810794331
35.8m-g026-ai-r0.1,paloma_mc4_en,1.2822337845441816
35.8m-g026-ai-r0.1,paloma_programming,2.1965058298073306
35.8m-g026-ai-r0.1,paloma_ptb,1.4786331548130909
35.8m-g026-ai-r0.1,paloma_reddit_100,1.3959192097951012
35.8m-g026-ai-r0.1,paloma_redpajama,1.6503683828868283
35.8m-g026-ai-r0.1,paloma_twitteraae,2.6696682842146626
35.8m-g026-ai-r0.1,paloma_wikitext_103,1.3119971093527174
35.8m-g026-ai-r0.25,c4,1.1523414725529775
35.8m-g026-ai-r0.25,cosmopedia,0.8061639584113527
35.8m-g026-ai-r0.25,fw22,1.1413176732492973
35.8m-g026-ai-r0.25,fw26,1.0119791642553126
35.8m-g026-ai-r0.25,fw26_ai,0.7896299333193996
35.8m-g026-ai-r0.25,fw26_human,1.0724894003230985
35.8m-g026-ai-r0.25,paloma,1.5672965642216834
35.8m-g026-ai-r0.25,paloma_4chan,1.5765251738109451
35.8m-g026-ai-r0.25,paloma_c4,1.1740124275671682
35.8m-g026-ai-r0.25,paloma_c4_100_domains,1.1735447463202717
35.8m-g026-ai-r0.25,paloma_dolma,1.46837589606527
35.8m-g026-ai-r0.25,paloma_falcon_refinedweb,1.2782044868312703
35.8m-g026-ai-r0.25,paloma_gab,2.1410340797210123
35.8m-g026-ai-r0.25,paloma_m2d2_s2orc,1.3621700884493453
35.8m-g026-ai-r0.25,paloma_m2d2_wikipedia,1.2983758221918016
35.8m-g026-ai-r0.25,paloma_manosphere,1.5586090060988789
35.8m-g026-ai-r0.25,paloma_mc4_en,1.2833564518061387
35.8m-g026-ai-r0.25,paloma_programming,2.220942236776104
35.8m-g026-ai-r0.25,paloma_ptb,1.48014152274725
35.8m-g026-ai-r0.25,paloma_reddit_100,1.4040891003771088
35.8m-g026-ai-r0.25,paloma_redpajama,1.6566405815954355
35.8m-g026-ai-r0.25,paloma_twitteraae,2.682962432441549
35.8m-g026-ai-r0.25,paloma_wikitext_103,1.3177609747473864
35.8m-g026-ai-r0.5,c4,1.1547892661747845
35.8m-g026-ai-r0.5,cosmopedia,0.7872790673216494
35.8m-g026-ai-r0.5,fw22,1.1436221611234483
35.8m-g026-ai-r0.5,fw26,1.0087422847751817
35.8m-g026-ai-r0.5,fw26_ai,0.7679055049643808
35.8m-g026-ai-r0.5,fw26_human,1.074246024321181
35.8m-g026-ai-r0.5,paloma,1.5768691427941426
35.8m-g026-ai-r0.5,paloma_4chan,1.5925747910534602
35.8m-g026-ai-r0.5,paloma_c4,1.1782260047627362
35.8m-g026-ai-r0.5,paloma_c4_100_domains,1.1784910460382632
35.8m-g026-ai-r0.5,paloma_dolma,1.474911764884225
35.8m-g026-ai-r0.5,paloma_falcon_refinedweb,1.2840566261122681
35.8m-g026-ai-r0.5,paloma_gab,2.159235023050333
35.8m-g026-ai-r0.5,paloma_m2d2_s2orc,1.3792406084855624
35.8m-g026-ai-r0.5,paloma_m2d2_wikipedia,1.3092311522202085
35.8m-g026-ai-r0.5,paloma_manosphere,1.570442801799113
35.8m-g026-ai-r0.5,paloma_mc4_en,1.2865719050258535
35.8m-g026-ai-r0.5,paloma_programming,2.2114956093328626
35.8m-g026-ai-r0.5,paloma_ptb,1.4990514577402982
35.8m-g026-ai-r0.5,paloma_reddit_100,1.4098515177653173
35.8m-g026-ai-r0.5,paloma_redpajama,1.6647873935255595
35.8m-g026-ai-r0.5,paloma_twitteraae,2.6974749636764015
35.8m-g026-ai-r0.5,paloma_wikitext_103,1.3342636192338213
35.8m-g026-ai-r1,c4,1.1599522816239956
35.8m-g026-ai-r1,cosmopedia,0.7677981679152025
35.8m-g026-ai-r1,fw22,1.1482649630226212
35.8m-g026-ai-r1,fw26,1.0073391528494418
35.8m-g026-ai-r1,fw26_ai,0.7458559059416577
35.8m-g026-ai-r1,fw26_human,1.0784288561461557
35.8m-g026-ai-r1,paloma,1.5860779517288301
35.8m-g026-ai-r1,paloma_4chan,1.59461715368919
35.8m-g026-ai-r1,paloma_c4,1.1831450780466977
35.8m-g026-ai-r1,paloma_c4_100_domains,1.184725356887969
35.8m-g026-ai-r1,paloma_dolma,1.4824578974561227
35.8m-g026-ai-r1,paloma_falcon_refinedweb,1.2885869967042354
35.8m-g026-ai-r1,paloma_gab,2.1778064586183645
35.8m-g026-ai-r1,paloma_m2d2_s2orc,1.3783554292194964
35.8m-g026-ai-r1,paloma_m2d2_wikipedia,1.301892417100611
35.8m-g026-ai-r1,paloma_manosphere,1.5771990876288786
35.8m-g026-ai-r1,paloma_mc4_en,1.2945044535006416
35.8m-g026-ai-r1,paloma_programming,2.260859084491683
35.8m-g026-ai-r1,paloma_ptb,1.5002180700956815
35.8m-g026-ai-r1,paloma_reddit_100,1.4138917763815297
35.8m-g026-ai-r1,paloma_redpajama,1.678128335717558
35.8m-g026-ai-r1,paloma_twitteraae,2.719937179698191
35.8m-g026-ai-r1,paloma_wikitext_103,1.340922452424433
35.8m-g026-ai-r2,c4,1.1703008595621993
35.8m-g026-ai-r2,cosmopedia,0.7546500114784718
35.8m-g026-ai-r2,fw22,1.1581505560520131
35.8m-g026-ai-r2,fw26,1.011786159655887
35.8m-g026-ai-r2,fw26_ai,0.7312088162914466
35.8m-g026-ai-r2,fw26_human,1.0879901962666867
35.8m-g026-ai-r2,paloma,1.6062247691860265
35.8m-g026-ai-r2,paloma_4chan,1.6198170408769743
35.8m-g026-ai-r2,paloma_c4,1.1946847877002422
35.8m-g026-ai-r2,paloma_c4_100_domains,1.1984138471065666
35.8m-g026-ai-r2,paloma_dolma,1.5014623020128004
35.8m-g026-ai-r2,paloma_falcon_refinedweb,1.3009009579693975
35.8m-g026-ai-r2,paloma_gab,2.2062726566990616
35.8m-g026-ai-r2,paloma_m2d2_s2orc,1.39452002032891
35.8m-g026-ai-r2,paloma_m2d2_wikipedia,1.3250755818143014
35.8m-g026-ai-r2,paloma_manosphere,1.599238047917971
35.8m-g026-ai-r2,paloma_mc4_en,1.3099425888008531
35.8m-g026-ai-r2,paloma_programming,2.28623715427416
35.8m-g026-ai-r2,paloma_ptb,1.505866284450371
35.8m-g026-ai-r2,paloma_reddit_100,1.4290889302662502
35.8m-g026-ai-r2,paloma_redpajama,1.7058502945911727
35.8m-g026-ai-r2,paloma_twitteraae,2.7624362940041474
35.8m-g026-ai-r2,paloma_wikitext_103,1.3597895181632447
35.8m-g026-ai-r4,c4,1.181169917141535
35.8m-g026-ai-r4,cosmopedia,0.7465395272178527
35.8m-g026-ai-r4,fw22,1.1688886819364548
35.8m-g026-ai-r4,fw26,1.0174677438179314
35.8m-g026-ai-r4,fw26_ai,0.7184544548937861
35.8m-g026-ai-r4,fw26_human,1.0986626566484128
35.8m-g026-ai-r4,paloma,1.621280895742204
35.8m-g026-ai-r4,paloma_4chan,1.5958660503411164
35.8m-g026-ai-r4,paloma_c4,1.2050763856183808
35.8m-g026-ai-r4,paloma_c4_100_domains,1.2111870714522668
35.8m-g026-ai-r4,paloma_dolma,1.5148261955199622
35.8m-g026-ai-r4,paloma_falcon_refinedweb,1.3124829096664505
35.8m-g026-ai-r4,paloma_gab,2.244498677261848
35.8m-g026-ai-r4,paloma_m2d2_s2orc,1.404608720925145
35.8m-g026-ai-r4,paloma_m2d2_wikipedia,1.3319279089885792
35.8m-g026-ai-r4,paloma_manosphere,1.6203606443655194
35.8m-g026-ai-r4,paloma_mc4_en,1.3239632326378294
35.8m-g026-ai-r4,paloma_programming,2.309877971657733
35.8m-g026-ai-r4,paloma_ptb,1.5366406384817703
35.8m-g026-ai-r4,paloma_reddit_100,1.4412128921164085
35.8m-g026-ai-r4,paloma_redpajama,1.7133304328034797
35.8m-g026-ai-r4,paloma_twitteraae,2.8048671808780776
35.8m-g026-ai-r4,paloma_wikitext_103,1.369767419160699
35.8m-g026-ai-r8,c4,1.192291717067744
35.8m-g026-ai-r8,cosmopedia,0.7385084083738275
35.8m-g026-ai-r8,fw22,1.1797789835704637
35.8m-g026-ai-r8,fw26,1.0235509001566805
35.8m-g026-ai-r8,fw26_ai,0.706687377764265
35.8m-g026-ai-r8,fw26_human,1.1095434159450437
35.8m-g026-ai-r8,paloma,1.6459698734158277
35.8m-g026-ai-r8,paloma_4chan,1.6445214395445926
35.8m-g026-ai-r8,paloma_c4,1.2167726740936133
35.8m-g026-ai-r8,paloma_c4_100_domains,1.2253199919954707
35.8m-g026-ai-r8,paloma_dolma,1.5392606372205042
35.8m-g026-ai-r8,paloma_falcon_refinedweb,1.324761535292206
35.8m-g026-ai-r8,paloma_gab,2.2816317754217312
35.8m-g026-ai-r8,paloma_m2d2_s2orc,1.4211154736838476
35.8m-g026-ai-r8,paloma_m2d2_wikipedia,1.3422400568130766
35.8m-g026-ai-r8,paloma_manosphere,1.6445790990175644
35.8m-g026-ai-r8,paloma_mc4_en,1.3404335729626013
35.8m-g026-ai-r8,paloma_programming,2.3548863499924995
35.8m-g026-ai-r8,paloma_ptb,1.5472822424138482
35.8m-g026-ai-r8,paloma_reddit_100,1.4657413492361104
35.8m-g026-ai-r8,paloma_redpajama,1.745749028627444
35.8m-g026-ai-r8,paloma_twitteraae,2.8492353602840432
35.8m-g026-ai-r8,paloma_wikitext_103,1.3919873880540907
35.8m-g026-ai-r16,c4,1.2028104685813423
35.8m-g026-ai-r16,cosmopedia,0.7353010307589417
35.8m-g026-ai-r16,fw22,1.1902361429129604
35.8m-g026-ai-r16,fw26,1.0304001567683023
35.8m-g026-ai-r16,fw26_ai,0.699869070784204
35.8m-g026-ai-r16,fw26_human,1.1201852983217007
35.8m-g026-ai-r16,paloma,1.6641715408983215
35.8m-g026-ai-r16,paloma_4chan,1.6820533197792085
35.8m-g026-ai-r16,paloma_c4,1.2283773239341804
35.8m-g026-ai-r16,paloma_c4_100_domains,1.2391465171681673
35.8m-g026-ai-r16,paloma_dolma,1.5526544110607772
35.8m-g026-ai-r16,paloma_falcon_refinedweb,1.3387068750842954
35.8m-g026-ai-r16,paloma_gab,2.315005161605819
35.8m-g026-ai-r16,paloma_m2d2_s2orc,1.436146992038257
35.8m-g026-ai-r16,paloma_m2d2_wikipedia,1.359952870560693
35.8m-g026-ai-r16,paloma_manosphere,1.667675487253163
35.8m-g026-ai-r16,paloma_mc4_en,1.3505641748460075
35.8m-g026-ai-r16,paloma_programming,2.3342777746325787
35.8m-g026-ai-r16,paloma_ptb,1.5773216189612598
35.8m-g026-ai-r16,paloma_reddit_100,1.4811100504742345
35.8m-g026-ai-r16,paloma_redpajama,1.749644238528294
35.8m-g026-ai-r16,paloma_twitteraae,2.906194005188455
35.8m-g026-ai-r16,paloma_wikitext_103,1.407913833257754
35.8m-g026-ai-r32,c4,1.2118252544476593
35.8m-g026-ai-r32,cosmopedia,0.7315853453614247
35.8m-g026-ai-r32,fw22,1.1989382867529434
35.8m-g026-ai-r32,fw26,1.036388004373857
35.8m-g026-ai-r32,fw26_ai,0.6954961680800205
35.8m-g026-ai-r32,fw26_human,1.1289203837579074
35.8m-g026-ai-r32,paloma,1.685442040517339
35.8m-g026-ai-r32,paloma_4chan,1.7353343817864701
35.8m-g026-ai-r32,paloma_c4,1.2385380901422702
35.8m-g026-ai-r32,paloma_c4_100_domains,1.250785286204435
35.8m-g026-ai-r32,paloma_dolma,1.5744468485963565
35.8m-g026-ai-r32,paloma_falcon_refinedweb,1.3512602338681774
35.8m-g026-ai-r32,paloma_gab,2.3426511917278012
35.8m-g026-ai-r32,paloma_m2d2_s2orc,1.451673263684927
35.8m-g026-ai-r32,paloma_m2d2_wikipedia,1.3809916810174923
35.8m-g026-ai-r32,paloma_manosphere,1.6940911736170277
35.8m-g026-ai-r32,paloma_mc4_en,1.3642465883821555
35.8m-g026-ai-r32,paloma_programming,2.375158509763542
35.8m-g026-ai-r32,paloma_ptb,1.5828363958341518
35.8m-g026-ai-r32,paloma_reddit_100,1.4993384870220368
35.8m-g026-ai-r32,paloma_redpajama,1.7783360872162068
35.8m-g026-ai-r32,paloma_twitteraae,2.923952608966142
35.8m-g026-ai-r32,paloma_wikitext_103,1.4234318204482337
35.8m-g026-human-r0.025,c4,1.1518004811622162
35.8m-g026-human-r0.025,cosmopedia,0.880945262224003
35.8m-g026-human-r0.025,fw22,1.1417796319979059
35.8m-g026-human-r0.025,fw26,1.0303896943483255
35.8m-g026-human-r0.025,fw26_ai,0.8701173751233332
35.8m-g026-human-r0.025,fw26_human,1.074102715483697
35.8m-g026-human-r0.025,paloma,1.565978252870127
35.8m-g026-human-r0.025,paloma_4chan,1.5812195748879434
35.8m-g026-human-r0.025,paloma_c4,1.1758528561312938
35.8m-g026-human-r0.025,paloma_c4_100_domains,1.1718038523264476
35.8m-g026-human-r0.025,paloma_dolma,1.4724462418307853
35.8m-g026-human-r0.025,paloma_falcon_refinedweb,1.280350031179156
35.8m-g026-human-r0.025,paloma_gab,2.1237900189139376
35.8m-g026-human-r0.025,paloma_m2d2_s2orc,1.3727311834192515
35.8m-g026-human-r0.025,paloma_m2d2_wikipedia,1.3044057670389846
35.8m-g026-human-r0.025,paloma_manosphere,1.5558438284584004
35.8m-g026-human-r0.025,paloma_mc4_en,1.2876556233050134
35.8m-g026-human-r0.025,paloma_programming,2.2080782458467576
35.8m-g026-human-r0.025,paloma_ptb,1.4688661824038942
35.8m-g026-human-r0.025,paloma_reddit_100,1.3982171895629438
35.8m-g026-human-r0.025,paloma_redpajama,1.663012449479393
35.8m-g026-human-r0.025,paloma_twitteraae,2.6617766530537095
35.8m-g026-human-r0.025,paloma_wikitext_103,1.32960234808412
35.8m-g026-human-r0.05,c4,1.1509420474207939
35.8m-g026-human-r0.05,cosmopedia,0.8737869300121577
35.8m-g026-human-r0.05,fw22,1.1406154886836577
35.8m-g026-human-r0.05,fw26,1.0291128112392738
35.8m-g026-human-r0.05,fw26_ai,0.8683139253667036
35.8m-g026-human-r0.05,fw26_human,1.0729566599835596
35.8m-g026-human-r0.05,paloma,1.5650935642089285
35.8m-g026-human-r0.05,paloma_4chan,1.5905752389749988
35.8m-g026-human-r0.05,paloma_c4,1.1742886452499561
35.8m-g026-human-r0.05,paloma_c4_100_domains,1.1704155651992494
35.8m-g026-human-r0.05,paloma_dolma,1.4705045007004658
35.8m-g026-human-r0.05,paloma_falcon_refinedweb,1.2790482243457528
35.8m-g026-human-r0.05,paloma_gab,2.1248923728824614
35.8m-g026-human-r0.05,paloma_m2d2_s2orc,1.371165618150859
35.8m-g026-human-r0.05,paloma_m2d2_wikipedia,1.3013962765669458
35.8m-g026-human-r0.05,paloma_manosphere,1.5541350622211412
35.8m-g026-human-r0.05,paloma_mc4_en,1.288571980703648
35.8m-g026-human-r0.05,paloma_programming,2.1969185397831374
35.8m-g026-human-r0.05,paloma_ptb,1.4837603765743146
35.8m-g026-human-r0.05,paloma_reddit_100,1.397230655741265
35.8m-g026-human-r0.05,paloma_redpajama,1.6566449914873818
35.8m-g026-human-r0.05,paloma_twitteraae,2.654403926113826
35.8m-g026-human-r0.05,paloma_wikitext_103,1.3275450526474544
35.8m-g026-human-r2,c4,1.123667398423391
35.8m-g026-human-r2,cosmopedia,0.8494244463750862
35.8m-g026-human-r2,fw22,1.1119975353438094
35.8m-g026-human-r2,fw26,0.9998928443246392
35.8m-g026-human-r2,fw26_ai,0.8375894876842591
35.8m-g026-human-r2,fw26_human,1.0441055420040577
35.8m-g026-human-r2,paloma,1.5405218868429154
35.8m-g026-human-r2,paloma_4chan,1.5493129661353877
35.8m-g026-human-r2,paloma_c4,1.1480333036409494
35.8m-g026-human-r2,paloma_c4_100_domains,1.1408339648288222
35.8m-g026-human-r2,paloma_dolma,1.4463471536015404
35.8m-g026-human-r2,paloma_falcon_refinedweb,1.2535370367232097
35.8m-g026-human-r2,paloma_gab,2.095424482196394
35.8m-g026-human-r2,paloma_m2d2_s2orc,1.3520257971225507
35.8m-g026-human-r2,paloma_m2d2_wikipedia,1.2826583706756127
35.8m-g026-human-r2,paloma_manosphere,1.5286787445037042
35.8m-g026-human-r2,paloma_mc4_en,1.261043807186778
35.8m-g026-human-r2,paloma_programming,2.208339828963729
35.8m-g026-human-r2,paloma_ptb,1.4436886468832548
35.8m-g026-human-r2,paloma_reddit_100,1.3762460036107687
35.8m-g026-human-r2,paloma_redpajama,1.6410478869447058
35.8m-g026-human-r2,paloma_twitteraae,2.629703650636522
35.8m-g026-human-r2,paloma_wikitext_103,1.2914285458327162
35.8m-g026-human-r4,c4,1.1134672864899555
35.8m-g026-human-r4,cosmopedia,0.8387237128426607
35.8m-g026-human-r4,fw22,1.1017940889359914
35.8m-g026-human-r4,fw26,0.9896753733644778
35.8m-g026-human-r4,fw26_ai,0.8270524147487791
35.8m-g026-human-r4,fw26_human,1.0339745184939244
35.8m-g026-human-r4,paloma,1.5284011574947978
35.8m-g026-human-r4,paloma_4chan,1.5645356954593683
35.8m-g026-human-r4,paloma_c4,1.1378506350531625
35.8m-g026-human-r4,paloma_c4_100_domains,1.1294293234901394
35.8m-g026-human-r4,paloma_dolma,1.4270372081068734
35.8m-g026-human-r4,paloma_falcon_refinedweb,1.2429189514543015
35.8m-g026-human-r4,paloma_gab,2.0830847491174804
35.8m-g026-human-r4,paloma_m2d2_s2orc,1.3382543438929926
35.8m-g026-human-r4,paloma_m2d2_wikipedia,1.2714696152571208
35.8m-g026-human-r4,paloma_manosphere,1.5344036400775738
35.8m-g026-human-r4,paloma_mc4_en,1.245485036865215
35.8m-g026-human-r4,paloma_programming,2.166138429443372
35.8m-g026-human-r4,paloma_ptb,1.4417692954521804
35.8m-g026-human-r4,paloma_reddit_100,1.369145460810003
35.8m-g026-human-r4,paloma_redpajama,1.6119489931076103
35.8m-g026-human-r4,paloma_twitteraae,2.614514519967336
35.8m-g026-human-r4,paloma_wikitext_103,1.276432622362033
35.8m-g027-control,c4,1.1416235804570611
35.8m-g027-control,cosmopedia,0.8644407259833181
35.8m-g027-control,fw22,1.1312348060766197
35.8m-g027-control,fw26,1.0194421246867478
35.8m-g027-control,fw26_ai,0.8573119706528126
35.8m-g027-control,fw26_human,1.0636436672675205
35.8m-g027-control,paloma,1.5489181067838045
35.8m-g027-control,paloma_4chan,1.563455334138253
35.8m-g027-control,paloma_c4,1.1639545284077977
35.8m-g027-control,paloma_c4_100_domains,1.1598996686178424
35.8m-g027-control,paloma_dolma,1.4523894153476373
35.8m-g027-control,paloma_falcon_refinedweb,1.268944975364013
35.8m-g027-control,paloma_gab,2.112600102545417
35.8m-g027-control,paloma_m2d2_s2orc,1.3547801064592044
35.8m-g027-control,paloma_m2d2_wikipedia,1.2824307480703587
35.8m-g027-control,paloma_manosphere,1.534413843031702
35.8m-g027-control,paloma_mc4_en,1.2730607890426144
35.8m-g027-control,paloma_programming,2.1867844422263953
35.8m-g027-control,paloma_ptb,1.4488980935368643
35.8m-g027-control,paloma_reddit_100,1.390116938228444
35.8m-g027-control,paloma_redpajama,1.6413399821528358
35.8m-g027-control,paloma_twitteraae,2.6494641907640464
35.8m-g027-control,paloma_wikitext_103,1.3001565506074446
35.8m-g027-ai-r0.05,c4,1.1422764234444118
35.8m-g027-ai-r0.05,cosmopedia,0.835711648936253
35.8m-g027-ai-r0.05,fw22,1.1312852758243979
35.8m-g027-ai-r0.05,fw26,1.0113982629160125
35.8m-g027-ai-r0.05,fw26_ai,0.8219810033726482
35.8m-g027-ai-r0.05,fw26_human,1.0629397231108435
35.8m-g027-ai-r0.05,paloma,1.558356804300066
35.8m-g027-ai-r0.05,paloma_4chan,1.594583882037406
35.8m-g027-ai-r0.05,paloma_c4,1.165926467652312
35.8m-g027-ai-r0.05,paloma_c4_100_domains,1.161703478698592
35.8m-g027-ai-r0.05,paloma_dolma,1.4567337048420341
35.8m-g027-ai-r0.05,paloma_falcon_refinedweb,1.2717839045368566
35.8m-g027-ai-r0.05,paloma_gab,2.11835273561175
35.8m-g027-ai-r0.05,paloma_m2d2_s2orc,1.3672260526045874
35.8m-g027-ai-r0.05,paloma_m2d2_wikipedia,1.3035499169661235
35.8m-g027-ai-r0.05,paloma_manosphere,1.5588074502877785
35.8m-g027-ai-r0.05,paloma_mc4_en,1.2740675949964142
35.8m-g027-ai-r0.05,paloma_programming,2.1805771083078263
35.8m-g027-ai-r0.05,paloma_ptb,1.4699047280444955
35.8m-g027-ai-r0.05,paloma_reddit_100,1.3935238316071232
35.8m-g027-ai-r0.05,paloma_redpajama,1.6417316465178384
35.8m-g027-ai-r0.05,paloma_twitteraae,2.650081925797104
35.8m-g027-ai-r0.05,paloma_wikitext_103,1.3251544402928142
35.8m-g027-ai-r0.1,c4,1.1419410433092998
35.8m-g027-ai-r0.1,cosmopedia,0.8231377877554662
35.8m-g027-ai-r0.1,fw22,1.131133222250993
35.8m-g027-ai-r0.1,fw26,1.0080657961844912
35.8m-g027-ai-r0.1,fw26_ai,0.8074180432239452
35.8m-g027-ai-r0.1,fw26_human,1.0626611166264224
35.8m-g027-ai-r0.1,paloma,1.553547952247799
35.8m-g027-ai-r0.1,paloma_4chan,1.540080534968133
35.8m-g027-ai-r0.1,paloma_c4,1.1644644291498913
35.8m-g027-ai-r0.1,paloma_c4_100_domains,1.1613432598263125
35.8m-g027-ai-r0.1,paloma_dolma,1.4605934169390968
35.8m-g027-ai-r0.1,paloma_falcon_refinedweb,1.2693971708019645
35.8m-g027-ai-r0.1,paloma_gab,2.1184448889878933
35.8m-g027-ai-r0.1,paloma_m2d2_s2orc,1.354900300218414
35.8m-g027-ai-r0.1,paloma_m2d2_wikipedia,1.2846694712849982
35.8m-g027-ai-r0.1,paloma_manosphere,1.5471924909814965
35.8m-g027-ai-r0.1,paloma_mc4_en,1.272543299862167
35.8m-g027-ai-r0.1,paloma_programming,2.2239285707933485
35.8m-g027-ai-r0.1,paloma_ptb,1.4598263216309306
35.8m-g027-ai-r0.1,paloma_reddit_100,1.3922809135150822
35.8m-g027-ai-r0.1,paloma_redpajama,1.6475924813639449
35.8m-g027-ai-r0.1,paloma_twitteraae,2.657323779090693
35.8m-g027-ai-r0.1,paloma_wikitext_103,1.3021859065504193
35.8m-g027-ai-r0.25,c4,1.1451669253049113
35.8m-g027-ai-r0.25,cosmopedia,0.7949006254888941
35.8m-g027-ai-r0.25,fw22,1.1337732391592688
35.8m-g027-ai-r0.25,fw26,1.004416389672035
35.8m-g027-ai-r0.25,fw26_ai,0.7821452933963293
35.8m-g027-ai-r0.25,fw26_human,1.0648701909139993
35.8m-g027-ai-r0.25,paloma,1.5607908480523096
35.8m-g027-ai-r0.25,paloma_4chan,1.5780090491342689
35.8m-g027-ai-r0.25,paloma_c4,1.1678731388159542
35.8m-g027-ai-r0.25,paloma_c4_100_domains,1.1665210606228804
35.8m-g027-ai-r0.25,paloma_dolma,1.461727917104677
35.8m-g027-ai-r0.25,paloma_falcon_refinedweb,1.2745377895321608
35.8m-g027-ai-r0.25,paloma_gab,2.128198865005413
35.8m-g027-ai-r0.25,paloma_m2d2_s2orc,1.365512603857517
35.8m-g027-ai-r0.25,paloma_m2d2_wikipedia,1.2968264993391583
35.8m-g027-ai-r0.25,paloma_manosphere,1.5598744059519052
35.8m-g027-ai-r0.25,paloma_mc4_en,1.2803520043993728
35.8m-g027-ai-r0.25,paloma_programming,2.1967228355051787
35.8m-g027-ai-r0.25,paloma_ptb,1.4688924723789154
35.8m-g027-ai-r0.25,paloma_reddit_100,1.3974072375480109
35.8m-g027-ai-r0.25,paloma_redpajama,1.6476293284588948
35.8m-g027-ai-r0.25,paloma_twitteraae,2.6647663042037353
35.8m-g027-ai-r0.25,paloma_wikitext_103,1.3178020569789093
35.8m-g027-ai-r0.5,c4,1.1474158911890773
35.8m-g027-ai-r0.5,cosmopedia,0.7861221222430864
35.8m-g027-ai-r0.5,fw22,1.1357854238627312
35.8m-g027-ai-r0.5,fw26,1.0011739272559854
35.8m-g027-ai-r0.5,fw26_ai,0.7604015378588724
35.8m-g027-ai-r0.5,fw26_human,1.0666151385701415
35.8m-g027-ai-r0.5,paloma,1.567835601940364
35.8m-g027-ai-r0.5,paloma_4chan,1.5878542346509918
35.8m-g027-ai-r0.5,paloma_c4,1.1698056234991205
35.8m-g027-ai-r0.5,paloma_c4_100_domains,1.1695551169316272
35.8m-g027-ai-r0.5,paloma_dolma,1.4656094127865849
35.8m-g027-ai-r0.5,paloma_falcon_refinedweb,1.274438883008372
35.8m-g027-ai-r0.5,paloma_gab,2.1521234880603983
35.8m-g027-ai-r0.5,paloma_m2d2_s2orc,1.3625066071021985
35.8m-g027-ai-r0.5,paloma_m2d2_wikipedia,1.2892839517214272
35.8m-g027-ai-r0.5,paloma_manosphere,1.5678508275297554
35.8m-g027-ai-r0.5,paloma_mc4_en,1.2767465758922616
35.8m-g027-ai-r0.5,paloma_programming,2.2146159328532096
35.8m-g027-ai-r0.5,paloma_ptb,1.4934174526589716
35.8m-g027-ai-r0.5,paloma_reddit_100,1.4073927223543006
35.8m-g027-ai-r0.5,paloma_redpajama,1.6502377469836438
35.8m-g027-ai-r0.5,paloma_twitteraae,2.6899047685300297
35.8m-g027-ai-r0.5,paloma_wikitext_103,1.3140262864829326
35.8m-g027-ai-r1,c4,1.1545793718110302
35.8m-g027-ai-r1,cosmopedia,0.765539102404238
35.8m-g027-ai-r1,fw22,1.142711008993696
35.8m-g027-ai-r1,fw26,1.0022610011816624
35.8m-g027-ai-r1,fw26_ai,0.7416608240886966
35.8m-g027-ai-r1,fw26_human,1.0730343971157152
35.8m-g027-ai-r1,paloma,1.581677015946099
35.8m-g027-ai-r1,paloma_4chan,1.568930385403228
35.8m-g027-ai-r1,paloma_c4,1.1788784874706557
35.8m-g027-ai-r1,paloma_c4_100_domains,1.1797448215754163
35.8m-g027-ai-r1,paloma_dolma,1.4844923573354907
35.8m-g027-ai-r1,paloma_falcon_refinedweb,1.2849902009636958
35.8m-g027-ai-r1,paloma_gab,2.1658453463673464
35.8m-g027-ai-r1,paloma_m2d2_s2orc,1.3772203891978716
35.8m-g027-ai-r1,paloma_m2d2_wikipedia,1.3089122215321911
35.8m-g027-ai-r1,paloma_manosphere,1.5757767188733622
35.8m-g027-ai-r1,paloma_mc4_en,1.291175832640415
35.8m-g027-ai-r1,paloma_programming,2.244410691208571
35.8m-g027-ai-r1,paloma_ptb,1.4873873076966537
35.8m-g027-ai-r1,paloma_reddit_100,1.4147885884758427
35.8m-g027-ai-r1,paloma_redpajama,1.6853704605858417
35.8m-g027-ai-r1,paloma_twitteraae,2.7143016657490575
35.8m-g027-ai-r1,paloma_wikitext_103,1.3446067800619481
35.8m-g028-control,c4,1.1325938760156469
35.8m-g028-control,cosmopedia,0.8555512427712292
35.8m-g028-control,fw22,1.1217379918864605
35.8m-g028-control,fw26,1.0101061380921097
35.8m-g028-control,fw26_ai,0.8488845440673309
35.8m-g028-control,fw26_human,1.0540274344584173
35.8m-g028-control,paloma,1.547726161275703
35.8m-g028-control,paloma_4chan,1.574963687048033
35.8m-g028-control,paloma_c4,1.1577252815846015
35.8m-g028-control,paloma_c4_100_domains,1.1511177840175095
35.8m-g028-control,paloma_dolma,1.4502796707749175
35.8m-g028-control,paloma_falcon_refinedweb,1.264127390158464
35.8m-g028-control,paloma_gab,2.097255559421053
35.8m-g028-control,paloma_m2d2_s2orc,1.3587482130821928
35.8m-g028-control,paloma_m2d2_wikipedia,1.2915612027737084
35.8m-g028-control,paloma_manosphere,1.5373581532714002
35.8m-g028-control,paloma_mc4_en,1.2676166290203017
35.8m-g028-control,paloma_programming,2.1937135878499006
35.8m-g028-control,paloma_ptb,1.457476914136612
35.8m-g028-control,paloma_reddit_100,1.3821534577794337
35.8m-g028-control,paloma_redpajama,1.6341729433744108
35.8m-g028-control,paloma_twitteraae,2.6448207574520657
35.8m-g028-control,paloma_wikitext_103,1.3005273486666442
35.8m-g028-ai-r0.05,c4,1.1327344625287867
35.8m-g028-ai-r0.05,cosmopedia,0.8226320317681566
35.8m-g028-ai-r0.05,fw22,1.1215869647184509
35.8m-g028-ai-r0.05,fw26,1.0019668051192323
35.8m-g028-ai-r0.05,fw26_ai,0.8133529445540703
35.8m-g028-ai-r0.05,fw26_human,1.0532903016879203
35.8m-g028-ai-r0.05,paloma,1.5460765531862857
35.8m-g028-ai-r0.05,paloma_4chan,1.534829297660304
35.8m-g028-ai-r0.05,paloma_c4,1.1590110931306392
35.8m-g028-ai-r0.05,paloma_c4_100_domains,1.152548280378408
35.8m-g028-ai-r0.05,paloma_dolma,1.4538904176122929
35.8m-g028-ai-r0.05,paloma_falcon_refinedweb,1.264571403918757
35.8m-g028-ai-r0.05,paloma_gab,2.099335534849016
35.8m-g028-ai-r0.05,paloma_m2d2_s2orc,1.369046769646756
35.8m-g028-ai-r0.05,paloma_m2d2_wikipedia,1.2925463992070918
35.8m-g028-ai-r0.05,paloma_manosphere,1.5287508333004967
35.8m-g028-ai-r0.05,paloma_mc4_en,1.2676338724420284
35.8m-g028-ai-r0.05,paloma_programming,2.1724857211504625
35.8m-g028-ai-r0.05,paloma_ptb,1.4721715582338946
35.8m-g028-ai-r0.05,paloma_reddit_100,1.3800977792850275
35.8m-g028-ai-r0.05,paloma_redpajama,1.637931526200696
35.8m-g028-ai-r0.05,paloma_twitteraae,2.6511374316306484
35.8m-g028-ai-r0.05,paloma_wikitext_103,1.3012369323340502
35.8m-g028-ai-r0.1,c4,1.1329896860359898
35.8m-g028-ai-r0.1,cosmopedia,0.8088741815110033
35.8m-g028-ai-r0.1,fw22,1.1216666472891794
35.8m-g028-ai-r0.1,fw26,0.9983793058519216
35.8m-g028-ai-r0.1,fw26_ai,0.7967919082458159
35.8m-g028-ai-r0.1,fw26_human,1.053239290581999
35.8m-g028-ai-r0.1,paloma,1.55538951893845
35.8m-g028-ai-r0.1,paloma_4chan,1.562965745464864
35.8m-g028-ai-r0.1,paloma_c4,1.1591144794173098
35.8m-g028-ai-r0.1,paloma_c4_100_domains,1.1532979395793705
35.8m-g028-ai-r0.1,paloma_dolma,1.4577589218599638
35.8m-g028-ai-r0.1,paloma_falcon_refinedweb,1.265440869892033
35.8m-g028-ai-r0.1,paloma_gab,2.1105783155508746
35.8m-g028-ai-r0.1,paloma_m2d2_s2orc,1.368755629725512
35.8m-g028-ai-r0.1,paloma_m2d2_wikipedia,1.30091934587116
35.8m-g028-ai-r0.1,paloma_manosphere,1.549520160620176
35.8m-g028-ai-r0.1,paloma_mc4_en,1.2707654205038204
35.8m-g028-ai-r0.1,paloma_programming,2.2116748500107533
35.8m-g028-ai-r0.1,paloma_ptb,1.4881416255804962
35.8m-g028-ai-r0.1,paloma_reddit_100,1.3845545173254246
35.8m-g028-ai-r0.1,paloma_redpajama,1.6488537122243758
35.8m-g028-ai-r0.1,paloma_twitteraae,2.647459366124209
35.8m-g028-ai-r0.1,paloma_wikitext_103,1.3064314032648556
35.8m-g028-ai-r0.25,c4,1.1356737809918487
35.8m-g028-ai-r0.25,cosmopedia,0.7835404133488277
35.8m-g028-ai-r0.25,fw22,1.1241111300437308
35.8m-g028-ai-r0.25,fw26,0.994554411213572
35.8m-g028-ai-r0.25,fw26_ai,0.772241917836403
35.8m-g028-ai-r0.25,fw26_human,1.0549705053017144
35.8m-g028-ai-r0.25,paloma,1.5563137447417024
35.8m-g028-ai-r0.25,paloma_4chan,1.5491367823953934
35.8m-g028-ai-r0.25,paloma_c4,1.1606274550464044
35.8m-g028-ai-r0.25,paloma_c4_100_domains,1.1570656298086268
35.8m-g028-ai-r0.25,paloma_dolma,1.4607617882571222
35.8m-g028-ai-r0.25,paloma_falcon_refinedweb,1.2670705915907203
35.8m-g028-ai-r0.25,paloma_gab,2.1208587737428606
35.8m-g028-ai-r0.25,paloma_m2d2_s2orc,1.3694088719943416
35.8m-g028-ai-r0.25,paloma_m2d2_wikipedia,1.295512801095239
35.8m-g028-ai-r0.25,paloma_manosphere,1.54270372227734
35.8m-g028-ai-r0.25,paloma_mc4_en,1.2743462802264625
35.8m-g028-ai-r0.25,paloma_programming,2.221817334570433
35.8m-g028-ai-r0.25,paloma_ptb,1.4826341506953045
35.8m-g028-ai-r0.25,paloma_reddit_100,1.3857623999104585
35.8m-g028-ai-r0.25,paloma_redpajama,1.6501084112810551
35.8m-g028-ai-r0.25,paloma_twitteraae,2.6591953199907508
35.8m-g028-ai-r0.25,paloma_wikitext_103,1.304009602984725
35.8m-g028-ai-r0.5,c4,1.1396918263981897
35.8m-g028-ai-r0.5,cosmopedia,0.7724320259261792
35.8m-g028-ai-r0.5,fw22,1.127602082879813
35.8m-g028-ai-r0.5,fw26,0.9930335069016519
35.8m-g028-ai-r0.5,fw26_ai,0.753088106488698
35.8m-g028-ai-r0.5,fw26_human,1.058260202696174
35.8m-g028-ai-r0.5,paloma,1.560287484260541
35.8m-g028-ai-r0.5,paloma_4chan,1.555934412055883
35.8m-g028-ai-r0.5,paloma_c4,1.1626418673348744
35.8m-g028-ai-r0.5,paloma_c4_100_domains,1.1608926674340354
35.8m-g028-ai-r0.5,paloma_dolma,1.4623217517808167
35.8m-g028-ai-r0.5,paloma_falcon_refinedweb,1.2680191170523045
35.8m-g028-ai-r0.5,paloma_gab,2.1346686816008607
35.8m-g028-ai-r0.5,paloma_m2d2_s2orc,1.3536539961162115
35.8m-g028-ai-r0.5,paloma_m2d2_wikipedia,1.292162509421715
35.8m-g028-ai-r0.5,paloma_manosphere,1.5588924879243096
35.8m-g028-ai-r0.5,paloma_mc4_en,1.2719431192589514
35.8m-g028-ai-r0.5,paloma_programming,2.2346091362459917
35.8m-g028-ai-r0.5,paloma_ptb,1.467901023149331
35.8m-g028-ai-r0.5,paloma_reddit_100,1.3959670961201311
35.8m-g028-ai-r0.5,paloma_redpajama,1.653571995985305
35.8m-g028-ai-r0.5,paloma_twitteraae,2.6884666101466257
35.8m-g028-ai-r0.5,paloma_wikitext_103,1.3029532765413094
35.8m-g028-ai-r1,c4,1.1469236112324834
35.8m-g028-ai-r1,cosmopedia,0.7614753330273087
35.8m-g028-ai-r1,fw22,1.1347480263820098
35.8m-g028-ai-r1,fw26,0.9940701179722159
35.8m-g028-ai-r1,fw26_ai,0.7337870211330298
35.8m-g028-ai-r1,fw26_human,1.0647780145829582
35.8m-g028-ai-r1,paloma,1.5755841440635963
35.8m-g028-ai-r1,paloma_4chan,1.579591394087216
35.8m-g028-ai-r1,paloma_c4,1.1713902128607523
35.8m-g028-ai-r1,paloma_c4_100_domains,1.1708376558130775
35.8m-g028-ai-r1,paloma_dolma,1.4750038679203474
35.8m-g028-ai-r1,paloma_falcon_refinedweb,1.277176921218663
35.8m-g028-ai-r1,paloma_gab,2.1549081086606137
35.8m-g028-ai-r1,paloma_m2d2_s2orc,1.375129508967571
35.8m-g028-ai-r1,paloma_m2d2_wikipedia,1.3003435841964308
35.8m-g028-ai-r1,paloma_manosphere,1.5680161880962566
35.8m-g028-ai-r1,paloma_mc4_en,1.2838615038383006
35.8m-g028-ai-r1,paloma_programming,2.2641427169692783
35.8m-g028-ai-r1,paloma_ptb,1.486266875479699
35.8m-g028-ai-r1,paloma_reddit_100,1.405030241510215
35.8m-g028-ai-r1,paloma_redpajama,1.6709784394075304
35.8m-g028-ai-r1,paloma_twitteraae,2.708002836879473
35.8m-g028-ai-r1,paloma_wikitext_103,1.3186662491121126
35.8m-g029-control,c4,1.1317856143283835
35.8m-g029-control,cosmopedia,0.8498439239242681
35.8m-g029-control,fw22,1.121072124734725
35.8m-g029-control,fw26,1.0091515701651719
35.8m-g029-control,fw26_ai,0.8471903573287191
35.8m-g029-control,fw26_human,1.0532784765805874
35.8m-g029-control,paloma,1.5419911260396812
35.8m-g029-control,paloma_4chan,1.5440302037073306
35.8m-g029-control,paloma_c4,1.1552212563712754
35.8m-g029-control,paloma_c4_100_domains,1.1493037744225216
35.8m-g029-control,paloma_dolma,1.449915688793089
35.8m-g029-control,paloma_falcon_refinedweb,1.2609232866216282
35.8m-g029-control,paloma_gab,2.096313491365634
35.8m-g029-control,paloma_m2d2_s2orc,1.3525126113005024
35.8m-g029-control,paloma_m2d2_wikipedia,1.281177512383818
35.8m-g029-control,paloma_manosphere,1.5257374279974425
35.8m-g029-control,paloma_mc4_en,1.2641229117754325
35.8m-g029-control,paloma_programming,2.2072759472163055
35.8m-g029-control,paloma_ptb,1.4459210816093555
35.8m-g029-control,paloma_reddit_100,1.3782076072215224
35.8m-g029-control,paloma_redpajama,1.6327185616821693
35.8m-g029-control,paloma_twitteraae,2.631319096526554
35.8m-g029-control,paloma_wikitext_103,1.2971575576403225
35.8m-g029-ai-r0.05,c4,1.1316195042907686
35.8m-g029-ai-r0.05,cosmopedia,0.8211189146079447
35.8m-g029-ai-r0.05,fw22,1.1205912238127453
35.8m-g029-ai-r0.05,fw26,1.0008325511782605
35.8m-g029-ai-r0.05,fw26_ai,0.8117348685711147
35.8m-g029-ai-r0.05,fw26_human,1.0522907781095983
35.8m-g029-ai-r0.05,paloma,1.544259618707073
35.8m-g029-ai-r0.05,paloma_4chan,1.551651949400873
35.8m-g029-ai-r0.05,paloma_c4,1.1557518573738363
35.8m-g029-ai-r0.05,paloma_c4_100_domains,1.1501026952345321
35.8m-g029-ai-r0.05,paloma_dolma,1.447058825296627
35.8m-g029-ai-r0.05,paloma_falcon_refinedweb,1.2611397224378802
35.8m-g029-ai-r0.05,paloma_gab,2.099993739242393
35.8m-g029-ai-r0.05,paloma_m2d2_s2orc,1.3507461924971116
35.8m-g029-ai-r0.05,paloma_m2d2_wikipedia,1.2822005452794802
35.8m-g029-ai-r0.05,paloma_manosphere,1.5384222565994512
35.8m-g029-ai-r0.05,paloma_mc4_en,1.2648707406276725
35.8m-g029-ai-r0.05,paloma_programming,2.1948460343883553
35.8m-g029-ai-r0.05,paloma_ptb,1.4640021282264095
35.8m-g029-ai-r0.05,paloma_reddit_100,1.3840049841915516
35.8m-g029-ai-r0.05,paloma_redpajama,1.628007893990484
35.8m-g029-ai-r0.05,paloma_twitteraae,2.639582665179624
35.8m-g029-ai-r0.05,paloma_wikitext_103,1.2957716693468841
35.8m-g029-ai-r0.1,c4,1.1319556847698902
35.8m-g029-ai-r0.1,cosmopedia,0.8094990034790683
35.8m-g029-ai-r0.1,fw22,1.120819862367157
35.8m-g029-ai-r0.1,fw26,0.9975058151520336
35.8m-g029-ai-r0.1,fw26_ai,0.796365023492623
35.8m-g029-ai-r0.1,fw26_human,1.0522433304075023
35.8m-g029-ai-r0.1,paloma,1.5467726170561762
35.8m-g029-ai-r0.1,paloma_4chan,1.5517363987145865
35.8m-g029-ai-r0.1,paloma_c4,1.155623371380542
35.8m-g029-ai-r0.1,paloma_c4_100_domains,1.1511404227514856
35.8m-g029-ai-r0.1,paloma_dolma,1.450741891643359
35.8m-g029-ai-r0.1,paloma_falcon_refinedweb,1.2618958906142081
35.8m-g029-ai-r0.1,paloma_gab,2.1042093632338963
35.8m-g029-ai-r0.1,paloma_m2d2_s2orc,1.3530761470116701
35.8m-g029-ai-r0.1,paloma_m2d2_wikipedia,1.2822773527972868
35.8m-g029-ai-r0.1,paloma_manosphere,1.5401481317282129
35.8m-g029-ai-r0.1,paloma_mc4_en,1.2646786945771153
35.8m-g029-ai-r0.1,paloma_programming,2.2049836906948936
35.8m-g029-ai-r0.1,paloma_ptb,1.4567056945476484
35.8m-g029-ai-r0.1,paloma_reddit_100,1.3865851524442567
35.8m-g029-ai-r0.1,paloma_redpajama,1.642170422823503
35.8m-g029-ai-r0.1,paloma_twitteraae,2.6462224520607185
35.8m-g029-ai-r0.1,paloma_wikitext_103,1.2961667958754344
35.8m-g029-ai-r0.25,c4,1.135437335677256
35.8m-g029-ai-r0.25,cosmopedia,0.7993102315336079
35.8m-g029-ai-r0.25,fw22,1.12363835116689
35.8m-g029-ai-r0.25,fw26,0.9945250414698227
35.8m-g029-ai-r0.25,fw26_ai,0.7733467282511377
35.8m-g029-ai-r0.25,fw26_human,1.0546536362587358
35.8m-g029-ai-r0.25,paloma,1.5605965088562648
35.8m-g029-ai-r0.25,paloma_4chan,1.5999727963517805
35.8m-g029-ai-r0.25,paloma_c4,1.1584729269978755
35.8m-g029-ai-r0.25,paloma_c4_100_domains,1.1553364563599136
35.8m-g029-ai-r0.25,paloma_dolma,1.46385039770761
35.8m-g029-ai-r0.25,paloma_falcon_refinedweb,1.2628998286316864
35.8m-g029-ai-r0.25,paloma_gab,2.120754868649645
35.8m-g029-ai-r0.25,paloma_m2d2_s2orc,1.35645290740263
35.8m-g029-ai-r0.25,paloma_m2d2_wikipedia,1.2897869832137887
35.8m-g029-ai-r0.25,paloma_manosphere,1.5590882264984267
35.8m-g029-ai-r0.25,paloma_mc4_en,1.2687344314696507
35.8m-g029-ai-r0.25,paloma_programming,2.247392455646742
35.8m-g029-ai-r0.25,paloma_ptb,1.471982354992749
35.8m-g029-ai-r0.25,paloma_reddit_100,1.396498912698483
35.8m-g029-ai-r0.25,paloma_redpajama,1.6578234856611471
35.8m-g029-ai-r0.25,paloma_twitteraae,2.6606340451864305
35.8m-g029-ai-r0.25,paloma_wikitext_103,1.2998630642316753
35.8m-g029-ai-r0.5,c4,1.1387638081131124
35.8m-g029-ai-r0.5,cosmopedia,0.7786934465298183
35.8m-g029-ai-r0.5,fw22,1.1267309897696782
35.8m-g029-ai-r0.5,fw26,0.9920122489532173
35.8m-g029-ai-r0.5,fw26_ai,0.7513854950296652
35.8m-g029-ai-r0.5,fw26_human,1.0573923556459617
35.8m-g029-ai-r0.5,paloma,1.5647106825477703
35.8m-g029-ai-r0.5,paloma_4chan,1.5754734673411452
35.8m-g029-ai-r0.5,paloma_c4,1.1621244856884803
35.8m-g029-ai-r0.5,paloma_c4_100_domains,1.159940861689282
35.8m-g029-ai-r0.5,paloma_dolma,1.4658274007291887
35.8m-g029-ai-r0.5,paloma_falcon_refinedweb,1.2674742238836876
35.8m-g029-ai-r0.5,paloma_gab,2.1286213569054944
35.8m-g029-ai-r0.5,paloma_m2d2_s2orc,1.3596753628450133
35.8m-g029-ai-r0.5,paloma_m2d2_wikipedia,1.2909355870252774
35.8m-g029-ai-r0.5,paloma_manosphere,1.5745107138550507
35.8m-g029-ai-r0.5,paloma_mc4_en,1.2719300016361477
35.8m-g029-ai-r0.5,paloma_programming,2.247646058256622
35.8m-g029-ai-r0.5,paloma_ptb,1.4813124909215514
35.8m-g029-ai-r0.5,paloma_reddit_100,1.401325540039658
35.8m-g029-ai-r0.5,paloma_redpajama,1.6637713903583646
35.8m-g029-ai-r0.5,paloma_twitteraae,2.6774422351137908
35.8m-g029-ai-r0.5,paloma_wikitext_103,1.307359744475573
35.8m-g029-ai-r1,c4,1.1470320785038468
35.8m-g029-ai-r1,cosmopedia,0.7557746333767643
35.8m-g029-ai-r1,fw22,1.134907635718752
35.8m-g029-ai-r1,fw26,0.9943908045965459
35.8m-g029-ai-r1,fw26_ai,0.7342006862769712
35.8m-g029-ai-r1,fw26_human,1.0650576634202156
35.8m-g029-ai-r1,paloma,1.578107159800552
35.8m-g029-ai-r1,paloma_4chan,1.5876436295720981
35.8m-g029-ai-r1,paloma_c4,1.1717002536804118
35.8m-g029-ai-r1,paloma_c4_100_domains,1.171133313824517
35.8m-g029-ai-r1,paloma_dolma,1.4786262793913527
35.8m-g029-ai-r1,paloma_falcon_refinedweb,1.2781295684105907
35.8m-g029-ai-r1,paloma_gab,2.1529532796446613
35.8m-g029-ai-r1,paloma_m2d2_s2orc,1.3785911944967193
35.8m-g029-ai-r1,paloma_m2d2_wikipedia,1.3055680268759704
35.8m-g029-ai-r1,paloma_manosphere,1.581216032013253
35.8m-g029-ai-r1,paloma_mc4_en,1.2860628674809382
35.8m-g029-ai-r1,paloma_programming,2.247072557876645
35.8m-g029-ai-r1,paloma_ptb,1.495565392955969
35.8m-g029-ai-r1,paloma_reddit_100,1.4092734000817406
35.8m-g029-ai-r1,paloma_redpajama,1.6650790538528717
35.8m-g029-ai-r1,paloma_twitteraae,2.70821891602571
35.8m-g029-ai-r1,paloma_wikitext_103,1.332880790625381
35.8m-g030-control,c4,1.13131423737289
35.8m-g030-control,cosmopedia,0.8454523664774429
35.8m-g030-control,fw22,1.1201100301704996
35.8m-g030-control,fw26,1.0083889028224782
35.8m-g030-control,fw26_ai,0.8465336949592929
35.8m-g030-control,fw26_human,1.0524999790701797
35.8m-g030-control,paloma,1.5336062758614237
35.8m-g030-control,paloma_4chan,1.5280053644222473
35.8m-g030-control,paloma_c4,1.1539996346571926
35.8m-g030-control,paloma_c4_100_domains,1.1485317420486898
35.8m-g030-control,paloma_dolma,1.4377741911690956
35.8m-g030-control,paloma_falcon_refinedweb,1.2578102730124519
35.8m-g030-control,paloma_gab,2.0926177633083896
35.8m-g030-control,paloma_m2d2_s2orc,1.350376142802925
35.8m-g030-control,paloma_m2d2_wikipedia,1.272250021158205
35.8m-g030-control,paloma_manosphere,1.5225197121953102
35.8m-g030-control,paloma_mc4_en,1.2640584882098131
35.8m-g030-control,paloma_programming,2.149395802538403
35.8m-g030-control,paloma_ptb,1.445447396874427
35.8m-g030-control,paloma_reddit_100,1.3750487769598507
35.8m-g030-control,paloma_redpajama,1.6198201582309515
35.8m-g030-control,paloma_twitteraae,2.632325448863644
35.8m-g030-control,paloma_wikitext_103,1.2877194973311834
35.8m-g030-ai-r2.08,c4,1.1571498903773134
35.8m-g030-ai-r2.08,cosmopedia,0.7376168749519891
35.8m-g030-ai-r2.08,fw22,1.144612950125647
35.8m-g030-ai-r2.08,fw26,0.998127368156168
35.8m-g030-ai-r2.08,fw26_ai,0.7175177279254964
35.8m-g030-ai-r2.08,fw26_human,1.0743540120750328
35.8m-g030-ai-r2.08,paloma,1.5971613710083707
35.8m-g030-ai-r2.08,paloma_4chan,1.6176203344947475
35.8m-g030-ai-r2.08,paloma_c4,1.1809726506755065
35.8m-g030-ai-r2.08,paloma_c4_100_domains,1.1829808503142054
35.8m-g030-ai-r2.08,paloma_dolma,1.4972394020989057
35.8m-g030-ai-r2.08,paloma_falcon_refinedweb,1.288430301144393
35.8m-g030-ai-r2.08,paloma_gab,2.1865322332495953
35.8m-g030-ai-r2.08,paloma_m2d2_s2orc,1.3806258461709664
35.8m-g030-ai-r2.08,paloma_m2d2_wikipedia,1.3096379354895848
35.8m-g030-ai-r2.08,paloma_manosphere,1.602680931079606
35.8m-g030-ai-r2.08,paloma_mc4_en,1.2968418992306179
35.8m-g030-ai-r2.08,paloma_programming,2.304134949049863
35.8m-g030-ai-r2.08,paloma_ptb,1.5047802336002136
35.8m-g030-ai-r2.08,paloma_reddit_100,1.4218155101601981
35.8m-g030-ai-r2.08,paloma_redpajama,1.696843603263407
35.8m-g030-ai-r2.08,paloma_twitteraae,2.7402105560249534
35.8m-g030-ai-r2.08,paloma_wikitext_103,1.3432347000871694
35.8m-g030-ai-r4.21,c4,1.1709067927501575
35.8m-g030-ai-r4.21,cosmopedia,0.7357733340864085
35.8m-g030-ai-r4.21,fw22,1.1583399528165617
35.8m-g030-ai-r4.21,fw26,1.0064124529889806
35.8m-g030-ai-r4.21,fw26_ai,0.7068066056126173
35.8m-g030-ai-r4.21,fw26_human,1.0877307282759199
35.8m-g030-ai-r4.21,paloma,1.6118745055796733
35.8m-g030-ai-r4.21,paloma_4chan,1.5850458292846825
35.8m-g030-ai-r4.21,paloma_c4,1.1952867330830768
35.8m-g030-ai-r4.21,paloma_c4_100_domains,1.2004305186376933
35.8m-g030-ai-r4.21,paloma_dolma,1.5095253848044854
35.8m-g030-ai-r4.21,paloma_falcon_refinedweb,1.3034600599333388
35.8m-g030-ai-r4.21,paloma_gab,2.2271525303976496
35.8m-g030-ai-r4.21,paloma_m2d2_s2orc,1.4016928849363803
35.8m-g030-ai-r4.21,paloma_m2d2_wikipedia,1.3244107095854363
35.8m-g030-ai-r4.21,paloma_manosphere,1.6060968638363362
35.8m-g030-ai-r4.21,paloma_mc4_en,1.3177404864536162
35.8m-g030-ai-r4.21,paloma_programming,2.3117779539894685
35.8m-g030-ai-r4.21,paloma_ptb,1.520432001946289
35.8m-g030-ai-r4.21,paloma_reddit_100,1.4382601767296013
35.8m-g030-ai-r4.21,paloma_redpajama,1.7041933292049696
35.8m-g030-ai-r4.21,paloma_twitteraae,2.791157295404239
35.8m-g030-ai-r4.21,paloma_wikitext_103,1.3533293310475083
35.8m-g030-ai-r8.51,c4,1.185116622850121
35.8m-g030-ai-r8.51,cosmopedia,0.7333941084971981
35.8m-g030-ai-r8.51,fw22,1.1721989780006843
35.8m-g030-ai-r8.51,fw26,1.015704528095401
35.8m-g030-ai-r8.51,fw26_ai,0.6990394522760219
35.8m-g030-ai-r8.51,fw26_human,1.1016939119860187
35.8m-g030-ai-r8.51,paloma,1.6328419341172675
35.8m-g030-ai-r8.51,paloma_4chan,1.617691853833698
35.8m-g030-ai-r8.51,paloma_c4,1.2113326408033132
35.8m-g030-ai-r8.51,paloma_c4_100_domains,1.218039166566088
35.8m-g030-ai-r8.51,paloma_dolma,1.524798757351788
35.8m-g030-ai-r8.51,paloma_falcon_refinedweb,1.3209171524919938
35.8m-g030-ai-r8.51,paloma_gab,2.259784317132677
35.8m-g030-ai-r8.51,paloma_m2d2_s2orc,1.423996751249607
35.8m-g030-ai-r8.51,paloma_m2d2_wikipedia,1.3522169241507234
35.8m-g030-ai-r8.51,paloma_manosphere,1.6319936483599786
35.8m-g030-ai-r8.51,paloma_mc4_en,1.329209909741153
35.8m-g030-ai-r8.51,paloma_programming,2.296815240060942
35.8m-g030-ai-r8.51,paloma_ptb,1.5456605949948248
35.8m-g030-ai-r8.51,paloma_reddit_100,1.4566603498670474
35.8m-g030-ai-r8.51,paloma_redpajama,1.7160092568366292
35.8m-g030-ai-r8.51,paloma_twitteraae,2.834582574189822
35.8m-g030-ai-r8.51,paloma_wikitext_103,1.3857618082459973
35.8m-g030-human-r2,c4,1.1128231723229276
35.8m-g030-human-r2,cosmopedia,0.8380425217236314
35.8m-g030-human-r2,fw22,1.1010522470559059
35.8m-g030-human-r2,fw26,0.9889300822691411
35.8m-g030-human-r2,fw26_ai,0.8270835261660093
35.8m-g030-human-r2,fw26_human,1.0329937204484667
35.8m-g030-human-r2,paloma,1.5255406816642139
35.8m-g030-human-r2,paloma_4chan,1.5485050283098811
35.8m-g030-human-r2,paloma_c4,1.1373804019189666
35.8m-g030-human-r2,paloma_c4_100_domains,1.129066556573393
35.8m-g030-human-r2,paloma_dolma,1.431158098057289
35.8m-g030-human-r2,paloma_falcon_refinedweb,1.243257698408907
35.8m-g030-human-r2,paloma_gab,2.0731243066735177
35.8m-g030-human-r2,paloma_m2d2_s2orc,1.343223341890157
35.8m-g030-human-r2,paloma_m2d2_wikipedia,1.2799256827005723
35.8m-g030-human-r2,paloma_manosphere,1.5170241431863123
35.8m-g030-human-r2,paloma_mc4_en,1.2460137454753588
35.8m-g030-human-r2,paloma_programming,2.1513292203987637
35.8m-g030-human-r2,paloma_ptb,1.4337147660272147
35.8m-g030-human-r2,paloma_reddit_100,1.366031210041961
35.8m-g030-human-r2,paloma_redpajama,1.6200191901939227
35.8m-g030-human-r2,paloma_twitteraae,2.61399881205942
35.8m-g030-human-r2,paloma_wikitext_103,1.2748787047117836
35.8m-g031-control,c4,1.132451283321463
35.8m-g031-control,cosmopedia,0.8502338531494542
35.8m-g031-control,fw22,1.121161087040399
35.8m-g031-control,fw26,1.0092379649621923
35.8m-g031-control,fw26_ai,0.8478244856158543
35.8m-g031-control,fw26_human,1.053224125716473
35.8m-g031-control,paloma,1.5450470436998285
35.8m-g031-control,paloma_4chan,1.5244304765333683
35.8m-g031-control,paloma_c4,1.156400730234043
35.8m-g031-control,paloma_c4_100_domains,1.1500258685865152
35.8m-g031-control,paloma_dolma,1.4508517387328368
35.8m-g031-control,paloma_falcon_refinedweb,1.2614847559359392
35.8m-g031-control,paloma_gab,2.100133007447165
35.8m-g031-control,paloma_m2d2_s2orc,1.3540523972541227
35.8m-g031-control,paloma_m2d2_wikipedia,1.281467483812202
35.8m-g031-control,paloma_manosphere,1.5273115080650388
35.8m-g031-control,paloma_mc4_en,1.2690263229972172
35.8m-g031-control,paloma_programming,2.1913094553906274
35.8m-g031-control,paloma_ptb,1.482132428019187
35.8m-g031-control,paloma_reddit_100,1.3768330519564387
35.8m-g031-control,paloma_redpajama,1.636159804551497
35.8m-g031-control,paloma_twitteraae,2.6509064647723974
35.8m-g031-control,paloma_wikitext_103,1.3082272049086605
35.8m-g031-ai-r0.25,c4,1.134805506962924
35.8m-g031-ai-r0.25,cosmopedia,0.786522805093952
35.8m-g031-ai-r0.25,fw22,1.123364164145647
35.8m-g031-ai-r0.25,fw26,0.9935940988488454
35.8m-g031-ai-r0.25,fw26_ai,0.7715972262306247
35.8m-g031-ai-r0.25,fw26_human,1.0539739316565506
35.8m-g031-ai-r0.25,paloma,1.5494741351473151
35.8m-g031-ai-r0.25,paloma_4chan,1.5387432376440862
35.8m-g031-ai-r0.25,paloma_c4,1.1584696329585178
35.8m-g031-ai-r0.25,paloma_c4_100_domains,1.1545360748871605
35.8m-g031-ai-r0.25,paloma_dolma,1.453085753977864
35.8m-g031-ai-r0.25,paloma_falcon_refinedweb,1.2626441362806442
35.8m-g031-ai-r0.25,paloma_gab,2.1164968758504514
35.8m-g031-ai-r0.25,paloma_m2d2_s2orc,1.3522584577027306
35.8m-g031-ai-r0.25,paloma_m2d2_wikipedia,1.2768951510308084
35.8m-g031-ai-r0.25,paloma_manosphere,1.5412048992283283
35.8m-g031-ai-r0.25,paloma_mc4_en,1.2669792136966402
35.8m-g031-ai-r0.25,paloma_programming,2.201840606429912
35.8m-g031-ai-r0.25,paloma_ptb,1.4680152330032843
35.8m-g031-ai-r0.25,paloma_reddit_100,1.3830447402400206
35.8m-g031-ai-r0.25,paloma_redpajama,1.642057855992892
35.8m-g031-ai-r0.25,paloma_twitteraae,2.6731785637304384
35.8m-g031-ai-r0.25,paloma_wikitext_103,1.3021357297032614
35.8m-g031-ai-r1,c4,1.1460806283246598
35.8m-g031-ai-r1,cosmopedia,0.7521799467886512
35.8m-g031-ai-r1,fw22,1.1340811865321383
35.8m-g031-ai-r1,fw26,0.9932553040932324
35.8m-g031-ai-r1,fw26_ai,0.7326855512805361
35.8m-g031-ai-r1,fw26_human,1.0640358964303986
35.8m-g031-ai-r1,paloma,1.5754378938685574
35.8m-g031-ai-r1,paloma_4chan,1.5644910835375772
35.8m-g031-ai-r1,paloma_c4,1.172180980617478
35.8m-g031-ai-r1,paloma_c4_100_domains,1.1710544837341927
35.8m-g031-ai-r1,paloma_dolma,1.4763355461144665
35.8m-g031-ai-r1,paloma_falcon_refinedweb,1.2782306025171977
35.8m-g031-ai-r1,paloma_gab,2.1543557888531764
35.8m-g031-ai-r1,paloma_m2d2_s2orc,1.3777511741059947
35.8m-g031-ai-r1,paloma_m2d2_wikipedia,1.3052064811380761
35.8m-g031-ai-r1,paloma_manosphere,1.5562074956673073
35.8m-g031-ai-r1,paloma_mc4_en,1.2837556070047984
35.8m-g031-ai-r1,paloma_programming,2.2667964463566146
35.8m-g031-ai-r1,paloma_ptb,1.4818218398049001
35.8m-g031-ai-r1,paloma_reddit_100,1.4014045996448008
35.8m-g031-ai-r1,paloma_redpajama,1.6763790690054974
35.8m-g031-ai-r1,paloma_twitteraae,2.7155461644330283
35.8m-g031-ai-r1,paloma_wikitext_103,1.325488939361811
35.8m-g032-control,c4,1.1259099047457672
35.8m-g032-control,cosmopedia,0.850658564389855
35.8m-g032-control,fw22,1.1147020074015255
35.8m-g032-control,fw26,1.0030960134323053
35.8m-g032-control,fw26_ai,0.8414827877926069
35.8m-g032-control,fw26_human,1.0471223469480577
35.8m-g032-control,paloma,1.5382277350333913
35.8m-g032-control,paloma_4chan,1.539684665313406
35.8m-g032-control,paloma_c4,1.1487997442271578
35.8m-g032-control,paloma_c4_100_domains,1.1423338995745826
35.8m-g032-control,paloma_dolma,1.444649235624655
35.8m-g032-control,paloma_falcon_refinedweb,1.2538020734764022
35.8m-g032-control,paloma_gab,2.092400143800669
35.8m-g032-control,paloma_m2d2_s2orc,1.3461811519100684
35.8m-g032-control,paloma_m2d2_wikipedia,1.273470850012609
35.8m-g032-control,paloma_manosphere,1.5305821419061647
35.8m-g032-control,paloma_mc4_en,1.2573437572171364
35.8m-g032-control,paloma_programming,2.213184932697961
35.8m-g032-control,paloma_ptb,1.444135195853081
35.8m-g032-control,paloma_reddit_100,1.378374268405669
35.8m-g032-control,paloma_redpajama,1.6305213972060335
35.8m-g032-control,paloma_twitteraae,2.637724831801297
35.8m-g032-control,paloma_wikitext_103,1.278455471507366
35.8m-g032-ai-r0.05,c4,1.1260165295357027
35.8m-g032-ai-r0.05,cosmopedia,0.8128260831830125
35.8m-g032-ai-r0.05,fw22,1.114561682582671
35.8m-g032-ai-r0.05,fw26,0.9948646686853765
35.8m-g032-ai-r0.05,fw26_ai,0.805577549035988
35.8m-g032-ai-r0.05,fw26_human,1.0463784620198793
35.8m-g032-ai-r0.05,paloma,1.535941810861769
35.8m-g032-ai-r0.05,paloma_4chan,1.5204808976028994
35.8m-g032-ai-r0.05,paloma_c4,1.1497256716002489
35.8m-g032-ai-r0.05,paloma_c4_100_domains,1.1437274913740803
35.8m-g032-ai-r0.05,paloma_dolma,1.4432810052305751
35.8m-g032-ai-r0.05,paloma_falcon_refinedweb,1.2544810246626963
35.8m-g032-ai-r0.05,paloma_gab,2.101200770157907
35.8m-g032-ai-r0.05,paloma_m2d2_s2orc,1.3447817274809066
35.8m-g032-ai-r0.05,paloma_m2d2_wikipedia,1.2725928674244489
35.8m-g032-ai-r0.05,paloma_manosphere,1.5223669272089908
35.8m-g032-ai-r0.05,paloma_mc4_en,1.2563924072520676
35.8m-g032-ai-r0.05,paloma_programming,2.1843728375618774
35.8m-g032-ai-r0.05,paloma_ptb,1.4518878487015954
35.8m-g032-ai-r0.05,paloma_reddit_100,1.3750687314242298
35.8m-g032-ai-r0.05,paloma_redpajama,1.630607493489503
35.8m-g032-ai-r0.05,paloma_twitteraae,2.6415360977843463
35.8m-g032-ai-r0.05,paloma_wikitext_103,1.282565174831934
35.8m-g032-ai-r0.1,c4,1.1258750005760187
35.8m-g032-ai-r0.1,cosmopedia,0.8089880462158018
35.8m-g032-ai-r0.1,fw22,1.1143220850777555
35.8m-g032-ai-r0.1,fw26,0.9911181011003083
35.8m-g032-ai-r0.1,fw26_ai,0.7896800317782124
35.8m-g032-ai-r0.1,fw26_human,1.0459316523767364
35.8m-g032-ai-r0.1,paloma,1.5402240799322728
35.8m-g032-ai-r0.1,paloma_4chan,1.5686337239308092
35.8m-g032-ai-r0.1,paloma_c4,1.149892693968468
35.8m-g032-ai-r0.1,paloma_c4_100_domains,1.1441825259211544
35.8m-g032-ai-r0.1,paloma_dolma,1.4420089217040755
35.8m-g032-ai-r0.1,paloma_falcon_refinedweb,1.255277033664736
35.8m-g032-ai-r0.1,paloma_gab,2.1015530040543178
35.8m-g032-ai-r0.1,paloma_m2d2_s2orc,1.348005854379747
35.8m-g032-ai-r0.1,paloma_m2d2_wikipedia,1.2798343700812047
35.8m-g032-ai-r0.1,paloma_manosphere,1.5352755959487934
35.8m-g032-ai-r0.1,paloma_mc4_en,1.25859240319115
35.8m-g032-ai-r0.1,paloma_programming,2.1809095480252205
35.8m-g032-ai-r0.1,paloma_ptb,1.4421362555753736
35.8m-g032-ai-r0.1,paloma_reddit_100,1.3838479677870097
35.8m-g032-ai-r0.1,paloma_redpajama,1.6299357702862725
35.8m-g032-ai-r0.1,paloma_twitteraae,2.6333486618647206
35.8m-g032-ai-r0.1,paloma_wikitext_103,1.2901509485333125
35.8m-g032-ai-r0.25,c4,1.1295028798427391
35.8m-g032-ai-r0.25,cosmopedia,0.7931877926276802
35.8m-g032-ai-r0.25,fw22,1.117571032847553
35.8m-g032-ai-r0.25,fw26,0.9885218867750074
35.8m-g032-ai-r0.25,fw26_ai,0.7671142824736223
35.8m-g032-ai-r0.25,fw26_human,1.0487205168960836
35.8m-g032-ai-r0.25,paloma,1.5584789784103852
35.8m-g032-ai-r0.25,paloma_4chan,1.6099889275933819
35.8m-g032-ai-r0.25,paloma_c4,1.152882522241809
35.8m-g032-ai-r0.25,paloma_c4_100_domains,1.1492298740229354
35.8m-g032-ai-r0.25,paloma_dolma,1.4632824205151342
35.8m-g032-ai-r0.25,paloma_falcon_refinedweb,1.259260712720546
35.8m-g032-ai-r0.25,paloma_gab,2.1146076442490114
35.8m-g032-ai-r0.25,paloma_m2d2_s2orc,1.3541539116062051
35.8m-g032-ai-r0.25,paloma_m2d2_wikipedia,1.2885980790107912
35.8m-g032-ai-r0.25,paloma_manosphere,1.5590648565741718
35.8m-g032-ai-r0.25,paloma_mc4_en,1.2641248608872233
35.8m-g032-ai-r0.25,paloma_programming,2.252223023249945
35.8m-g032-ai-r0.25,paloma_ptb,1.458637859698452
35.8m-g032-ai-r0.25,paloma_reddit_100,1.3901538948340795
35.8m-g032-ai-r0.25,paloma_redpajama,1.6612937794452058
35.8m-g032-ai-r0.25,paloma_twitteraae,2.663770102744868
35.8m-g032-ai-r0.25,paloma_wikitext_103,1.2943911851724033
35.8m-g032-ai-r0.5,c4,1.1337997743981219
35.8m-g032-ai-r0.5,cosmopedia,0.7764041571388296
35.8m-g032-ai-r0.5,fw22,1.121590276509053
35.8m-g032-ai-r0.5,fw26,0.9868723552170561
35.8m-g032-ai-r0.5,fw26_ai,0.7460105164188009
35.8m-g032-ai-r0.5,fw26_human,1.052270741799384
35.8m-g032-ai-r0.5,paloma,1.5570375245605232
35.8m-g032-ai-r0.5,paloma_4chan,1.565058221822435
35.8m-g032-ai-r0.5,paloma_c4,1.157549853688504
35.8m-g032-ai-r0.5,paloma_c4_100_domains,1.1543570306515767
35.8m-g032-ai-r0.5,paloma_dolma,1.4589470540771294
35.8m-g032-ai-r0.5,paloma_falcon_refinedweb,1.2622903006268027
35.8m-g032-ai-r0.5,paloma_gab,2.127336840671407
35.8m-g032-ai-r0.5,paloma_m2d2_s2orc,1.3576130577599717
35.8m-g032-ai-r0.5,paloma_m2d2_wikipedia,1.2852404290556456
35.8m-g032-ai-r0.5,paloma_manosphere,1.5681695064833725
35.8m-g032-ai-r0.5,paloma_mc4_en,1.2695710377397122
35.8m-g032-ai-r0.5,paloma_programming,2.2281356015772644
35.8m-g032-ai-r0.5,paloma_ptb,1.4697373461874428
35.8m-g032-ai-r0.5,paloma_reddit_100,1.397793668660299
35.8m-g032-ai-r0.5,paloma_redpajama,1.650057874656236
35.8m-g032-ai-r0.5,paloma_twitteraae,2.667739015856012
35.8m-g032-ai-r0.5,paloma_wikitext_103,1.2930035534545585
35.8m-g032-ai-r1,c4,1.14276547338536
35.8m-g032-ai-r1,cosmopedia,0.7539315361057973
35.8m-g032-ai-r1,fw22,1.1303149865060826
35.8m-g032-ai-r1,fw26,0.9898755254371038
35.8m-g032-ai-r1,fw26_ai,0.729298391737098
35.8m-g032-ai-r1,fw26_human,1.0606274190742715
35.8m-g032-ai-r1,paloma,1.5799598771280396
35.8m-g032-ai-r1,paloma_4chan,1.6146193320535227
35.8m-g032-ai-r1,paloma_c4,1.1675070603940634
35.8m-g032-ai-r1,paloma_c4_100_domains,1.1660842439918986
35.8m-g032-ai-r1,paloma_dolma,1.4843809942667134
35.8m-g032-ai-r1,paloma_falcon_refinedweb,1.2748082366331372
35.8m-g032-ai-r1,paloma_gab,2.151161079577955
35.8m-g032-ai-r1,paloma_m2d2_s2orc,1.3723274696362369
35.8m-g032-ai-r1,paloma_m2d2_wikipedia,1.3042764404135019
35.8m-g032-ai-r1,paloma_manosphere,1.58133543710196
35.8m-g032-ai-r1,paloma_mc4_en,1.2811914193371
35.8m-g032-ai-r1,paloma_programming,2.283847447928121
35.8m-g032-ai-r1,paloma_ptb,1.4906373406623465
35.8m-g032-ai-r1,paloma_reddit_100,1.4082184497702548
35.8m-g032-ai-r1,paloma_redpajama,1.6801760278114277
35.8m-g032-ai-r1,paloma_twitteraae,2.6977803648837813
35.8m-g032-ai-r1,paloma_wikitext_103,1.321006689586616
35.8m-g033-control,c4,1.1240034860976633
35.8m-g033-control,cosmopedia,0.8464809525043405
35.8m-g033-control,fw22,1.1125297678423327
35.8m-g033-control,fw26,1.0010981157635754
35.8m-g033-control,fw26_ai,0.8401143033788134
35.8m-g033-control,fw26_human,1.0449233242753626
35.8m-g033-control,paloma,1.534820671231325
35.8m-g033-control,paloma_4chan,1.547839449052959
35.8m-g033-control,paloma_c4,1.1491649355626135
35.8m-g033-control,paloma_c4_100_domains,1.1416844463083387
35.8m-g033-control,paloma_dolma,1.4407356462917364
35.8m-g033-control,paloma_falcon_refinedweb,1.2550193050413767
35.8m-g033-control,paloma_gab,2.0818573304491395
35.8m-g033-control,paloma_m2d2_s2orc,1.3507223325043214
35.8m-g033-control,paloma_m2d2_wikipedia,1.2817579109714128
35.8m-g033-control,paloma_manosphere,1.5269189991099157
35.8m-g033-control,paloma_mc4_en,1.2588697383833087
35.8m-g033-control,paloma_programming,2.160002954187298
35.8m-g033-control,paloma_ptb,1.442652723191905
35.8m-g033-control,paloma_reddit_100,1.3712528504996668
35.8m-g033-control,paloma_redpajama,1.629802243071053
35.8m-g033-control,paloma_twitteraae,2.626287894764456
35.8m-g033-control,paloma_wikitext_103,1.292561980311697
35.8m-g033-ai-r0.05,c4,1.1248356674913704
35.8m-g033-ai-r0.05,cosmopedia,0.817485927355442
35.8m-g033-ai-r0.05,fw22,1.1132965209394041
35.8m-g033-ai-r0.05,fw26,0.99388356416367
35.8m-g033-ai-r0.05,fw26_ai,0.8053329907534992
35.8m-g033-ai-r0.05,fw26_human,1.0451843306694568
35.8m-g033-ai-r0.05,paloma,1.5334089915019526
35.8m-g033-ai-r0.05,paloma_4chan,1.5381871593718464
35.8m-g033-ai-r0.05,paloma_c4,1.1482306805279476
35.8m-g033-ai-r0.05,paloma_c4_100_domains,1.142364528810092
35.8m-g033-ai-r0.05,paloma_dolma,1.4379725445062583
35.8m-g033-ai-r0.05,paloma_falcon_refinedweb,1.2528657788077024
35.8m-g033-ai-r0.05,paloma_gab,2.0958584783687133
35.8m-g033-ai-r0.05,paloma_m2d2_s2orc,1.3440290327550046
35.8m-g033-ai-r0.05,paloma_m2d2_wikipedia,1.2718960797072452
35.8m-g033-ai-r0.05,paloma_manosphere,1.5237719187506198
35.8m-g033-ai-r0.05,paloma_mc4_en,1.2576168852097553
35.8m-g033-ai-r0.05,paloma_programming,2.170994849468338
35.8m-g033-ai-r0.05,paloma_ptb,1.4453449012130972
35.8m-g033-ai-r0.05,paloma_reddit_100,1.376401805984361
35.8m-g033-ai-r0.05,paloma_redpajama,1.6195984204334088
35.8m-g033-ai-r0.05,paloma_twitteraae,2.6283795606092806
35.8m-g033-ai-r0.05,paloma_wikitext_103,1.281031239507572
35.8m-g033-ai-r0.1,c4,1.1253494553238395
35.8m-g033-ai-r0.1,cosmopedia,0.8026380951374712
35.8m-g033-ai-r0.1,fw22,1.1135949721779042
35.8m-g033-ai-r0.1,fw26,0.990344435383526
35.8m-g033-ai-r0.1,fw26_ai,0.7891409933084725
35.8m-g033-ai-r0.1,fw26_human,1.0450764864567952
35.8m-g033-ai-r0.1,paloma,1.5423561621403141
35.8m-g033-ai-r0.1,paloma_4chan,1.5439415839289903
35.8m-g033-ai-r0.1,paloma_c4,1.1503915487859622
35.8m-g033-ai-r0.1,paloma_c4_100_domains,1.1444433556292062
35.8m-g033-ai-r0.1,paloma_dolma,1.4499881026825505
35.8m-g033-ai-r0.1,paloma_falcon_refinedweb,1.255694999860908
35.8m-g033-ai-r0.1,paloma_gab,2.09216446593778
35.8m-g033-ai-r0.1,paloma_m2d2_s2orc,1.3569635298492175
35.8m-g033-ai-r0.1,paloma_m2d2_wikipedia,1.2802070953807523
35.8m-g033-ai-r0.1,paloma_manosphere,1.5284594946794394
35.8m-g033-ai-r0.1,paloma_mc4_en,1.2621133943188585
35.8m-g033-ai-r0.1,paloma_programming,2.2034411915027765
35.8m-g033-ai-r0.1,paloma_ptb,1.4489300784984318
35.8m-g033-ai-r0.1,paloma_reddit_100,1.3756175916039242
35.8m-g033-ai-r0.1,paloma_redpajama,1.6460991651387111
35.8m-g033-ai-r0.1,paloma_twitteraae,2.64220432942426
35.8m-g033-ai-r0.1,paloma_wikitext_103,1.2970386670232592
35.8m-g033-ai-r0.25,c4,1.1286741254989185
35.8m-g033-ai-r0.25,cosmopedia,0.7827192269782801
35.8m-g033-ai-r0.25,fw22,1.1164910340465801
35.8m-g033-ai-r0.25,fw26,0.9870184223441157
35.8m-g033-ai-r0.25,fw26_ai,0.7644982392062228
35.8m-g033-ai-r0.25,fw26_human,1.0475125207603073
35.8m-g033-ai-r0.25,paloma,1.546446314691892
35.8m-g033-ai-r0.25,paloma_4chan,1.5619840015741693
35.8m-g033-ai-r0.25,paloma_c4,1.1520745650332154
35.8m-g033-ai-r0.25,paloma_c4_100_domains,1.1474226942791712
35.8m-g033-ai-r0.25,paloma_dolma,1.4464447490113983
35.8m-g033-ai-r0.25,paloma_falcon_refinedweb,1.25596918194652
35.8m-g033-ai-r0.25,paloma_gab,2.108961890731634
35.8m-g033-ai-r0.25,paloma_m2d2_s2orc,1.3488129464828096
35.8m-g033-ai-r0.25,paloma_m2d2_wikipedia,1.2741120156512578
35.8m-g033-ai-r0.25,paloma_manosphere,1.5407441090480254
35.8m-g033-ai-r0.25,paloma_mc4_en,1.2625636458970437
35.8m-g033-ai-r0.25,paloma_programming,2.224077604663512
35.8m-g033-ai-r0.25,paloma_ptb,1.445529875503837
35.8m-g033-ai-r0.25,paloma_reddit_100,1.3826891260431313
35.8m-g033-ai-r0.25,paloma_redpajama,1.6354323764868257
35.8m-g033-ai-r0.25,paloma_twitteraae,2.6660865469363473
35.8m-g033-ai-r0.25,paloma_wikitext_103,1.2902357057813725
35.8m-g033-ai-r0.5,c4,1.133083755096713
35.8m-g033-ai-r0.5,cosmopedia,0.7778225918472292
35.8m-g033-ai-r0.5,fw22,1.1208592966865507
35.8m-g033-ai-r0.5,fw26,0.9861929435392172
35.8m-g033-ai-r0.5,fw26_ai,0.7460778313912849
35.8m-g033-ai-r0.5,fw26_human,1.0514359957954025
35.8m-g033-ai-r0.5,paloma,1.5544605921397419
35.8m-g033-ai-r0.5,paloma_4chan,1.5713144650612083
35.8m-g033-ai-r0.5,paloma_c4,1.1556584112171857
35.8m-g033-ai-r0.5,paloma_c4_100_domains,1.1528117137626521
35.8m-g033-ai-r0.5,paloma_dolma,1.4568639314201748
35.8m-g033-ai-r0.5,paloma_falcon_refinedweb,1.2588948020954307
35.8m-g033-ai-r0.5,paloma_gab,2.1241966821135523
35.8m-g033-ai-r0.5,paloma_m2d2_s2orc,1.345971151669549
35.8m-g033-ai-r0.5,paloma_m2d2_wikipedia,1.270583592047819
35.8m-g033-ai-r0.5,paloma_manosphere,1.5482139987427876
35.8m-g033-ai-r0.5,paloma_mc4_en,1.2665932774385733
35.8m-g033-ai-r0.5,paloma_programming,2.25862578895528
35.8m-g033-ai-r0.5,paloma_ptb,1.4654378568891022
35.8m-g033-ai-r0.5,paloma_reddit_100,1.3936890694406585
35.8m-g033-ai-r0.5,paloma_redpajama,1.6458633539540544
35.8m-g033-ai-r0.5,paloma_twitteraae,2.6732338141048384
35.8m-g033-ai-r0.5,paloma_wikitext_103,1.2834175653230024
35.8m-g033-ai-r1,c4,1.1417572704587686
35.8m-g033-ai-r1,cosmopedia,0.7521542042361304
35.8m-g033-ai-r1,fw22,1.1289172733059945
35.8m-g033-ai-r1,fw26,0.9886623262871881
35.8m-g033-ai-r1,fw26_ai,0.7287649112287815
35.8m-g033-ai-r1,fw26_human,1.0592511774886084
35.8m-g033-ai-r1,paloma,1.5641901746362246
35.8m-g033-ai-r1,paloma_4chan,1.5593394271859748
35.8m-g033-ai-r1,paloma_c4,1.165181615111011
35.8m-g033-ai-r1,paloma_c4_100_domains,1.16368115946204
35.8m-g033-ai-r1,paloma_dolma,1.4644306518761134
35.8m-g033-ai-r1,paloma_falcon_refinedweb,1.26960009980521
35.8m-g033-ai-r1,paloma_gab,2.1550134515059227
35.8m-g033-ai-r1,paloma_m2d2_s2orc,1.3600214203166718
35.8m-g033-ai-r1,paloma_m2d2_wikipedia,1.2828857168113508
35.8m-g033-ai-r1,paloma_manosphere,1.5596082788858272
35.8m-g033-ai-r1,paloma_mc4_en,1.2759671509576223
35.8m-g033-ai-r1,paloma_programming,2.2377262871941492
35.8m-g033-ai-r1,paloma_ptb,1.46283034245503
35.8m-g033-ai-r1,paloma_reddit_100,1.4009157669781223
35.8m-g033-ai-r1,paloma_redpajama,1.6537311440593367
35.8m-g033-ai-r1,paloma_twitteraae,2.7119466313980727
35.8m-g033-ai-r1,paloma_wikitext_103,1.304163650177138
35.8m-g033-ai-r2,c4,1.1536194787380956
35.8m-g033-ai-r2,cosmopedia,0.7429238527917418
35.8m-g033-ai-r2,fw22,1.1407633813578355
35.8m-g033-ai-r2,fw26,0.9943719916594952
35.8m-g033-ai-r2,fw26_ai,0.7131843314345485
35.8m-g033-ai-r2,fw26_human,1.0707086171237379
35.8m-g033-ai-r2,paloma,1.5936280585804314
35.8m-g033-ai-r2,paloma_4chan,1.6032485780753631
35.8m-g033-ai-r2,paloma_c4,1.1773195483862549
35.8m-g033-ai-r2,paloma_c4_100_domains,1.1792605736697979
35.8m-g033-ai-r2,paloma_dolma,1.4942937947721664
35.8m-g033-ai-r2,paloma_falcon_refinedweb,1.2839789828995791
35.8m-g033-ai-r2,paloma_gab,2.184581213881648
35.8m-g033-ai-r2,paloma_m2d2_s2orc,1.3773539150499208
35.8m-g033-ai-r2,paloma_m2d2_wikipedia,1.298700807367213
35.8m-g033-ai-r2,paloma_manosphere,1.6025853399957914
35.8m-g033-ai-r2,paloma_mc4_en,1.2927147261959206
35.8m-g033-ai-r2,paloma_programming,2.3284116592619593
35.8m-g033-ai-r2,paloma_ptb,1.4845901671263952
35.8m-g033-ai-r2,paloma_reddit_100,1.4161312501612278
35.8m-g033-ai-r2,paloma_redpajama,1.6966964879996793
35.8m-g033-ai-r2,paloma_twitteraae,2.743942298691227
35.8m-g033-ai-r2,paloma_wikitext_103,1.334239593752758
35.8m-g033-ai-r4,c4,1.1686382279842948
35.8m-g033-ai-r4,cosmopedia,0.7349418163676399
35.8m-g033-ai-r4,fw22,1.1556928886364826
35.8m-g033-ai-r4,fw26,1.0040828660666934
35.8m-g033-ai-r4,fw26_ai,0.7045478289434199
35.8m-g033-ai-r4,fw26_human,1.0853964644274317
35.8m-g033-ai-r4,paloma,1.608150320047989
35.8m-g033-ai-r4,paloma_4chan,1.614089722986003
35.8m-g033-ai-r4,paloma_c4,1.192855002467108
35.8m-g033-ai-r4,paloma_c4_100_domains,1.197319143501159
35.8m-g033-ai-r4,paloma_dolma,1.4973772273351582
35.8m-g033-ai-r4,paloma_falcon_refinedweb,1.3003864107786574
35.8m-g033-ai-r4,paloma_gab,2.2146442517339975
35.8m-g033-ai-r4,paloma_m2d2_s2orc,1.3968789563303756
35.8m-g033-ai-r4,paloma_m2d2_wikipedia,1.316871138050565
35.8m-g033-ai-r4,paloma_manosphere,1.6047325801983827
35.8m-g033-ai-r4,paloma_mc4_en,1.3094277778738919
35.8m-g033-ai-r4,paloma_programming,2.306241848249155
35.8m-g033-ai-r4,paloma_ptb,1.5081836083076128
35.8m-g033-ai-r4,paloma_reddit_100,1.4333584210959516
35.8m-g033-ai-r4,paloma_redpajama,1.691572571683666
35.8m-g033-ai-r4,paloma_twitteraae,2.7877328561935606
35.8m-g033-ai-r4,paloma_wikitext_103,1.3587336039825804
35.8m-g033-ai-r8,c4,1.1833165228768017
35.8m-g033-ai-r8,cosmopedia,0.7311161575251844
35.8m-g033-ai-r8,fw22,1.170202620920685
35.8m-g033-ai-r8,fw26,1.0135960275630485
35.8m-g033-ai-r8,fw26_ai,0.696512485015999
35.8m-g033-ai-r8,fw26_human,1.0996971204411088
35.8m-g033-ai-r8,paloma,1.6404072612392526
35.8m-g033-ai-r8,paloma_4chan,1.6560544451760146
35.8m-g033-ai-r8,paloma_c4,1.207937984298826
35.8m-g033-ai-r8,paloma_c4_100_domains,1.2154292538554934
35.8m-g033-ai-r8,paloma_dolma,1.5320905701287615
35.8m-g033-ai-r8,paloma_falcon_refinedweb,1.316674273815095
35.8m-g033-ai-r8,paloma_gab,2.26391033128572
35.8m-g033-ai-r8,paloma_m2d2_s2orc,1.4141285595268294
35.8m-g033-ai-r8,paloma_m2d2_wikipedia,1.3436915107303218
35.8m-g033-ai-r8,paloma_manosphere,1.6446932228476223
35.8m-g033-ai-r8,paloma_mc4_en,1.3314298169638799
35.8m-g033-ai-r8,paloma_programming,2.34657656146048
35.8m-g033-ai-r8,paloma_ptb,1.5319253728760551
35.8m-g033-ai-r8,paloma_reddit_100,1.462635159332774
35.8m-g033-ai-r8,paloma_redpajama,1.7356006390199177
35.8m-g033-ai-r8,paloma_twitteraae,2.8574048419600535
35.8m-g033-ai-r8,paloma_wikitext_103,1.3863336365502001
35.8m-g033-human-r2,c4,1.1072260046786975
35.8m-g033-human-r2,cosmopedia,0.8352861811566114
35.8m-g033-human-r2,fw22,1.094999662899082
35.8m-g033-human-r2,fw26,0.9825726067832039
35.8m-g033-human-r2,fw26_ai,0.8202977061288074
35.8m-g033-human-r2,fw26_human,1.0267614236810967
35.8m-g033-human-r2,paloma,1.5274580292746465
35.8m-g033-human-r2,paloma_4chan,1.5591269896028481
35.8m-g033-human-r2,paloma_c4,1.1309553890485402
35.8m-g033-human-r2,paloma_c4_100_domains,1.1226353225795873
35.8m-g033-human-r2,paloma_dolma,1.4263872286561303
35.8m-g033-human-r2,paloma_falcon_refinedweb,1.2350979338263215
35.8m-g033-human-r2,paloma_gab,2.075683432313158
35.8m-g033-human-r2,paloma_m2d2_s2orc,1.3301612488344947
35.8m-g033-human-r2,paloma_m2d2_wikipedia,1.262967309860832
35.8m-g033-human-r2,paloma_manosphere,1.532184008769867
35.8m-g033-human-r2,paloma_mc4_en,1.2408310196408845
35.8m-g033-human-r2,paloma_programming,2.21864930436753
35.8m-g033-human-r2,paloma_ptb,1.4383959603891623
35.8m-g033-human-r2,paloma_reddit_100,1.3674089911516836
35.8m-g033-human-r2,paloma_redpajama,1.6121362954629117
35.8m-g033-human-r2,paloma_twitteraae,2.6168632560533993
35.8m-g033-human-r2,paloma_wikitext_103,1.2698447778369908
35.8m-g034-control,c4,1.121851718816488
35.8m-g034-control,cosmopedia,0.8424064034596405
35.8m-g034-control,fw22,1.1106816088769171
35.8m-g034-control,fw26,0.9986458994072379
35.8m-g034-control,fw26_ai,0.8363486648165636
35.8m-g034-control,fw26_human,1.0428349596704447
35.8m-g034-control,paloma,1.535207882600117
35.8m-g034-control,paloma_4chan,1.5592327420885381
35.8m-g034-control,paloma_c4,1.1464917476659466
35.8m-g034-control,paloma_c4_100_domains,1.1388055432220576
35.8m-g034-control,paloma_dolma,1.441630169831303
35.8m-g034-control,paloma_falcon_refinedweb,1.2524617235818254
35.8m-g034-control,paloma_gab,2.0878122508545522
35.8m-g034-control,paloma_m2d2_s2orc,1.3458027647364983
35.8m-g034-control,paloma_m2d2_wikipedia,1.2775938955319819
35.8m-g034-control,paloma_manosphere,1.5248691511152435
35.8m-g034-control,paloma_mc4_en,1.2541595786339812
35.8m-g034-control,paloma_programming,2.188369592196099
35.8m-g034-control,paloma_ptb,1.4422172822651445
35.8m-g034-control,paloma_reddit_100,1.3730843496734386
35.8m-g034-control,paloma_redpajama,1.6220501235324707
35.8m-g034-control,paloma_twitteraae,2.626036246514038
35.8m-g034-control,paloma_wikitext_103,1.2827089601587531
35.8m-g034-ai-r0.05,c4,1.1218459173396729
35.8m-g034-ai-r0.05,cosmopedia,0.8127603195398284
35.8m-g034-ai-r0.05,fw22,1.1102083613963893
35.8m-g034-ai-r0.05,fw26,0.9907392533005667
35.8m-g034-ai-r0.05,fw26_ai,0.8017934271598146
35.8m-g034-ai-r0.05,fw26_human,1.042142907789422
35.8m-g034-ai-r0.05,paloma,1.538364883662886
35.8m-g034-ai-r0.05,paloma_4chan,1.5721492223003464
35.8m-g034-ai-r0.05,paloma_c4,1.14628608236075
35.8m-g034-ai-r0.05,paloma_c4_100_domains,1.139490003136201
35.8m-g034-ai-r0.05,paloma_dolma,1.4403565875919224
35.8m-g034-ai-r0.05,paloma_falcon_refinedweb,1.251651073125482
35.8m-g034-ai-r0.05,paloma_gab,2.0905034564397202
35.8m-g034-ai-r0.05,paloma_m2d2_s2orc,1.3441148634517521
35.8m-g034-ai-r0.05,paloma_m2d2_wikipedia,1.279185924843101
35.8m-g034-ai-r0.05,paloma_manosphere,1.5319760963561486
35.8m-g034-ai-r0.05,paloma_mc4_en,1.2523078022369527
35.8m-g034-ai-r0.05,paloma_programming,2.193816881378303
35.8m-g034-ai-r0.05,paloma_ptb,1.4634170388412966
35.8m-g034-ai-r0.05,paloma_reddit_100,1.3749167248685605
35.8m-g034-ai-r0.05,paloma_redpajama,1.6202282990051362
35.8m-g034-ai-r0.05,paloma_twitteraae,2.6249935691373567
35.8m-g034-ai-r0.05,paloma_wikitext_103,1.2884445135331488
35.8m-g034-ai-r0.1,c4,1.122066123214201
35.8m-g034-ai-r0.1,cosmopedia,0.8003871732192759
35.8m-g034-ai-r0.1,fw22,1.1102639414997926
35.8m-g034-ai-r0.1,fw26,0.986961830347956
35.8m-g034-ai-r0.1,fw26_ai,0.7856136488510838
35.8m-g034-ai-r0.1,fw26_human,1.0417144751501881
35.8m-g034-ai-r0.1,paloma,1.5381620568996457
35.8m-g034-ai-r0.1,paloma_4chan,1.5432000673303625
35.8m-g034-ai-r0.1,paloma_c4,1.1465136270890441
35.8m-g034-ai-r0.1,paloma_c4_100_domains,1.1403364912389828
35.8m-g034-ai-r0.1,paloma_dolma,1.444878688754559
35.8m-g034-ai-r0.1,paloma_falcon_refinedweb,1.2516942734233998
35.8m-g034-ai-r0.1,paloma_gab,2.098158459346609
35.8m-g034-ai-r0.1,paloma_m2d2_s2orc,1.3455947727385622
35.8m-g034-ai-r0.1,paloma_m2d2_wikipedia,1.2752460880062373
35.8m-g034-ai-r0.1,paloma_manosphere,1.5260771271701659
35.8m-g034-ai-r0.1,paloma_mc4_en,1.2536364516814515
35.8m-g034-ai-r0.1,paloma_programming,2.202633384849029
35.8m-g034-ai-r0.1,paloma_ptb,1.4442264284098305
35.8m-g034-ai-r0.1,paloma_reddit_100,1.3795273991256705
35.8m-g034-ai-r0.1,paloma_redpajama,1.6317582159786095
35.8m-g034-ai-r0.1,paloma_twitteraae,2.6372251147016796
35.8m-g034-ai-r0.1,paloma_wikitext_103,1.2898863205501374
35.8m-g034-ai-r0.25,c4,1.1251025620299595
35.8m-g034-ai-r0.25,cosmopedia,0.78929008685564
35.8m-g034-ai-r0.25,fw22,1.1131587583651068
35.8m-g034-ai-r0.25,fw26,0.9838403837011601
35.8m-g034-ai-r0.25,fw26_ai,0.7616843466763613
35.8m-g034-ai-r0.25,fw26_human,1.0441966289644373
35.8m-g034-ai-r0.25,paloma,1.5463781037154045
35.8m-g034-ai-r0.25,paloma_4chan,1.5900453837232509
35.8m-g034-ai-r0.25,paloma_c4,1.1480395096784177
35.8m-g034-ai-r0.25,paloma_c4_100_domains,1.144154404317948
35.8m-g034-ai-r0.25,paloma_dolma,1.4476627623555658
35.8m-g034-ai-r0.25,paloma_falcon_refinedweb,1.2536918223851106
35.8m-g034-ai-r0.25,paloma_gab,2.1036920197010165
35.8m-g034-ai-r0.25,paloma_m2d2_s2orc,1.3471818328428133
35.8m-g034-ai-r0.25,paloma_m2d2_wikipedia,1.275310067902807
35.8m-g034-ai-r0.25,paloma_manosphere,1.5442031132837561
35.8m-g034-ai-r0.25,paloma_mc4_en,1.2591801921957868
35.8m-g034-ai-r0.25,paloma_programming,2.215529015732281
35.8m-g034-ai-r0.25,paloma_ptb,1.4596331149834014
35.8m-g034-ai-r0.25,paloma_reddit_100,1.3850693004333885
35.8m-g034-ai-r0.25,paloma_redpajama,1.633880788091848
35.8m-g034-ai-r0.25,paloma_twitteraae,2.64998114332575
35.8m-g034-ai-r0.25,paloma_wikitext_103,1.2847951884933293
35.8m-g034-ai-r0.5,c4,1.1293785895793773
35.8m-g034-ai-r0.5,cosmopedia,0.7707264562812065
35.8m-g034-ai-r0.5,fw22,1.1171338196400287
35.8m-g034-ai-r0.5,fw26,0.9820700986452563
35.8m-g034-ai-r0.5,fw26_ai,0.7408148369252806
35.8m-g034-ai-r0.5,fw26_human,1.0476106723354484
35.8m-g034-ai-r0.5,paloma,1.5493485854081048
35.8m-g034-ai-r0.5,paloma_4chan,1.571771088515611
35.8m-g034-ai-r0.5,paloma_c4,1.1519439858013398
35.8m-g034-ai-r0.5,paloma_c4_100_domains,1.1490433042670136
35.8m-g034-ai-r0.5,paloma_dolma,1.4479346067518257
35.8m-g034-ai-r0.5,paloma_falcon_refinedweb,1.2568319438193583
35.8m-g034-ai-r0.5,paloma_gab,2.122489716569968
35.8m-g034-ai-r0.5,paloma_m2d2_s2orc,1.3456569943391605
35.8m-g034-ai-r0.5,paloma_m2d2_wikipedia,1.2734867882679297
35.8m-g034-ai-r0.5,paloma_manosphere,1.5592877106942495
35.8m-g034-ai-r0.5,paloma_mc4_en,1.2593856205077487
35.8m-g034-ai-r0.5,paloma_programming,2.217415307303114
35.8m-g034-ai-r0.5,paloma_ptb,1.4527511466373895
35.8m-g034-ai-r0.5,paloma_reddit_100,1.389545504086173
35.8m-g034-ai-r0.5,paloma_redpajama,1.63369074427862
35.8m-g034-ai-r0.5,paloma_twitteraae,2.668180075042393
35.8m-g034-ai-r0.5,paloma_wikitext_103,1.290162829647785
35.8m-g034-ai-r1,c4,1.1400842838629264
35.8m-g034-ai-r1,cosmopedia,0.7580039510175802
35.8m-g034-ai-r1,fw22,1.127561399788127
35.8m-g034-ai-r1,fw26,0.9868248670910069
35.8m-g034-ai-r1,fw26_ai,0.7265318396324287
35.8m-g034-ai-r1,fw26_human,1.0574920523412616
35.8m-g034-ai-r1,paloma,1.573794414573847
35.8m-g034-ai-r1,paloma_4chan,1.583872200245049
35.8m-g034-ai-r1,paloma_c4,1.1652710541001543
35.8m-g034-ai-r1,paloma_c4_100_domains,1.1636789944898398
35.8m-g034-ai-r1,paloma_dolma,1.4727812047376743
35.8m-g034-ai-r1,paloma_falcon_refinedweb,1.2719345739245775
35.8m-g034-ai-r1,paloma_gab,2.1452796503146865
35.8m-g034-ai-r1,paloma_m2d2_s2orc,1.3680447592207794
35.8m-g034-ai-r1,paloma_m2d2_wikipedia,1.304994185280758
35.8m-g034-ai-r1,paloma_manosphere,1.577364343318864
35.8m-g034-ai-r1,paloma_mc4_en,1.278231510364422
35.8m-g034-ai-r1,paloma_programming,2.2593279196393725
35.8m-g034-ai-r1,paloma_ptb,1.4932146885835258
35.8m-g034-ai-r1,paloma_reddit_100,1.4025830481969432
35.8m-g034-ai-r1,paloma_redpajama,1.6633697240422738
35.8m-g034-ai-r1,paloma_twitteraae,2.701321171375368
35.8m-g034-ai-r1,paloma_wikitext_103,1.3294416053472633
35.8m-g035-control,c4,1.1183387322657923
35.8m-g035-control,cosmopedia,0.8425632399229647
35.8m-g035-control,fw22,1.106784794681335
35.8m-g035-control,fw26,0.9949281576817754
35.8m-g035-control,fw26_ai,0.8330348480203553
35.8m-g035-control,fw26_human,1.0390051157824736
35.8m-g035-control,paloma,1.5334445524556453
35.8m-g035-control,paloma_4chan,1.5799233266967043
35.8m-g035-control,paloma_c4,1.1434125483425874
35.8m-g035-control,paloma_c4_100_domains,1.13550839926028
35.8m-g035-control,paloma_dolma,1.436191680714903
35.8m-g035-control,paloma_falcon_refinedweb,1.2479331333841541
35.8m-g035-control,paloma_gab,2.0797203489018603
35.8m-g035-control,paloma_m2d2_s2orc,1.3419357794617468
35.8m-g035-control,paloma_m2d2_wikipedia,1.2775406289636817
35.8m-g035-control,paloma_manosphere,1.5202893914321383
35.8m-g035-control,paloma_mc4_en,1.2529210185427768
35.8m-g035-control,paloma_programming,2.1840251671459114
35.8m-g035-control,paloma_ptb,1.4408629749942603
35.8m-g035-control,paloma_reddit_100,1.366872021934678
35.8m-g035-control,paloma_redpajama,1.6223469845817362
35.8m-g035-control,paloma_twitteraae,2.6184261601047014
35.8m-g035-control,paloma_wikitext_103,1.2872032748282014
35.8m-g035-ai-r0.05,c4,1.1196247138774003
35.8m-g035-ai-r0.05,cosmopedia,0.8062391280843922
35.8m-g035-ai-r0.05,fw22,1.1079817561145948
35.8m-g035-ai-r0.05,fw26,0.9883137046746481
35.8m-g035-ai-r0.05,fw26_ai,0.7991086674598089
35.8m-g035-ai-r0.05,fw26_human,1.0397483004187105
35.8m-g035-ai-r0.05,paloma,1.529438845118105
35.8m-g035-ai-r0.05,paloma_4chan,1.5174029471332973
35.8m-g035-ai-r0.05,paloma_c4,1.143235062651037
35.8m-g035-ai-r0.05,paloma_c4_100_domains,1.1366310706775504
35.8m-g035-ai-r0.05,paloma_dolma,1.4383155469015272
35.8m-g035-ai-r0.05,paloma_falcon_refinedweb,1.247796396470431
35.8m-g035-ai-r0.05,paloma_gab,2.08684685688951
35.8m-g035-ai-r0.05,paloma_m2d2_s2orc,1.3401298745443844
35.8m-g035-ai-r0.05,paloma_m2d2_wikipedia,1.2644115104269833
35.8m-g035-ai-r0.05,paloma_manosphere,1.5168382625954977
35.8m-g035-ai-r0.05,paloma_mc4_en,1.2510628487334723
35.8m-g035-ai-r0.05,paloma_programming,2.1866323967956434
35.8m-g035-ai-r0.05,paloma_ptb,1.4425819587551185
35.8m-g035-ai-r0.05,paloma_reddit_100,1.3701489429416152
35.8m-g035-ai-r0.05,paloma_redpajama,1.6158752327438322
35.8m-g035-ai-r0.05,paloma_twitteraae,2.6355474210504366
35.8m-g035-ai-r0.05,paloma_wikitext_103,1.2775651925793423
35.8m-g035-ai-r0.1,c4,1.1216632933599617
35.8m-g035-ai-r0.1,cosmopedia,0.7992522572228424
35.8m-g035-ai-r0.1,fw22,1.1098247181960235
35.8m-g035-ai-r0.1,fw26,0.9864494307523334
35.8m-g035-ai-r0.1,fw26_ai,0.7850112703687077
35.8m-g035-ai-r0.1,fw26_human,1.0412286499169756
35.8m-g035-ai-r0.1,paloma,1.5401350767182629
35.8m-g035-ai-r0.1,paloma_4chan,1.560021642268789
35.8m-g035-ai-r0.1,paloma_c4,1.1451234833823922
35.8m-g035-ai-r0.1,paloma_c4_100_domains,1.139005165743517
35.8m-g035-ai-r0.1,paloma_dolma,1.4447597756707993
35.8m-g035-ai-r0.1,paloma_falcon_refinedweb,1.2502680953487297
35.8m-g035-ai-r0.1,paloma_gab,2.1011996445213317
35.8m-g035-ai-r0.1,paloma_m2d2_s2orc,1.3429222317070966
35.8m-g035-ai-r0.1,paloma_m2d2_wikipedia,1.2752582955877019
35.8m-g035-ai-r0.1,paloma_manosphere,1.5297600019993651
35.8m-g035-ai-r0.1,paloma_mc4_en,1.2554292566222593
35.8m-g035-ai-r0.1,paloma_programming,2.233704954771701
35.8m-g035-ai-r0.1,paloma_ptb,1.4521007622580147
35.8m-g035-ai-r0.1,paloma_reddit_100,1.3769447153019387
35.8m-g035-ai-r0.1,paloma_redpajama,1.6266434834618977
35.8m-g035-ai-r0.1,paloma_twitteraae,2.6335654158616713
35.8m-g035-ai-r0.1,paloma_wikitext_103,1.2754543029850018
35.8m-g035-ai-r0.25,c4,1.1237762053010316
35.8m-g035-ai-r0.25,cosmopedia,0.7873820863194487
35.8m-g035-ai-r0.25,fw22,1.1113764763781475
35.8m-g035-ai-r0.25,fw26,0.9819586596468001
35.8m-g035-ai-r0.25,fw26_ai,0.7599014789326566
35.8m-g035-ai-r0.25,fw26_human,1.042314970638897
35.8m-g035-ai-r0.25,paloma,1.5501815281901616
35.8m-g035-ai-r0.25,paloma_4chan,1.5902956603412643
35.8m-g035-ai-r0.25,paloma_c4,1.1480873689145272
35.8m-g035-ai-r0.25,paloma_c4_100_domains,1.1426189211723545
35.8m-g035-ai-r0.25,paloma_dolma,1.4522465580079158
35.8m-g035-ai-r0.25,paloma_falcon_refinedweb,1.252354985778408
35.8m-g035-ai-r0.25,paloma_gab,2.1010348278616564
35.8m-g035-ai-r0.25,paloma_m2d2_s2orc,1.349402275296942
35.8m-g035-ai-r0.25,paloma_m2d2_wikipedia,1.2825930984614087
35.8m-g035-ai-r0.25,paloma_manosphere,1.5510658957736951
35.8m-g035-ai-r0.25,paloma_mc4_en,1.256708590628813
35.8m-g035-ai-r0.25,paloma_programming,2.254699467692481
35.8m-g035-ai-r0.25,paloma_ptb,1.464890038653564
35.8m-g035-ai-r0.25,paloma_reddit_100,1.384535962989495
35.8m-g035-ai-r0.25,paloma_redpajama,1.6408844214840743
35.8m-g035-ai-r0.25,paloma_twitteraae,2.647578085879309
35.8m-g035-ai-r0.25,paloma_wikitext_103,1.2839082921066753
35.8m-g035-ai-r0.5,c4,1.1284878267288894
35.8m-g035-ai-r0.5,cosmopedia,0.7675885268808664
35.8m-g035-ai-r0.5,fw22,1.115821138536339
35.8m-g035-ai-r0.5,fw26,0.9805964004597122
35.8m-g035-ai-r0.5,fw26_ai,0.7389930694364927
35.8m-g035-ai-r0.5,fw26_human,1.0462223344814519
35.8m-g035-ai-r0.5,paloma,1.5528177364742441
35.8m-g035-ai-r0.5,paloma_4chan,1.5648176093456956
35.8m-g035-ai-r0.5,paloma_c4,1.1512362633105768
35.8m-g035-ai-r0.5,paloma_c4_100_domains,1.147957828216174
35.8m-g035-ai-r0.5,paloma_dolma,1.4528942770633548
35.8m-g035-ai-r0.5,paloma_falcon_refinedweb,1.2558408780951655
35.8m-g035-ai-r0.5,paloma_gab,2.126591287789898
35.8m-g035-ai-r0.5,paloma_m2d2_s2orc,1.3470437168350389
35.8m-g035-ai-r0.5,paloma_m2d2_wikipedia,1.2678003217290175
35.8m-g035-ai-r0.5,paloma_manosphere,1.5558373737888782
35.8m-g035-ai-r0.5,paloma_mc4_en,1.261177419371571
35.8m-g035-ai-r0.5,paloma_programming,2.2561839729327136
35.8m-g035-ai-r0.5,paloma_ptb,1.4566184090112775
35.8m-g035-ai-r0.5,paloma_reddit_100,1.392977996101188
35.8m-g035-ai-r0.5,paloma_redpajama,1.6439745677785667
35.8m-g035-ai-r0.5,paloma_twitteraae,2.6793586577608512
35.8m-g035-ai-r0.5,paloma_wikitext_103,1.2847732044579383
35.8m-g035-ai-r1,c4,1.1370270911911284
35.8m-g035-ai-r1,cosmopedia,0.7510991946065717
35.8m-g035-ai-r1,fw22,1.124247013178039
35.8m-g035-ai-r1,fw26,0.9835143305727597
35.8m-g035-ai-r1,fw26_ai,0.7224913084077799
35.8m-g035-ai-r1,fw26_human,1.0544220794419148
35.8m-g035-ai-r1,paloma,1.5687806413132939
35.8m-g035-ai-r1,paloma_4chan,1.6010791105902513
35.8m-g035-ai-r1,paloma_c4,1.1608703635564592
35.8m-g035-ai-r1,paloma_c4_100_domains,1.1594059973301876
35.8m-g035-ai-r1,paloma_dolma,1.4701066378737064
35.8m-g035-ai-r1,paloma_falcon_refinedweb,1.266703692838346
35.8m-g035-ai-r1,paloma_gab,2.1447254779421185
35.8m-g035-ai-r1,paloma_m2d2_s2orc,1.3606692557667002
35.8m-g035-ai-r1,paloma_m2d2_wikipedia,1.2847227147420386
35.8m-g035-ai-r1,paloma_manosphere,1.5784442636254323
35.8m-g035-ai-r1,paloma_mc4_en,1.2751200616736573
35.8m-g035-ai-r1,paloma_programming,2.2679932164208583
35.8m-g035-ai-r1,paloma_ptb,1.467886475559936
35.8m-g035-ai-r1,paloma_reddit_100,1.4025303455898779
35.8m-g035-ai-r1,paloma_redpajama,1.6630461764599276
35.8m-g035-ai-r1,paloma_twitteraae,2.6891914843050353
35.8m-g035-ai-r1,paloma_wikitext_103,1.3079949867381668
35.8m-g036-control,c4,1.1162791059580899
35.8m-g036-control,cosmopedia,0.8422065554604183
35.8m-g036-control,fw22,1.104383890185217
35.8m-g036-control,fw26,0.992373221493834
35.8m-g036-control,fw26_ai,0.8307764483987922
35.8m-g036-control,fw26_human,1.036379224248571
35.8m-g036-control,paloma,1.5347788865486134
35.8m-g036-control,paloma_4chan,1.5570588024446537
35.8m-g036-control,paloma_c4,1.1414928977169858
35.8m-g036-control,paloma_c4_100_domains,1.132890801463681
35.8m-g036-control,paloma_dolma,1.4389531146530887
35.8m-g036-control,paloma_falcon_refinedweb,1.2472749871109872
35.8m-g036-control,paloma_gab,2.0867465432153667
35.8m-g036-control,paloma_m2d2_s2orc,1.3391286866682703
35.8m-g036-control,paloma_m2d2_wikipedia,1.2792642613439826
35.8m-g036-control,paloma_manosphere,1.5260887258669347
35.8m-g036-control,paloma_mc4_en,1.2509279060815763
35.8m-g036-control,paloma_programming,2.211343210764122
35.8m-g036-control,paloma_ptb,1.4465752720440952
35.8m-g036-control,paloma_reddit_100,1.372604687169492
35.8m-g036-control,paloma_redpajama,1.6239108035054513
35.8m-g036-control,paloma_twitteraae,2.625515921784568
35.8m-g036-control,paloma_wikitext_103,1.2766855629445584
35.8m-g036-ai-r0.05,c4,1.116836836964796
35.8m-g036-ai-r0.05,cosmopedia,0.8075154557144519
35.8m-g036-ai-r0.05,fw22,1.1051404770634912
35.8m-g036-ai-r0.05,fw26,0.9854286424165233
35.8m-g036-ai-r0.05,fw26_ai,0.7966654177418415
35.8m-g036-ai-r0.05,fw26_human,1.0367542665306835
35.8m-g036-ai-r0.05,paloma,1.532437199349937
35.8m-g036-ai-r0.05,paloma_4chan,1.5387703948558749
35.8m-g036-ai-r0.05,paloma_c4,1.1419214987477941
35.8m-g036-ai-r0.05,paloma_c4_100_domains,1.134741785327316
35.8m-g036-ai-r0.05,paloma_dolma,1.4364431805751785
35.8m-g036-ai-r0.05,paloma_falcon_refinedweb,1.2477896432645221
35.8m-g036-ai-r0.05,paloma_gab,2.0800131189819417
35.8m-g036-ai-r0.05,paloma_m2d2_s2orc,1.3453667283999764
35.8m-g036-ai-r0.05,paloma_m2d2_wikipedia,1.2769305889211005
35.8m-g036-ai-r0.05,paloma_manosphere,1.522177624538208
35.8m-g036-ai-r0.05,paloma_mc4_en,1.2497245976532378
35.8m-g036-ai-r0.05,paloma_programming,2.195840238422028
35.8m-g036-ai-r0.05,paloma_ptb,1.4525373309048837
35.8m-g036-ai-r0.05,paloma_reddit_100,1.3648693571258503
35.8m-g036-ai-r0.05,paloma_redpajama,1.6223446688537255
35.8m-g036-ai-r0.05,paloma_twitteraae,2.627810749655673
35.8m-g036-ai-r0.05,paloma_wikitext_103,1.2817136833716847
35.8m-g036-ai-r0.1,c4,1.118965640288621
35.8m-g036-ai-r0.1,cosmopedia,0.8005923584187892
35.8m-g036-ai-r0.1,fw22,1.1070339706089347
35.8m-g036-ai-r0.1,fw26,0.9834615092100913
35.8m-g036-ai-r0.1,fw26_ai,0.7825210423109744
35.8m-g036-ai-r0.1,fw26_human,1.0381109335261478
35.8m-g036-ai-r0.1,paloma,1.5360223623308111
35.8m-g036-ai-r0.1,paloma_4chan,1.577775898002803
35.8m-g036-ai-r0.1,paloma_c4,1.1430857509115389
35.8m-g036-ai-r0.1,paloma_c4_100_domains,1.1367201673071778
35.8m-g036-ai-r0.1,paloma_dolma,1.4386526479020683
35.8m-g036-ai-r0.1,paloma_falcon_refinedweb,1.2483376809485502
35.8m-g036-ai-r0.1,paloma_gab,2.0926745207759843
35.8m-g036-ai-r0.1,paloma_m2d2_s2orc,1.3386832240669453
35.8m-g036-ai-r0.1,paloma_m2d2_wikipedia,1.2800865083087176
35.8m-g036-ai-r0.1,paloma_manosphere,1.527979614959537
35.8m-g036-ai-r0.1,paloma_mc4_en,1.2531157111525373
35.8m-g036-ai-r0.1,paloma_programming,2.198267131796159
35.8m-g036-ai-r0.1,paloma_ptb,1.436839918087431
35.8m-g036-ai-r0.1,paloma_reddit_100,1.3731160047309339
35.8m-g036-ai-r0.1,paloma_redpajama,1.6267149847143456
35.8m-g036-ai-r0.1,paloma_twitteraae,2.62896527006908
35.8m-g036-ai-r0.1,paloma_wikitext_103,1.2753427635591674
35.8m-g036-ai-r0.25,c4,1.1203364217440972
35.8m-g036-ai-r0.25,cosmopedia,0.7806979704849153
35.8m-g036-ai-r0.25,fw22,1.1079763869590782
35.8m-g036-ai-r0.25,fw26,0.9784608623866697
35.8m-g036-ai-r0.25,fw26_ai,0.7562730388276984
35.8m-g036-ai-r0.25,fw26_human,1.0388248168529617
35.8m-g036-ai-r0.25,paloma,1.5493785848286978
35.8m-g036-ai-r0.25,paloma_4chan,1.5608818343327178
35.8m-g036-ai-r0.25,paloma_c4,1.1458707152666512
35.8m-g036-ai-r0.25,paloma_c4_100_domains,1.140148813113099
35.8m-g036-ai-r0.25,paloma_dolma,1.4512733223096532
35.8m-g036-ai-r0.25,paloma_falcon_refinedweb,1.252616265080409
35.8m-g036-ai-r0.25,paloma_gab,2.1033937447186095
35.8m-g036-ai-r0.25,paloma_m2d2_s2orc,1.3571920028859155
35.8m-g036-ai-r0.25,paloma_m2d2_wikipedia,1.2903803805255756
35.8m-g036-ai-r0.25,paloma_manosphere,1.5439032692501948
35.8m-g036-ai-r0.25,paloma_mc4_en,1.2568434749147346
35.8m-g036-ai-r0.25,paloma_programming,2.244200479778851
35.8m-g036-ai-r0.25,paloma_ptb,1.4603159636053895
35.8m-g036-ai-r0.25,paloma_reddit_100,1.3785642073043232
35.8m-g036-ai-r0.25,paloma_redpajama,1.6519084943240017
35.8m-g036-ai-r0.25,paloma_twitteraae,2.6646907658531074
35.8m-g036-ai-r0.25,paloma_wikitext_103,1.287873623995934
35.8m-g036-ai-r0.5,c4,1.125748544501013
35.8m-g036-ai-r0.5,cosmopedia,0.7632678131530688
35.8m-g036-ai-r0.5,fw22,1.1130761347723104
35.8m-g036-ai-r0.5,fw26,0.9779356743573044
35.8m-g036-ai-r0.5,fw26_ai,0.7365175312742887
35.8m-g036-ai-r0.5,fw26_human,1.0435113334702129
35.8m-g036-ai-r0.5,paloma,1.5517607344304785
35.8m-g036-ai-r0.5,paloma_4chan,1.575550190622051
35.8m-g036-ai-r0.5,paloma_c4,1.1494070554048972
35.8m-g036-ai-r0.5,paloma_c4_100_domains,1.1457117536514445
35.8m-g036-ai-r0.5,paloma_dolma,1.4546183119372282
35.8m-g036-ai-r0.5,paloma_falcon_refinedweb,1.2549493879166933
35.8m-g036-ai-r0.5,paloma_gab,2.1205366045916585
35.8m-g036-ai-r0.5,paloma_m2d2_s2orc,1.3505398046313162
35.8m-g036-ai-r0.5,paloma_m2d2_wikipedia,1.2759695580993058
35.8m-g036-ai-r0.5,paloma_manosphere,1.546168664344269
35.8m-g036-ai-r0.5,paloma_mc4_en,1.2601180450726235
35.8m-g036-ai-r0.5,paloma_programming,2.243173940775942
35.8m-g036-ai-r0.5,paloma_ptb,1.455246904008744
35.8m-g036-ai-r0.5,paloma_reddit_100,1.3846836397910003
35.8m-g036-ai-r0.5,paloma_redpajama,1.6522183433240623
35.8m-g036-ai-r0.5,paloma_twitteraae,2.6671774926905516
35.8m-g036-ai-r0.5,paloma_wikitext_103,1.2921020540258688
35.8m-g036-ai-r1,c4,1.1349791805174796
35.8m-g036-ai-r1,cosmopedia,0.746731138114517
35.8m-g036-ai-r1,fw22,1.1222516269117107
35.8m-g036-ai-r1,fw26,0.9813755100467303
35.8m-g036-ai-r1,fw26_ai,0.7205446204493465
35.8m-g036-ai-r1,fw26_human,1.0521863955531938
35.8m-g036-ai-r1,paloma,1.5599300090414003
35.8m-g036-ai-r1,paloma_4chan,1.5733712580190282
35.8m-g036-ai-r1,paloma_c4,1.159107811378277
35.8m-g036-ai-r1,paloma_c4_100_domains,1.157445778700371
35.8m-g036-ai-r1,paloma_dolma,1.4580307993028
35.8m-g036-ai-r1,paloma_falcon_refinedweb,1.2648521141435332
35.8m-g036-ai-r1,paloma_gab,2.142853662697851
35.8m-g036-ai-r1,paloma_m2d2_s2orc,1.3603955329523052
35.8m-g036-ai-r1,paloma_m2d2_wikipedia,1.287206131762516
35.8m-g036-ai-r1,paloma_manosphere,1.5547031782457348
35.8m-g036-ai-r1,paloma_mc4_en,1.272880874455048
35.8m-g036-ai-r1,paloma_programming,2.2169180096495884
35.8m-g036-ai-r1,paloma_ptb,1.4667382027528113
35.8m-g036-ai-r1,paloma_reddit_100,1.3969315033455418
35.8m-g036-ai-r1,paloma_redpajama,1.6512168319500193
35.8m-g036-ai-r1,paloma_twitteraae,2.6949930428813875
35.8m-g036-ai-r1,paloma_wikitext_103,1.3012354124255936
35.8m-f06-ai-removed,c4,1.1791972683833893
35.8m-f06-ai-removed,cosmopedia,0.9031956389492286
35.8m-f06-ai-removed,fw22,1.170138969338626
35.8m-f06-ai-removed,fw26,1.0588805917249604
35.8m-f06-ai-removed,fw26_ai,0.8989428183806385
35.8m-f06-ai-removed,fw26_human,1.102498217555604
35.8m-f06-web-mix,c4,1.1761034456533532
35.8m-f06-web-mix,cosmopedia,0.820784981813156
35.8m-f06-web-mix,fw22,1.1662818553290737
35.8m-f06-web-mix,fw26,1.0354940211174648
35.8m-f06-web-mix,fw26_ai,0.8095862596347612
35.8m-f06-web-mix,fw26_human,1.096984037709456
35.8m-f07-ai-removed,c4,1.149195185974164
35.8m-f07-ai-removed,cosmopedia,0.8735386750391579
35.8m-f07-ai-removed,fw22,1.1392202474308346
35.8m-f07-ai-removed,fw26,1.027786208957375
35.8m-f07-ai-removed,fw26_ai,0.8674727749862998
35.8m-f07-ai-removed,fw26_human,1.0714423772981958
35.8m-f07-web-mix,c4,1.1508306124287706
35.8m-f07-web-mix,cosmopedia,0.7992626419738336
35.8m-f07-web-mix,fw22,1.1398562814564817
35.8m-f07-web-mix,fw26,1.0095890648064287
35.8m-f07-web-mix,fw26_ai,0.784125311168656
35.8m-f07-web-mix,fw26_human,1.0708945091842335
35.8m-f08-ai-removed,c4,1.1379307057134416
35.8m-f08-ai-removed,cosmopedia,0.8599196771483167
35.8m-f08-ai-removed,fw22,1.1270833111164245
35.8m-f08-ai-removed,fw26,1.0152840344755982
35.8m-f08-ai-removed,fw26_ai,0.8531787635136127
35.8m-f08-ai-removed,fw26_human,1.0594259007011464
35.8m-f08-web-mix,c4,1.1408680214384728
35.8m-f08-web-mix,cosmopedia,0.7949195462221427
35.8m-f08-web-mix,fw22,1.129340420865045
35.8m-f08-web-mix,fw26,0.9991376083889731
35.8m-f08-web-mix,fw26_ai,0.7740397946694011
35.8m-f08-web-mix,fw26_human,1.06035247873633
35.8m-f09-ai-removed,c4,1.1310485176842184
35.8m-f09-ai-removed,cosmopedia,0.8559561435618623
35.8m-f09-ai-removed,fw22,1.1202475564014494
35.8m-f09-ai-removed,fw26,1.0085233288560294
35.8m-f09-ai-removed,fw26_ai,0.8470045516459823
35.8m-f09-ai-removed,fw26_human,1.052553684372096
35.8m-f09-web-mix,c4,1.135150219384628
35.8m-f09-web-mix,cosmopedia,0.7844670496420293
35.8m-f09-web-mix,fw22,1.123727135233561
35.8m-f09-web-mix,fw26,0.9933027989888211
35.8m-f09-web-mix,fw26_ai,0.7682327065024117
35.8m-f09-web-mix,fw26_human,1.0545103990674611
35.8m-f10-ai-removed,c4,1.1262158720037794
35.8m-f10-ai-removed,cosmopedia,0.848173062343761
35.8m-f10-ai-removed,fw22,1.1150811102969982
35.8m-f10-ai-removed,fw26,1.0033749755165011
35.8m-f10-ai-removed,fw26_ai,0.842319982165292
35.8m-f10-ai-removed,fw26_human,1.047268562183677
35.8m-f10-web-mix,c4,1.129470266998107
35.8m-f10-web-mix,cosmopedia,0.7775121526451007
35.8m-f10-web-mix,fw22,1.1176837453825923
35.8m-f10-web-mix,fw26,0.9872270231888458
35.8m-f10-web-mix,fw26_ai,0.7613020163852853
35.8m-f10-web-mix,fw26_human,1.0486481893015
35.8m-g026-repeat-r1,c4,1.1333867441485264
35.8m-g026-repeat-r1,cosmopedia,0.8523615232327415
35.8m-g026-repeat-r1,fw22,1.1223508432208535
35.8m-g026-repeat-r1,fw26,1.0101350625935765
35.8m-g026-repeat-r1,fw26_ai,0.8482251964803611
35.8m-g026-repeat-r1,fw26_human,1.0542579295182202
35.8m-g026-repeat-r4,c4,1.120335440328907
35.8m-g026-repeat-r4,cosmopedia,0.8378035348782724
35.8m-g026-repeat-r4,fw22,1.1087027977385926
35.8m-g026-repeat-r4,fw26,0.9956091661972704
35.8m-g026-repeat-r4,fw26_ai,0.8333117805304053
35.8m-g026-repeat-r4,fw26_human,1.0397876647865074
35.8m-g026-repeat-r8,c4,1.1155603475833813
35.8m-g026-repeat-r8,cosmopedia,0.8317133895942921
35.8m-g026-repeat-r8,fw22,1.1035785024101639
35.8m-g026-repeat-r8,fw26,0.9901668599184871
35.8m-g026-repeat-r8,fw26_ai,0.8280487900543226
35.8m-g026-repeat-r8,fw26_human,1.0342530152700877
86.2m-g037-control,c4,1.1378122594950548
86.2m-g037-control,cosmopedia,0.863409503551772
86.2m-g037-control,fw22,1.1276765392003045
86.2m-g037-control,fw26,1.0167364664429834
86.2m-g037-control,fw26_ai,0.8579032521644715
86.2m-g037-control,fw26_human,1.060092023620013
86.2m-g037-control,paloma,1.5345575703550205
86.2m-g037-control,paloma_4chan,1.5325059271232853
86.2m-g037-control,paloma_c4,1.156564833391436
86.2m-g037-control,paloma_c4_100_domains,1.1524129987193206
86.2m-g037-control,paloma_dolma,1.4342705059115468
86.2m-g037-control,paloma_falcon_refinedweb,1.2555096005481676
86.2m-g037-control,paloma_gab,2.1066323463217396
86.2m-g037-control,paloma_m2d2_s2orc,1.3256125980399034
86.2m-g037-control,paloma_m2d2_wikipedia,1.2435921553390028
86.2m-g037-control,paloma_manosphere,1.53998857427547
86.2m-g037-control,paloma_mc4_en,1.2644629883115273
86.2m-g037-control,paloma_programming,2.164765454255554
86.2m-g037-control,paloma_ptb,1.4294430045470334
86.2m-g037-control,paloma_reddit_100,1.3851642548164933
86.2m-g037-control,paloma_redpajama,1.6237167384577365
86.2m-g037-control,paloma_twitteraae,2.6468372037334875
86.2m-g037-control,paloma_wikitext_103,1.2914419418886245
86.2m-g037-ai-r0.05,c4,1.134298118126517
86.2m-g037-ai-r0.05,cosmopedia,0.8221267016844195
86.2m-g037-ai-r0.05,fw22,1.12423055991212
86.2m-g037-ai-r0.05,fw26,1.0045321830317013
86.2m-g037-ai-r0.05,fw26_ai,0.8160248227907188
86.2m-g037-ai-r0.05,fw26_human,1.055861260978573
86.2m-g037-ai-r0.05,paloma,1.5323550634579055
86.2m-g037-ai-r0.05,paloma_4chan,1.5402223269293873
86.2m-g037-ai-r0.05,paloma_c4,1.153895263020534
86.2m-g037-ai-r0.05,paloma_c4_100_domains,1.1500318599625499
86.2m-g037-ai-r0.05,paloma_dolma,1.4289425054974598
86.2m-g037-ai-r0.05,paloma_falcon_refinedweb,1.2542618425507317
86.2m-g037-ai-r0.05,paloma_gab,2.105436761127951
86.2m-g037-ai-r0.05,paloma_m2d2_s2orc,1.3275522134914783
86.2m-g037-ai-r0.05,paloma_m2d2_wikipedia,1.2432695517981374
86.2m-g037-ai-r0.05,paloma_manosphere,1.5393770653113348
86.2m-g037-ai-r0.05,paloma_mc4_en,1.2604511528499547
86.2m-g037-ai-r0.05,paloma_programming,2.132873777495387
86.2m-g037-ai-r0.05,paloma_ptb,1.4340753545317968
86.2m-g037-ai-r0.05,paloma_reddit_100,1.3824603988343884
86.2m-g037-ai-r0.05,paloma_redpajama,1.6133007528724848
86.2m-g037-ai-r0.05,paloma_twitteraae,2.6622238029854133
86.2m-g037-ai-r0.05,paloma_wikitext_103,1.2893063860674985
86.2m-g037-ai-r0.1,c4,1.132331879945477
86.2m-g037-ai-r0.1,cosmopedia,0.8049912942384456
86.2m-g037-ai-r0.1,fw22,1.1218629644382059
86.2m-g037-ai-r0.1,fw26,0.9983462606350645
86.2m-g037-ai-r0.1,fw26_ai,0.7975243791343024
86.2m-g037-ai-r0.1,fw26_human,1.053005424667558
86.2m-g037-ai-r0.1,paloma,1.5329833891925086
86.2m-g037-ai-r0.1,paloma_4chan,1.5419016267230259
86.2m-g037-ai-r0.1,paloma_c4,1.152394910574024
86.2m-g037-ai-r0.1,paloma_c4_100_domains,1.1492058342633684
86.2m-g037-ai-r0.1,paloma_dolma,1.4294547654079357
86.2m-g037-ai-r0.1,paloma_falcon_refinedweb,1.2533335950010698
86.2m-g037-ai-r0.1,paloma_gab,2.105596189649981
86.2m-g037-ai-r0.1,paloma_m2d2_s2orc,1.3274998729700274
86.2m-g037-ai-r0.1,paloma_m2d2_wikipedia,1.2462752002224304
86.2m-g037-ai-r0.1,paloma_manosphere,1.5372499084120876
86.2m-g037-ai-r0.1,paloma_mc4_en,1.2591622932393056
86.2m-g037-ai-r0.1,paloma_programming,2.1405847176539923
86.2m-g037-ai-r0.1,paloma_ptb,1.4352755165603976
86.2m-g037-ai-r0.1,paloma_reddit_100,1.3816021725428
86.2m-g037-ai-r0.1,paloma_redpajama,1.62066242119053
86.2m-g037-ai-r0.1,paloma_twitteraae,2.6604543202079025
86.2m-g037-ai-r0.1,paloma_wikitext_103,1.2870808824612623
86.2m-g037-ai-r0.25,c4,1.1276200353477797
86.2m-g037-ai-r0.25,cosmopedia,0.771033324640095
86.2m-g037-ai-r0.25,fw22,1.1165697016757437
86.2m-g037-ai-r0.25,fw26,0.9868072007205291
86.2m-g037-ai-r0.25,fw26_ai,0.764233242548003
86.2m-g037-ai-r0.25,fw26_human,1.0473692900370932
86.2m-g037-ai-r0.25,paloma,1.5245299508132009
86.2m-g037-ai-r0.25,paloma_4chan,1.5120879302839798
86.2m-g037-ai-r0.25,paloma_c4,1.1475555878962194
86.2m-g037-ai-r0.25,paloma_c4_100_domains,1.1447106300574712
86.2m-g037-ai-r0.25,paloma_dolma,1.4222741905685687
86.2m-g037-ai-r0.25,paloma_falcon_refinedweb,1.249055452898693
86.2m-g037-ai-r0.25,paloma_gab,2.110882437611187
86.2m-g037-ai-r0.25,paloma_m2d2_s2orc,1.3228481269232313
86.2m-g037-ai-r0.25,paloma_m2d2_wikipedia,1.2373725727369649
86.2m-g037-ai-r0.25,paloma_manosphere,1.5306721074639886
86.2m-g037-ai-r0.25,paloma_mc4_en,1.2531293975405018
86.2m-g037-ai-r0.25,paloma_programming,2.123105135110939
86.2m-g037-ai-r0.25,paloma_ptb,1.4102084130313495
86.2m-g037-ai-r0.25,paloma_reddit_100,1.3775873737854711
86.2m-g037-ai-r0.25,paloma_redpajama,1.607250795169125
86.2m-g037-ai-r0.25,paloma_twitteraae,2.6624053457419885
86.2m-g037-ai-r0.25,paloma_wikitext_103,1.2813337161915335
86.2m-g037-ai-r0.5,c4,1.1219900024234684
86.2m-g037-ai-r0.5,cosmopedia,0.7437766428336344
86.2m-g037-ai-r0.5,fw22,1.1101683392808825
86.2m-g037-ai-r0.5,fw26,0.9750824687783191
86.2m-g037-ai-r0.5,fw26_ai,0.7336318470793961
86.2m-g037-ai-r0.5,fw26_human,1.0407366277842034
86.2m-g037-ai-r0.5,paloma,1.518144290540047
86.2m-g037-ai-r0.5,paloma_4chan,1.4892007904791351
86.2m-g037-ai-r0.5,paloma_c4,1.1407971090903746
86.2m-g037-ai-r0.5,paloma_c4_100_domains,1.1392054896817043
86.2m-g037-ai-r0.5,paloma_dolma,1.4155493086288493
86.2m-g037-ai-r0.5,paloma_falcon_refinedweb,1.2410266296608552
86.2m-g037-ai-r0.5,paloma_gab,2.106256099935431
86.2m-g037-ai-r0.5,paloma_m2d2_s2orc,1.3085027717601476
86.2m-g037-ai-r0.5,paloma_m2d2_wikipedia,1.2219844481871196
86.2m-g037-ai-r0.5,paloma_manosphere,1.5231322815490738
86.2m-g037-ai-r0.5,paloma_mc4_en,1.2467591122187294
86.2m-g037-ai-r0.5,paloma_programming,2.1351814270404947
86.2m-g037-ai-r0.5,paloma_ptb,1.4101929491693663
86.2m-g037-ai-r0.5,paloma_reddit_100,1.3734788264324624
86.2m-g037-ai-r0.5,paloma_redpajama,1.6040474229375543
86.2m-g037-ai-r0.5,paloma_twitteraae,2.6678003515448903
86.2m-g037-ai-r0.5,paloma_wikitext_103,1.2671936303245626
86.2m-g037-ai-r1,c4,1.1151255030297587
86.2m-g037-ai-r1,cosmopedia,0.7157423621952405
86.2m-g037-ai-r1,fw22,1.1028713276235578
86.2m-g037-ai-r1,fw26,0.9617542402742032
86.2m-g037-ai-r1,fw26_ai,0.6995553970769032
86.2m-g037-ai-r1,fw26_human,1.0329494868749258
86.2m-g037-ai-r1,paloma,1.5231393100813753
86.2m-g037-ai-r1,paloma_4chan,1.5050749185325767
86.2m-g037-ai-r1,paloma_c4,1.1357080920557976
86.2m-g037-ai-r1,paloma_c4_100_domains,1.1339396601076734
86.2m-g037-ai-r1,paloma_dolma,1.4205970747904184
86.2m-g037-ai-r1,paloma_falcon_refinedweb,1.2383132768995124
86.2m-g037-ai-r1,paloma_gab,2.1151807608450834
86.2m-g037-ai-r1,paloma_m2d2_s2orc,1.3161350914295669
86.2m-g037-ai-r1,paloma_m2d2_wikipedia,1.2257483469206911
86.2m-g037-ai-r1,paloma_manosphere,1.5289509879364516
86.2m-g037-ai-r1,paloma_mc4_en,1.241327123147366
86.2m-g037-ai-r1,paloma_programming,2.1493468868866863
86.2m-g037-ai-r1,paloma_ptb,1.4232690893674271
86.2m-g037-ai-r1,paloma_reddit_100,1.3693209081839415
86.2m-g037-ai-r1,paloma_redpajama,1.6160448831440777
86.2m-g037-ai-r1,paloma_twitteraae,2.6748642228088393
86.2m-g037-ai-r1,paloma_wikitext_103,1.276407638245897
86.2m-g038-control,c4,1.1380089549121781
86.2m-g038-control,cosmopedia,0.8626268039861335
86.2m-g038-control,fw22,1.127874480287243
86.2m-g038-control,fw26,1.016942301447297
86.2m-g038-control,fw26_ai,0.8585104724172623
86.2m-g038-control,fw26_human,1.0601805835588864
86.2m-g038-control,paloma,1.5269029881818779
86.2m-g038-control,paloma_4chan,1.5019078396693726
86.2m-g038-control,paloma_c4,1.156060427187339
86.2m-g038-control,paloma_c4_100_domains,1.1529224911740956
86.2m-g038-control,paloma_dolma,1.4267292798345872
86.2m-g038-control,paloma_falcon_refinedweb,1.255074968340079
86.2m-g038-control,paloma_gab,2.1078486846979465
86.2m-g038-control,paloma_m2d2_s2orc,1.3234773364665928
86.2m-g038-control,paloma_m2d2_wikipedia,1.2397771122862173
86.2m-g038-control,paloma_manosphere,1.5291382587727251
86.2m-g038-control,paloma_mc4_en,1.2631706482183342
86.2m-g038-control,paloma_programming,2.126869702615927
86.2m-g038-control,paloma_ptb,1.4224893695881486
86.2m-g038-control,paloma_reddit_100,1.381453014598289
86.2m-g038-control,paloma_redpajama,1.6097962604401774
86.2m-g038-control,paloma_twitteraae,2.649885855051777
86.2m-g038-control,paloma_wikitext_103,1.2838465619684374
86.2m-g038-ai-r2.12,c4,1.1072939129445492
86.2m-g038-ai-r2.12,cosmopedia,0.6853600227471839
86.2m-g038-ai-r2.12,fw22,1.0939287663792456
86.2m-g038-ai-r2.12,fw26,0.9477556544480129
86.2m-g038-ai-r2.12,fw26_ai,0.6661360872370025
86.2m-g038-ai-r2.12,fw26_human,1.0241990166591342
86.2m-g038-ai-r2.12,paloma,1.5335934614435924
86.2m-g038-ai-r2.12,paloma_4chan,1.53937744905888
86.2m-g038-ai-r2.12,paloma_c4,1.1330072722465168
86.2m-g038-ai-r2.12,paloma_c4_100_domains,1.1300926123014783
86.2m-g038-ai-r2.12,paloma_dolma,1.4276287253865034
86.2m-g038-ai-r2.12,paloma_falcon_refinedweb,1.239336443400052
86.2m-g038-ai-r2.12,paloma_gab,2.119545987411304
86.2m-g038-ai-r2.12,paloma_m2d2_s2orc,1.3391868514017906
86.2m-g038-ai-r2.12,paloma_m2d2_wikipedia,1.2479418921244851
86.2m-g038-ai-r2.12,paloma_manosphere,1.5316219060515335
86.2m-g038-ai-r2.12,paloma_mc4_en,1.2446652943782588
86.2m-g038-ai-r2.12,paloma_programming,2.16315862624791
86.2m-g038-ai-r2.12,paloma_ptb,1.4620583616549934
86.2m-g038-ai-r2.12,paloma_reddit_100,1.3670838239275682
86.2m-g038-ai-r2.12,paloma_redpajama,1.6190020451710159
86.2m-g038-ai-r2.12,paloma_twitteraae,2.6913294899079894
86.2m-g038-ai-r2.12,paloma_wikitext_103,1.2824586024272002
86.2m-g038-ai-r4.3,c4,1.1056907678663286
86.2m-g038-ai-r4.3,cosmopedia,0.6680363615268243
86.2m-g038-ai-r4.3,fw22,1.091682747493695
86.2m-g038-ai-r4.3,fw26,0.9404377018074166
86.2m-g038-ai-r4.3,fw26_ai,0.6405665789766418
86.2m-g038-ai-r4.3,fw26_human,1.0217493282797794
86.2m-g038-ai-r4.3,paloma,1.5347293144133052
86.2m-g038-ai-r4.3,paloma_4chan,1.563555465455005
86.2m-g038-ai-r4.3,paloma_c4,1.1288950178030166
86.2m-g038-ai-r4.3,paloma_c4_100_domains,1.127886552960229
86.2m-g038-ai-r4.3,paloma_dolma,1.4273719966457445
86.2m-g038-ai-r4.3,paloma_falcon_refinedweb,1.2330707660007594
86.2m-g038-ai-r4.3,paloma_gab,2.1359021861986416
86.2m-g038-ai-r4.3,paloma_m2d2_s2orc,1.3253577967300225
86.2m-g038-ai-r4.3,paloma_m2d2_wikipedia,1.2287261783937844
86.2m-g038-ai-r4.3,paloma_manosphere,1.546394525178253
86.2m-g038-ai-r4.3,paloma_mc4_en,1.2409668708622184
86.2m-g038-ai-r4.3,paloma_programming,2.1982724106767266
86.2m-g038-ai-r4.3,paloma_ptb,1.426187939130358
86.2m-g038-ai-r4.3,paloma_reddit_100,1.3717252843009757
86.2m-g038-ai-r4.3,paloma_redpajama,1.6236104753014844
86.2m-g038-ai-r4.3,paloma_twitteraae,2.7109689458746193
86.2m-g038-ai-r4.3,paloma_wikitext_103,1.2667766191010432
86.2m-g038-ai-r8.66,c4,1.1068761088010028
86.2m-g038-ai-r8.66,cosmopedia,0.6528058042931442
86.2m-g038-ai-r8.66,fw22,1.0924053395614604
86.2m-g038-ai-r8.66,fw26,0.9373441011777403
86.2m-g038-ai-r8.66,fw26_ai,0.6221705984620101
86.2m-g038-ai-r8.66,fw26_human,1.0228652674948633
86.2m-g038-ai-r8.66,paloma,1.5540174788929422
86.2m-g038-ai-r8.66,paloma_4chan,1.5625430672277092
86.2m-g038-ai-r8.66,paloma_c4,1.1323352641751758
86.2m-g038-ai-r8.66,paloma_c4_100_domains,1.1319780046253893
86.2m-g038-ai-r8.66,paloma_dolma,1.4417942798553083
86.2m-g038-ai-r8.66,paloma_falcon_refinedweb,1.240593274195028
86.2m-g038-ai-r8.66,paloma_gab,2.1572987981003773
86.2m-g038-ai-r8.66,paloma_m2d2_s2orc,1.3428602865935557
86.2m-g038-ai-r8.66,paloma_m2d2_wikipedia,1.2447196853492604
86.2m-g038-ai-r8.66,paloma_manosphere,1.5736589103767016
86.2m-g038-ai-r8.66,paloma_mc4_en,1.2516327173057205
86.2m-g038-ai-r8.66,paloma_programming,2.2385432142734114
86.2m-g038-ai-r8.66,paloma_ptb,1.4783017460663073
86.2m-g038-ai-r8.66,paloma_reddit_100,1.3829006200894765
86.2m-g038-ai-r8.66,paloma_redpajama,1.642409336154072
86.2m-g038-ai-r8.66,paloma_twitteraae,2.743455987862297
86.2m-g038-ai-r8.66,paloma_wikitext_103,1.2992544700372861
86.2m-g038-ai-r17.3,c4,1.10934662693426
86.2m-g038-ai-r17.3,cosmopedia,0.6426157206833528
86.2m-g038-ai-r17.3,fw22,1.0945949871822889
86.2m-g038-ai-r17.3,fw26,0.9366026549874138
86.2m-g038-ai-r17.3,fw26_ai,0.6083324739871993
86.2m-g038-ai-r17.3,fw26_human,1.025594267874783
86.2m-g038-ai-r17.3,paloma,1.5573235859279126
86.2m-g038-ai-r17.3,paloma_4chan,1.5725666092689679
86.2m-g038-ai-r17.3,paloma_c4,1.1350854604501461
86.2m-g038-ai-r17.3,paloma_c4_100_domains,1.135840797850764
86.2m-g038-ai-r17.3,paloma_dolma,1.4399898561060223
86.2m-g038-ai-r17.3,paloma_falcon_refinedweb,1.2430332165969447
86.2m-g038-ai-r17.3,paloma_gab,2.1723913367182264
86.2m-g038-ai-r17.3,paloma_m2d2_s2orc,1.3490652936169982
86.2m-g038-ai-r17.3,paloma_m2d2_wikipedia,1.2446933540703813
86.2m-g038-ai-r17.3,paloma_manosphere,1.574051834594885
86.2m-g038-ai-r17.3,paloma_mc4_en,1.2510554598089716
86.2m-g038-ai-r17.3,paloma_programming,2.2052566243518354
86.2m-g038-ai-r17.3,paloma_ptb,1.476438442324608
86.2m-g038-ai-r17.3,paloma_reddit_100,1.3883642046089357
86.2m-g038-ai-r17.3,paloma_redpajama,1.6421654917094912
86.2m-g038-ai-r17.3,paloma_twitteraae,2.782592602064728
86.2m-g038-ai-r17.3,paloma_wikitext_103,1.3045867907046955
86.2m-g038-ai-r34.5,c4,1.1116899556307536
86.2m-g038-ai-r34.5,cosmopedia,0.6344886273921063
86.2m-g038-ai-r34.5,fw22,1.0966196007191342
86.2m-g038-ai-r34.5,fw26,0.9362361602433186
86.2m-g038-ai-r34.5,fw26_ai,0.5973088978856882
86.2m-g038-ai-r34.5,fw26_human,1.0281391223217866
86.2m-g038-ai-r34.5,paloma,1.5776991190611063
86.2m-g038-ai-r34.5,paloma_4chan,1.5956623113426067
86.2m-g038-ai-r34.5,paloma_c4,1.137557962762358
86.2m-g038-ai-r34.5,paloma_c4_100_domains,1.1389519564645165
86.2m-g038-ai-r34.5,paloma_dolma,1.458745893898958
86.2m-g038-ai-r34.5,paloma_falcon_refinedweb,1.2497378702733322
86.2m-g038-ai-r34.5,paloma_gab,2.1963970211972406
86.2m-g038-ai-r34.5,paloma_m2d2_s2orc,1.3559386125826438
86.2m-g038-ai-r34.5,paloma_m2d2_wikipedia,1.2597826474323537
86.2m-g038-ai-r34.5,paloma_manosphere,1.5953924597465876
86.2m-g038-ai-r34.5,paloma_mc4_en,1.25268678047421
86.2m-g038-ai-r34.5,paloma_programming,2.292989656885786
86.2m-g038-ai-r34.5,paloma_ptb,1.5224330285061964
86.2m-g038-ai-r34.5,paloma_reddit_100,1.3974731700310672
86.2m-g038-ai-r34.5,paloma_redpajama,1.660009843204382
86.2m-g038-ai-r34.5,paloma_twitteraae,2.8080104895671862
86.2m-g038-ai-r34.5,paloma_wikitext_103,1.3214162006082735
86.2m-g038-human-r4,c4,1.0458045115302437
86.2m-g038-human-r4,cosmopedia,0.7619003316097741
86.2m-g038-human-r4,fw22,1.0320284571176819
86.2m-g038-human-r4,fw26,0.9200617510080453
86.2m-g038-human-r4,fw26_ai,0.7578100236347916
86.2m-g038-human-r4,fw26_human,0.964219278063401
86.2m-g038-human-r4,paloma,1.4427709841952714
86.2m-g038-human-r4,paloma_4chan,1.4683643874098338
86.2m-g038-human-r4,paloma_c4,1.067634367206394
86.2m-g038-human-r4,paloma_c4_100_domains,1.0540803072319886
86.2m-g038-human-r4,paloma_dolma,1.3346431095662854
86.2m-g038-human-r4,paloma_falcon_refinedweb,1.1683613106802706
86.2m-g038-human-r4,paloma_gab,1.9744965989896412
86.2m-g038-human-r4,paloma_m2d2_s2orc,1.2565579985630828
86.2m-g038-human-r4,paloma_m2d2_wikipedia,1.1659399069389902
86.2m-g038-human-r4,paloma_manosphere,1.463832031161633
86.2m-g038-human-r4,paloma_mc4_en,1.1694772432994225
86.2m-g038-human-r4,paloma_programming,2.069028164884562
86.2m-g038-human-r4,paloma_ptb,1.3482055297914932
86.2m-g038-human-r4,paloma_reddit_100,1.3011548342752763
86.2m-g038-human-r4,paloma_redpajama,1.5129265668970804
86.2m-g038-human-r4,paloma_twitteraae,2.54844823038128
86.2m-g038-human-r4,paloma_wikitext_103,1.181185159847108
86.2m-g039-control,c4,1.1200113623532937
86.2m-g039-control,cosmopedia,0.8438428794038185
86.2m-g039-control,fw22,1.109305761440965
86.2m-g039-control,fw26,0.9979879576139885
86.2m-g039-control,fw26_ai,0.8384045978383655
86.2m-g039-control,fw26_human,1.0415326679187076
86.2m-g039-control,paloma,1.5081839804779724
86.2m-g039-control,paloma_4chan,1.4918559101721338
86.2m-g039-control,paloma_c4,1.139661627905381
86.2m-g039-control,paloma_c4_100_domains,1.1339089400316058
86.2m-g039-control,paloma_dolma,1.4070679324915627
86.2m-g039-control,paloma_falcon_refinedweb,1.2391510150412648
86.2m-g039-control,paloma_gab,2.08072938683327
86.2m-g039-control,paloma_m2d2_s2orc,1.312370107148729
86.2m-g039-control,paloma_m2d2_wikipedia,1.2284407097614918
86.2m-g039-control,paloma_manosphere,1.5153334718728
86.2m-g039-control,paloma_mc4_en,1.2441766509785195
86.2m-g039-control,paloma_programming,2.0994116627501733
86.2m-g039-control,paloma_ptb,1.4095301880618045
86.2m-g039-control,paloma_reddit_100,1.367574633315844
86.2m-g039-control,paloma_redpajama,1.5833740302566555
86.2m-g039-control,paloma_twitteraae,2.6151392304789587
86.2m-g039-control,paloma_wikitext_103,1.263218190547364
86.2m-g039-ai-r0.025,c4,1.1181847846714117
86.2m-g039-ai-r0.025,cosmopedia,0.8186181850806605
86.2m-g039-ai-r0.025,fw22,1.1073829094976329
86.2m-g039-ai-r0.025,fw26,0.9904348638590005
86.2m-g039-ai-r0.025,fw26_ai,0.8116455112742332
86.2m-g039-ai-r0.025,fw26_human,1.0391529253950211
86.2m-g039-ai-r0.025,paloma,1.5105695289268586
86.2m-g039-ai-r0.025,paloma_4chan,1.5056188636004568
86.2m-g039-ai-r0.025,paloma_c4,1.1380438072373196
86.2m-g039-ai-r0.025,paloma_c4_100_domains,1.132405328694032
86.2m-g039-ai-r0.025,paloma_dolma,1.4096092637118576
86.2m-g039-ai-r0.025,paloma_falcon_refinedweb,1.2373849346693662
86.2m-g039-ai-r0.025,paloma_gab,2.0801615353383074
86.2m-g039-ai-r0.025,paloma_m2d2_s2orc,1.3115774962303162
86.2m-g039-ai-r0.025,paloma_m2d2_wikipedia,1.2247369656973097
86.2m-g039-ai-r0.025,paloma_manosphere,1.5219243920391812
86.2m-g039-ai-r0.025,paloma_mc4_en,1.2411461643803978
86.2m-g039-ai-r0.025,paloma_programming,2.114258852654869
86.2m-g039-ai-r0.025,paloma_ptb,1.4066713612016302
86.2m-g039-ai-r0.025,paloma_reddit_100,1.3676527647201997
86.2m-g039-ai-r0.025,paloma_redpajama,1.5909487245880725
86.2m-g039-ai-r0.025,paloma_twitteraae,2.62906120870756
86.2m-g039-ai-r0.025,paloma_wikitext_103,1.2579107993588585
86.2m-g039-ai-r0.05,c4,1.1173661465256304
86.2m-g039-ai-r0.05,cosmopedia,0.8052563954778349
86.2m-g039-ai-r0.05,fw22,1.106256371001118
86.2m-g039-ai-r0.05,fw26,0.9864606064883561
86.2m-g039-ai-r0.05,fw26_ai,0.7975331260409294
86.2m-g039-ai-r0.05,fw26_human,1.0379233334001212
86.2m-g039-ai-r0.05,paloma,1.5116834811378386
86.2m-g039-ai-r0.05,paloma_4chan,1.5069245329078427
86.2m-g039-ai-r0.05,paloma_c4,1.1371088797914457
86.2m-g039-ai-r0.05,paloma_c4_100_domains,1.1317874582753675
86.2m-g039-ai-r0.05,paloma_dolma,1.4088697903984648
86.2m-g039-ai-r0.05,paloma_falcon_refinedweb,1.2371097808249856
86.2m-g039-ai-r0.05,paloma_gab,2.085057133051799
86.2m-g039-ai-r0.05,paloma_m2d2_s2orc,1.3107197670301167
86.2m-g039-ai-r0.05,paloma_m2d2_wikipedia,1.2246855641834091
86.2m-g039-ai-r0.05,paloma_manosphere,1.5270275653216432
86.2m-g039-ai-r0.05,paloma_mc4_en,1.240168389350411
86.2m-g039-ai-r0.05,paloma_programming,2.116793697676516
86.2m-g039-ai-r0.05,paloma_ptb,1.4071449613575506
86.2m-g039-ai-r0.05,paloma_reddit_100,1.3674025301260984
86.2m-g039-ai-r0.05,paloma_redpajama,1.5950080412007066
86.2m-g039-ai-r0.05,paloma_twitteraae,2.6302161653320733
86.2m-g039-ai-r0.05,paloma_wikitext_103,1.260911441376986
86.2m-g039-ai-r0.1,c4,1.115354969513609
86.2m-g039-ai-r0.1,cosmopedia,0.7875362247341864
86.2m-g039-ai-r0.1,fw22,1.1041980289915165
86.2m-g039-ai-r0.1,fw26,0.9804184851637913
86.2m-g039-ai-r0.1,fw26_ai,0.7786527759710853
86.2m-g039-ai-r0.1,fw26_human,1.03535392271243
86.2m-g039-ai-r0.1,paloma,1.5103281760371197
86.2m-g039-ai-r0.1,paloma_4chan,1.5087786108671786
86.2m-g039-ai-r0.1,paloma_c4,1.1362878919981825
86.2m-g039-ai-r0.1,paloma_c4_100_domains,1.1306554937739526
86.2m-g039-ai-r0.1,paloma_dolma,1.4060886475217824
86.2m-g039-ai-r0.1,paloma_falcon_refinedweb,1.2368183549357887
86.2m-g039-ai-r0.1,paloma_gab,2.0860598764667433
86.2m-g039-ai-r0.1,paloma_m2d2_s2orc,1.3148798812792688
86.2m-g039-ai-r0.1,paloma_m2d2_wikipedia,1.2301470980982014
86.2m-g039-ai-r0.1,paloma_manosphere,1.523988835698095
86.2m-g039-ai-r0.1,paloma_mc4_en,1.2396695365813946
86.2m-g039-ai-r0.1,paloma_programming,2.099040712352049
86.2m-g039-ai-r0.1,paloma_ptb,1.414746598387082
86.2m-g039-ai-r0.1,paloma_reddit_100,1.3682682957688066
86.2m-g039-ai-r0.1,paloma_redpajama,1.5887320340411517
86.2m-g039-ai-r0.1,paloma_twitteraae,2.6242436897329373
86.2m-g039-ai-r0.1,paloma_wikitext_103,1.2568452590913013
86.2m-g039-ai-r0.25,c4,1.1108060716071317
86.2m-g039-ai-r0.25,cosmopedia,0.7548977073706208
86.2m-g039-ai-r0.25,fw22,1.0992107774709388
86.2m-g039-ai-r0.25,fw26,0.9695581901459511
86.2m-g039-ai-r0.25,fw26_ai,0.7467985659240445
86.2m-g039-ai-r0.25,fw26_human,1.0301464540689222
86.2m-g039-ai-r0.25,paloma,1.503597038535403
86.2m-g039-ai-r0.25,paloma_4chan,1.4867647467687246
86.2m-g039-ai-r0.25,paloma_c4,1.1299554169476052
86.2m-g039-ai-r0.25,paloma_c4_100_domains,1.1256007806866293
86.2m-g039-ai-r0.25,paloma_dolma,1.3999569389338566
86.2m-g039-ai-r0.25,paloma_falcon_refinedweb,1.2312815271835558
86.2m-g039-ai-r0.25,paloma_gab,2.086492985979327
86.2m-g039-ai-r0.25,paloma_m2d2_s2orc,1.2984965859386148
86.2m-g039-ai-r0.25,paloma_m2d2_wikipedia,1.2122774440386201
86.2m-g039-ai-r0.25,paloma_manosphere,1.5104060688838743
86.2m-g039-ai-r0.25,paloma_mc4_en,1.2330333166568306
86.2m-g039-ai-r0.25,paloma_programming,2.1107065165037118
86.2m-g039-ai-r0.25,paloma_ptb,1.4041545154642534
86.2m-g039-ai-r0.25,paloma_reddit_100,1.3623948830577877
86.2m-g039-ai-r0.25,paloma_redpajama,1.5823643825362068
86.2m-g039-ai-r0.25,paloma_twitteraae,2.6384466501878103
86.2m-g039-ai-r0.25,paloma_wikitext_103,1.2452198567990418
86.2m-g039-ai-r0.5,c4,1.1058121808663715
86.2m-g039-ai-r0.5,cosmopedia,0.7367189188031842
86.2m-g039-ai-r0.5,fw22,1.0936897408095274
86.2m-g039-ai-r0.5,fw26,0.9586154483265164
86.2m-g039-ai-r0.5,fw26_ai,0.7173925690580082
86.2m-g039-ai-r0.5,fw26_human,1.0241704855464604
86.2m-g039-ai-r0.5,paloma,1.5063174453408552
86.2m-g039-ai-r0.5,paloma_4chan,1.5080720664192755
86.2m-g039-ai-r0.5,paloma_c4,1.126542166217985
86.2m-g039-ai-r0.5,paloma_c4_100_domains,1.1221477616417157
86.2m-g039-ai-r0.5,paloma_dolma,1.401713178404686
86.2m-g039-ai-r0.5,paloma_falcon_refinedweb,1.228124512183278
86.2m-g039-ai-r0.5,paloma_gab,2.087304008338718
86.2m-g039-ai-r0.5,paloma_m2d2_s2orc,1.3031349428114163
86.2m-g039-ai-r0.5,paloma_m2d2_wikipedia,1.2171836954898032
86.2m-g039-ai-r0.5,paloma_manosphere,1.5086895883495326
86.2m-g039-ai-r0.5,paloma_mc4_en,1.2299000231579829
86.2m-g039-ai-r0.5,paloma_programming,2.1150562795457217
86.2m-g039-ai-r0.5,paloma_ptb,1.41377384111829
86.2m-g039-ai-r0.5,paloma_reddit_100,1.3594115669738505
86.2m-g039-ai-r0.5,paloma_redpajama,1.5888230924358016
86.2m-g039-ai-r0.5,paloma_twitteraae,2.645457451963918
86.2m-g039-ai-r0.5,paloma_wikitext_103,1.2457449504017093
86.2m-g039-ai-r1,c4,1.1030837381822545
86.2m-g039-ai-r1,cosmopedia,0.707624158597191
86.2m-g039-ai-r1,fw22,1.090362686510089
86.2m-g039-ai-r1,fw26,0.9491967338976874
86.2m-g039-ai-r1,fw26_ai,0.6867685886356043
86.2m-g039-ai-r1,fw26_human,1.0204624576282753
86.2m-g039-ai-r1,paloma,1.511845683907543
86.2m-g039-ai-r1,paloma_4chan,1.5121889502107144
86.2m-g039-ai-r1,paloma_c4,1.1238881835332442
86.2m-g039-ai-r1,paloma_c4_100_domains,1.1210614547981657
86.2m-g039-ai-r1,paloma_dolma,1.4063953041575017
86.2m-g039-ai-r1,paloma_falcon_refinedweb,1.2274938425076456
86.2m-g039-ai-r1,paloma_gab,2.1008563905641493
86.2m-g039-ai-r1,paloma_m2d2_s2orc,1.3066886162928903
86.2m-g039-ai-r1,paloma_m2d2_wikipedia,1.2156319948510865
86.2m-g039-ai-r1,paloma_manosphere,1.5251821479455125
86.2m-g039-ai-r1,paloma_mc4_en,1.2288855816531328
86.2m-g039-ai-r1,paloma_programming,2.1444052661007658
86.2m-g039-ai-r1,paloma_ptb,1.4084732464869392
86.2m-g039-ai-r1,paloma_reddit_100,1.3618819806629585
86.2m-g039-ai-r1,paloma_redpajama,1.5992862001843045
86.2m-g039-ai-r1,paloma_twitteraae,2.6581531982842104
86.2m-g039-ai-r1,paloma_wikitext_103,1.2490585842874682
86.2m-g039-ai-r2,c4,1.0972250769912444
86.2m-g039-ai-r2,cosmopedia,0.6798002253161888
86.2m-g039-ai-r2,fw22,1.0836820207708866
86.2m-g039-ai-r2,fw26,0.9377449664211075
86.2m-g039-ai-r2,fw26_ai,0.6563395418401204
86.2m-g039-ai-r2,fw26_human,1.0141380056754468
86.2m-g039-ai-r2,paloma,1.5198559623495094
86.2m-g039-ai-r2,paloma_4chan,1.512241347059982
86.2m-g039-ai-r2,paloma_c4,1.1216532556566186
86.2m-g039-ai-r2,paloma_c4_100_domains,1.1182919368322761
86.2m-g039-ai-r2,paloma_dolma,1.4157444145290539
86.2m-g039-ai-r2,paloma_falcon_refinedweb,1.2277322408263038
86.2m-g039-ai-r2,paloma_gab,2.1057375127284588
86.2m-g039-ai-r2,paloma_m2d2_s2orc,1.3240751534876212
86.2m-g039-ai-r2,paloma_m2d2_wikipedia,1.2324597406464672
86.2m-g039-ai-r2,paloma_manosphere,1.5239184371254655
86.2m-g039-ai-r2,paloma_mc4_en,1.2306660985646571
86.2m-g039-ai-r2,paloma_programming,2.15940546081543
86.2m-g039-ai-r2,paloma_ptb,1.444722258748383
86.2m-g039-ai-r2,paloma_reddit_100,1.358728928714129
86.2m-g039-ai-r2,paloma_redpajama,1.6053458655560024
86.2m-g039-ai-r2,paloma_twitteraae,2.6742158926737574
86.2m-g039-ai-r2,paloma_wikitext_103,1.2627568536275433
86.2m-g039-ai-r4,c4,1.0984257341690111
86.2m-g039-ai-r4,cosmopedia,0.6594244443759693
86.2m-g039-ai-r4,fw22,1.0841059224301068
86.2m-g039-ai-r4,fw26,0.9329818731825332
86.2m-g039-ai-r4,fw26_ai,0.6336744205342886
86.2m-g039-ai-r4,fw26_human,1.0141991960160606
86.2m-g039-ai-r4,paloma,1.5215913989466079
86.2m-g039-ai-r4,paloma_4chan,1.5246139431294294
86.2m-g039-ai-r4,paloma_c4,1.1208201401865612
86.2m-g039-ai-r4,paloma_c4_100_domains,1.1195177155341696
86.2m-g039-ai-r4,paloma_dolma,1.4135081493075432
86.2m-g039-ai-r4,paloma_falcon_refinedweb,1.2248033797965057
86.2m-g039-ai-r4,paloma_gab,2.1202471627633073
86.2m-g039-ai-r4,paloma_m2d2_s2orc,1.3144581838873257
86.2m-g039-ai-r4,paloma_m2d2_wikipedia,1.2182744710170157
86.2m-g039-ai-r4,paloma_manosphere,1.5283482574285798
86.2m-g039-ai-r4,paloma_mc4_en,1.2306568793386277
86.2m-g039-ai-r4,paloma_programming,2.1814471821420294
86.2m-g039-ai-r4,paloma_ptb,1.4238942269128807
86.2m-g039-ai-r4,paloma_reddit_100,1.3635878340579495
86.2m-g039-ai-r4,paloma_redpajama,1.6034075996693673
86.2m-g039-ai-r4,paloma_twitteraae,2.7136245199198417
86.2m-g039-ai-r4,paloma_wikitext_103,1.2442527380545922
86.2m-g039-ai-r8,c4,1.10174883511269
86.2m-g039-ai-r8,cosmopedia,0.6477976063803967
86.2m-g039-ai-r8,fw22,1.0870028635588511
86.2m-g039-ai-r8,fw26,0.9320875762063402
86.2m-g039-ai-r8,fw26_ai,0.6170108871183425
86.2m-g039-ai-r8,fw26_human,1.0175008327039994
86.2m-g039-ai-r8,paloma,1.5503617762103725
86.2m-g039-ai-r8,paloma_4chan,1.5850531602042146
86.2m-g039-ai-r8,paloma_c4,1.128033736446739
86.2m-g039-ai-r8,paloma_c4_100_domains,1.1267586194000365
86.2m-g039-ai-r8,paloma_dolma,1.4370307402044278
86.2m-g039-ai-r8,paloma_falcon_refinedweb,1.2354873314701176
86.2m-g039-ai-r8,paloma_gab,2.1469517267565763
86.2m-g039-ai-r8,paloma_m2d2_s2orc,1.3456028849957744
86.2m-g039-ai-r8,paloma_m2d2_wikipedia,1.242009807107674
86.2m-g039-ai-r8,paloma_manosphere,1.5648255533606226
86.2m-g039-ai-r8,paloma_mc4_en,1.24360628101311
86.2m-g039-ai-r8,paloma_programming,2.2337019816436343
86.2m-g039-ai-r8,paloma_ptb,1.466646547301021
86.2m-g039-ai-r8,paloma_reddit_100,1.3755688070027827
86.2m-g039-ai-r8,paloma_redpajama,1.6410928468406973
86.2m-g039-ai-r8,paloma_twitteraae,2.7451408882358472
86.2m-g039-ai-r8,paloma_wikitext_103,1.2882775073826844
86.2m-g039-ai-r16,c4,1.105087130385503
86.2m-g039-ai-r16,cosmopedia,0.6356427289379933
86.2m-g039-ai-r16,fw22,1.0902881303129401
86.2m-g039-ai-r16,fw26,0.9322779693108493
86.2m-g039-ai-r16,fw26_ai,0.6043613544390751
86.2m-g039-ai-r16,fw26_human,1.0211695052101635
86.2m-g039-ai-r16,paloma,1.556494649065201
86.2m-g039-ai-r16,paloma_4chan,1.5703357475892763
86.2m-g039-ai-r16,paloma_c4,1.1333571903081565
86.2m-g039-ai-r16,paloma_c4_100_domains,1.1319375455844616
86.2m-g039-ai-r16,paloma_dolma,1.4443855885255699
86.2m-g039-ai-r16,paloma_falcon_refinedweb,1.2436172090344626
86.2m-g039-ai-r16,paloma_gab,2.169108684071639
86.2m-g039-ai-r16,paloma_m2d2_s2orc,1.3573328682852337
86.2m-g039-ai-r16,paloma_m2d2_wikipedia,1.2513215644956115
86.2m-g039-ai-r16,paloma_manosphere,1.561272924752562
86.2m-g039-ai-r16,paloma_mc4_en,1.2494532261820142
86.2m-g039-ai-r16,paloma_programming,2.2126236036015046
86.2m-g039-ai-r16,paloma_ptb,1.4959906562087535
86.2m-g039-ai-r16,paloma_reddit_100,1.3816252271597569
86.2m-g039-ai-r16,paloma_redpajama,1.6385408367686647
86.2m-g039-ai-r16,paloma_twitteraae,2.76911335878461
86.2m-g039-ai-r16,paloma_wikitext_103,1.2938981536909397
86.2m-g039-ai-r32,c4,1.1083776194235528
86.2m-g039-ai-r32,cosmopedia,0.6332407449782086
86.2m-g039-ai-r32,fw22,1.0931727352611753
86.2m-g039-ai-r32,fw26,0.9329636281131374
86.2m-g039-ai-r32,fw26_ai,0.594191486498898
86.2m-g039-ai-r32,fw26_human,1.0247891878793314
86.2m-g039-ai-r32,paloma,1.574634013296429
86.2m-g039-ai-r32,paloma_4chan,1.5961911371787272
86.2m-g039-ai-r32,paloma_c4,1.1366439980267242
86.2m-g039-ai-r32,paloma_c4_100_domains,1.13670862722172
86.2m-g039-ai-r32,paloma_dolma,1.4583760863506245
86.2m-g039-ai-r32,paloma_falcon_refinedweb,1.248537088479676
86.2m-g039-ai-r32,paloma_gab,2.1919289523634897
86.2m-g039-ai-r32,paloma_m2d2_s2orc,1.3618928486188624
86.2m-g039-ai-r32,paloma_m2d2_wikipedia,1.2612340102413406
86.2m-g039-ai-r32,paloma_manosphere,1.596765793393091
86.2m-g039-ai-r32,paloma_mc4_en,1.2570245556094353
86.2m-g039-ai-r32,paloma_programming,2.286855956046591
86.2m-g039-ai-r32,paloma_ptb,1.4880819268972707
86.2m-g039-ai-r32,paloma_reddit_100,1.3939354903297094
86.2m-g039-ai-r32,paloma_redpajama,1.666580336560142
86.2m-g039-ai-r32,paloma_twitteraae,2.793626976202122
86.2m-g039-ai-r32,paloma_wikitext_103,1.3197604292233358
86.2m-g039-human-r0.025,c4,1.1179583042187893
86.2m-g039-human-r0.025,cosmopedia,0.8394889639872203
86.2m-g039-human-r0.025,fw22,1.1072205554372834
86.2m-g039-human-r0.025,fw26,0.995865646060601
86.2m-g039-human-r0.025,fw26_ai,0.8362349490455313
86.2m-g039-human-r0.025,fw26_human,1.0394091608481373
86.2m-g039-human-r0.025,paloma,1.5117239582015451
86.2m-g039-human-r0.025,paloma_4chan,1.5128299735498751
86.2m-g039-human-r0.025,paloma_c4,1.137540162091029
86.2m-g039-human-r0.025,paloma_c4_100_domains,1.1315409470628204
86.2m-g039-human-r0.025,paloma_dolma,1.4118074601288875
86.2m-g039-human-r0.025,paloma_falcon_refinedweb,1.2381940273910275
86.2m-g039-human-r0.025,paloma_gab,2.079575311921755
86.2m-g039-human-r0.025,paloma_m2d2_s2orc,1.3102778736655551
86.2m-g039-human-r0.025,paloma_m2d2_wikipedia,1.224851828430145
86.2m-g039-human-r0.025,paloma_manosphere,1.5268306638777487
86.2m-g039-human-r0.025,paloma_mc4_en,1.2415662315707106
86.2m-g039-human-r0.025,paloma_programming,2.123845783524482
86.2m-g039-human-r0.025,paloma_ptb,1.4035731616519989
86.2m-g039-human-r0.025,paloma_reddit_100,1.3686570636935043
86.2m-g039-human-r0.025,paloma_redpajama,1.5938550407572507
86.2m-g039-human-r0.025,paloma_twitteraae,2.6209244697434064
86.2m-g039-human-r0.025,paloma_wikitext_103,1.261713332164525
86.2m-g039-human-r0.05,c4,1.1160456537172518
86.2m-g039-human-r0.05,cosmopedia,0.8391714338642071
86.2m-g039-human-r0.05,fw22,1.105249336024175
86.2m-g039-human-r0.05,fw26,0.9938906207316257
86.2m-g039-human-r0.05,fw26_ai,0.8340896198251078
86.2m-g039-human-r0.05,fw26_human,1.0374627345981793
86.2m-g039-human-r0.05,paloma,1.507985114228902
86.2m-g039-human-r0.05,paloma_4chan,1.5077343598757504
86.2m-g039-human-r0.05,paloma_c4,1.1360361401561816
86.2m-g039-human-r0.05,paloma_c4_100_domains,1.1296344286574065
86.2m-g039-human-r0.05,paloma_dolma,1.4060991757521057
86.2m-g039-human-r0.05,paloma_falcon_refinedweb,1.2357645598601974
86.2m-g039-human-r0.05,paloma_gab,2.076019804468094
86.2m-g039-human-r0.05,paloma_m2d2_s2orc,1.3079238390020522
86.2m-g039-human-r0.05,paloma_m2d2_wikipedia,1.224030833015783
86.2m-g039-human-r0.05,paloma_manosphere,1.5149076169417883
86.2m-g039-human-r0.05,paloma_mc4_en,1.240480410557745
86.2m-g039-human-r0.05,paloma_programming,2.117151296309752
86.2m-g039-human-r0.05,paloma_ptb,1.402794160794289
86.2m-g039-human-r0.05,paloma_reddit_100,1.3627552160465086
86.2m-g039-human-r0.05,paloma_redpajama,1.5903702312470342
86.2m-g039-human-r0.05,paloma_twitteraae,2.6182983288444444
86.2m-g039-human-r0.05,paloma_wikitext_103,1.257761426133301
86.2m-g039-human-r4,c4,1.037117460119289
86.2m-g039-human-r4,cosmopedia,0.7517254971279747
86.2m-g039-human-r4,fw22,1.0230018810741177
86.2m-g039-human-r4,fw26,0.9104126548379117
86.2m-g039-human-r4,fw26_ai,0.7474235722518797
86.2m-g039-human-r4,fw26_human,0.9547681763330249
86.2m-g039-human-r4,paloma,1.4336793768123495
86.2m-g039-human-r4,paloma_4chan,1.438767340312504
86.2m-g039-human-r4,paloma_c4,1.0596806926020468
86.2m-g039-human-r4,paloma_c4_100_domains,1.0447366811768228
86.2m-g039-human-r4,paloma_dolma,1.3313363679289285
86.2m-g039-human-r4,paloma_falcon_refinedweb,1.1601968245905443
86.2m-g039-human-r4,paloma_gab,1.9592792273547315
86.2m-g039-human-r4,paloma_m2d2_s2orc,1.2527677280711673
86.2m-g039-human-r4,paloma_m2d2_wikipedia,1.1591928412912678
86.2m-g039-human-r4,paloma_manosphere,1.4458781525737998
86.2m-g039-human-r4,paloma_mc4_en,1.161146607705983
86.2m-g039-human-r4,paloma_programming,2.0773795804654402
86.2m-g039-human-r4,paloma_ptb,1.3302326033398084
86.2m-g039-human-r4,paloma_reddit_100,1.2915127625890797
86.2m-g039-human-r4,paloma_redpajama,1.511064361002194
86.2m-g039-human-r4,paloma_twitteraae,2.5359310088246394
86.2m-g039-human-r4,paloma_wikitext_103,1.1797672491686344
86.2m-g040-control,c4,1.0541116225500284
86.2m-g040-control,cosmopedia,0.7763737148129073
86.2m-g040-control,fw22,1.0407867864455231
86.2m-g040-control,fw26,0.9287955808764874
86.2m-g040-control,fw26_ai,0.7666685583059626
86.2m-g040-control,fw26_human,0.9729251330900791
86.2m-g040-control,paloma,1.4515332022479959
86.2m-g040-control,paloma_4chan,1.4814604505543174
86.2m-g040-control,paloma_c4,1.076666499810847
86.2m-g040-control,paloma_c4_100_domains,1.063011732564396
86.2m-g040-control,paloma_dolma,1.347901840345907
86.2m-g040-control,paloma_falcon_refinedweb,1.1771661750466935
86.2m-g040-control,paloma_gab,1.987304325340873
86.2m-g040-control,paloma_m2d2_s2orc,1.2672771611465843
86.2m-g040-control,paloma_m2d2_wikipedia,1.1784307433047139
86.2m-g040-control,paloma_manosphere,1.4746592758200874
86.2m-g040-control,paloma_mc4_en,1.1780752977579643
86.2m-g040-control,paloma_programming,2.068410730590393
86.2m-g040-control,paloma_ptb,1.3464685447984084
86.2m-g040-control,paloma_reddit_100,1.310678667525567
86.2m-g040-control,paloma_redpajama,1.52698388434415
86.2m-g040-control,paloma_twitteraae,2.5578525547414683
86.2m-g040-control,paloma_wikitext_103,1.1821833522755625
86.2m-g040-ai-r0.05,c4,1.0527727562595612
86.2m-g040-ai-r0.05,cosmopedia,0.7355404626273836
86.2m-g040-ai-r0.05,fw22,1.0393410159272283
86.2m-g040-ai-r0.05,fw26,0.9189433907852842
86.2m-g040-ai-r0.05,fw26_ai,0.7277031151662497
86.2m-g040-ai-r0.05,fw26_human,0.9708925283913913
86.2m-g040-ai-r0.05,paloma,1.4477471601166223
86.2m-g040-ai-r0.05,paloma_4chan,1.4677472703418777
86.2m-g040-ai-r0.05,paloma_c4,1.0753041506519074
86.2m-g040-ai-r0.05,paloma_c4_100_domains,1.0623586777277085
86.2m-g040-ai-r0.05,paloma_dolma,1.3449122373996598
86.2m-g040-ai-r0.05,paloma_falcon_refinedweb,1.1747721163320515
86.2m-g040-ai-r0.05,paloma_gab,1.986100241722841
86.2m-g040-ai-r0.05,paloma_m2d2_s2orc,1.2651582612481607
86.2m-g040-ai-r0.05,paloma_m2d2_wikipedia,1.171561273057897
86.2m-g040-ai-r0.05,paloma_manosphere,1.4652538614228992
86.2m-g040-ai-r0.05,paloma_mc4_en,1.17725693388571
86.2m-g040-ai-r0.05,paloma_programming,2.0612070962731197
86.2m-g040-ai-r0.05,paloma_ptb,1.343844763001776
86.2m-g040-ai-r0.05,paloma_reddit_100,1.3059766120753917
86.2m-g040-ai-r0.05,paloma_redpajama,1.5225651988145814
86.2m-g040-ai-r0.05,paloma_twitteraae,2.5538876814834817
86.2m-g040-ai-r0.05,paloma_wikitext_103,1.1860481864268935
86.2m-g040-ai-r0.1,c4,1.052866309650845
86.2m-g040-ai-r0.1,cosmopedia,0.7242862937740819
86.2m-g040-ai-r0.1,fw22,1.0391413984514293
86.2m-g040-ai-r0.1,fw26,0.9152836874164456
86.2m-g040-ai-r0.1,fw26_ai,0.7115554377754191
86.2m-g040-ai-r0.1,fw26_human,0.970588346449201
86.2m-g040-ai-r0.1,paloma,1.4462966607729648
86.2m-g040-ai-r0.1,paloma_4chan,1.473741741896681
86.2m-g040-ai-r0.1,paloma_c4,1.0742346659677369
86.2m-g040-ai-r0.1,paloma_c4_100_domains,1.0621828098947048
86.2m-g040-ai-r0.1,paloma_dolma,1.3396977408543045
86.2m-g040-ai-r0.1,paloma_falcon_refinedweb,1.1756042852553765
86.2m-g040-ai-r0.1,paloma_gab,1.9910003103001983
86.2m-g040-ai-r0.1,paloma_m2d2_s2orc,1.2570471500941711
86.2m-g040-ai-r0.1,paloma_m2d2_wikipedia,1.1693272470163796
86.2m-g040-ai-r0.1,paloma_manosphere,1.4704404104033884
86.2m-g040-ai-r0.1,paloma_mc4_en,1.1722519177212432
86.2m-g040-ai-r0.1,paloma_programming,2.041667842236267
86.2m-g040-ai-r0.1,paloma_ptb,1.3483139036938867
86.2m-g040-ai-r0.1,paloma_reddit_100,1.3061499553880749
86.2m-g040-ai-r0.1,paloma_redpajama,1.5145449235753774
86.2m-g040-ai-r0.1,paloma_twitteraae,2.56471415900102
86.2m-g040-ai-r0.1,paloma_wikitext_103,1.1798275090686263
86.2m-g040-ai-r0.25,c4,1.0522447562956514
86.2m-g040-ai-r0.25,cosmopedia,0.7038039315636376
86.2m-g040-ai-r0.25,fw22,1.0382882589556142
86.2m-g040-ai-r0.25,fw26,0.9085641970742266
86.2m-g040-ai-r0.25,fw26_ai,0.6840840733183244
86.2m-g040-ai-r0.25,fw26_human,0.9694574558145895
86.2m-g040-ai-r0.25,paloma,1.4495023250493364
86.2m-g040-ai-r0.25,paloma_4chan,1.5338312047449587
86.2m-g040-ai-r0.25,paloma_c4,1.0724493331648153
86.2m-g040-ai-r0.25,paloma_c4_100_domains,1.061843818677989
86.2m-g040-ai-r0.25,paloma_dolma,1.3395453503472357
86.2m-g040-ai-r0.25,paloma_falcon_refinedweb,1.1721440680393427
86.2m-g040-ai-r0.25,paloma_gab,1.9901766711033066
86.2m-g040-ai-r0.25,paloma_m2d2_s2orc,1.2461670165707548
86.2m-g040-ai-r0.25,paloma_m2d2_wikipedia,1.154267074230146
86.2m-g040-ai-r0.25,paloma_manosphere,1.4565813556461797
86.2m-g040-ai-r0.25,paloma_mc4_en,1.1722232073773062
86.2m-g040-ai-r0.25,paloma_programming,2.0723539525660026
86.2m-g040-ai-r0.25,paloma_ptb,1.3323418064510906
86.2m-g040-ai-r0.25,paloma_reddit_100,1.3067499575638686
86.2m-g040-ai-r0.25,paloma_redpajama,1.5231481364338657
86.2m-g040-ai-r0.25,paloma_twitteraae,2.5795604458899595
86.2m-g040-ai-r0.25,paloma_wikitext_103,1.178653801982562
86.2m-g040-ai-r0.5,c4,1.0540145970366888
86.2m-g040-ai-r0.5,cosmopedia,0.6765154364305127
86.2m-g040-ai-r0.5,fw22,1.0397075549359767
86.2m-g040-ai-r0.5,fw26,0.9049622541240621
86.2m-g040-ai-r0.5,fw26_ai,0.6630780593563899
86.2m-g040-ai-r0.5,fw26_human,0.9705711374277665
86.2m-g040-ai-r0.5,paloma,1.4572636923774895
86.2m-g040-ai-r0.5,paloma_4chan,1.5461399824611053
86.2m-g040-ai-r0.5,paloma_c4,1.0739467581795543
86.2m-g040-ai-r0.5,paloma_c4_100_domains,1.0646622304958224
86.2m-g040-ai-r0.5,paloma_dolma,1.346099227769753
86.2m-g040-ai-r0.5,paloma_falcon_refinedweb,1.1748675509706188
86.2m-g040-ai-r0.5,paloma_gab,2.0048553388202026
86.2m-g040-ai-r0.5,paloma_m2d2_s2orc,1.251623343855095
86.2m-g040-ai-r0.5,paloma_m2d2_wikipedia,1.1598066159893186
86.2m-g040-ai-r0.5,paloma_manosphere,1.4687402526451496
86.2m-g040-ai-r0.5,paloma_mc4_en,1.1767329995083387
86.2m-g040-ai-r0.5,paloma_programming,2.104092578976573
86.2m-g040-ai-r0.5,paloma_ptb,1.339726300973797
86.2m-g040-ai-r0.5,paloma_reddit_100,1.3072711288117385
86.2m-g040-ai-r0.5,paloma_redpajama,1.5338503418029596
86.2m-g040-ai-r0.5,paloma_twitteraae,2.5859848210900225
86.2m-g040-ai-r0.5,paloma_wikitext_103,1.177819605689785
86.2m-g040-ai-r1,c4,1.0556288735322663
86.2m-g040-ai-r1,cosmopedia,0.6652921472344595
86.2m-g040-ai-r1,fw22,1.041111943383024
86.2m-g040-ai-r1,fw26,0.9012705772531742
86.2m-g040-ai-r1,fw26_ai,0.6394929547901755
86.2m-g040-ai-r1,fw26_human,0.9722301949614174
86.2m-g040-ai-r1,paloma,1.4880799408307828
86.2m-g040-ai-r1,paloma_4chan,1.5640609482425003
86.2m-g040-ai-r1,paloma_c4,1.084202673520685
86.2m-g040-ai-r1,paloma_c4_100_domains,1.0730180268633174
86.2m-g040-ai-r1,paloma_dolma,1.3793723430546745
86.2m-g040-ai-r1,paloma_falcon_refinedweb,1.1918202923836174
86.2m-g040-ai-r1,paloma_gab,2.030039484683951
86.2m-g040-ai-r1,paloma_m2d2_s2orc,1.3078059720653399
86.2m-g040-ai-r1,paloma_m2d2_wikipedia,1.218665035391398
86.2m-g040-ai-r1,paloma_manosphere,1.508147579565784
86.2m-g040-ai-r1,paloma_mc4_en,1.1967219618564844
86.2m-g040-ai-r1,paloma_programming,2.128044608474398
86.2m-g040-ai-r1,paloma_ptb,1.4063618161284435
86.2m-g040-ai-r1,paloma_reddit_100,1.3199376879589502
86.2m-g040-ai-r1,paloma_redpajama,1.5627090083136879
86.2m-g040-ai-r1,paloma_twitteraae,2.6082632640419434
86.2m-g040-ai-r1,paloma_wikitext_103,1.2301083507473485
86.2m-g040-ai-r2.08,c4,1.0634450240519189
86.2m-g040-ai-r2.08,cosmopedia,0.6501345042309057
86.2m-g040-ai-r2.08,fw22,1.0484710875863943
86.2m-g040-ai-r2.08,fw26,0.903249338400866
86.2m-g040-ai-r2.08,fw26_ai,0.6229249421032066
86.2m-g040-ai-r2.08,fw26_human,0.9792278849485004
86.2m-g040-ai-r2.08,paloma,1.4859151353004156
86.2m-g040-ai-r2.08,paloma_4chan,1.506834704096418
86.2m-g040-ai-r2.08,paloma_c4,1.087722388272428
86.2m-g040-ai-r2.08,paloma_c4_100_domains,1.080253406302791
86.2m-g040-ai-r2.08,paloma_dolma,1.3771897107254196
86.2m-g040-ai-r2.08,paloma_falcon_refinedweb,1.194119776607822
86.2m-g040-ai-r2.08,paloma_gab,2.05195328812993
86.2m-g040-ai-r2.08,paloma_m2d2_s2orc,1.2988229803772782
86.2m-g040-ai-r2.08,paloma_m2d2_wikipedia,1.1952427840119404
86.2m-g040-ai-r2.08,paloma_manosphere,1.5048803504593031
86.2m-g040-ai-r2.08,paloma_mc4_en,1.2000214773199933
86.2m-g040-ai-r2.08,paloma_programming,2.1336996402598403
86.2m-g040-ai-r2.08,paloma_ptb,1.3936410769224672
86.2m-g040-ai-r2.08,paloma_reddit_100,1.3318082833484413
86.2m-g040-ai-r2.08,paloma_redpajama,1.5652021702408272
86.2m-g040-ai-r2.08,paloma_twitteraae,2.636383537349165
86.2m-g040-ai-r2.08,paloma_wikitext_103,1.2168665903825842
86.2m-g040-ai-r4.22,c4,1.0712873358359443
86.2m-g040-ai-r4.22,cosmopedia,0.6448509074643968
86.2m-g040-ai-r4.22,fw22,1.0560310952111573
86.2m-g040-ai-r4.22,fw26,0.90574473629565
86.2m-g040-ai-r4.22,fw26_ai,0.6071916669944171
86.2m-g040-ai-r4.22,fw26_human,0.9866509767909016
86.2m-g040-ai-r4.22,paloma,1.5132602194276892
86.2m-g040-ai-r4.22,paloma_4chan,1.5520242657011076
86.2m-g040-ai-r4.22,paloma_c4,1.097365990146258
86.2m-g040-ai-r4.22,paloma_c4_100_domains,1.0911384716947383
86.2m-g040-ai-r4.22,paloma_dolma,1.4000702764118662
86.2m-g040-ai-r4.22,paloma_falcon_refinedweb,1.2052896703314075
86.2m-g040-ai-r4.22,paloma_gab,2.0913594408115173
86.2m-g040-ai-r4.22,paloma_m2d2_s2orc,1.325728346535202
86.2m-g040-ai-r4.22,paloma_m2d2_wikipedia,1.2183619866082016
86.2m-g040-ai-r4.22,paloma_manosphere,1.5398676123969448
86.2m-g040-ai-r4.22,paloma_mc4_en,1.2119109293490407
86.2m-g040-ai-r4.22,paloma_programming,2.181000585329557
86.2m-g040-ai-r4.22,paloma_ptb,1.4327967172801697
86.2m-g040-ai-r4.22,paloma_reddit_100,1.3493389915583427
86.2m-g040-ai-r4.22,paloma_redpajama,1.5912155848428367
86.2m-g040-ai-r4.22,paloma_twitteraae,2.6778730647854716
86.2m-g040-ai-r4.22,paloma_wikitext_103,1.246821577060363
86.2m-g041-control,c4,1.0535393748617363
86.2m-g041-control,cosmopedia,0.7718886197773565
86.2m-g041-control,fw22,1.0403395888700964
86.2m-g041-control,fw26,0.9281985543007261
86.2m-g041-control,fw26_ai,0.765357068931256
86.2m-g041-control,fw26_human,0.9725227739492776
86.2m-g041-control,paloma,1.44389953099492
86.2m-g041-control,paloma_4chan,1.4492340879779475
86.2m-g041-control,paloma_c4,1.0749541707780725
86.2m-g041-control,paloma_c4_100_domains,1.0619735106015213
86.2m-g041-control,paloma_dolma,1.340827133460717
86.2m-g041-control,paloma_falcon_refinedweb,1.176320431349031
86.2m-g041-control,paloma_gab,1.9834793715338046
86.2m-g041-control,paloma_m2d2_s2orc,1.2637136379468086
86.2m-g041-control,paloma_m2d2_wikipedia,1.169566392450212
86.2m-g041-control,paloma_manosphere,1.4552839308719399
86.2m-g041-control,paloma_mc4_en,1.1788752015290596
86.2m-g041-control,paloma_programming,2.044331736675388
86.2m-g041-control,paloma_ptb,1.349460202990822
86.2m-g041-control,paloma_reddit_100,1.304863154886163
86.2m-g041-control,paloma_redpajama,1.5118736072378933
86.2m-g041-control,paloma_twitteraae,2.553507666703554
86.2m-g041-control,paloma_wikitext_103,1.1841282589257853
86.2m-g041-ai-r2.08,c4,1.0622271478969043
86.2m-g041-ai-r2.08,cosmopedia,0.6460385063921994
86.2m-g041-ai-r2.08,fw22,1.0470431571433887
86.2m-g041-ai-r2.08,fw26,0.9017327658205527
86.2m-g041-ai-r2.08,fw26_ai,0.6213210657541072
86.2m-g041-ai-r2.08,fw26_human,0.9777577636929248
86.2m-g041-ai-r2.08,paloma,1.4929272435755299
86.2m-g041-ai-r2.08,paloma_4chan,1.5127717287533473
86.2m-g041-ai-r2.08,paloma_c4,1.090387807686852
86.2m-g041-ai-r2.08,paloma_c4_100_domains,1.0813026751535024
86.2m-g041-ai-r2.08,paloma_dolma,1.385111269299084
86.2m-g041-ai-r2.08,paloma_falcon_refinedweb,1.1996355032895818
86.2m-g041-ai-r2.08,paloma_gab,2.0491867571056686
86.2m-g041-ai-r2.08,paloma_m2d2_s2orc,1.3182520767736492
86.2m-g041-ai-r2.08,paloma_m2d2_wikipedia,1.2239458271321921
86.2m-g041-ai-r2.08,paloma_manosphere,1.506018469432808
86.2m-g041-ai-r2.08,paloma_mc4_en,1.2023372807042716
86.2m-g041-ai-r2.08,paloma_programming,2.1397435180349236
86.2m-g041-ai-r2.08,paloma_ptb,1.4119784684166057
86.2m-g041-ai-r2.08,paloma_reddit_100,1.3241820241975402
86.2m-g041-ai-r2.08,paloma_redpajama,1.5738454356365126
86.2m-g041-ai-r2.08,paloma_twitteraae,2.643962944030031
86.2m-g041-ai-r2.08,paloma_wikitext_103,1.224174111561909
86.2m-g041-ai-r4.22,c4,1.0709861365248605
86.2m-g041-ai-r4.22,cosmopedia,0.6404885947369311
86.2m-g041-ai-r4.22,fw22,1.0553429722109833
86.2m-g041-ai-r4.22,fw26,0.9053578339044177
86.2m-g041-ai-r4.22,fw26_ai,0.6067022930794665
86.2m-g041-ai-r4.22,fw26_human,0.9862802315399452
86.2m-g041-ai-r4.22,paloma,1.496423273324365
86.2m-g041-ai-r4.22,paloma_4chan,1.5172819840275686
86.2m-g041-ai-r4.22,paloma_c4,1.0965586019666183
86.2m-g041-ai-r4.22,paloma_c4_100_domains,1.0899040623953653
86.2m-g041-ai-r4.22,paloma_dolma,1.3866074399895265
86.2m-g041-ai-r4.22,paloma_falcon_refinedweb,1.2015928650394354
86.2m-g041-ai-r4.22,paloma_gab,2.0885432119893697
86.2m-g041-ai-r4.22,paloma_m2d2_s2orc,1.311713250300752
86.2m-g041-ai-r4.22,paloma_m2d2_wikipedia,1.2116831673769413
86.2m-g041-ai-r4.22,paloma_manosphere,1.516574847387153
86.2m-g041-ai-r4.22,paloma_mc4_en,1.2012583822075913
86.2m-g041-ai-r4.22,paloma_programming,2.088535127355845
86.2m-g041-ai-r4.22,paloma_ptb,1.4175954590208004
86.2m-g041-ai-r4.22,paloma_reddit_100,1.3468916057203202
86.2m-g041-ai-r4.22,paloma_redpajama,1.5651083361333458
86.2m-g041-ai-r4.22,paloma_twitteraae,2.681211328023688
86.2m-g041-ai-r4.22,paloma_wikitext_103,1.2217127042555223
86.2m-g041-ai-r8,c4,1.0810790051780348
86.2m-g041-ai-r8,cosmopedia,0.6345961202454162
86.2m-g041-ai-r8,fw22,1.0655221066617586
86.2m-g041-ai-r8,fw26,0.9109936219384526
86.2m-g041-ai-r8,fw26_ai,0.5963365493920244
86.2m-g041-ai-r8,fw26_human,0.9962884019516582
86.2m-g041-ai-r8,paloma,1.532624866320392
86.2m-g041-ai-r8,paloma_4chan,1.5798765839612854
86.2m-g041-ai-r8,paloma_c4,1.1124935327540313
86.2m-g041-ai-r8,paloma_c4_100_domains,1.1057590341859003
86.2m-g041-ai-r8,paloma_dolma,1.4207391438720987
86.2m-g041-ai-r8,paloma_falcon_refinedweb,1.2219403929544679
86.2m-g041-ai-r8,paloma_gab,2.1158665313316343
86.2m-g041-ai-r8,paloma_m2d2_s2orc,1.3591362348301543
86.2m-g041-ai-r8,paloma_m2d2_wikipedia,1.255291140940854
86.2m-g041-ai-r8,paloma_manosphere,1.5302928411347656
86.2m-g041-ai-r8,paloma_mc4_en,1.2252395039294894
86.2m-g041-ai-r8,paloma_programming,2.166452763293239
86.2m-g041-ai-r8,paloma_ptb,1.4766951819037306
86.2m-g041-ai-r8,paloma_reddit_100,1.356610617810626
86.2m-g041-ai-r8,paloma_redpajama,1.6089434091794002
86.2m-g041-ai-r8,paloma_twitteraae,2.70892321208626
86.2m-g041-ai-r8,paloma_wikitext_103,1.277737736958334
86.2m-g041-human-r2,c4,1.0218052151469736
86.2m-g041-human-r2,cosmopedia,0.7387843205974269
86.2m-g041-human-r2,fw22,1.006939183293734
86.2m-g041-human-r2,fw26,0.8944111980524574
86.2m-g041-human-r2,fw26_ai,0.7317647949727554
86.2m-g041-human-r2,fw26_human,0.9386582388451598
86.2m-g041-human-r2,paloma,1.4171565188439883
86.2m-g041-human-r2,paloma_4chan,1.5014018417227637
86.2m-g041-human-r2,paloma_c4,1.0435457004015056
86.2m-g041-human-r2,paloma_c4_100_domains,1.02731539192371
86.2m-g041-human-r2,paloma_dolma,1.309997663413865
86.2m-g041-human-r2,paloma_falcon_refinedweb,1.1444896361627843
86.2m-g041-human-r2,paloma_gab,1.9351666928856035
86.2m-g041-human-r2,paloma_m2d2_s2orc,1.229909750747453
86.2m-g041-human-r2,paloma_m2d2_wikipedia,1.1407755472163212
86.2m-g041-human-r2,paloma_manosphere,1.4324664779882244
86.2m-g041-human-r2,paloma_mc4_en,1.1405254582052822
86.2m-g041-human-r2,paloma_programming,2.035046361689026
86.2m-g041-human-r2,paloma_ptb,1.3160183962016019
86.2m-g041-human-r2,paloma_reddit_100,1.2765536509566606
86.2m-g041-human-r2,paloma_redpajama,1.478516398812442
86.2m-g041-human-r2,paloma_twitteraae,2.5144748083927784
86.2m-g041-human-r2,paloma_wikitext_103,1.148300524783792
86.2m-g042-control,c4,1.0535866917191594
86.2m-g042-control,cosmopedia,0.7694748342449438
86.2m-g042-control,fw22,1.0402182117209702
86.2m-g042-control,fw26,0.928623116413757
86.2m-g042-control,fw26_ai,0.7666112500579944
86.2m-g042-control,fw26_human,0.9727064696056698
86.2m-g042-control,paloma,1.4485976586892773
86.2m-g042-control,paloma_4chan,1.4505134950017293
86.2m-g042-control,paloma_c4,1.0784098916045173
86.2m-g042-control,paloma_c4_100_domains,1.0645690425843293
86.2m-g042-control,paloma_dolma,1.3489185074264443
86.2m-g042-control,paloma_falcon_refinedweb,1.1801459838858803
86.2m-g042-control,paloma_gab,1.9821504822482248
86.2m-g042-control,paloma_m2d2_s2orc,1.2712471687228206
86.2m-g042-control,paloma_m2d2_wikipedia,1.1798764070027528
86.2m-g042-control,paloma_manosphere,1.454969647075839
86.2m-g042-control,paloma_mc4_en,1.1780188017464588
86.2m-g042-control,paloma_programming,2.0541107365897266
86.2m-g042-control,paloma_ptb,1.3648522292029868
86.2m-g042-control,paloma_reddit_100,1.3068233081789122
86.2m-g042-control,paloma_redpajama,1.5199942194603477
86.2m-g042-control,paloma_twitteraae,2.5451505788321582
86.2m-g042-control,paloma_wikitext_103,1.1978120394653102
86.2m-g042-ai-r1,c4,1.055953063092799
86.2m-g042-ai-r1,cosmopedia,0.6556863106955667
86.2m-g042-ai-r1,fw22,1.0411912292738217
86.2m-g042-ai-r1,fw26,0.901227217192301
86.2m-g042-ai-r1,fw26_ai,0.6397321306678112
86.2m-g042-ai-r1,fw26_human,0.9721368297510908
86.2m-g042-ai-r1,paloma,1.4601766754505765
86.2m-g042-ai-r1,paloma_4chan,1.4479464614246509
86.2m-g042-ai-r1,paloma_c4,1.0785689080913348
86.2m-g042-ai-r1,paloma_c4_100_domains,1.0697740113079266
86.2m-g042-ai-r1,paloma_dolma,1.3530635385946008
86.2m-g042-ai-r1,paloma_falcon_refinedweb,1.18141253307092
86.2m-g042-ai-r1,paloma_gab,2.0228335546998193
86.2m-g042-ai-r1,paloma_m2d2_s2orc,1.2734064631545312
86.2m-g042-ai-r1,paloma_m2d2_wikipedia,1.1721861896311858
86.2m-g042-ai-r1,paloma_manosphere,1.467411894988817
86.2m-g042-ai-r1,paloma_mc4_en,1.1805680397578968
86.2m-g042-ai-r1,paloma_programming,2.1124583532052927
86.2m-g042-ai-r1,paloma_ptb,1.361811331931351
86.2m-g042-ai-r1,paloma_reddit_100,1.3127894960718203
86.2m-g042-ai-r1,paloma_redpajama,1.5330723437229083
86.2m-g042-ai-r1,paloma_twitteraae,2.605921438587142
86.2m-g042-ai-r1,paloma_wikitext_103,1.1896022489690252
86.2m-g043-control,c4,1.0537531645251381
86.2m-g043-control,cosmopedia,0.7650303615756882
86.2m-g043-control,fw22,1.0405067841216207
86.2m-g043-control,fw26,0.92891043056235
86.2m-g043-control,fw26_ai,0.7669823716605353
86.2m-g043-control,fw26_human,0.972998036590824
86.2m-g043-control,paloma,1.4440968991474987
86.2m-g043-control,paloma_4chan,1.4425561451463804
86.2m-g043-control,paloma_c4,1.07404563085752
86.2m-g043-control,paloma_c4_100_domains,1.0616220398680312
86.2m-g043-control,paloma_dolma,1.3421871534399277
86.2m-g043-control,paloma_falcon_refinedweb,1.1736921857518212
86.2m-g043-control,paloma_gab,1.9815768242214875
86.2m-g043-control,paloma_m2d2_s2orc,1.25247491010721
86.2m-g043-control,paloma_m2d2_wikipedia,1.159250196398267
86.2m-g043-control,paloma_manosphere,1.4507250391110622
86.2m-g043-control,paloma_mc4_en,1.1764551433522323
86.2m-g043-control,paloma_programming,2.0820569317511546
86.2m-g043-control,paloma_ptb,1.3437067441570394
86.2m-g043-control,paloma_reddit_100,1.3018209492694566
86.2m-g043-control,paloma_redpajama,1.523745011303878
86.2m-g043-control,paloma_twitteraae,2.558795499941764
86.2m-g043-control,paloma_wikitext_103,1.180839981682745
86.2m-g043-ai-r1,c4,1.0554550292355689
86.2m-g043-ai-r1,cosmopedia,0.6590561867859774
86.2m-g043-ai-r1,fw22,1.0407050578166719
86.2m-g043-ai-r1,fw26,0.9009155766068728
86.2m-g043-ai-r1,fw26_ai,0.6393529274781463
86.2m-g043-ai-r1,fw26_human,0.9717844035402696
86.2m-g043-ai-r1,paloma,1.459107260395168
86.2m-g043-ai-r1,paloma_4chan,1.473268805747289
86.2m-g043-ai-r1,paloma_c4,1.0767219993290003
86.2m-g043-ai-r1,paloma_c4_100_domains,1.0678608578360425
86.2m-g043-ai-r1,paloma_dolma,1.353238527250082
86.2m-g043-ai-r1,paloma_falcon_refinedweb,1.17870355518986
86.2m-g043-ai-r1,paloma_gab,2.021425945832655
86.2m-g043-ai-r1,paloma_m2d2_s2orc,1.260490554711308
86.2m-g043-ai-r1,paloma_m2d2_wikipedia,1.1729715738726139
86.2m-g043-ai-r1,paloma_manosphere,1.4730435137583944
86.2m-g043-ai-r1,paloma_mc4_en,1.1759381694203703
86.2m-g043-ai-r1,paloma_programming,2.1135662389204093
86.2m-g043-ai-r1,paloma_ptb,1.349675865365005
86.2m-g043-ai-r1,paloma_reddit_100,1.316147101917512
86.2m-g043-ai-r1,paloma_redpajama,1.5317587464754612
86.2m-g043-ai-r1,paloma_twitteraae,2.590851148256423
86.2m-g043-ai-r1,paloma_wikitext_103,1.190053562440265
86.2m-g044-control,c4,1.0456061858464902
86.2m-g044-control,cosmopedia,0.7627614321555629
86.2m-g044-control,fw22,1.0319371651418685
86.2m-g044-control,fw26,0.9197341393382409
86.2m-g044-control,fw26_ai,0.7570706042970446
86.2m-g044-control,fw26_human,0.9640132867534864
86.2m-g044-control,paloma,1.4343284651033892
86.2m-g044-control,paloma_4chan,1.4530976138996428
86.2m-g044-control,paloma_c4,1.067063808070862
86.2m-g044-control,paloma_c4_100_domains,1.0533796795044734
86.2m-g044-control,paloma_dolma,1.3315694932007298
86.2m-g044-control,paloma_falcon_refinedweb,1.166151843364981
86.2m-g044-control,paloma_gab,1.974654114523044
86.2m-g044-control,paloma_m2d2_s2orc,1.2512923649260568
86.2m-g044-control,paloma_m2d2_wikipedia,1.1582555951871274
86.2m-g044-control,paloma_manosphere,1.447141882501634
86.2m-g044-control,paloma_mc4_en,1.1669972039523406
86.2m-g044-control,paloma_programming,2.046169329626062
86.2m-g044-control,paloma_ptb,1.3261680322364977
86.2m-g044-control,paloma_reddit_100,1.2995856258107827
86.2m-g044-control,paloma_redpajama,1.5033663650394398
86.2m-g044-control,paloma_twitteraae,2.532065779453763
86.2m-g044-control,paloma_wikitext_103,1.172296710356789
86.2m-g044-ai-r0.025,c4,1.0452554589506704
86.2m-g044-ai-r0.025,cosmopedia,0.7363774183084598
86.2m-g044-ai-r0.025,fw22,1.03134326320463
86.2m-g044-ai-r0.025,fw26,0.9137380021414677
86.2m-g044-ai-r0.025,fw26_ai,0.7312269624569565
86.2m-g044-ai-r0.025,fw26_human,0.9633373204415335
86.2m-g044-ai-r0.025,paloma,1.4364414375320074
86.2m-g044-ai-r0.025,paloma_4chan,1.4578879681566639
86.2m-g044-ai-r0.025,paloma_c4,1.0675200198414747
86.2m-g044-ai-r0.025,paloma_c4_100_domains,1.0538365951604867
86.2m-g044-ai-r0.025,paloma_dolma,1.335119735298969
86.2m-g044-ai-r0.025,paloma_falcon_refinedweb,1.168152052928542
86.2m-g044-ai-r0.025,paloma_gab,1.971467286563643
86.2m-g044-ai-r0.025,paloma_m2d2_s2orc,1.2579762804373038
86.2m-g044-ai-r0.025,paloma_m2d2_wikipedia,1.1658495277681242
86.2m-g044-ai-r0.025,paloma_manosphere,1.4490415139532016
86.2m-g044-ai-r0.025,paloma_mc4_en,1.1669025649973372
86.2m-g044-ai-r0.025,paloma_programming,2.0369565479965828
86.2m-g044-ai-r0.025,paloma_ptb,1.3352525789187468
86.2m-g044-ai-r0.025,paloma_reddit_100,1.2954743674400746
86.2m-g044-ai-r0.025,paloma_redpajama,1.5073444105989269
86.2m-g044-ai-r0.025,paloma_twitteraae,2.5364648604036395
86.2m-g044-ai-r0.025,paloma_wikitext_103,1.177816690048399
86.2m-g044-ai-r0.05,c4,1.0449762838109031
86.2m-g044-ai-r0.05,cosmopedia,0.7227536960305951
86.2m-g044-ai-r0.05,fw22,1.0310339346757862
86.2m-g044-ai-r0.05,fw26,0.9105784130080002
86.2m-g044-ai-r0.05,fw26_ai,0.7185114629001195
86.2m-g044-ai-r0.05,fw26_human,0.9627349860334531
86.2m-g044-ai-r0.05,paloma,1.4377451275282735
86.2m-g044-ai-r0.05,paloma_4chan,1.46261395550506
86.2m-g044-ai-r0.05,paloma_c4,1.0670332918476575
86.2m-g044-ai-r0.05,paloma_c4_100_domains,1.053506680863756
86.2m-g044-ai-r0.05,paloma_dolma,1.3335612252120523
86.2m-g044-ai-r0.05,paloma_falcon_refinedweb,1.1687590664444245
86.2m-g044-ai-r0.05,paloma_gab,1.9797401385330364
86.2m-g044-ai-r0.05,paloma_m2d2_s2orc,1.2547208467383135
86.2m-g044-ai-r0.05,paloma_m2d2_wikipedia,1.1661889839009394
86.2m-g044-ai-r0.05,paloma_manosphere,1.4548188592973579
86.2m-g044-ai-r0.05,paloma_mc4_en,1.1675278757028922
86.2m-g044-ai-r0.05,paloma_programming,2.0481697515171957
86.2m-g044-ai-r0.05,paloma_ptb,1.3269467511641804
86.2m-g044-ai-r0.05,paloma_reddit_100,1.2969039645998814
86.2m-g044-ai-r0.05,paloma_redpajama,1.5078448515467109
86.2m-g044-ai-r0.05,paloma_twitteraae,2.5454263020283046
86.2m-g044-ai-r0.05,paloma_wikitext_103,1.1701594955506154
86.2m-g044-ai-r0.1,c4,1.0448586650111273
86.2m-g044-ai-r0.1,cosmopedia,0.7127245519969517
86.2m-g044-ai-r0.1,fw22,1.03094184557118
86.2m-g044-ai-r0.1,fw26,0.9071223472509592
86.2m-g044-ai-r0.1,fw26_ai,0.7033771289558554
86.2m-g044-ai-r0.1,fw26_human,0.9624207514812949
86.2m-g044-ai-r0.1,paloma,1.4379602327856449
86.2m-g044-ai-r0.1,paloma_4chan,1.4481471986002559
86.2m-g044-ai-r0.1,paloma_c4,1.0678156250705313
86.2m-g044-ai-r0.1,paloma_c4_100_domains,1.0544613260755502
86.2m-g044-ai-r0.1,paloma_dolma,1.3341465107252601
86.2m-g044-ai-r0.1,paloma_falcon_refinedweb,1.16828966932768
86.2m-g044-ai-r0.1,paloma_gab,1.9823497382034252
86.2m-g044-ai-r0.1,paloma_m2d2_s2orc,1.261151256162196
86.2m-g044-ai-r0.1,paloma_m2d2_wikipedia,1.1648303724945799
86.2m-g044-ai-r0.1,paloma_manosphere,1.4569658079268417
86.2m-g044-ai-r0.1,paloma_mc4_en,1.168466994272724
86.2m-g044-ai-r0.1,paloma_programming,2.0372362964703017
86.2m-g044-ai-r0.1,paloma_ptb,1.3368118775122906
86.2m-g044-ai-r0.1,paloma_reddit_100,1.2982581502895498
86.2m-g044-ai-r0.1,paloma_redpajama,1.508550269701498
86.2m-g044-ai-r0.1,paloma_twitteraae,2.5499789328066793
86.2m-g044-ai-r0.1,paloma_wikitext_103,1.1699036989309572
86.2m-g044-ai-r0.25,c4,1.0456226539339142
86.2m-g044-ai-r0.25,cosmopedia,0.6945257220072734
86.2m-g044-ai-r0.25,fw22,1.0312101921635601
86.2m-g044-ai-r0.25,fw26,0.9014669768733579
86.2m-g044-ai-r0.25,fw26_ai,0.6768801752833872
86.2m-g044-ai-r0.25,fw26_human,0.962387403902448
86.2m-g044-ai-r0.25,paloma,1.4434366922342448
86.2m-g044-ai-r0.25,paloma_4chan,1.479172547695581
86.2m-g044-ai-r0.25,paloma_c4,1.067499746294556
86.2m-g044-ai-r0.25,paloma_c4_100_domains,1.0558011424746232
86.2m-g044-ai-r0.25,paloma_dolma,1.3363175201597743
86.2m-g044-ai-r0.25,paloma_falcon_refinedweb,1.1685882943036774
86.2m-g044-ai-r0.25,paloma_gab,1.98368845759777
86.2m-g044-ai-r0.25,paloma_m2d2_s2orc,1.2559401644129435
86.2m-g044-ai-r0.25,paloma_m2d2_wikipedia,1.164929531859192
86.2m-g044-ai-r0.25,paloma_manosphere,1.4548505872322488
86.2m-g044-ai-r0.25,paloma_mc4_en,1.166715723736858
86.2m-g044-ai-r0.25,paloma_programming,2.0716069265271635
86.2m-g044-ai-r0.25,paloma_ptb,1.3349215930670038
86.2m-g044-ai-r0.25,paloma_reddit_100,1.2992526869224355
86.2m-g044-ai-r0.25,paloma_redpajama,1.518069596559119
86.2m-g044-ai-r0.25,paloma_twitteraae,2.5639621671926056
86.2m-g044-ai-r0.25,paloma_wikitext_103,1.1736703897123621
86.2m-g044-ai-r0.5,c4,1.0474258289872969
86.2m-g044-ai-r0.5,cosmopedia,0.6732495363023528
86.2m-g044-ai-r0.5,fw22,1.0326725695316907
86.2m-g044-ai-r0.5,fw26,0.8979393578576561
86.2m-g044-ai-r0.5,fw26_ai,0.6557122991609727
86.2m-g044-ai-r0.5,fw26_human,0.9636300521751315
86.2m-g044-ai-r0.5,paloma,1.4413860876958533
86.2m-g044-ai-r0.5,paloma_4chan,1.4553941483249249
86.2m-g044-ai-r0.5,paloma_c4,1.067022633936123
86.2m-g044-ai-r0.5,paloma_c4_100_domains,1.0568106857075774
86.2m-g044-ai-r0.5,paloma_dolma,1.3345721200831135
86.2m-g044-ai-r0.5,paloma_falcon_refinedweb,1.1661700191294357
86.2m-g044-ai-r0.5,paloma_gab,2.0015251027034644
86.2m-g044-ai-r0.5,paloma_m2d2_s2orc,1.2423644449283995
86.2m-g044-ai-r0.5,paloma_m2d2_wikipedia,1.1457599184391203
86.2m-g044-ai-r0.5,paloma_manosphere,1.4577494735589922
86.2m-g044-ai-r0.5,paloma_mc4_en,1.1665458538122138
86.2m-g044-ai-r0.5,paloma_programming,2.077264260051313
86.2m-g044-ai-r0.5,paloma_ptb,1.337829560330891
86.2m-g044-ai-r0.5,paloma_reddit_100,1.3027755726697512
86.2m-g044-ai-r0.5,paloma_redpajama,1.517248630009803
86.2m-g044-ai-r0.5,paloma_twitteraae,2.5674355076402122
86.2m-g044-ai-r0.5,paloma_wikitext_103,1.165709471808321
86.2m-g044-ai-r1,c4,1.0505319182334578
86.2m-g044-ai-r1,cosmopedia,0.6534404588539307
86.2m-g044-ai-r1,fw22,1.0357556878161391
86.2m-g044-ai-r1,fw26,0.8958810337321887
86.2m-g044-ai-r1,fw26_ai,0.6344719630615834
86.2m-g044-ai-r1,fw26_human,0.9667623814073937
86.2m-g044-ai-r1,paloma,1.4664167820070981
86.2m-g044-ai-r1,paloma_4chan,1.515169829404188
86.2m-g044-ai-r1,paloma_c4,1.072886873541996
86.2m-g044-ai-r1,paloma_c4_100_domains,1.0634922719840851
86.2m-g044-ai-r1,paloma_dolma,1.3622187723227475
86.2m-g044-ai-r1,paloma_falcon_refinedweb,1.1769942278248493
86.2m-g044-ai-r1,paloma_gab,2.0180538108423716
86.2m-g044-ai-r1,paloma_m2d2_s2orc,1.2681862537810105
86.2m-g044-ai-r1,paloma_m2d2_wikipedia,1.1717618473534814
86.2m-g044-ai-r1,paloma_manosphere,1.4788211635762831
86.2m-g044-ai-r1,paloma_mc4_en,1.1792632240676164
86.2m-g044-ai-r1,paloma_programming,2.1365302836610023
86.2m-g044-ai-r1,paloma_ptb,1.3716034524989595
86.2m-g044-ai-r1,paloma_reddit_100,1.3136847369113684
86.2m-g044-ai-r1,paloma_redpajama,1.5428803125692625
86.2m-g044-ai-r1,paloma_twitteraae,2.596868908772251
86.2m-g044-ai-r1,paloma_wikitext_103,1.1942525430020945
86.2m-g044-ai-r2,c4,1.0581577023762863
86.2m-g044-ai-r2,cosmopedia,0.6466942779026191
86.2m-g044-ai-r2,fw22,1.0428364902235512
86.2m-g044-ai-r2,fw26,0.8976132567622331
86.2m-g044-ai-r2,fw26_ai,0.6170144047333749
86.2m-g044-ai-r2,fw26_human,0.9736360908633472
86.2m-g044-ai-r2,paloma,1.4742126177164203
86.2m-g044-ai-r2,paloma_4chan,1.4861094569294258
86.2m-g044-ai-r2,paloma_c4,1.0826795824072746
86.2m-g044-ai-r2,paloma_c4_100_domains,1.074366411317056
86.2m-g044-ai-r2,paloma_dolma,1.3645372038348123
86.2m-g044-ai-r2,paloma_falcon_refinedweb,1.1874259851098927
86.2m-g044-ai-r2,paloma_gab,2.0431632812186074
86.2m-g044-ai-r2,paloma_m2d2_s2orc,1.291010414906371
86.2m-g044-ai-r2,paloma_m2d2_wikipedia,1.190752278398044
86.2m-g044-ai-r2,paloma_manosphere,1.4935614915459823
86.2m-g044-ai-r2,paloma_mc4_en,1.1891327378024021
86.2m-g044-ai-r2,paloma_programming,2.0963948649330906
86.2m-g044-ai-r2,paloma_ptb,1.3822899255948404
86.2m-g044-ai-r2,paloma_reddit_100,1.3197525359970765
86.2m-g044-ai-r2,paloma_redpajama,1.5464842484584824
86.2m-g044-ai-r2,paloma_twitteraae,2.6347760061943766
86.2m-g044-ai-r2,paloma_wikitext_103,1.2049654588149898
86.2m-g044-ai-r4,c4,1.067720159547982
86.2m-g044-ai-r4,cosmopedia,0.631010220390839
86.2m-g044-ai-r4,fw22,1.0522073272849586
86.2m-g044-ai-r4,fw26,0.9021948994579538
86.2m-g044-ai-r4,fw26_ai,0.604068858240566
86.2m-g044-ai-r4,fw26_human,0.9829402671152999
86.2m-g044-ai-r4,paloma,1.4932393132491295
86.2m-g044-ai-r4,paloma_4chan,1.5265132068386889
86.2m-g044-ai-r4,paloma_c4,1.0925987574728735
86.2m-g044-ai-r4,paloma_c4_100_domains,1.0863681127807685
86.2m-g044-ai-r4,paloma_dolma,1.3828717308233518
86.2m-g044-ai-r4,paloma_falcon_refinedweb,1.1997566962353665
86.2m-g044-ai-r4,paloma_gab,2.0778447631707664
86.2m-g044-ai-r4,paloma_m2d2_s2orc,1.3062929018360698
86.2m-g044-ai-r4,paloma_m2d2_wikipedia,1.2036534037162114
86.2m-g044-ai-r4,paloma_manosphere,1.497606600968623
86.2m-g044-ai-r4,paloma_mc4_en,1.2046574736601101
86.2m-g044-ai-r4,paloma_programming,2.109466679236448
86.2m-g044-ai-r4,paloma_ptb,1.4105966165820798
86.2m-g044-ai-r4,paloma_reddit_100,1.3351809584552645
86.2m-g044-ai-r4,paloma_redpajama,1.5674202951214464
86.2m-g044-ai-r4,paloma_twitteraae,2.6694414030376876
86.2m-g044-ai-r4,paloma_wikitext_103,1.2215594120503166
86.2m-g044-ai-r8,c4,1.078835113355948
86.2m-g044-ai-r8,cosmopedia,0.6265132986196267
86.2m-g044-ai-r8,fw22,1.0632782132959477
86.2m-g044-ai-r8,fw26,0.9088300094246866
86.2m-g044-ai-r8,fw26_ai,0.5942734335130414
86.2m-g044-ai-r8,fw26_human,0.9940693427199778
86.2m-g044-ai-r8,paloma,1.521549958244598
86.2m-g044-ai-r8,paloma_4chan,1.5561904492945788
86.2m-g044-ai-r8,paloma_c4,1.107888155119968
86.2m-g044-ai-r8,paloma_c4_100_domains,1.1018097956242145
86.2m-g044-ai-r8,paloma_dolma,1.4079481145673143
86.2m-g044-ai-r8,paloma_falcon_refinedweb,1.2181257959125205
86.2m-g044-ai-r8,paloma_gab,2.1115930918084493
86.2m-g044-ai-r8,paloma_m2d2_s2orc,1.3386093388563236
86.2m-g044-ai-r8,paloma_m2d2_wikipedia,1.2445326132718775
86.2m-g044-ai-r8,paloma_manosphere,1.536785755030494
86.2m-g044-ai-r8,paloma_mc4_en,1.220007433560679
86.2m-g044-ai-r8,paloma_programming,2.146745387708212
86.2m-g044-ai-r8,paloma_ptb,1.4363578741272007
86.2m-g044-ai-r8,paloma_reddit_100,1.350398414313207
86.2m-g044-ai-r8,paloma_redpajama,1.6012226132532241
86.2m-g044-ai-r8,paloma_twitteraae,2.710225278289756
86.2m-g044-ai-r8,paloma_wikitext_103,1.2563592211755474
86.2m-g044-human-r0.025,c4,1.0449283440811379
86.2m-g044-human-r0.025,cosmopedia,0.7596340478244058
86.2m-g044-human-r0.025,fw22,1.0311353488995414
86.2m-g044-human-r0.025,fw26,0.9190074259868118
86.2m-g044-human-r0.025,fw26_ai,0.756372851715327
86.2m-g044-human-r0.025,fw26_human,0.963287461645478
86.2m-g044-human-r0.025,paloma,1.4364730891923332
86.2m-g044-human-r0.025,paloma_4chan,1.4821262902114225
86.2m-g044-human-r0.025,paloma_c4,1.0665511389645164
86.2m-g044-human-r0.025,paloma_c4_100_domains,1.052469042877072
86.2m-g044-human-r0.025,paloma_dolma,1.3285218775375978
86.2m-g044-human-r0.025,paloma_falcon_refinedweb,1.167454648275118
86.2m-g044-human-r0.025,paloma_gab,1.973055070593004
86.2m-g044-human-r0.025,paloma_m2d2_s2orc,1.2526605822983128
86.2m-g044-human-r0.025,paloma_m2d2_wikipedia,1.1601520932031826
86.2m-g044-human-r0.025,paloma_manosphere,1.4501601290437396
86.2m-g044-human-r0.025,paloma_mc4_en,1.1666846602223238
86.2m-g044-human-r0.025,paloma_programming,2.0420585686467767
86.2m-g044-human-r0.025,paloma_ptb,1.3316223915045955
86.2m-g044-human-r0.025,paloma_reddit_100,1.2965378314511573
86.2m-g044-human-r0.025,paloma_redpajama,1.498669735650021
86.2m-g044-human-r0.025,paloma_twitteraae,2.538059894701844
86.2m-g044-human-r0.025,paloma_wikitext_103,1.1767854718966468
86.2m-g044-human-r0.05,c4,1.0442507657062763
86.2m-g044-human-r0.05,cosmopedia,0.7605489764942969
86.2m-g044-human-r0.05,fw22,1.0306223326070416
86.2m-g044-human-r0.05,fw26,0.9184688922938966
86.2m-g044-human-r0.05,fw26_ai,0.755767810957459
86.2m-g044-human-r0.05,fw26_human,0.9627266128802866
86.2m-g044-human-r0.05,paloma,1.4398890463470835
86.2m-g044-human-r0.05,paloma_4chan,1.4910836074572629
86.2m-g044-human-r0.05,paloma_c4,1.0669980378011226
86.2m-g044-human-r0.05,paloma_c4_100_domains,1.0527393748207416
86.2m-g044-human-r0.05,paloma_dolma,1.3346693959641769
86.2m-g044-human-r0.05,paloma_falcon_refinedweb,1.1684477188184499
86.2m-g044-human-r0.05,paloma_gab,1.9696467748706796
86.2m-g044-human-r0.05,paloma_m2d2_s2orc,1.2561681177358368
86.2m-g044-human-r0.05,paloma_m2d2_wikipedia,1.1684978692061574
86.2m-g044-human-r0.05,paloma_manosphere,1.4616861730006658
86.2m-g044-human-r0.05,paloma_mc4_en,1.1697370125848576
86.2m-g044-human-r0.05,paloma_programming,2.0539461275532784
86.2m-g044-human-r0.05,paloma_ptb,1.3315567300012983
86.2m-g044-human-r0.05,paloma_reddit_100,1.296432760613449
86.2m-g044-human-r0.05,paloma_redpajama,1.5041448505685318
86.2m-g044-human-r0.05,paloma_twitteraae,2.540477019826515
86.2m-g044-human-r0.05,paloma_wikitext_103,1.1719931707303122
86.2m-g044-human-r2,c4,1.0171884978669787
86.2m-g044-human-r2,cosmopedia,0.7273958293831498
86.2m-g044-human-r2,fw22,1.0018355764097895
86.2m-g044-human-r2,fw26,0.8894062049912731
86.2m-g044-human-r2,fw26_ai,0.7263475281755019
86.2m-g044-human-r2,fw26_human,0.9337233263129624
86.2m-g044-human-r2,paloma,1.4021483586661363
86.2m-g044-human-r2,paloma_4chan,1.4399939894469036
86.2m-g044-human-r2,paloma_c4,1.0372057205593554
86.2m-g044-human-r2,paloma_c4_100_domains,1.020781951290504
86.2m-g044-human-r2,paloma_dolma,1.2979506477468161
86.2m-g044-human-r2,paloma_falcon_refinedweb,1.1357188834899126
86.2m-g044-human-r2,paloma_gab,1.9176487515229252
86.2m-g044-human-r2,paloma_m2d2_s2orc,1.214979969515952
86.2m-g044-human-r2,paloma_m2d2_wikipedia,1.1217299299645809
86.2m-g044-human-r2,paloma_manosphere,1.4132358633508084
86.2m-g044-human-r2,paloma_mc4_en,1.1331778744801133
86.2m-g044-human-r2,paloma_programming,2.0231696550826017
86.2m-g044-human-r2,paloma_ptb,1.289888303698608
86.2m-g044-human-r2,paloma_reddit_100,1.266948621752903
86.2m-g044-human-r2,paloma_redpajama,1.475605364499099
86.2m-g044-human-r2,paloma_twitteraae,2.5132235895670387
86.2m-g044-human-r2,paloma_wikitext_103,1.1331146226900544
86.2m-g045-control,c4,1.0311973618052601
86.2m-g045-control,cosmopedia,0.7448765447435566
86.2m-g045-control,fw22,1.0169922591126364
86.2m-g045-control,fw26,0.904353144307157
86.2m-g045-control,fw26_ai,0.7415110414172409
86.2m-g045-control,fw26_human,0.9486394605800927
86.2m-g045-control,paloma,1.4230423761748368
86.2m-g045-control,paloma_4chan,1.478548860374485
86.2m-g045-control,paloma_c4,1.0517075525851276
86.2m-g045-control,paloma_c4_100_domains,1.0364761660617594
86.2m-g045-control,paloma_dolma,1.316713499940801
86.2m-g045-control,paloma_falcon_refinedweb,1.1512751086192614
86.2m-g045-control,paloma_gab,1.9541621533971318
86.2m-g045-control,paloma_m2d2_s2orc,1.227670605715617
86.2m-g045-control,paloma_m2d2_wikipedia,1.138041168612553
86.2m-g045-control,paloma_manosphere,1.441404557260454
86.2m-g045-control,paloma_mc4_en,1.150332047184955
86.2m-g045-control,paloma_programming,2.061643519413526
86.2m-g045-control,paloma_ptb,1.3020153687501483
86.2m-g045-control,paloma_reddit_100,1.2849203517145573
86.2m-g045-control,paloma_redpajama,1.4907915330217196
86.2m-g045-control,paloma_twitteraae,2.535865809901214
86.2m-g045-control,paloma_wikitext_103,1.1471097162440784
86.2m-g045-ai-r0.05,c4,1.0310701692384845
86.2m-g045-ai-r0.05,cosmopedia,0.7077321637215164
86.2m-g045-ai-r0.05,fw22,1.0165909870541256
86.2m-g045-ai-r0.05,fw26,0.895848971259049
86.2m-g045-ai-r0.05,fw26_ai,0.7035964370166141
86.2m-g045-ai-r0.05,fw26_human,0.948028515939549
86.2m-g045-ai-r0.05,paloma,1.4226923313715485
86.2m-g045-ai-r0.05,paloma_4chan,1.4793937012383804
86.2m-g045-ai-r0.05,paloma_c4,1.0506269798634065
86.2m-g045-ai-r0.05,paloma_c4_100_domains,1.0366945524710744
86.2m-g045-ai-r0.05,paloma_dolma,1.3137329492797314
86.2m-g045-ai-r0.05,paloma_falcon_refinedweb,1.1506384501622753
86.2m-g045-ai-r0.05,paloma_gab,1.9506457563603878
86.2m-g045-ai-r0.05,paloma_m2d2_s2orc,1.2273068855798859
86.2m-g045-ai-r0.05,paloma_m2d2_wikipedia,1.133704027997276
86.2m-g045-ai-r0.05,paloma_manosphere,1.4319964614185647
86.2m-g045-ai-r0.05,paloma_mc4_en,1.1493527932616339
86.2m-g045-ai-r0.05,paloma_programming,2.0576166601513135
86.2m-g045-ai-r0.05,paloma_ptb,1.314135399647514
86.2m-g045-ai-r0.05,paloma_reddit_100,1.2834439976503702
86.2m-g045-ai-r0.05,paloma_redpajama,1.4863590150114716
86.2m-g045-ai-r0.05,paloma_twitteraae,2.545130575873232
86.2m-g045-ai-r0.05,paloma_wikitext_103,1.1522990959782557
86.2m-g045-ai-r0.1,c4,1.030597320238456
86.2m-g045-ai-r0.1,cosmopedia,0.6982428241165453
86.2m-g045-ai-r0.1,fw22,1.0158742749889926
86.2m-g045-ai-r0.1,fw26,0.8917950507214448
86.2m-g045-ai-r0.1,fw26_ai,0.6869947174681176
86.2m-g045-ai-r0.1,fw26_human,0.9473540226040029
86.2m-g045-ai-r0.1,paloma,1.4322021870473076
86.2m-g045-ai-r0.1,paloma_4chan,1.502531181971509
86.2m-g045-ai-r0.1,paloma_c4,1.0545452789614604
86.2m-g045-ai-r0.1,paloma_c4_100_domains,1.0393655041823968
86.2m-g045-ai-r0.1,paloma_dolma,1.3253505137855304
86.2m-g045-ai-r0.1,paloma_falcon_refinedweb,1.157198345642441
86.2m-g045-ai-r0.1,paloma_gab,1.9541391804591233
86.2m-g045-ai-r0.1,paloma_m2d2_s2orc,1.2577915904384906
86.2m-g045-ai-r0.1,paloma_m2d2_wikipedia,1.1616438600406267
86.2m-g045-ai-r0.1,paloma_manosphere,1.4365332642062958
86.2m-g045-ai-r0.1,paloma_mc4_en,1.1549619722514068
86.2m-g045-ai-r0.1,paloma_programming,2.0301119083443733
86.2m-g045-ai-r0.1,paloma_ptb,1.3621538064316958
86.2m-g045-ai-r0.1,paloma_reddit_100,1.2841257202806438
86.2m-g045-ai-r0.1,paloma_redpajama,1.4917098303344447
86.2m-g045-ai-r0.1,paloma_twitteraae,2.5372606717760653
86.2m-g045-ai-r0.1,paloma_wikitext_103,1.1658123636504192
86.2m-g045-ai-r0.25,c4,1.0329700028113271
86.2m-g045-ai-r0.25,cosmopedia,0.6713431742202823
86.2m-g045-ai-r0.25,fw22,1.018137613523352
86.2m-g045-ai-r0.25,fw26,0.888131720233352
86.2m-g045-ai-r0.25,fw26_ai,0.6633617827137787
86.2m-g045-ai-r0.25,fw26_human,0.9490688017330638
86.2m-g045-ai-r0.25,paloma,1.4306596539763246
86.2m-g045-ai-r0.25,paloma_4chan,1.517359407049347
86.2m-g045-ai-r0.25,paloma_c4,1.052953232970581
86.2m-g045-ai-r0.25,paloma_c4_100_domains,1.0401862037666667
86.2m-g045-ai-r0.25,paloma_dolma,1.3214394706268078
86.2m-g045-ai-r0.25,paloma_falcon_refinedweb,1.1525705755511415
86.2m-g045-ai-r0.25,paloma_gab,1.9613562832238314
86.2m-g045-ai-r0.25,paloma_m2d2_s2orc,1.2359188042019076
86.2m-g045-ai-r0.25,paloma_m2d2_wikipedia,1.140683561873177
86.2m-g045-ai-r0.25,paloma_manosphere,1.4499708375088287
86.2m-g045-ai-r0.25,paloma_mc4_en,1.1507994850312424
86.2m-g045-ai-r0.25,paloma_programming,2.071770472764589
86.2m-g045-ai-r0.25,paloma_ptb,1.3100663035672693
86.2m-g045-ai-r0.25,paloma_reddit_100,1.2889685779567792
86.2m-g045-ai-r0.25,paloma_redpajama,1.5034794596825647
86.2m-g045-ai-r0.25,paloma_twitteraae,2.5441710079176305
86.2m-g045-ai-r0.25,paloma_wikitext_103,1.1488607799288306
86.2m-g045-ai-r0.5,c4,1.034630037574967
86.2m-g045-ai-r0.5,cosmopedia,0.6581287006635109
86.2m-g045-ai-r0.5,fw22,1.0195138610940877
86.2m-g045-ai-r0.5,fw26,0.884781489649984
86.2m-g045-ai-r0.5,fw26_ai,0.642243702813582
86.2m-g045-ai-r0.5,fw26_human,0.9505337418233591
86.2m-g045-ai-r0.5,paloma,1.4571812158528161
86.2m-g045-ai-r0.5,paloma_4chan,1.5098536834019114
86.2m-g045-ai-r0.5,paloma_c4,1.0621547437091632
86.2m-g045-ai-r0.5,paloma_c4_100_domains,1.048259338405547
86.2m-g045-ai-r0.5,paloma_dolma,1.3522778777268973
86.2m-g045-ai-r0.5,paloma_falcon_refinedweb,1.1688060594178835
86.2m-g045-ai-r0.5,paloma_gab,1.9775940891086448
86.2m-g045-ai-r0.5,paloma_m2d2_s2orc,1.2964532367895654
86.2m-g045-ai-r0.5,paloma_m2d2_wikipedia,1.1931523594383338
86.2m-g045-ai-r0.5,paloma_manosphere,1.4704162622619779
86.2m-g045-ai-r0.5,paloma_mc4_en,1.1702370792622214
86.2m-g045-ai-r0.5,paloma_programming,2.084625268309787
86.2m-g045-ai-r0.5,paloma_ptb,1.3782647119233045
86.2m-g045-ai-r0.5,paloma_reddit_100,1.2936754727388282
86.2m-g045-ai-r0.5,paloma_redpajama,1.526374180842627
86.2m-g045-ai-r0.5,paloma_twitteraae,2.567703076909347
86.2m-g045-ai-r0.5,paloma_wikitext_103,1.215052013399019
86.2m-g045-ai-r1,c4,1.0410066033464263
86.2m-g045-ai-r1,cosmopedia,0.6476472836265361
86.2m-g045-ai-r1,fw22,1.0257876590123185
86.2m-g045-ai-r1,fw26,0.8860387822920218
86.2m-g045-ai-r1,fw26_ai,0.6252520900767524
86.2m-g045-ai-r1,fw26_human,0.9567123653803441
86.2m-g045-ai-r1,paloma,1.4707578275961897
86.2m-g045-ai-r1,paloma_4chan,1.5896666309803689
86.2m-g045-ai-r1,paloma_c4,1.0672285758062987
86.2m-g045-ai-r1,paloma_c4_100_domains,1.0551360178080773
86.2m-g045-ai-r1,paloma_dolma,1.3576556044552417
86.2m-g045-ai-r1,paloma_falcon_refinedweb,1.173605929664081
86.2m-g045-ai-r1,paloma_gab,2.0026279646527545
86.2m-g045-ai-r1,paloma_m2d2_s2orc,1.2843864221435481
86.2m-g045-ai-r1,paloma_m2d2_wikipedia,1.1942231751001424
86.2m-g045-ai-r1,paloma_manosphere,1.4887436869784263
86.2m-g045-ai-r1,paloma_mc4_en,1.1783139555336386
86.2m-g045-ai-r1,paloma_programming,2.1346581682646293
86.2m-g045-ai-r1,paloma_ptb,1.3741557086477325
86.2m-g045-ai-r1,paloma_reddit_100,1.3005507777895369
86.2m-g045-ai-r1,paloma_redpajama,1.5430734528526688
86.2m-g045-ai-r1,paloma_twitteraae,2.591640326757134
86.2m-g045-ai-r1,paloma_wikitext_103,1.196458844104756
86.2m-g046-control,c4,1.0265623727685589
86.2m-g046-control,cosmopedia,0.7368149385218895
86.2m-g046-control,fw22,1.0118056606940589
86.2m-g046-control,fw26,0.8993107539888902
86.2m-g046-control,fw26_ai,0.7361525142524932
86.2m-g046-control,fw26_human,0.9437339421491107
86.2m-g046-control,paloma,1.4264182143287547
86.2m-g046-control,paloma_4chan,1.475451476695051
86.2m-g046-control,paloma_c4,1.049614565750888
86.2m-g046-control,paloma_c4_100_domains,1.0330162881001546
86.2m-g046-control,paloma_dolma,1.3208555394339272
86.2m-g046-control,paloma_falcon_refinedweb,1.1510232900640736
86.2m-g046-control,paloma_gab,1.944476102787045
86.2m-g046-control,paloma_m2d2_s2orc,1.2441393671511953
86.2m-g046-control,paloma_m2d2_wikipedia,1.1534105069660594
86.2m-g046-control,paloma_manosphere,1.4459970822482324
86.2m-g046-control,paloma_mc4_en,1.1517206429879554
86.2m-g046-control,paloma_programming,2.0647633311922684
86.2m-g046-control,paloma_ptb,1.3212671157079776
86.2m-g046-control,paloma_reddit_100,1.2814591260519097
86.2m-g046-control,paloma_redpajama,1.4973966637712584
86.2m-g046-control,paloma_twitteraae,2.5168527243900254
86.2m-g046-control,paloma_wikitext_103,1.1712476059620536
86.2m-g046-ai-r0.05,c4,1.0262925911071132
86.2m-g046-ai-r0.05,cosmopedia,0.7070401633763925
86.2m-g046-ai-r0.05,fw22,1.011295855059194
86.2m-g046-ai-r0.05,fw26,0.8907169812503559
86.2m-g046-ai-r0.05,fw26_ai,0.6988203387239635
86.2m-g046-ai-r0.05,fw26_human,0.9428318909995703
86.2m-g046-ai-r0.05,paloma,1.4198833707197873
86.2m-g046-ai-r0.05,paloma_4chan,1.4692821829727865
86.2m-g046-ai-r0.05,paloma_c4,1.047482928534287
86.2m-g046-ai-r0.05,paloma_c4_100_domains,1.032484048455334
86.2m-g046-ai-r0.05,paloma_dolma,1.312874312776908
86.2m-g046-ai-r0.05,paloma_falcon_refinedweb,1.147383960078753
86.2m-g046-ai-r0.05,paloma_gab,1.952862793394581
86.2m-g046-ai-r0.05,paloma_m2d2_s2orc,1.2327028814893863
86.2m-g046-ai-r0.05,paloma_m2d2_wikipedia,1.1396240611466293
86.2m-g046-ai-r0.05,paloma_manosphere,1.4530492912935726
86.2m-g046-ai-r0.05,paloma_mc4_en,1.1459787461810178
86.2m-g046-ai-r0.05,paloma_programming,2.03740952047164
86.2m-g046-ai-r0.05,paloma_ptb,1.3062296446978163
86.2m-g046-ai-r0.05,paloma_reddit_100,1.285365908121783
86.2m-g046-ai-r0.05,paloma_redpajama,1.4858693891741572
86.2m-g046-ai-r0.05,paloma_twitteraae,2.5257973028217844
86.2m-g046-ai-r0.05,paloma_wikitext_103,1.1437369599061598
86.2m-g046-ai-r0.1,c4,1.0263172961335103
86.2m-g046-ai-r0.1,cosmopedia,0.694606602809876
86.2m-g046-ai-r0.1,fw22,1.011356080526427
86.2m-g046-ai-r0.1,fw26,0.8868856189939854
86.2m-g046-ai-r0.1,fw26_ai,0.6821533490380365
86.2m-g046-ai-r0.1,fw26_human,0.9424201867551172
86.2m-g046-ai-r0.1,paloma,1.422896189166074
86.2m-g046-ai-r0.1,paloma_4chan,1.5413284121330353
86.2m-g046-ai-r0.1,paloma_c4,1.0463750338916011
86.2m-g046-ai-r0.1,paloma_c4_100_domains,1.0317017716487968
86.2m-g046-ai-r0.1,paloma_dolma,1.3095503993029378
86.2m-g046-ai-r0.1,paloma_falcon_refinedweb,1.145110698738041
86.2m-g046-ai-r0.1,paloma_gab,1.9476322122641205
86.2m-g046-ai-r0.1,paloma_m2d2_s2orc,1.2211999744604674
86.2m-g046-ai-r0.1,paloma_m2d2_wikipedia,1.1275851576301297
86.2m-g046-ai-r0.1,paloma_manosphere,1.436060398913473
86.2m-g046-ai-r0.1,paloma_mc4_en,1.143284525530967
86.2m-g046-ai-r0.1,paloma_programming,2.0679276073275172
86.2m-g046-ai-r0.1,paloma_ptb,1.297303740041782
86.2m-g046-ai-r0.1,paloma_reddit_100,1.2799345269670817
86.2m-g046-ai-r0.1,paloma_redpajama,1.4888243721961232
86.2m-g046-ai-r0.1,paloma_twitteraae,2.5372554793548385
86.2m-g046-ai-r0.1,paloma_wikitext_103,1.1452647162562726
86.2m-g046-ai-r0.25,c4,1.0281357533128577
86.2m-g046-ai-r0.25,cosmopedia,0.6753999542075192
86.2m-g046-ai-r0.25,fw22,1.0129373637245742
86.2m-g046-ai-r0.25,fw26,0.88297093569835
86.2m-g046-ai-r0.25,fw26_ai,0.6580944571873828
86.2m-g046-ai-r0.25,fw26_human,0.9439486613604361
86.2m-g046-ai-r0.25,paloma,1.4215829974249754
86.2m-g046-ai-r0.25,paloma_4chan,1.4614087343271267
86.2m-g046-ai-r0.25,paloma_c4,1.0476532782134218
86.2m-g046-ai-r0.25,paloma_c4_100_domains,1.0346394180838014
86.2m-g046-ai-r0.25,paloma_dolma,1.3110488271040501
86.2m-g046-ai-r0.25,paloma_falcon_refinedweb,1.1464845612715107
86.2m-g046-ai-r0.25,paloma_gab,1.9594316203711752
86.2m-g046-ai-r0.25,paloma_m2d2_s2orc,1.226985705853992
86.2m-g046-ai-r0.25,paloma_m2d2_wikipedia,1.1306694358725415
86.2m-g046-ai-r0.25,paloma_manosphere,1.4542265881435181
86.2m-g046-ai-r0.25,paloma_mc4_en,1.1443268798269022
86.2m-g046-ai-r0.25,paloma_programming,2.0541251508876406
86.2m-g046-ai-r0.25,paloma_ptb,1.3135494503758187
86.2m-g046-ai-r0.25,paloma_reddit_100,1.2874358432277655
86.2m-g046-ai-r0.25,paloma_redpajama,1.49006465720284
86.2m-g046-ai-r0.25,paloma_twitteraae,2.540422827167108
86.2m-g046-ai-r0.25,paloma_wikitext_103,1.1428549808703952
86.2m-g046-ai-r0.5,c4,1.0308933810092173
86.2m-g046-ai-r0.5,cosmopedia,0.6621930154958926
86.2m-g046-ai-r0.5,fw22,1.0155432345940063
86.2m-g046-ai-r0.5,fw26,0.8807017914796952
86.2m-g046-ai-r0.5,fw26_ai,0.6383645280267922
86.2m-g046-ai-r0.5,fw26_human,0.9463683705278664
86.2m-g046-ai-r0.5,paloma,1.4413072393440236
86.2m-g046-ai-r0.5,paloma_4chan,1.49401954370029
86.2m-g046-ai-r0.5,paloma_c4,1.0556124068714923
86.2m-g046-ai-r0.5,paloma_c4_100_domains,1.0416545717222898
86.2m-g046-ai-r0.5,paloma_dolma,1.3308189619909376
86.2m-g046-ai-r0.5,paloma_falcon_refinedweb,1.1577140884551291
86.2m-g046-ai-r0.5,paloma_gab,1.972421717509047
86.2m-g046-ai-r0.5,paloma_m2d2_s2orc,1.2623935664386041
86.2m-g046-ai-r0.5,paloma_m2d2_wikipedia,1.1662250750278274
86.2m-g046-ai-r0.5,paloma_manosphere,1.4533180045563632
86.2m-g046-ai-r0.5,paloma_mc4_en,1.1602574869537357
86.2m-g046-ai-r0.5,paloma_programming,2.070750141414225
86.2m-g046-ai-r0.5,paloma_ptb,1.358345312371944
86.2m-g046-ai-r0.5,paloma_reddit_100,1.2935446389648184
86.2m-g046-ai-r0.5,paloma_redpajama,1.5057407605287998
86.2m-g046-ai-r0.5,paloma_twitteraae,2.5615789624034795
86.2m-g046-ai-r0.5,paloma_wikitext_103,1.1765205905953957
86.2m-g046-ai-r1,c4,1.0367957584486116
86.2m-g046-ai-r1,cosmopedia,0.6456345966295131
86.2m-g046-ai-r1,fw22,1.021216947330503
86.2m-g046-ai-r1,fw26,0.8811113673796367
86.2m-g046-ai-r1,fw26_ai,0.6202315307559629
86.2m-g046-ai-r1,fw26_human,0.9517812406439194
86.2m-g046-ai-r1,paloma,1.459682146510155
86.2m-g046-ai-r1,paloma_4chan,1.5376012377493635
86.2m-g046-ai-r1,paloma_c4,1.0610503125658681
86.2m-g046-ai-r1,paloma_c4_100_domains,1.049183241038893
86.2m-g046-ai-r1,paloma_dolma,1.3472688354433888
86.2m-g046-ai-r1,paloma_falcon_refinedweb,1.1660391159778327
86.2m-g046-ai-r1,paloma_gab,2.0024322175075118
86.2m-g046-ai-r1,paloma_m2d2_s2orc,1.27122594233945
86.2m-g046-ai-r1,paloma_m2d2_wikipedia,1.1748087014886506
86.2m-g046-ai-r1,paloma_manosphere,1.4952958363067514
86.2m-g046-ai-r1,paloma_mc4_en,1.163199460599444
86.2m-g046-ai-r1,paloma_programming,2.1317175526223386
86.2m-g046-ai-r1,paloma_ptb,1.3643476590335961
86.2m-g046-ai-r1,paloma_reddit_100,1.3023915540516935
86.2m-g046-ai-r1,paloma_redpajama,1.5279190521508241
86.2m-g046-ai-r1,paloma_twitteraae,2.5879182418261326
86.2m-g046-ai-r1,paloma_wikitext_103,1.1725153834607416
86.2m-g047-control,c4,1.0220703629824948
86.2m-g047-control,cosmopedia,0.7445593067974265
86.2m-g047-control,fw22,1.0074063670362694
86.2m-g047-control,fw26,0.8944894612786525
86.2m-g047-control,fw26_ai,0.7316861426367496
86.2m-g047-control,fw26_human,0.9387866492514585
86.2m-g047-control,paloma,1.4218025983317273
86.2m-g047-control,paloma_4chan,1.4673239568997707
86.2m-g047-control,paloma_c4,1.0456100037402516
86.2m-g047-control,paloma_c4_100_domains,1.0287653666259258
86.2m-g047-control,paloma_dolma,1.3161489988730384
86.2m-g047-control,paloma_falcon_refinedweb,1.1470455809337583
86.2m-g047-control,paloma_gab,1.93712877273427
86.2m-g047-control,paloma_m2d2_s2orc,1.2430015526351557
86.2m-g047-control,paloma_m2d2_wikipedia,1.155413213597804
86.2m-g047-control,paloma_manosphere,1.4528302690002954
86.2m-g047-control,paloma_mc4_en,1.146054094402185
86.2m-g047-control,paloma_programming,2.035856911062944
86.2m-g047-control,paloma_ptb,1.324358224717429
86.2m-g047-control,paloma_reddit_100,1.2791840498434344
86.2m-g047-control,paloma_redpajama,1.4900744510292845
86.2m-g047-control,paloma_twitteraae,2.5191176665311428
86.2m-g047-control,paloma_wikitext_103,1.160928460680948
86.2m-g047-ai-r0.05,c4,1.0220332169418165
86.2m-g047-ai-r0.05,cosmopedia,0.7009801920858979
86.2m-g047-ai-r0.05,fw22,1.0070838181986463
86.2m-g047-ai-r0.05,fw26,0.8857319565899039
86.2m-g047-ai-r0.05,fw26_ai,0.6931083064600319
86.2m-g047-ai-r0.05,fw26_human,0.9380065829875934
86.2m-g047-ai-r0.05,paloma,1.4154554284958616
86.2m-g047-ai-r0.05,paloma_4chan,1.5024776302451741
86.2m-g047-ai-r0.05,paloma_c4,1.0415523597895668
86.2m-g047-ai-r0.05,paloma_c4_100_domains,1.0266917878045885
86.2m-g047-ai-r0.05,paloma_dolma,1.310100619755571
86.2m-g047-ai-r0.05,paloma_falcon_refinedweb,1.141967545442111
86.2m-g047-ai-r0.05,paloma_gab,1.9387230456153028
86.2m-g047-ai-r0.05,paloma_m2d2_s2orc,1.2182841048329272
86.2m-g047-ai-r0.05,paloma_m2d2_wikipedia,1.1271603823571712
86.2m-g047-ai-r0.05,paloma_manosphere,1.4243988803818275
86.2m-g047-ai-r0.05,paloma_mc4_en,1.1383640813167097
86.2m-g047-ai-r0.05,paloma_programming,2.054295354256447
86.2m-g047-ai-r0.05,paloma_ptb,1.2955799070844585
86.2m-g047-ai-r0.05,paloma_reddit_100,1.2791980189151344
86.2m-g047-ai-r0.05,paloma_redpajama,1.4893501624357337
86.2m-g047-ai-r0.05,paloma_twitteraae,2.5186167330034612
86.2m-g047-ai-r0.05,paloma_wikitext_103,1.1405262426976048
86.2m-g047-ai-r0.1,c4,1.0221444013763974
86.2m-g047-ai-r0.1,cosmopedia,0.6908791891311867
86.2m-g047-ai-r0.1,fw22,1.0069732464161074
86.2m-g047-ai-r0.1,fw26,0.8827531071976445
86.2m-g047-ai-r0.1,fw26_ai,0.677776698799562
86.2m-g047-ai-r0.1,fw26_human,0.9383529881803478
86.2m-g047-ai-r0.1,paloma,1.445375708631225
86.2m-g047-ai-r0.1,paloma_4chan,1.5776509052380925
86.2m-g047-ai-r0.1,paloma_c4,1.050599905734115
86.2m-g047-ai-r0.1,paloma_c4_100_domains,1.0331675362503825
86.2m-g047-ai-r0.1,paloma_dolma,1.336161056211737
86.2m-g047-ai-r0.1,paloma_falcon_refinedweb,1.158955321683384
86.2m-g047-ai-r0.1,paloma_gab,1.948663070358491
86.2m-g047-ai-r0.1,paloma_m2d2_s2orc,1.2736869748631559
86.2m-g047-ai-r0.1,paloma_m2d2_wikipedia,1.192308915076961
86.2m-g047-ai-r0.1,paloma_manosphere,1.4544432777073035
86.2m-g047-ai-r0.1,paloma_mc4_en,1.1565198563976231
86.2m-g047-ai-r0.1,paloma_programming,2.056669314711722
86.2m-g047-ai-r0.1,paloma_ptb,1.3836418646534976
86.2m-g047-ai-r0.1,paloma_reddit_100,1.2804760564639661
86.2m-g047-ai-r0.1,paloma_redpajama,1.5104420596516164
86.2m-g047-ai-r0.1,paloma_twitteraae,2.5225377657053007
86.2m-g047-ai-r0.1,paloma_wikitext_103,1.1900874573922553
86.2m-g047-ai-r0.25,c4,1.024157497711636
86.2m-g047-ai-r0.25,cosmopedia,0.6641850763872607
86.2m-g047-ai-r0.25,fw22,1.0089965238671048
86.2m-g047-ai-r0.25,fw26,0.8788286430779506
86.2m-g047-ai-r0.25,fw26_ai,0.654039917346396
86.2m-g047-ai-r0.25,fw26_human,0.9397403117926943
86.2m-g047-ai-r0.25,paloma,1.4197078192918884
86.2m-g047-ai-r0.25,paloma_4chan,1.4867294986479622
86.2m-g047-ai-r0.25,paloma_c4,1.0448473492091679
86.2m-g047-ai-r0.25,paloma_c4_100_domains,1.0309013253223256
86.2m-g047-ai-r0.25,paloma_dolma,1.3110541477498252
86.2m-g047-ai-r0.25,paloma_falcon_refinedweb,1.1460080644824744
86.2m-g047-ai-r0.25,paloma_gab,1.9524028496240677
86.2m-g047-ai-r0.25,paloma_m2d2_s2orc,1.2294444824387052
86.2m-g047-ai-r0.25,paloma_m2d2_wikipedia,1.1358682488121774
86.2m-g047-ai-r0.25,paloma_manosphere,1.4339410505987864
86.2m-g047-ai-r0.25,paloma_mc4_en,1.1414344536974934
86.2m-g047-ai-r0.25,paloma_programming,2.0453957740280373
86.2m-g047-ai-r0.25,paloma_ptb,1.3200288931257267
86.2m-g047-ai-r0.25,paloma_reddit_100,1.2790459731498511
86.2m-g047-ai-r0.25,paloma_redpajama,1.4839392063417964
86.2m-g047-ai-r0.25,paloma_twitteraae,2.5343625468153244
86.2m-g047-ai-r0.25,paloma_wikitext_103,1.1399212446264924
86.2m-g047-ai-r0.5,c4,1.0273337000039393
86.2m-g047-ai-r0.5,cosmopedia,0.6618606700599814
86.2m-g047-ai-r0.5,fw22,1.0119459465672986
86.2m-g047-ai-r0.5,fw26,0.8771047713386417
86.2m-g047-ai-r0.5,fw26_ai,0.6351020615274424
86.2m-g047-ai-r0.5,fw26_human,0.9426546208638013
86.2m-g047-ai-r0.5,paloma,1.457884619326
86.2m-g047-ai-r0.5,paloma_4chan,1.6552649711676315
86.2m-g047-ai-r0.5,paloma_c4,1.0531887286705728
86.2m-g047-ai-r0.5,paloma_c4_100_domains,1.038945677775053
86.2m-g047-ai-r0.5,paloma_dolma,1.3419529090248792
86.2m-g047-ai-r0.5,paloma_falcon_refinedweb,1.1612083463543506
86.2m-g047-ai-r0.5,paloma_gab,1.9730894013939937
86.2m-g047-ai-r0.5,paloma_m2d2_s2orc,1.2668640851508526
86.2m-g047-ai-r0.5,paloma_m2d2_wikipedia,1.1758015774147066
86.2m-g047-ai-r0.5,paloma_manosphere,1.4813805331556957
86.2m-g047-ai-r0.5,paloma_mc4_en,1.1566316485409036
86.2m-g047-ai-r0.5,paloma_programming,2.1082312028431174
86.2m-g047-ai-r0.5,paloma_ptb,1.3723700343389782
86.2m-g047-ai-r0.5,paloma_reddit_100,1.2911713068414834
86.2m-g047-ai-r0.5,paloma_redpajama,1.5342964850276704
86.2m-g047-ai-r0.5,paloma_twitteraae,2.5464376328814673
86.2m-g047-ai-r0.5,paloma_wikitext_103,1.1693193686346441
86.2m-g047-ai-r1,c4,1.034238404711831
86.2m-g047-ai-r1,cosmopedia,0.6404399365723467
86.2m-g047-ai-r1,fw22,1.018537356495368
86.2m-g047-ai-r1,fw26,0.8780342180848091
86.2m-g047-ai-r1,fw26_ai,0.6170333179613999
86.2m-g047-ai-r1,fw26_human,0.9487669159523725
86.2m-g047-ai-r1,paloma,1.4477361849364305
86.2m-g047-ai-r1,paloma_4chan,1.4759023740532322
86.2m-g047-ai-r1,paloma_c4,1.0607709812391628
86.2m-g047-ai-r1,paloma_c4_100_domains,1.0479991003365257
86.2m-g047-ai-r1,paloma_dolma,1.3426600047312764
86.2m-g047-ai-r1,paloma_falcon_refinedweb,1.165131636913383
86.2m-g047-ai-r1,paloma_gab,1.9845146399300495
86.2m-g047-ai-r1,paloma_m2d2_s2orc,1.2808549818673118
86.2m-g047-ai-r1,paloma_m2d2_wikipedia,1.190624446464247
86.2m-g047-ai-r1,paloma_manosphere,1.4626453833076019
86.2m-g047-ai-r1,paloma_mc4_en,1.1634626462860862
86.2m-g047-ai-r1,paloma_programming,2.035497937106307
86.2m-g047-ai-r1,paloma_ptb,1.371741541826203
86.2m-g047-ai-r1,paloma_reddit_100,1.2949828790173954
86.2m-g047-ai-r1,paloma_redpajama,1.5234824721639468
86.2m-g047-ai-r1,paloma_twitteraae,2.5741055378321365
86.2m-g047-ai-r1,paloma_wikitext_103,1.1894023959080229
86.2m-g047-ai-r2.07,c4,1.0444584962928947
86.2m-g047-ai-r2.07,cosmopedia,0.640840219891378
86.2m-g047-ai-r2.07,fw22,1.028641476195788
86.2m-g047-ai-r2.07,fw26,0.8832109104573469
86.2m-g047-ai-r2.07,fw26_ai,0.6033085746029091
86.2m-g047-ai-r2.07,fw26_human,0.9590244855747332
86.2m-g047-ai-r2.07,paloma,1.4697365848313497
86.2m-g047-ai-r2.07,paloma_4chan,1.5109680975753588
86.2m-g047-ai-r2.07,paloma_c4,1.0696880272917044
86.2m-g047-ai-r2.07,paloma_c4_100_domains,1.058809397124043
86.2m-g047-ai-r2.07,paloma_dolma,1.362135098080003
86.2m-g047-ai-r2.07,paloma_falcon_refinedweb,1.1731632618911834
86.2m-g047-ai-r2.07,paloma_gab,2.026643600588747
86.2m-g047-ai-r2.07,paloma_m2d2_s2orc,1.2838945384814915
86.2m-g047-ai-r2.07,paloma_m2d2_wikipedia,1.1783460704121125
86.2m-g047-ai-r2.07,paloma_manosphere,1.4778345481404762
86.2m-g047-ai-r2.07,paloma_mc4_en,1.1768693746378978
86.2m-g047-ai-r2.07,paloma_programming,2.1390648764797704
86.2m-g047-ai-r2.07,paloma_ptb,1.3669322948459743
86.2m-g047-ai-r2.07,paloma_reddit_100,1.318563943210292
86.2m-g047-ai-r2.07,paloma_redpajama,1.5447531692301923
86.2m-g047-ai-r2.07,paloma_twitteraae,2.6223002911073885
86.2m-g047-ai-r2.07,paloma_wikitext_103,1.205818768204962
86.2m-g047-ai-r4.2,c4,1.0567218706687052
86.2m-g047-ai-r4.2,cosmopedia,0.6244660319005977
86.2m-g047-ai-r4.2,fw22,1.0405371664122842
86.2m-g047-ai-r4.2,fw26,0.8904550559694663
86.2m-g047-ai-r4.2,fw26_ai,0.5926110275010846
86.2m-g047-ai-r4.2,fw26_human,0.9711272224663555
86.2m-g047-ai-r4.2,paloma,1.4957532825880064
86.2m-g047-ai-r4.2,paloma_4chan,1.6077146530963806
86.2m-g047-ai-r4.2,paloma_c4,1.082171728835451
86.2m-g047-ai-r4.2,paloma_c4_100_domains,1.0740311279006902
86.2m-g047-ai-r4.2,paloma_dolma,1.3773615303179465
86.2m-g047-ai-r4.2,paloma_falcon_refinedweb,1.1904482494806783
86.2m-g047-ai-r4.2,paloma_gab,2.063842051850939
86.2m-g047-ai-r4.2,paloma_m2d2_s2orc,1.3031619475235925
86.2m-g047-ai-r4.2,paloma_m2d2_wikipedia,1.2030399724410663
86.2m-g047-ai-r4.2,paloma_manosphere,1.5342610914189598
86.2m-g047-ai-r4.2,paloma_mc4_en,1.1868144198318353
86.2m-g047-ai-r4.2,paloma_programming,2.1299392020246857
86.2m-g047-ai-r4.2,paloma_ptb,1.4080886939300588
86.2m-g047-ai-r4.2,paloma_reddit_100,1.327749104897221
86.2m-g047-ai-r4.2,paloma_redpajama,1.5634325412169792
86.2m-g047-ai-r4.2,paloma_twitteraae,2.666699319950614
86.2m-g047-ai-r4.2,paloma_wikitext_103,1.2132968866910068
86.2m-g048-control,c4,1.0212322664925453
86.2m-g048-control,cosmopedia,0.7306439969347509
86.2m-g048-control,fw22,1.0063167730094642
86.2m-g048-control,fw26,0.8941390173060838
86.2m-g048-control,fw26_ai,0.7314044511471677
86.2m-g048-control,fw26_human,0.9383917443016805
86.2m-g048-control,paloma,1.4229131697880326
86.2m-g048-control,paloma_4chan,1.4042027059453253
86.2m-g048-control,paloma_c4,1.0421553804874415
86.2m-g048-control,paloma_c4_100_domains,1.0257436213328779
86.2m-g048-control,paloma_dolma,1.3258892246202791
86.2m-g048-control,paloma_falcon_refinedweb,1.140450952640016
86.2m-g048-control,paloma_gab,1.930236380178723
86.2m-g048-control,paloma_m2d2_s2orc,1.2273137181516809
86.2m-g048-control,paloma_m2d2_wikipedia,1.1296436951631907
86.2m-g048-control,paloma_manosphere,1.435704708567382
86.2m-g048-control,paloma_mc4_en,1.1400128092440651
86.2m-g048-control,paloma_programming,2.2447151698084875
86.2m-g048-control,paloma_ptb,1.3073585771050862
86.2m-g048-control,paloma_reddit_100,1.273723103535802
86.2m-g048-control,paloma_redpajama,1.4859198724777696
86.2m-g048-control,paloma_twitteraae,2.5202448237529396
86.2m-g048-control,paloma_wikitext_103,1.1332959735974573
86.2m-g048-ai-r0.25,c4,1.0235212093565347
86.2m-g048-ai-r0.25,cosmopedia,0.6682556678032263
86.2m-g048-ai-r0.25,fw22,1.0080551647019553
86.2m-g048-ai-r0.25,fw26,0.8781762215540256
86.2m-g048-ai-r0.25,fw26_ai,0.6540291405669232
86.2m-g048-ai-r0.25,fw26_human,0.9389187133656585
86.2m-g048-ai-r0.25,paloma,1.4218079788833697
86.2m-g048-ai-r0.25,paloma_4chan,1.4344504247275847
86.2m-g048-ai-r0.25,paloma_c4,1.0453791208431904
86.2m-g048-ai-r0.25,paloma_c4_100_domains,1.030738279836549
86.2m-g048-ai-r0.25,paloma_dolma,1.3192950839453637
86.2m-g048-ai-r0.25,paloma_falcon_refinedweb,1.146369558343228
86.2m-g048-ai-r0.25,paloma_gab,1.9532102460988563
86.2m-g048-ai-r0.25,paloma_m2d2_s2orc,1.2363608929652141
86.2m-g048-ai-r0.25,paloma_m2d2_wikipedia,1.139439126457587
86.2m-g048-ai-r0.25,paloma_manosphere,1.4424890189072288
86.2m-g048-ai-r0.25,paloma_mc4_en,1.1454590212546927
86.2m-g048-ai-r0.25,paloma_programming,2.0915646819759615
86.2m-g048-ai-r0.25,paloma_ptb,1.31637789927558
86.2m-g048-ai-r0.25,paloma_reddit_100,1.278194023547016
86.2m-g048-ai-r0.25,paloma_redpajama,1.4960641145049014
86.2m-g048-ai-r0.25,paloma_twitteraae,2.5368049891592883
86.2m-g048-ai-r0.25,paloma_wikitext_103,1.1367311802916735
86.2m-g048-ai-r1,c4,1.0347654206000407
86.2m-g048-ai-r1,cosmopedia,0.637302221112733
86.2m-g048-ai-r1,fw22,1.0188110081714468
86.2m-g048-ai-r1,fw26,0.8785591028388057
86.2m-g048-ai-r1,fw26_ai,0.6178219629625102
86.2m-g048-ai-r1,fw26_human,0.9492259450057711
86.2m-g048-ai-r1,paloma,1.432561736649785
86.2m-g048-ai-r1,paloma_4chan,1.4295101271261161
86.2m-g048-ai-r1,paloma_c4,1.0550232303215596
86.2m-g048-ai-r1,paloma_c4_100_domains,1.0439029518338574
86.2m-g048-ai-r1,paloma_dolma,1.328592574972935
86.2m-g048-ai-r1,paloma_falcon_refinedweb,1.1538108722449776
86.2m-g048-ai-r1,paloma_gab,1.9910593434754615
86.2m-g048-ai-r1,paloma_m2d2_s2orc,1.241038041174994
86.2m-g048-ai-r1,paloma_m2d2_wikipedia,1.1393398310679475
86.2m-g048-ai-r1,paloma_manosphere,1.4410608444367132
86.2m-g048-ai-r1,paloma_mc4_en,1.15434701812901
86.2m-g048-ai-r1,paloma_programming,2.0871451369232137
86.2m-g048-ai-r1,paloma_ptb,1.309082353676404
86.2m-g048-ai-r1,paloma_reddit_100,1.2921249864716555
86.2m-g048-ai-r1,paloma_redpajama,1.5112583073569066
86.2m-g048-ai-r1,paloma_twitteraae,2.586107266691751
86.2m-g048-ai-r1,paloma_wikitext_103,1.1575849004930583
86.2m-g049-control,c4,1.0189284433961028
86.2m-g049-control,cosmopedia,0.7323586854872789
86.2m-g049-control,fw22,1.0038784229329245
86.2m-g049-control,fw26,0.8910551323194718
86.2m-g049-control,fw26_ai,0.7280712413348072
86.2m-g049-control,fw26_human,0.9354321700013734
86.2m-g049-control,paloma,1.4149660995839148
86.2m-g049-control,paloma_4chan,1.4471286053758892
86.2m-g049-control,paloma_c4,1.0420070209814853
86.2m-g049-control,paloma_c4_100_domains,1.024884268133799
86.2m-g049-control,paloma_dolma,1.310516071979584
86.2m-g049-control,paloma_falcon_refinedweb,1.1420135985111677
86.2m-g049-control,paloma_gab,1.933178290195775
86.2m-g049-control,paloma_m2d2_s2orc,1.239738044325872
86.2m-g049-control,paloma_m2d2_wikipedia,1.1424014720709996
86.2m-g049-control,paloma_manosphere,1.4330492606692
86.2m-g049-control,paloma_mc4_en,1.1448864455057606
86.2m-g049-control,paloma_programming,2.0379111306316444
86.2m-g049-control,paloma_ptb,1.3220640614119084
86.2m-g049-control,paloma_reddit_100,1.2760134222190944
86.2m-g049-control,paloma_redpajama,1.4790133094110398
86.2m-g049-control,paloma_twitteraae,2.5119330177369132
86.2m-g049-control,paloma_wikitext_103,1.1527195741825034
86.2m-g049-ai-r0.05,c4,1.018915597514799
86.2m-g049-ai-r0.05,cosmopedia,0.6976965963016127
86.2m-g049-ai-r0.05,fw22,1.0034875102508969
86.2m-g049-ai-r0.05,fw26,0.8824713788862014
86.2m-g049-ai-r0.05,fw26_ai,0.6899944505925337
86.2m-g049-ai-r0.05,fw26_human,0.9346914225801096
86.2m-g049-ai-r0.05,paloma,1.4155309171646917
86.2m-g049-ai-r0.05,paloma_4chan,1.5508976140729673
86.2m-g049-ai-r0.05,paloma_c4,1.038872597464055
86.2m-g049-ai-r0.05,paloma_c4_100_domains,1.0231743296101694
86.2m-g049-ai-r0.05,paloma_dolma,1.2984629561369483
86.2m-g049-ai-r0.05,paloma_falcon_refinedweb,1.1382539427891096
86.2m-g049-ai-r0.05,paloma_gab,1.9320810851044716
86.2m-g049-ai-r0.05,paloma_m2d2_s2orc,1.2170120236289905
86.2m-g049-ai-r0.05,paloma_m2d2_wikipedia,1.1265727398374303
86.2m-g049-ai-r0.05,paloma_manosphere,1.4480180042988204
86.2m-g049-ai-r0.05,paloma_mc4_en,1.133602410737482
86.2m-g049-ai-r0.05,paloma_programming,2.034347232026927
86.2m-g049-ai-r0.05,paloma_ptb,1.3007064945031215
86.2m-g049-ai-r0.05,paloma_reddit_100,1.2733859800935157
86.2m-g049-ai-r0.05,paloma_redpajama,1.4781599953054612
86.2m-g049-ai-r0.05,paloma_twitteraae,2.5205272237839336
86.2m-g049-ai-r0.05,paloma_wikitext_103,1.1344200452416635
86.2m-g049-ai-r0.1,c4,1.0185450847190798
86.2m-g049-ai-r0.1,cosmopedia,0.6864560786687302
86.2m-g049-ai-r0.1,fw22,1.0029611630943245
86.2m-g049-ai-r0.1,fw26,0.8787589115990724
86.2m-g049-ai-r0.1,fw26_ai,0.6738916159356882
86.2m-g049-ai-r0.1,fw26_human,0.9343130776067669
86.2m-g049-ai-r0.1,paloma,1.4401482786932365
86.2m-g049-ai-r0.1,paloma_4chan,1.5081025309841662
86.2m-g049-ai-r0.1,paloma_c4,1.046798856071913
86.2m-g049-ai-r0.1,paloma_c4_100_domains,1.0289006334845945
86.2m-g049-ai-r0.1,paloma_dolma,1.331433126279941
86.2m-g049-ai-r0.1,paloma_falcon_refinedweb,1.1535323071750754
86.2m-g049-ai-r0.1,paloma_gab,1.9453280022350536
86.2m-g049-ai-r0.1,paloma_m2d2_s2orc,1.2789847072631524
86.2m-g049-ai-r0.1,paloma_m2d2_wikipedia,1.184659429238957
86.2m-g049-ai-r0.1,paloma_manosphere,1.449978138595406
86.2m-g049-ai-r0.1,paloma_mc4_en,1.1569110220391459
86.2m-g049-ai-r0.1,paloma_programming,2.068668322442135
86.2m-g049-ai-r0.1,paloma_ptb,1.3851155129048272
86.2m-g049-ai-r0.1,paloma_reddit_100,1.2785336782474082
86.2m-g049-ai-r0.1,paloma_redpajama,1.505969338198817
86.2m-g049-ai-r0.1,paloma_twitteraae,2.5289536916419673
86.2m-g049-ai-r0.1,paloma_wikitext_103,1.1905031622892253
86.2m-g049-ai-r0.25,c4,1.0210934662771223
86.2m-g049-ai-r0.25,cosmopedia,0.6643780391651567
86.2m-g049-ai-r0.25,fw22,1.0054978148862153
86.2m-g049-ai-r0.25,fw26,0.8753613099059806
86.2m-g049-ai-r0.25,fw26_ai,0.6502753351160103
86.2m-g049-ai-r0.25,fw26_human,0.9363723909176792
86.2m-g049-ai-r0.25,paloma,1.419365517687236
86.2m-g049-ai-r0.25,paloma_4chan,1.511043228218058
86.2m-g049-ai-r0.25,paloma_c4,1.0411816658502826
86.2m-g049-ai-r0.25,paloma_c4_100_domains,1.027254838040859
86.2m-g049-ai-r0.25,paloma_dolma,1.3062334598754601
86.2m-g049-ai-r0.25,paloma_falcon_refinedweb,1.1419667323132727
86.2m-g049-ai-r0.25,paloma_gab,1.9539750321643008
86.2m-g049-ai-r0.25,paloma_m2d2_s2orc,1.2201572730088681
86.2m-g049-ai-r0.25,paloma_m2d2_wikipedia,1.1289381363914595
86.2m-g049-ai-r0.25,paloma_manosphere,1.4381029028231838
86.2m-g049-ai-r0.25,paloma_mc4_en,1.138596429505424
86.2m-g049-ai-r0.25,paloma_programming,2.0564535398823063
86.2m-g049-ai-r0.25,paloma_ptb,1.3056826017698526
86.2m-g049-ai-r0.25,paloma_reddit_100,1.2787417397683525
86.2m-g049-ai-r0.25,paloma_redpajama,1.4812092968293105
86.2m-g049-ai-r0.25,paloma_twitteraae,2.541694764921422
86.2m-g049-ai-r0.25,paloma_wikitext_103,1.1386166416333647
86.2m-g049-ai-r0.5,c4,1.0243823918742934
86.2m-g049-ai-r0.5,cosmopedia,0.6555676727061466
86.2m-g049-ai-r0.5,fw22,1.0086462917641432
86.2m-g049-ai-r0.5,fw26,0.8736975659900105
86.2m-g049-ai-r0.5,fw26_ai,0.6312977566305495
86.2m-g049-ai-r0.5,fw26_human,0.9393638204162446
86.2m-g049-ai-r0.5,paloma,1.4384095465010063
86.2m-g049-ai-r0.5,paloma_4chan,1.4691321344754056
86.2m-g049-ai-r0.5,paloma_c4,1.0505706722109067
86.2m-g049-ai-r0.5,paloma_c4_100_domains,1.035914299548254
86.2m-g049-ai-r0.5,paloma_dolma,1.3308699311654477
86.2m-g049-ai-r0.5,paloma_falcon_refinedweb,1.157063635452749
86.2m-g049-ai-r0.5,paloma_gab,1.9639982867317534
86.2m-g049-ai-r0.5,paloma_m2d2_s2orc,1.2692879510007338
86.2m-g049-ai-r0.5,paloma_m2d2_wikipedia,1.171206539494483
86.2m-g049-ai-r0.5,paloma_manosphere,1.452137080104324
86.2m-g049-ai-r0.5,paloma_mc4_en,1.1561756750189345
86.2m-g049-ai-r0.5,paloma_programming,2.0832519066849
86.2m-g049-ai-r0.5,paloma_ptb,1.3574466181212552
86.2m-g049-ai-r0.5,paloma_reddit_100,1.2818153819286886
86.2m-g049-ai-r0.5,paloma_redpajama,1.5088672742862523
86.2m-g049-ai-r0.5,paloma_twitteraae,2.553728523520671
86.2m-g049-ai-r0.5,paloma_wikitext_103,1.1730868342713408
86.2m-g049-ai-r1,c4,1.031087581180958
86.2m-g049-ai-r1,cosmopedia,0.6402889415589252
86.2m-g049-ai-r1,fw22,1.01531247617325
86.2m-g049-ai-r1,fw26,0.8751363728085733
86.2m-g049-ai-r1,fw26_ai,0.6145259601708006
86.2m-g049-ai-r1,fw26_human,0.9457468891678987
86.2m-g049-ai-r1,paloma,1.4465309785819147
86.2m-g049-ai-r1,paloma_4chan,1.4949177984183266
86.2m-g049-ai-r1,paloma_c4,1.0553707696606902
86.2m-g049-ai-r1,paloma_c4_100_domains,1.0432299267943164
86.2m-g049-ai-r1,paloma_dolma,1.3387902315764162
86.2m-g049-ai-r1,paloma_falcon_refinedweb,1.1582816484526712
86.2m-g049-ai-r1,paloma_gab,1.983693860917132
86.2m-g049-ai-r1,paloma_m2d2_s2orc,1.2588053133677106
86.2m-g049-ai-r1,paloma_m2d2_wikipedia,1.161452638437117
86.2m-g049-ai-r1,paloma_manosphere,1.465651932379591
86.2m-g049-ai-r1,paloma_mc4_en,1.1571187470608515
86.2m-g049-ai-r1,paloma_programming,2.1060636097913403
86.2m-g049-ai-r1,paloma_ptb,1.3557991318152538
86.2m-g049-ai-r1,paloma_reddit_100,1.295105016493012
86.2m-g049-ai-r1,paloma_redpajama,1.5219694320778283
86.2m-g049-ai-r1,paloma_twitteraae,2.586386264995951
86.2m-g049-ai-r1,paloma_wikitext_103,1.1618593350724267
86.2m-g049-ai-r2,c4,1.0414096992516662
86.2m-g049-ai-r2,cosmopedia,0.6342464817619171
86.2m-g049-ai-r2,fw22,1.0253805540628058
86.2m-g049-ai-r2,fw26,0.8799544894443015
86.2m-g049-ai-r2,fw26_ai,0.6001801555199071
86.2m-g049-ai-r2,fw26_human,0.9556878773272042
86.2m-g049-ai-r2,paloma,1.467588270760606
86.2m-g049-ai-r2,paloma_4chan,1.5321886486807583
86.2m-g049-ai-r2,paloma_c4,1.0663991153215922
86.2m-g049-ai-r2,paloma_c4_100_domains,1.0561398621458156
86.2m-g049-ai-r2,paloma_dolma,1.355785720016567
86.2m-g049-ai-r2,paloma_falcon_refinedweb,1.1729986878719458
86.2m-g049-ai-r2,paloma_gab,2.01569883821123
86.2m-g049-ai-r2,paloma_m2d2_s2orc,1.2854010835575171
86.2m-g049-ai-r2,paloma_m2d2_wikipedia,1.189829795572811
86.2m-g049-ai-r2,paloma_manosphere,1.4984071335563032
86.2m-g049-ai-r2,paloma_mc4_en,1.1737547244781932
86.2m-g049-ai-r2,paloma_programming,2.1004392208026115
86.2m-g049-ai-r2,paloma_ptb,1.3761717056920757
86.2m-g049-ai-r2,paloma_reddit_100,1.306761753759002
86.2m-g049-ai-r2,paloma_redpajama,1.539114020339493
86.2m-g049-ai-r2,paloma_twitteraae,2.618686403050461
86.2m-g049-ai-r2,paloma_wikitext_103,1.1936356191133197
86.2m-g049-ai-r4,c4,1.0549054442409938
86.2m-g049-ai-r4,cosmopedia,0.626275272254951
86.2m-g049-ai-r4,fw22,1.0387955346959086
86.2m-g049-ai-r4,fw26,0.8882122040619123
86.2m-g049-ai-r4,fw26_ai,0.5903471053286559
86.2m-g049-ai-r4,fw26_human,0.9688848359254935
86.2m-g049-ai-r4,paloma,1.49260504276605
86.2m-g049-ai-r4,paloma_4chan,1.5282752784634075
86.2m-g049-ai-r4,paloma_c4,1.0823907493750655
86.2m-g049-ai-r4,paloma_c4_100_domains,1.0730653155159726
86.2m-g049-ai-r4,paloma_dolma,1.3848240970765044
86.2m-g049-ai-r4,paloma_falcon_refinedweb,1.1897440817521083
86.2m-g049-ai-r4,paloma_gab,2.0622966689580147
86.2m-g049-ai-r4,paloma_m2d2_s2orc,1.3172586139482054
86.2m-g049-ai-r4,paloma_m2d2_wikipedia,1.2133631649278163
86.2m-g049-ai-r4,paloma_manosphere,1.5085933765374624
86.2m-g049-ai-r4,paloma_mc4_en,1.1932913008200647
86.2m-g049-ai-r4,paloma_programming,2.1164806828613005
86.2m-g049-ai-r4,paloma_ptb,1.4251679162925333
86.2m-g049-ai-r4,paloma_reddit_100,1.3317086859296554
86.2m-g049-ai-r4,paloma_redpajama,1.5689195367256203
86.2m-g049-ai-r4,paloma_twitteraae,2.6609067958331263
86.2m-g049-ai-r4,paloma_wikitext_103,1.2253944192399386
86.2m-g050-control,c4,1.0162768734880463
86.2m-g050-control,cosmopedia,0.7313873892047746
86.2m-g050-control,fw22,1.001033991171492
86.2m-g050-control,fw26,0.8884381366684545
86.2m-g050-control,fw26_ai,0.7255612083014696
86.2m-g050-control,fw26_human,0.9327244002839272
86.2m-g050-control,paloma,1.4087650842605632
86.2m-g050-control,paloma_4chan,1.4220026916972361
86.2m-g050-control,paloma_c4,1.039061743169241
86.2m-g050-control,paloma_c4_100_domains,1.0217187755909871
86.2m-g050-control,paloma_dolma,1.303437715572206
86.2m-g050-control,paloma_falcon_refinedweb,1.1391985868322583
86.2m-g050-control,paloma_gab,1.928119617749825
86.2m-g050-control,paloma_m2d2_s2orc,1.2358128183577708
86.2m-g050-control,paloma_m2d2_wikipedia,1.1414846475247933
86.2m-g050-control,paloma_manosphere,1.4172787509635452
86.2m-g050-control,paloma_mc4_en,1.1406518887773585
86.2m-g050-control,paloma_programming,2.0268267343666895
86.2m-g050-control,paloma_ptb,1.3208485201003326
86.2m-g050-control,paloma_reddit_100,1.2710756856504626
86.2m-g050-control,paloma_redpajama,1.4713851532911257
86.2m-g050-control,paloma_twitteraae,2.510494140520882
86.2m-g050-control,paloma_wikitext_103,1.1508438780042958
86.2m-g050-ai-r0.05,c4,1.0167897249774944
86.2m-g050-ai-r0.05,cosmopedia,0.6927139571083945
86.2m-g050-ai-r0.05,fw22,1.001479260938989
86.2m-g050-ai-r0.05,fw26,0.8802066540163356
86.2m-g050-ai-r0.05,fw26_ai,0.6875033966209351
86.2m-g050-ai-r0.05,fw26_human,0.9324906062644673
86.2m-g050-ai-r0.05,paloma,1.4032731157871319
86.2m-g050-ai-r0.05,paloma_4chan,1.4656418791280985
86.2m-g050-ai-r0.05,paloma_c4,1.0371537923435437
86.2m-g050-ai-r0.05,paloma_c4_100_domains,1.0208733716925544
86.2m-g050-ai-r0.05,paloma_dolma,1.2941801717212973
86.2m-g050-ai-r0.05,paloma_falcon_refinedweb,1.135402507608075
86.2m-g050-ai-r0.05,paloma_gab,1.930855437242903
86.2m-g050-ai-r0.05,paloma_m2d2_s2orc,1.2132736449271573
86.2m-g050-ai-r0.05,paloma_m2d2_wikipedia,1.1189418453212074
86.2m-g050-ai-r0.05,paloma_manosphere,1.412315617690223
86.2m-g050-ai-r0.05,paloma_mc4_en,1.1313860321448976
86.2m-g050-ai-r0.05,paloma_programming,2.0157324296316705
86.2m-g050-ai-r0.05,paloma_ptb,1.2874675679074485
86.2m-g050-ai-r0.05,paloma_reddit_100,1.2738544069616018
86.2m-g050-ai-r0.05,paloma_redpajama,1.4698893535740407
86.2m-g050-ai-r0.05,paloma_twitteraae,2.509291819868683
86.2m-g050-ai-r0.05,paloma_wikitext_103,1.1361099748307097
86.2m-g050-ai-r0.1,c4,1.0165503108467382
86.2m-g050-ai-r0.1,cosmopedia,0.681198193138303
86.2m-g050-ai-r0.1,fw22,1.0010696070932146
86.2m-g050-ai-r0.1,fw26,0.8768666877955608
86.2m-g050-ai-r0.1,fw26_ai,0.6718703792760835
86.2m-g050-ai-r0.1,fw26_human,0.9324200745517757
86.2m-g050-ai-r0.1,paloma,1.4454494954165789
86.2m-g050-ai-r0.1,paloma_4chan,1.5354718134490395
86.2m-g050-ai-r0.1,paloma_c4,1.0483344203744505
86.2m-g050-ai-r0.1,paloma_c4_100_domains,1.0286099060783704
86.2m-g050-ai-r0.1,paloma_dolma,1.3389388076397173
86.2m-g050-ai-r0.1,paloma_falcon_refinedweb,1.1586437416087962
86.2m-g050-ai-r0.1,paloma_gab,1.9406633386256023
86.2m-g050-ai-r0.1,paloma_m2d2_s2orc,1.2885506550954131
86.2m-g050-ai-r0.1,paloma_m2d2_wikipedia,1.2057850333302689
86.2m-g050-ai-r0.1,paloma_manosphere,1.4561217019618278
86.2m-g050-ai-r0.1,paloma_mc4_en,1.1549723755966217
86.2m-g050-ai-r0.1,paloma_programming,2.0819165583536345
86.2m-g050-ai-r0.1,paloma_ptb,1.387665640481896
86.2m-g050-ai-r0.1,paloma_reddit_100,1.2718936357846946
86.2m-g050-ai-r0.1,paloma_redpajama,1.5099438728456342
86.2m-g050-ai-r0.1,paloma_twitteraae,2.518359592862164
86.2m-g050-ai-r0.1,paloma_wikitext_103,1.2013208325771314
86.2m-g050-ai-r0.25,c4,1.019396227411086
86.2m-g050-ai-r0.25,cosmopedia,0.6621403710233085
86.2m-g050-ai-r0.25,fw22,1.003787959336618
86.2m-g050-ai-r0.25,fw26,0.8736475166570523
86.2m-g050-ai-r0.25,fw26_ai,0.6488002958437945
86.2m-g050-ai-r0.25,fw26_human,0.9346207398630811
86.2m-g050-ai-r0.25,paloma,1.4234586820331208
86.2m-g050-ai-r0.25,paloma_4chan,1.5951817750731472
86.2m-g050-ai-r0.25,paloma_c4,1.04015254507249
86.2m-g050-ai-r0.25,paloma_c4_100_domains,1.0252095833931985
86.2m-g050-ai-r0.25,paloma_dolma,1.3097568886792803
86.2m-g050-ai-r0.25,paloma_falcon_refinedweb,1.1417341591713006
86.2m-g050-ai-r0.25,paloma_gab,1.9522163138633892
86.2m-g050-ai-r0.25,paloma_m2d2_s2orc,1.2234496591948691
86.2m-g050-ai-r0.25,paloma_m2d2_wikipedia,1.1414433593927105
86.2m-g050-ai-r0.25,paloma_manosphere,1.4375746816317678
86.2m-g050-ai-r0.25,paloma_mc4_en,1.1350562745942032
86.2m-g050-ai-r0.25,paloma_programming,2.0254900819624053
86.2m-g050-ai-r0.25,paloma_ptb,1.320479304536923
86.2m-g050-ai-r0.25,paloma_reddit_100,1.2785398600744293
86.2m-g050-ai-r0.25,paloma_redpajama,1.488825471917886
86.2m-g050-ai-r0.25,paloma_twitteraae,2.524751280927327
86.2m-g050-ai-r0.25,paloma_wikitext_103,1.1354776730446074
86.2m-g050-ai-r0.5,c4,1.0227922111483216
86.2m-g050-ai-r0.5,cosmopedia,0.6604686441201402
86.2m-g050-ai-r0.5,fw22,1.0069703308343199
86.2m-g050-ai-r0.5,fw26,0.8720365952642429
86.2m-g050-ai-r0.5,fw26_ai,0.6299290043932383
86.2m-g050-ai-r0.5,fw26_human,0.9376191309849817
86.2m-g050-ai-r0.5,paloma,1.4488374833451867
86.2m-g050-ai-r0.5,paloma_4chan,1.6084511153590506
86.2m-g050-ai-r0.5,paloma_c4,1.0474816471527444
86.2m-g050-ai-r0.5,paloma_c4_100_domains,1.0325663121251951
86.2m-g050-ai-r0.5,paloma_dolma,1.3318526110518645
86.2m-g050-ai-r0.5,paloma_falcon_refinedweb,1.153654479261497
86.2m-g050-ai-r0.5,paloma_gab,1.9665261069198479
86.2m-g050-ai-r0.5,paloma_m2d2_s2orc,1.2608089258867206
86.2m-g050-ai-r0.5,paloma_m2d2_wikipedia,1.1723777841348781
86.2m-g050-ai-r0.5,paloma_manosphere,1.4792599200553196
86.2m-g050-ai-r0.5,paloma_mc4_en,1.1488228078741556
86.2m-g050-ai-r0.5,paloma_programming,2.076247114241305
86.2m-g050-ai-r0.5,paloma_ptb,1.365871349864725
86.2m-g050-ai-r0.5,paloma_reddit_100,1.288711713977734
86.2m-g050-ai-r0.5,paloma_redpajama,1.5176579723712418
86.2m-g050-ai-r0.5,paloma_twitteraae,2.563516509675365
86.2m-g050-ai-r0.5,paloma_wikitext_103,1.1675933635713445
86.2m-g050-ai-r1,c4,1.0294100225769243
86.2m-g050-ai-r1,cosmopedia,0.6414723985854723
86.2m-g050-ai-r1,fw22,1.0135086794038035
86.2m-g050-ai-r1,fw26,0.8733445915635837
86.2m-g050-ai-r1,fw26_ai,0.6123118132734988
86.2m-g050-ai-r1,fw26_human,0.9440354517872033
86.2m-g050-ai-r1,paloma,1.445664560241159
86.2m-g050-ai-r1,paloma_4chan,1.487051593139971
86.2m-g050-ai-r1,paloma_c4,1.0555618649705987
86.2m-g050-ai-r1,paloma_c4_100_domains,1.0420968185994526
86.2m-g050-ai-r1,paloma_dolma,1.3392894526962078
86.2m-g050-ai-r1,paloma_falcon_refinedweb,1.1588112426190438
86.2m-g050-ai-r1,paloma_gab,1.979217014043837
86.2m-g050-ai-r1,paloma_m2d2_s2orc,1.275246777125352
86.2m-g050-ai-r1,paloma_m2d2_wikipedia,1.1775219940626578
86.2m-g050-ai-r1,paloma_manosphere,1.456631733493042
86.2m-g050-ai-r1,paloma_mc4_en,1.1601320267809276
86.2m-g050-ai-r1,paloma_programming,2.0677974998272464
86.2m-g050-ai-r1,paloma_ptb,1.3638222542352074
86.2m-g050-ai-r1,paloma_reddit_100,1.29463973681241
86.2m-g050-ai-r1,paloma_redpajama,1.5187668126901985
86.2m-g050-ai-r1,paloma_twitteraae,2.5705364319412807
86.2m-g050-ai-r1,paloma_wikitext_103,1.1835097108211106
86.2m-g051-control,c4,1.0136858079595013
86.2m-g051-control,cosmopedia,0.7295776432822229
86.2m-g051-control,fw22,0.9982264374523695
86.2m-g051-control,fw26,0.8854147409985894
86.2m-g051-control,fw26_ai,0.7226346184281806
86.2m-g051-control,fw26_human,0.9296954172257504
86.2m-g051-control,paloma,1.4059122371845898
86.2m-g051-control,paloma_4chan,1.4314097261513825
86.2m-g051-control,paloma_c4,1.0364685485517031
86.2m-g051-control,paloma_c4_100_domains,1.0183089402720915
86.2m-g051-control,paloma_dolma,1.3050542877868485
86.2m-g051-control,paloma_falcon_refinedweb,1.1348399572512498
86.2m-g051-control,paloma_gab,1.9259923640028964
86.2m-g051-control,paloma_m2d2_s2orc,1.226081657900354
86.2m-g051-control,paloma_m2d2_wikipedia,1.1347667805986916
86.2m-g051-control,paloma_manosphere,1.4211126398941174
86.2m-g051-control,paloma_mc4_en,1.1325310159921298
86.2m-g051-control,paloma_programming,2.0308832193530515
86.2m-g051-control,paloma_ptb,1.3044206547758261
86.2m-g051-control,paloma_reddit_100,1.2714863363683464
86.2m-g051-control,paloma_redpajama,1.4729931134561396
86.2m-g051-control,paloma_twitteraae,2.5029525607199714
86.2m-g051-control,paloma_wikitext_103,1.1452939918786391
86.2m-g051-ai-r0.05,c4,1.0134733543416232
86.2m-g051-ai-r0.05,cosmopedia,0.6916165473277364
86.2m-g051-ai-r0.05,fw22,0.9978093966599342
86.2m-g051-ai-r0.05,fw26,0.876597732444627
86.2m-g051-ai-r0.05,fw26_ai,0.6838998227077092
86.2m-g051-ai-r0.05,fw26_human,0.9288961734110964
86.2m-g051-ai-r0.05,paloma,1.40049659799986
86.2m-g051-ai-r0.05,paloma_4chan,1.3945551657469235
86.2m-g051-ai-r0.05,paloma_c4,1.034290999532145
86.2m-g051-ai-r0.05,paloma_c4_100_domains,1.0180118327725944
86.2m-g051-ai-r0.05,paloma_dolma,1.2951667264304276
86.2m-g051-ai-r0.05,paloma_falcon_refinedweb,1.1338851389876714
86.2m-g051-ai-r0.05,paloma_gab,1.9231743692081196
86.2m-g051-ai-r0.05,paloma_m2d2_s2orc,1.2196356382146454
86.2m-g051-ai-r0.05,paloma_m2d2_wikipedia,1.1232043666092024
86.2m-g051-ai-r0.05,paloma_manosphere,1.415174135604723
86.2m-g051-ai-r0.05,paloma_mc4_en,1.131686866309589
86.2m-g051-ai-r0.05,paloma_programming,2.0403959103193476
86.2m-g051-ai-r0.05,paloma_ptb,1.299038582366661
86.2m-g051-ai-r0.05,paloma_reddit_100,1.2671771992548349
86.2m-g051-ai-r0.05,paloma_redpajama,1.4695549127424061
86.2m-g051-ai-r0.05,paloma_twitteraae,2.5092440576266664
86.2m-g051-ai-r0.05,paloma_wikitext_103,1.1337496662718043
86.2m-g051-ai-r0.1,c4,1.0148353252834696
86.2m-g051-ai-r0.1,cosmopedia,0.6861803891764366
86.2m-g051-ai-r0.1,fw22,0.9991657613950714
86.2m-g051-ai-r0.1,fw26,0.8746437528402391
86.2m-g051-ai-r0.1,fw26_ai,0.6701416956713773
86.2m-g051-ai-r0.1,fw26_human,0.9301350184641706
86.2m-g051-ai-r0.1,paloma,1.4178284903150125
86.2m-g051-ai-r0.1,paloma_4chan,1.5238337379233946
86.2m-g051-ai-r0.1,paloma_c4,1.0358598237593057
86.2m-g051-ai-r0.1,paloma_c4_100_domains,1.0198393412933062
86.2m-g051-ai-r0.1,paloma_dolma,1.3064778230623892
86.2m-g051-ai-r0.1,paloma_falcon_refinedweb,1.1359695530412555
86.2m-g051-ai-r0.1,paloma_gab,1.9381567785850606
86.2m-g051-ai-r0.1,paloma_m2d2_s2orc,1.2199042828848108
86.2m-g051-ai-r0.1,paloma_m2d2_wikipedia,1.1340058738527463
86.2m-g051-ai-r0.1,paloma_manosphere,1.4397108152831388
86.2m-g051-ai-r0.1,paloma_mc4_en,1.1320354985700896
86.2m-g051-ai-r0.1,paloma_programming,2.0809263249974106
86.2m-g051-ai-r0.1,paloma_ptb,1.3050236044281518
86.2m-g051-ai-r0.1,paloma_reddit_100,1.2781602470423556
86.2m-g051-ai-r0.1,paloma_redpajama,1.4784052450341139
86.2m-g051-ai-r0.1,paloma_twitteraae,2.5195999533851596
86.2m-g051-ai-r0.1,paloma_wikitext_103,1.1373469418975108
86.2m-g051-ai-r0.25,c4,1.0168610451126756
86.2m-g051-ai-r0.25,cosmopedia,0.662802136060655
86.2m-g051-ai-r0.25,fw22,1.0009782664353823
86.2m-g051-ai-r0.25,fw26,0.8705963026284718
86.2m-g051-ai-r0.25,fw26_ai,0.6457787268734474
86.2m-g051-ai-r0.25,fw26_human,0.9315738654030805
86.2m-g051-ai-r0.25,paloma,1.4169113141051732
86.2m-g051-ai-r0.25,paloma_4chan,1.4660955174577017
86.2m-g051-ai-r0.25,paloma_c4,1.038299118497248
86.2m-g051-ai-r0.25,paloma_c4_100_domains,1.0231158192152607
86.2m-g051-ai-r0.25,paloma_dolma,1.3131577026830425
86.2m-g051-ai-r0.25,paloma_falcon_refinedweb,1.1388048773750108
86.2m-g051-ai-r0.25,paloma_gab,1.9422628891712415
86.2m-g051-ai-r0.25,paloma_m2d2_s2orc,1.231036913136036
86.2m-g051-ai-r0.25,paloma_m2d2_wikipedia,1.1315698411120305
86.2m-g051-ai-r0.25,paloma_manosphere,1.4258444602053109
86.2m-g051-ai-r0.25,paloma_mc4_en,1.1380408134884092
86.2m-g051-ai-r0.25,paloma_programming,2.0702129818299606
86.2m-g051-ai-r0.25,paloma_ptb,1.3055003199108708
86.2m-g051-ai-r0.25,paloma_reddit_100,1.278827747079656
86.2m-g051-ai-r0.25,paloma_redpajama,1.4951949629058017
86.2m-g051-ai-r0.25,paloma_twitteraae,2.530896558298207
86.2m-g051-ai-r0.25,paloma_wikitext_103,1.1417205033169833
86.2m-g051-ai-r0.5,c4,1.0204736086058048
86.2m-g051-ai-r0.5,cosmopedia,0.6473778550046659
86.2m-g051-ai-r0.5,fw22,1.0043722720154968
86.2m-g051-ai-r0.5,fw26,0.8692765298448331
86.2m-g051-ai-r0.5,fw26_ai,0.6268711336158067
86.2m-g051-ai-r0.5,fw26_human,0.934943040584301
86.2m-g051-ai-r0.5,paloma,1.4350427071037044
86.2m-g051-ai-r0.5,paloma_4chan,1.457269336525426
86.2m-g051-ai-r0.5,paloma_c4,1.0485167464184686
86.2m-g051-ai-r0.5,paloma_c4_100_domains,1.0323038756986445
86.2m-g051-ai-r0.5,paloma_dolma,1.3274279552986061
86.2m-g051-ai-r0.5,paloma_falcon_refinedweb,1.153467577497849
86.2m-g051-ai-r0.5,paloma_gab,1.9504656299485168
86.2m-g051-ai-r0.5,paloma_m2d2_s2orc,1.2725078039107522
86.2m-g051-ai-r0.5,paloma_m2d2_wikipedia,1.1783222640406121
86.2m-g051-ai-r0.5,paloma_manosphere,1.4440874117507456
86.2m-g051-ai-r0.5,paloma_mc4_en,1.1548787953692152
86.2m-g051-ai-r0.5,paloma_programming,2.071188592751753
86.2m-g051-ai-r0.5,paloma_ptb,1.3686853498506004
86.2m-g051-ai-r0.5,paloma_reddit_100,1.2790911475800737
86.2m-g051-ai-r0.5,paloma_redpajama,1.5042221825284032
86.2m-g051-ai-r0.5,paloma_twitteraae,2.5403416043273856
86.2m-g051-ai-r0.5,paloma_wikitext_103,1.1779070401622183
86.2m-g051-ai-r1,c4,1.027808182087609
86.2m-g051-ai-r1,cosmopedia,0.6356214640868615
86.2m-g051-ai-r1,fw22,1.0117004001197312
86.2m-g051-ai-r1,fw26,0.8714321156189276
86.2m-g051-ai-r1,fw26_ai,0.6106681593964641
86.2m-g051-ai-r1,fw26_human,0.9420456442550689
86.2m-g051-ai-r1,paloma,1.4528158140426206
86.2m-g051-ai-r1,paloma_4chan,1.5003026185377986
86.2m-g051-ai-r1,paloma_c4,1.0544268105767096
86.2m-g051-ai-r1,paloma_c4_100_domains,1.0409199244286693
86.2m-g051-ai-r1,paloma_dolma,1.3440478685653658
86.2m-g051-ai-r1,paloma_falcon_refinedweb,1.159718543154614
86.2m-g051-ai-r1,paloma_gab,1.9830748199777555
86.2m-g051-ai-r1,paloma_m2d2_s2orc,1.2804174702192619
86.2m-g051-ai-r1,paloma_m2d2_wikipedia,1.1799337701913848
86.2m-g051-ai-r1,paloma_manosphere,1.4617967709445419
86.2m-g051-ai-r1,paloma_mc4_en,1.1601475064071614
86.2m-g051-ai-r1,paloma_programming,2.128311596338249
86.2m-g051-ai-r1,paloma_ptb,1.3736316994029776
86.2m-g051-ai-r1,paloma_reddit_100,1.2936508779451807
86.2m-g051-ai-r1,paloma_redpajama,1.5276392998766224
86.2m-g051-ai-r1,paloma_twitteraae,2.5689615184796146
86.2m-g051-ai-r1,paloma_wikitext_103,1.1880719296360247
86.2m-g052-control,c4,1.0127602534631883
86.2m-g052-control,cosmopedia,0.7264212637742794
86.2m-g052-control,fw22,0.9972864614846986
86.2m-g052-control,fw26,0.8843216406354504
86.2m-g052-control,fw26_ai,0.7217710776026801
86.2m-g052-control,fw26_human,0.9285336144858648
86.2m-g052-control,paloma,1.4074050036605223
86.2m-g052-control,paloma_4chan,1.4427781128346389
86.2m-g052-control,paloma_c4,1.0364211913360952
86.2m-g052-control,paloma_c4_100_domains,1.0182650942058937
86.2m-g052-control,paloma_dolma,1.3005821369174457
86.2m-g052-control,paloma_falcon_refinedweb,1.136449081451261
86.2m-g052-control,paloma_gab,1.918085888932232
86.2m-g052-control,paloma_m2d2_s2orc,1.2348570634363796
86.2m-g052-control,paloma_m2d2_wikipedia,1.139919594330406
86.2m-g052-control,paloma_manosphere,1.423964756413643
86.2m-g052-control,paloma_mc4_en,1.1349314992257333
86.2m-g052-control,paloma_programming,2.0077111248550747
86.2m-g052-control,paloma_ptb,1.3260144931437727
86.2m-g052-control,paloma_reddit_100,1.2688484957386361
86.2m-g052-control,paloma_redpajama,1.476253569792806
86.2m-g052-control,paloma_twitteraae,2.5078162295103636
86.2m-g052-control,paloma_wikitext_103,1.145581726443974
86.2m-g052-ai-r0.05,c4,1.0131330222148904
86.2m-g052-ai-r0.05,cosmopedia,0.6938587220700033
86.2m-g052-ai-r0.05,fw22,0.9974713188865867
86.2m-g052-ai-r0.05,fw26,0.8763001245342982
86.2m-g052-ai-r0.05,fw26_ai,0.6838296160392151
86.2m-g052-ai-r0.05,fw26_human,0.9285014236947722
86.2m-g052-ai-r0.05,paloma,1.4066417126415587
86.2m-g052-ai-r0.05,paloma_4chan,1.510631517928292
86.2m-g052-ai-r0.05,paloma_c4,1.0333345416655308
86.2m-g052-ai-r0.05,paloma_c4_100_domains,1.0168502173324776
86.2m-g052-ai-r0.05,paloma_dolma,1.2947453686134451
86.2m-g052-ai-r0.05,paloma_falcon_refinedweb,1.1338214732623293
86.2m-g052-ai-r0.05,paloma_gab,1.9226212376404928
86.2m-g052-ai-r0.05,paloma_m2d2_s2orc,1.2151300319911873
86.2m-g052-ai-r0.05,paloma_m2d2_wikipedia,1.1261507348273523
86.2m-g052-ai-r0.05,paloma_manosphere,1.4319497426867889
86.2m-g052-ai-r0.05,paloma_mc4_en,1.1272955112100609
86.2m-g052-ai-r0.05,paloma_programming,2.0243764462864466
86.2m-g052-ai-r0.05,paloma_ptb,1.287827606648478
86.2m-g052-ai-r0.05,paloma_reddit_100,1.2716656630814689
86.2m-g052-ai-r0.05,paloma_redpajama,1.4692143875254968
86.2m-g052-ai-r0.05,paloma_twitteraae,2.512439710593888
86.2m-g052-ai-r0.05,paloma_wikitext_103,1.1282132109712038
86.2m-g052-ai-r0.1,c4,1.0130100753525801
86.2m-g052-ai-r0.1,cosmopedia,0.6779293991514
86.2m-g052-ai-r0.1,fw22,0.9971202057961299
86.2m-g052-ai-r0.1,fw26,0.8727213908535394
86.2m-g052-ai-r0.1,fw26_ai,0.6676974065787142
86.2m-g052-ai-r0.1,fw26_human,0.9283126232459685
86.2m-g052-ai-r0.1,paloma,1.4239305728940417
86.2m-g052-ai-r0.1,paloma_4chan,1.512802881099657
86.2m-g052-ai-r0.1,paloma_c4,1.0408499352321394
86.2m-g052-ai-r0.1,paloma_c4_100_domains,1.022177878945887
86.2m-g052-ai-r0.1,paloma_dolma,1.3145660929993224
86.2m-g052-ai-r0.1,paloma_falcon_refinedweb,1.1462825682410203
86.2m-g052-ai-r0.1,paloma_gab,1.9250293819127267
86.2m-g052-ai-r0.1,paloma_m2d2_s2orc,1.2558331013183375
86.2m-g052-ai-r0.1,paloma_m2d2_wikipedia,1.1722661574556403
86.2m-g052-ai-r0.1,paloma_manosphere,1.421617491126788
86.2m-g052-ai-r0.1,paloma_mc4_en,1.1427515378462705
86.2m-g052-ai-r0.1,paloma_programming,2.027155063450653
86.2m-g052-ai-r0.1,paloma_ptb,1.3544800376047468
86.2m-g052-ai-r0.1,paloma_reddit_100,1.264448663764421
86.2m-g052-ai-r0.1,paloma_redpajama,1.4953127084371916
86.2m-g052-ai-r0.1,paloma_twitteraae,2.511796596607061
86.2m-g052-ai-r0.1,paloma_wikitext_103,1.1755190702628038
86.2m-g052-ai-r0.25,c4,1.0161037542585754
86.2m-g052-ai-r0.25,cosmopedia,0.6567933050647246
86.2m-g052-ai-r0.25,fw22,1.0000377742812772
86.2m-g052-ai-r0.25,fw26,0.8699347257859361
86.2m-g052-ai-r0.25,fw26_ai,0.6451778585765693
86.2m-g052-ai-r0.25,fw26_human,0.9308626173134019
86.2m-g052-ai-r0.25,paloma,1.4252860155453948
86.2m-g052-ai-r0.25,paloma_4chan,1.59135313781165
86.2m-g052-ai-r0.25,paloma_c4,1.0374518049908588
86.2m-g052-ai-r0.25,paloma_c4_100_domains,1.021983902165357
86.2m-g052-ai-r0.25,paloma_dolma,1.3083325068540919
86.2m-g052-ai-r0.25,paloma_falcon_refinedweb,1.1404617409195539
86.2m-g052-ai-r0.25,paloma_gab,1.9464386049802527
86.2m-g052-ai-r0.25,paloma_m2d2_s2orc,1.2251439118278904
86.2m-g052-ai-r0.25,paloma_m2d2_wikipedia,1.137698866163943
86.2m-g052-ai-r0.25,paloma_manosphere,1.429285693838197
86.2m-g052-ai-r0.25,paloma_mc4_en,1.1355755069602
86.2m-g052-ai-r0.25,paloma_programming,2.0756830508681086
86.2m-g052-ai-r0.25,paloma_ptb,1.32957634071937
86.2m-g052-ai-r0.25,paloma_reddit_100,1.2725684962156183
86.2m-g052-ai-r0.25,paloma_redpajama,1.4819441599290106
86.2m-g052-ai-r0.25,paloma_twitteraae,2.5359336368843226
86.2m-g052-ai-r0.25,paloma_wikitext_103,1.1351448875978905
86.2m-g052-ai-r0.5,c4,1.0196427975312503
86.2m-g052-ai-r0.5,cosmopedia,0.6498006411014586
86.2m-g052-ai-r0.5,fw22,1.0037036931182963
86.2m-g052-ai-r0.5,fw26,0.8685750018880918
86.2m-g052-ai-r0.5,fw26_ai,0.6263880263721849
86.2m-g052-ai-r0.5,fw26_human,0.9341767216856133
86.2m-g052-ai-r0.5,paloma,1.4324516138738481
86.2m-g052-ai-r0.5,paloma_4chan,1.5575171918365183
86.2m-g052-ai-r0.5,paloma_c4,1.0448541811241967
86.2m-g052-ai-r0.5,paloma_c4_100_domains,1.0294855267689758
86.2m-g052-ai-r0.5,paloma_dolma,1.3189354556704969
86.2m-g052-ai-r0.5,paloma_falcon_refinedweb,1.1483041356356902
86.2m-g052-ai-r0.5,paloma_gab,1.952952526823558
86.2m-g052-ai-r0.5,paloma_m2d2_s2orc,1.260497290629117
86.2m-g052-ai-r0.5,paloma_m2d2_wikipedia,1.1674747552264249
86.2m-g052-ai-r0.5,paloma_manosphere,1.457158639907133
86.2m-g052-ai-r0.5,paloma_mc4_en,1.1466317147378535
86.2m-g052-ai-r0.5,paloma_programming,2.0132194549651885
86.2m-g052-ai-r0.5,paloma_ptb,1.3379309000791098
86.2m-g052-ai-r0.5,paloma_reddit_100,1.2785309006920442
86.2m-g052-ai-r0.5,paloma_redpajama,1.4984690991277654
86.2m-g052-ai-r0.5,paloma_twitteraae,2.5473372127165854
86.2m-g052-ai-r0.5,paloma_wikitext_103,1.159926836040913
86.2m-g052-ai-r1,c4,1.0269738718163968
86.2m-g052-ai-r1,cosmopedia,0.6356821198539949
86.2m-g052-ai-r1,fw22,1.0108481029798735
86.2m-g052-ai-r1,fw26,0.8705509111255076
86.2m-g052-ai-r1,fw26_ai,0.6094902186978487
86.2m-g052-ai-r1,fw26_human,0.9412484192216244
86.2m-g052-ai-r1,paloma,1.4463234159795637
86.2m-g052-ai-r1,paloma_4chan,1.5382598214027603
86.2m-g052-ai-r1,paloma_c4,1.053484304971212
86.2m-g052-ai-r1,paloma_c4_100_domains,1.0399245130337402
86.2m-g052-ai-r1,paloma_dolma,1.3377537302046596
86.2m-g052-ai-r1,paloma_falcon_refinedweb,1.1573710232680563
86.2m-g052-ai-r1,paloma_gab,1.9707304423553467
86.2m-g052-ai-r1,paloma_m2d2_s2orc,1.2790884266455043
86.2m-g052-ai-r1,paloma_m2d2_wikipedia,1.1803842202340489
86.2m-g052-ai-r1,paloma_manosphere,1.4551277066976893
86.2m-g052-ai-r1,paloma_mc4_en,1.1579505215981298
86.2m-g052-ai-r1,paloma_programming,2.0585202713734874
86.2m-g052-ai-r1,paloma_ptb,1.3577024414277898
86.2m-g052-ai-r1,paloma_reddit_100,1.2925299929216683
86.2m-g052-ai-r1,paloma_redpajama,1.5184008262489457
86.2m-g052-ai-r1,paloma_twitteraae,2.562024157445593
86.2m-g052-ai-r1,paloma_wikitext_103,1.18192225584439
86.2m-g053-control,c4,1.009737253509463
86.2m-g053-control,cosmopedia,0.7249500408673218
86.2m-g053-control,fw22,0.9939931345587448
86.2m-g053-control,fw26,0.8812447329164745
86.2m-g053-control,fw26_ai,0.7183542908930164
86.2m-g053-control,fw26_human,0.925529533958387
86.2m-g053-control,paloma,1.4135920671223965
86.2m-g053-control,paloma_4chan,1.4376138631781807
86.2m-g053-control,paloma_c4,1.0347271743794368
86.2m-g053-control,paloma_c4_100_domains,1.0159905210611955
86.2m-g053-control,paloma_dolma,1.309819679351419
86.2m-g053-control,paloma_falcon_refinedweb,1.1369868044186486
86.2m-g053-control,paloma_gab,1.9166060843216917
86.2m-g053-control,paloma_m2d2_s2orc,1.2489248161427398
86.2m-g053-control,paloma_m2d2_wikipedia,1.145241594004796
86.2m-g053-control,paloma_manosphere,1.4133579826773555
86.2m-g053-control,paloma_mc4_en,1.1427897304961026
86.2m-g053-control,paloma_programming,2.0356493078641926
86.2m-g053-control,paloma_ptb,1.3668597965395215
86.2m-g053-control,paloma_reddit_100,1.266698930340844
86.2m-g053-control,paloma_redpajama,1.477866781647696
86.2m-g053-control,paloma_twitteraae,2.5015842923356235
86.2m-g053-control,paloma_wikitext_103,1.1667557151989025
86.2m-g053-ai-r0.05,c4,1.0108894958216783
86.2m-g053-ai-r0.05,cosmopedia,0.6892935985884064
86.2m-g053-ai-r0.05,fw22,0.9948215046435825
86.2m-g053-ai-r0.05,fw26,0.8734021908672183
86.2m-g053-ai-r0.05,fw26_ai,0.6809061053882726
86.2m-g053-ai-r0.05,fw26_human,0.9256253348910576
86.2m-g053-ai-r0.05,paloma,1.3970245568862425
86.2m-g053-ai-r0.05,paloma_4chan,1.4219273169011593
86.2m-g053-ai-r0.05,paloma_c4,1.0330140643569434
86.2m-g053-ai-r0.05,paloma_c4_100_domains,1.0153178894824024
86.2m-g053-ai-r0.05,paloma_dolma,1.2922164728165353
86.2m-g053-ai-r0.05,paloma_falcon_refinedweb,1.1314915508671322
86.2m-g053-ai-r0.05,paloma_gab,1.921797197737293
86.2m-g053-ai-r0.05,paloma_m2d2_s2orc,1.2193921604194808
86.2m-g053-ai-r0.05,paloma_m2d2_wikipedia,1.1258328316827313
86.2m-g053-ai-r0.05,paloma_manosphere,1.4116647895831762
86.2m-g053-ai-r0.05,paloma_mc4_en,1.127782503909207
86.2m-g053-ai-r0.05,paloma_programming,1.9893162453092292
86.2m-g053-ai-r0.05,paloma_ptb,1.2944689759094152
86.2m-g053-ai-r0.05,paloma_reddit_100,1.2649130567555087
86.2m-g053-ai-r0.05,paloma_redpajama,1.4606231386599295
86.2m-g053-ai-r0.05,paloma_twitteraae,2.509107989293007
86.2m-g053-ai-r0.05,paloma_wikitext_103,1.1335267264967264
86.2m-g053-ai-r0.1,c4,1.0116326673491864
86.2m-g053-ai-r0.1,cosmopedia,0.6739164809688546
86.2m-g053-ai-r0.1,fw22,0.9957356825963387
86.2m-g053-ai-r0.1,fw26,0.8710246870169095
86.2m-g053-ai-r0.1,fw26_ai,0.6663271336823594
86.2m-g053-ai-r0.1,fw26_human,0.9265349544177677
86.2m-g053-ai-r0.1,paloma,1.3923613458805786
86.2m-g053-ai-r0.1,paloma_4chan,1.4115478673815858
86.2m-g053-ai-r0.1,paloma_c4,1.0309825963232864
86.2m-g053-ai-r0.1,paloma_c4_100_domains,1.0147489244456367
86.2m-g053-ai-r0.1,paloma_dolma,1.2875479245684687
86.2m-g053-ai-r0.1,paloma_falcon_refinedweb,1.127362539915555
86.2m-g053-ai-r0.1,paloma_gab,1.9230449919115244
86.2m-g053-ai-r0.1,paloma_m2d2_s2orc,1.2015562054311923
86.2m-g053-ai-r0.1,paloma_m2d2_wikipedia,1.1058297073423373
86.2m-g053-ai-r0.1,paloma_manosphere,1.4054450562117933
86.2m-g053-ai-r0.1,paloma_mc4_en,1.1238680419437848
86.2m-g053-ai-r0.1,paloma_programming,2.0178756201078554
86.2m-g053-ai-r0.1,paloma_ptb,1.2748171279537144
86.2m-g053-ai-r0.1,paloma_reddit_100,1.2634473073910195
86.2m-g053-ai-r0.1,paloma_redpajama,1.4576302187767196
86.2m-g053-ai-r0.1,paloma_twitteraae,2.5181313456143437
86.2m-g053-ai-r0.1,paloma_wikitext_103,1.1139460587704382
86.2m-g053-ai-r0.25,c4,1.0139702255559815
86.2m-g053-ai-r0.25,cosmopedia,0.6581313712415371
86.2m-g053-ai-r0.25,fw22,0.9980705194689344
86.2m-g053-ai-r0.25,fw26,0.8676103989892415
86.2m-g053-ai-r0.25,fw26_ai,0.6428275052163467
86.2m-g053-ai-r0.25,fw26_human,0.9285080571884196
86.2m-g053-ai-r0.25,paloma,1.4008591667794512
86.2m-g053-ai-r0.25,paloma_4chan,1.4331058876466347
86.2m-g053-ai-r0.25,paloma_c4,1.034579614554215
86.2m-g053-ai-r0.25,paloma_c4_100_domains,1.0190897389620008
86.2m-g053-ai-r0.25,paloma_dolma,1.294938402453523
86.2m-g053-ai-r0.25,paloma_falcon_refinedweb,1.1331454855751981
86.2m-g053-ai-r0.25,paloma_gab,1.9366700412983544
86.2m-g053-ai-r0.25,paloma_m2d2_s2orc,1.2148534048921384
86.2m-g053-ai-r0.25,paloma_m2d2_wikipedia,1.116308604815458
86.2m-g053-ai-r0.25,paloma_manosphere,1.417702708299696
86.2m-g053-ai-r0.25,paloma_mc4_en,1.1263239465275587
86.2m-g053-ai-r0.25,paloma_programming,2.0226188084561887
86.2m-g053-ai-r0.25,paloma_ptb,1.2911454014961694
86.2m-g053-ai-r0.25,paloma_reddit_100,1.2710163481144794
86.2m-g053-ai-r0.25,paloma_redpajama,1.4691370779408355
86.2m-g053-ai-r0.25,paloma_twitteraae,2.517909142943693
86.2m-g053-ai-r0.25,paloma_wikitext_103,1.1152020544950756
86.2m-g053-ai-r0.5,c4,1.0182130710681265
86.2m-g053-ai-r0.5,cosmopedia,0.6493704297054006
86.2m-g053-ai-r0.5,fw22,1.0022462786463864
86.2m-g053-ai-r0.5,fw26,0.8670003658071508
86.2m-g053-ai-r0.5,fw26_ai,0.6252002380471955
86.2m-g053-ai-r0.5,fw26_human,0.932496855654826
86.2m-g053-ai-r0.5,paloma,1.4139372167213273
86.2m-g053-ai-r0.5,paloma_4chan,1.4415437250310277
86.2m-g053-ai-r0.5,paloma_c4,1.0386907013909408
86.2m-g053-ai-r0.5,paloma_c4_100_domains,1.02507321006215
86.2m-g053-ai-r0.5,paloma_dolma,1.3107604957841967
86.2m-g053-ai-r0.5,paloma_falcon_refinedweb,1.139907900605633
86.2m-g053-ai-r0.5,paloma_gab,1.9493215874609366
86.2m-g053-ai-r0.5,paloma_m2d2_s2orc,1.2262532382023839
86.2m-g053-ai-r0.5,paloma_m2d2_wikipedia,1.1273181894508717
86.2m-g053-ai-r0.5,paloma_manosphere,1.427359549936326
86.2m-g053-ai-r0.5,paloma_mc4_en,1.1360868240687718
86.2m-g053-ai-r0.5,paloma_programming,2.051919936473826
86.2m-g053-ai-r0.5,paloma_ptb,1.3124698275302782
86.2m-g053-ai-r0.5,paloma_reddit_100,1.2785843502511782
86.2m-g053-ai-r0.5,paloma_redpajama,1.4917654006543923
86.2m-g053-ai-r0.5,paloma_twitteraae,2.5343270758344296
86.2m-g053-ai-r0.5,paloma_wikitext_103,1.131613454803893
86.2m-g053-ai-r1,c4,1.0262080651392749
86.2m-g053-ai-r1,cosmopedia,0.6402682912791767
86.2m-g053-ai-r1,fw22,1.0099608359757897
86.2m-g053-ai-r1,fw26,0.869461322799452
86.2m-g053-ai-r1,fw26_ai,0.6090799429926936
86.2m-g053-ai-r1,fw26_human,0.9399520514670456
86.2m-g053-ai-r1,paloma,1.4357324979317
86.2m-g053-ai-r1,paloma_4chan,1.4694922503275591
86.2m-g053-ai-r1,paloma_c4,1.0475247348286287
86.2m-g053-ai-r1,paloma_c4_100_domains,1.0349379595299255
86.2m-g053-ai-r1,paloma_dolma,1.32631464746232
86.2m-g053-ai-r1,paloma_falcon_refinedweb,1.1483878642359224
86.2m-g053-ai-r1,paloma_gab,1.9769187083571613
86.2m-g053-ai-r1,paloma_m2d2_s2orc,1.2369906182585158
86.2m-g053-ai-r1,paloma_m2d2_wikipedia,1.1427663953386331
86.2m-g053-ai-r1,paloma_manosphere,1.4505272137342982
86.2m-g053-ai-r1,paloma_mc4_en,1.15000456384386
86.2m-g053-ai-r1,paloma_programming,2.119258295290376
86.2m-g053-ai-r1,paloma_ptb,1.3383954220881595
86.2m-g053-ai-r1,paloma_reddit_100,1.290871645537293
86.2m-g053-ai-r1,paloma_redpajama,1.513904299847718
86.2m-g053-ai-r1,paloma_twitteraae,2.5758930469132872
86.2m-g053-ai-r1,paloma_wikitext_103,1.149532301313543
86.2m-f11-ai-removed,c4,1.160937758630632
86.2m-f11-ai-removed,cosmopedia,0.8896006134079788
86.2m-f11-ai-removed,fw22,1.1516539832499708
86.2m-f11-ai-removed,fw26,1.0405979134755852
86.2m-f11-ai-removed,fw26_ai,0.8822855700894108
86.2m-f11-ai-removed,fw26_human,1.0838207903940338
86.2m-f11-web-mix,c4,1.1473086532298362
86.2m-f11-web-mix,cosmopedia,0.788922088258094
86.2m-f11-web-mix,fw22,1.1365934415660508
86.2m-f11-web-mix,fw26,1.005852033374921
86.2m-f11-web-mix,fw26_ai,0.7804802480509329
86.2m-f11-web-mix,fw26_human,1.0672019289848385
86.2m-f12-ai-removed,c4,1.064340286920328
86.2m-f12-ai-removed,cosmopedia,0.77978671484875
86.2m-f12-ai-removed,fw22,1.051466643879873
86.2m-f12-ai-removed,fw26,0.9397784778633893
86.2m-f12-ai-removed,fw26_ai,0.7781389986953612
86.2m-f12-ai-removed,fw26_human,0.983809841137682
86.2m-f12-web-mix,c4,1.0615846470944428
86.2m-f12-web-mix,cosmopedia,0.704965339949016
86.2m-f12-web-mix,fw22,1.0479696651521417
86.2m-f12-web-mix,fw26,0.9174329318727845
86.2m-f12-web-mix,fw26_ai,0.6896270336326218
86.2m-f12-web-mix,fw26_human,0.9792432145007992
86.2m-f13-ai-removed,c4,1.038661213693683
86.2m-f13-ai-removed,cosmopedia,0.7524947465576985
86.2m-f13-ai-removed,fw22,1.0245611031518997
86.2m-f13-ai-removed,fw26,0.9121862405278511
86.2m-f13-ai-removed,fw26_ai,0.7491684230207563
86.2m-f13-ai-removed,fw26_human,0.9565641204175667
86.2m-f13-web-mix,c4,1.039692347712501
86.2m-f13-web-mix,cosmopedia,0.678584569935599
86.2m-f13-web-mix,fw22,1.0252001122770282
86.2m-f13-web-mix,fw26,0.8944294690395188
86.2m-f13-web-mix,fw26_ai,0.666340512888493
86.2m-f13-web-mix,fw26_human,0.9562876367008671
86.2m-f14-ai-removed,c4,1.027830397972146
86.2m-f14-ai-removed,cosmopedia,0.7411611515229227
86.2m-f14-ai-removed,fw22,1.013336278788199
86.2m-f14-ai-removed,fw26,0.9007767911833106
86.2m-f14-ai-removed,fw26_ai,0.7379196806554278
86.2m-f14-ai-removed,fw26_human,0.9451096762407911
86.2m-f14-web-mix,c4,1.0297342880402423
86.2m-f14-web-mix,cosmopedia,0.6621626972270221
86.2m-f14-web-mix,fw22,1.014515539282519
86.2m-f14-web-mix,fw26,0.8834676247401588
86.2m-f14-web-mix,fw26_ai,0.6552570680065343
86.2m-f14-web-mix,fw26_human,0.9453605379794401
86.2m-f15-ai-removed,c4,1.0213629355633933
86.2m-f15-ai-removed,cosmopedia,0.7319676382102736
86.2m-f15-ai-removed,fw22,1.0064178061001272
86.2m-f15-ai-removed,fw26,0.8937367886774649
86.2m-f15-ai-removed,fw26_ai,0.7311323913294285
86.2m-f15-ai-removed,fw26_human,0.9379903063619655
86.2m-f15-web-mix,c4,1.0243095522748984
86.2m-f15-web-mix,cosmopedia,0.6604615146305886
86.2m-f15-web-mix,fw22,1.008691497101264
86.2m-f15-web-mix,fw26,0.8777547668530321
86.2m-f15-web-mix,fw26_ai,0.6492700712616069
86.2m-f15-web-mix,fw26_human,0.9396840931517073
86.2m-f16-ai-removed,c4,1.0170942713666637
86.2m-f16-ai-removed,cosmopedia,0.73075409927156
86.2m-f16-ai-removed,fw22,1.002049694060336
86.2m-f16-ai-removed,fw26,0.8894579461288554
86.2m-f16-ai-removed,fw26_ai,0.7273636146934818
86.2m-f16-ai-removed,fw26_human,0.9335306039805156
86.2m-f16-web-mix,c4,1.0207584033687034
86.2m-f16-web-mix,cosmopedia,0.6598660757236263
86.2m-f16-web-mix,fw22,1.005189632112231
86.2m-f16-web-mix,fw26,0.8738789836522439
86.2m-f16-web-mix,fw26_ai,0.6458281650001604
86.2m-f16-web-mix,fw26_human,0.9356975045230683
135m-g054-control,c4,1.074228701952706
135m-g054-control,cosmopedia,0.7883296379283682
135m-g054-control,fw22,1.0619536101229834
135m-g054-control,fw26,0.951022766884885
135m-g054-control,fw26_ai,0.7896734922959632
135m-g054-control,fw26_human,0.994959281431033
135m-g054-control,paloma,1.4567429822048679
135m-g054-control,paloma_4chan,1.4425289299425232
135m-g054-control,paloma_c4,1.0923080076421636
135m-g054-control,paloma_c4_100_domains,1.0832933287836017
135m-g054-control,paloma_dolma,1.3586820795577799
135m-g054-control,paloma_falcon_refinedweb,1.191017897744566
135m-g054-control,paloma_gab,2.01098959260713
135m-g054-control,paloma_m2d2_s2orc,1.2574207135765996
135m-g054-control,paloma_m2d2_wikipedia,1.1694474245196729
135m-g054-control,paloma_manosphere,1.461901758826008
135m-g054-control,paloma_mc4_en,1.1872071256769439
135m-g054-control,paloma_programming,2.0851970088031777
135m-g054-control,paloma_ptb,1.340256808705675
135m-g054-control,paloma_reddit_100,1.3225022680244103
135m-g054-control,paloma_redpajama,1.5384072613967226
135m-g054-control,paloma_twitteraae,2.5857828676865573
135m-g054-control,paloma_wikitext_103,1.1809446417843552
135m-g054-ai-r0.0025,c4,1.0742476695110286
135m-g054-ai-r0.0025,cosmopedia,0.7860644012108905
135m-g054-ai-r0.0025,fw22,1.0620295455916413
135m-g054-ai-r0.0025,fw26,0.9501590299308976
135m-g054-ai-r0.0025,fw26_ai,0.7855385724827206
135m-g054-ai-r0.0025,fw26_human,0.994981127554346
135m-g054-ai-r0.0025,paloma,1.4567279562957942
135m-g054-ai-r0.0025,paloma_4chan,1.443258908601681
135m-g054-ai-r0.0025,paloma_c4,1.092598836192294
135m-g054-ai-r0.0025,paloma_c4_100_domains,1.0831942962504513
135m-g054-ai-r0.0025,paloma_dolma,1.356375931456786
135m-g054-ai-r0.0025,paloma_falcon_refinedweb,1.1904853553241932
135m-g054-ai-r0.0025,paloma_gab,2.0094731934842573
135m-g054-ai-r0.0025,paloma_m2d2_s2orc,1.255681322378245
135m-g054-ai-r0.0025,paloma_m2d2_wikipedia,1.1698572105053202
135m-g054-ai-r0.0025,paloma_manosphere,1.4673624405497527
135m-g054-ai-r0.0025,paloma_mc4_en,1.188142233447873
135m-g054-ai-r0.0025,paloma_programming,2.080164885711537
135m-g054-ai-r0.0025,paloma_ptb,1.3385629449102259
135m-g054-ai-r0.0025,paloma_reddit_100,1.3194034805906003
135m-g054-ai-r0.0025,paloma_redpajama,1.5356288947675731
135m-g054-ai-r0.0025,paloma_twitteraae,2.5881949760776575
135m-g054-ai-r0.0025,paloma_wikitext_103,1.1892623904842612
135m-g054-ai-r0.005,c4,1.0730099564369224
135m-g054-ai-r0.005,cosmopedia,0.7805934828010602
135m-g054-ai-r0.005,fw22,1.060786465169702
135m-g054-ai-r0.005,fw26,0.9481272389187213
135m-g054-ai-r0.005,fw26_ai,0.7802841423844091
135m-g054-ai-r0.005,fw26_human,0.9938085836048144
135m-g054-ai-r0.005,paloma,1.455869313314962
135m-g054-ai-r0.005,paloma_4chan,1.4720633546319326
135m-g054-ai-r0.005,paloma_c4,1.091365485439665
135m-g054-ai-r0.005,paloma_c4_100_domains,1.0821809710746888
135m-g054-ai-r0.005,paloma_dolma,1.3544618944291311
135m-g054-ai-r0.005,paloma_falcon_refinedweb,1.189735872793632
135m-g054-ai-r0.005,paloma_gab,2.012827852247853
135m-g054-ai-r0.005,paloma_m2d2_s2orc,1.2570153294790423
135m-g054-ai-r0.005,paloma_m2d2_wikipedia,1.1683860437654052
135m-g054-ai-r0.005,paloma_manosphere,1.4623462906519284
135m-g054-ai-r0.005,paloma_mc4_en,1.1850447006255351
135m-g054-ai-r0.005,paloma_programming,2.064803917820777
135m-g054-ai-r0.005,paloma_ptb,1.3388874745643495
135m-g054-ai-r0.005,paloma_reddit_100,1.321512550521145
135m-g054-ai-r0.005,paloma_redpajama,1.5270874727877033
135m-g054-ai-r0.005,paloma_twitteraae,2.5846647640066482
135m-g054-ai-r0.005,paloma_wikitext_103,1.1815250381999565
135m-g054-ai-r0.01,c4,1.0738354834256072
135m-g054-ai-r0.01,cosmopedia,0.7770332998964413
135m-g054-ai-r0.01,fw22,1.061587029656
135m-g054-ai-r0.01,fw26,0.9477907200822823
135m-g054-ai-r0.01,fw26_ai,0.7761068396241285
135m-g054-ai-r0.01,fw26_human,0.9945139074485632
135m-g054-ai-r0.01,paloma,1.456386403792714
135m-g054-ai-r0.01,paloma_4chan,1.4545748941483185
135m-g054-ai-r0.01,paloma_c4,1.092085777599318
135m-g054-ai-r0.01,paloma_c4_100_domains,1.0830026467067895
135m-g054-ai-r0.01,paloma_dolma,1.354840627246138
135m-g054-ai-r0.01,paloma_falcon_refinedweb,1.1905283775746576
135m-g054-ai-r0.01,paloma_gab,2.0109907265798
135m-g054-ai-r0.01,paloma_m2d2_s2orc,1.2554945708326688
135m-g054-ai-r0.01,paloma_m2d2_wikipedia,1.16736654354573
135m-g054-ai-r0.01,paloma_manosphere,1.4625988880000595
135m-g054-ai-r0.01,paloma_mc4_en,1.1870569780825977
135m-g054-ai-r0.01,paloma_programming,2.0739412784930824
135m-g054-ai-r0.01,paloma_ptb,1.3445467405760987
135m-g054-ai-r0.01,paloma_reddit_100,1.3196164178338434
135m-g054-ai-r0.01,paloma_redpajama,1.5355618256795651
135m-g054-ai-r0.01,paloma_twitteraae,2.585435988832079
135m-g054-ai-r0.01,paloma_wikitext_103,1.1845401789526766
135m-g054-ai-r0.025,c4,1.0734465888532678
135m-g054-ai-r0.025,cosmopedia,0.7652514679429898
135m-g054-ai-r0.025,fw22,1.061109670743458
135m-g054-ai-r0.025,fw26,0.9445813249324472
135m-g054-ai-r0.025,fw26_ai,0.7632518833141165
135m-g054-ai-r0.025,fw26_human,0.9939099687126919
135m-g054-ai-r0.025,paloma,1.458611043278303
135m-g054-ai-r0.025,paloma_4chan,1.4657024070520526
135m-g054-ai-r0.025,paloma_c4,1.0919957317338538
135m-g054-ai-r0.025,paloma_c4_100_domains,1.0828022583284933
135m-g054-ai-r0.025,paloma_dolma,1.3565352743190175
135m-g054-ai-r0.025,paloma_falcon_refinedweb,1.1907844997590518
135m-g054-ai-r0.025,paloma_gab,2.017206823167727
135m-g054-ai-r0.025,paloma_m2d2_s2orc,1.2560913562515197
135m-g054-ai-r0.025,paloma_m2d2_wikipedia,1.1699241562635154
135m-g054-ai-r0.025,paloma_manosphere,1.4656648256149116
135m-g054-ai-r0.025,paloma_mc4_en,1.1882541863140734
135m-g054-ai-r0.025,paloma_programming,2.0836035031874114
135m-g054-ai-r0.025,paloma_ptb,1.3393789067944801
135m-g054-ai-r0.025,paloma_reddit_100,1.325580654313403
135m-g054-ai-r0.025,paloma_redpajama,1.5370440376257872
135m-g054-ai-r0.025,paloma_twitteraae,2.5847762491884527
135m-g054-ai-r0.025,paloma_wikitext_103,1.1824318225390973
135m-g054-ai-r0.05,c4,1.0722690015837495
135m-g054-ai-r0.05,cosmopedia,0.7556565249098716
135m-g054-ai-r0.05,fw22,1.05983953599645
135m-g054-ai-r0.05,fw26,0.9404380617535015
135m-g054-ai-r0.05,fw26_ai,0.7492865925422831
135m-g054-ai-r0.05,fw26_human,0.9924305580782947
135m-g054-ai-r0.05,paloma,1.4607697766386174
135m-g054-ai-r0.05,paloma_4chan,1.475138004969235
135m-g054-ai-r0.05,paloma_c4,1.0907753130696738
135m-g054-ai-r0.05,paloma_c4_100_domains,1.0819423331271163
135m-g054-ai-r0.05,paloma_dolma,1.3600774392184916
135m-g054-ai-r0.05,paloma_falcon_refinedweb,1.1902690689907738
135m-g054-ai-r0.05,paloma_gab,2.017586746609333
135m-g054-ai-r0.05,paloma_m2d2_s2orc,1.2566031032905254
135m-g054-ai-r0.05,paloma_m2d2_wikipedia,1.1682027714306489
135m-g054-ai-r0.05,paloma_manosphere,1.4688638344439298
135m-g054-ai-r0.05,paloma_mc4_en,1.184974430070929
135m-g054-ai-r0.05,paloma_programming,2.097487984321405
135m-g054-ai-r0.05,paloma_ptb,1.3486230117755316
135m-g054-ai-r0.05,paloma_reddit_100,1.3249632649353622
135m-g054-ai-r0.05,paloma_redpajama,1.5401385166721993
135m-g054-ai-r0.05,paloma_twitteraae,2.5856870597991106
135m-g054-ai-r0.05,paloma_wikitext_103,1.180983543493615
135m-g054-ai-r0.1,c4,1.070598306469524
135m-g054-ai-r0.1,cosmopedia,0.7364697280730057
135m-g054-ai-r0.1,fw22,1.0580100322945745
135m-g054-ai-r0.1,fw26,0.9348972865270782
135m-g054-ai-r0.1,fw26_ai,0.7316228425233341
135m-g054-ai-r0.1,fw26_human,0.9901635120565474
135m-g054-ai-r0.1,paloma,1.4570273676767824
135m-g054-ai-r0.1,paloma_4chan,1.4488370138031375
135m-g054-ai-r0.1,paloma_c4,1.0902316546480397
135m-g054-ai-r0.1,paloma_c4_100_domains,1.0812670207421073
135m-g054-ai-r0.1,paloma_dolma,1.3557986506214716
135m-g054-ai-r0.1,paloma_falcon_refinedweb,1.1891212361347114
135m-g054-ai-r0.1,paloma_gab,2.017451719221233
135m-g054-ai-r0.1,paloma_m2d2_s2orc,1.2613598050915054
135m-g054-ai-r0.1,paloma_m2d2_wikipedia,1.1718048585861431
135m-g054-ai-r0.1,paloma_manosphere,1.4655696260076405
135m-g054-ai-r0.1,paloma_mc4_en,1.186588252721022
135m-g054-ai-r0.1,paloma_programming,2.067028001551436
135m-g054-ai-r0.1,paloma_ptb,1.3467932013210444
135m-g054-ai-r0.1,paloma_reddit_100,1.3220383431319633
135m-g054-ai-r0.1,paloma_redpajama,1.5333224801153473
135m-g054-ai-r0.1,paloma_twitteraae,2.5909180235803864
135m-g054-ai-r0.1,paloma_wikitext_103,1.1843079955513305
135m-g054-ai-r0.25,c4,1.065654007791742
135m-g054-ai-r0.25,cosmopedia,0.7076946862948887
135m-g054-ai-r0.25,fw22,1.0524976765792817
135m-g054-ai-r0.25,fw26,0.9234819165433068
135m-g054-ai-r0.25,fw26_ai,0.699099958446518
135m-g054-ai-r0.25,fw26_human,0.9844107451092925
135m-g054-ai-r0.25,paloma,1.4496629407299606
135m-g054-ai-r0.25,paloma_4chan,1.4272699837820222
135m-g054-ai-r0.25,paloma_c4,1.0849096568244556
135m-g054-ai-r0.25,paloma_c4_100_domains,1.0763035322385335
135m-g054-ai-r0.25,paloma_dolma,1.3473721429250478
135m-g054-ai-r0.25,paloma_falcon_refinedweb,1.1841374463996504
135m-g054-ai-r0.25,paloma_gab,2.015398940895546
135m-g054-ai-r0.25,paloma_m2d2_s2orc,1.2518717526330865
135m-g054-ai-r0.25,paloma_m2d2_wikipedia,1.1655987481042724
135m-g054-ai-r0.25,paloma_manosphere,1.4573424668478658
135m-g054-ai-r0.25,paloma_mc4_en,1.1788513798983373
135m-g054-ai-r0.25,paloma_programming,2.0638300663606755
135m-g054-ai-r0.25,paloma_ptb,1.3370459781102417
135m-g054-ai-r0.25,paloma_reddit_100,1.318099782757403
135m-g054-ai-r0.25,paloma_redpajama,1.5159776672124692
135m-g054-ai-r0.25,paloma_twitteraae,2.591233629304706
135m-g054-ai-r0.25,paloma_wikitext_103,1.1793638773850572
135m-g054-ai-r0.5,c4,1.06092213127522
135m-g054-ai-r0.5,cosmopedia,0.6822263593051513
135m-g054-ai-r0.5,fw22,1.0473444143506156
135m-g054-ai-r0.5,fw26,0.9129915613849116
135m-g054-ai-r0.5,fw26_ai,0.6702081897173983
135m-g054-ai-r0.5,fw26_human,0.9788899203260052
135m-g054-ai-r0.5,paloma,1.4479503166114696
135m-g054-ai-r0.5,paloma_4chan,1.4433126853011375
135m-g054-ai-r0.5,paloma_c4,1.0802783601813464
135m-g054-ai-r0.5,paloma_c4_100_domains,1.0722642991357991
135m-g054-ai-r0.5,paloma_dolma,1.3454341493295996
135m-g054-ai-r0.5,paloma_falcon_refinedweb,1.1800599543091634
135m-g054-ai-r0.5,paloma_gab,2.011769028917018
135m-g054-ai-r0.5,paloma_m2d2_s2orc,1.24813046224478
135m-g054-ai-r0.5,paloma_m2d2_wikipedia,1.1583044604286628
135m-g054-ai-r0.5,paloma_manosphere,1.4600241559810656
135m-g054-ai-r0.5,paloma_mc4_en,1.1746381286556338
135m-g054-ai-r0.5,paloma_programming,2.0627311153197327
135m-g054-ai-r0.5,paloma_ptb,1.3333902196426382
135m-g054-ai-r0.5,paloma_reddit_100,1.312736835969356
135m-g054-ai-r0.5,paloma_redpajama,1.5173406395819988
135m-g054-ai-r0.5,paloma_twitteraae,2.5946891785995283
135m-g054-ai-r0.5,paloma_wikitext_103,1.1721013921860512
135m-g054-ai-r1,c4,1.0555010091084644
135m-g054-ai-r1,cosmopedia,0.6563731591018602
135m-g054-ai-r1,fw22,1.0411829751590773
135m-g054-ai-r1,fw26,0.9018009049103295
135m-g054-ai-r1,fw26_ai,0.640116362156747
135m-g054-ai-r1,fw26_human,0.9727678497589837
135m-g054-ai-r1,paloma,1.448884100173899
135m-g054-ai-r1,paloma_4chan,1.445717755154445
135m-g054-ai-r1,paloma_c4,1.0751948086012364
135m-g054-ai-r1,paloma_c4_100_domains,1.0677542866681207
135m-g054-ai-r1,paloma_dolma,1.3459077322150421
135m-g054-ai-r1,paloma_falcon_refinedweb,1.1752448231736285
135m-g054-ai-r1,paloma_gab,2.0123683557905947
135m-g054-ai-r1,paloma_m2d2_s2orc,1.244924132414925
135m-g054-ai-r1,paloma_m2d2_wikipedia,1.1565169022904094
135m-g054-ai-r1,paloma_manosphere,1.461902479496021
135m-g054-ai-r1,paloma_mc4_en,1.170301630990514
135m-g054-ai-r1,paloma_programming,2.099042507429936
135m-g054-ai-r1,paloma_ptb,1.3259415860387804
135m-g054-ai-r1,paloma_reddit_100,1.309307383215942
135m-g054-ai-r1,paloma_redpajama,1.5251808735576262
135m-g054-ai-r1,paloma_twitteraae,2.60072913630321
135m-g054-ai-r1,paloma_wikitext_103,1.1661112094419561
135m-g054-ai-r2,c4,1.0512383247992207
135m-g054-ai-r2,cosmopedia,0.6318585931665762
135m-g054-ai-r2,fw22,1.0360387060696028
135m-g054-ai-r2,fw26,0.89149476381422
135m-g054-ai-r2,fw26_ai,0.6108039688621402
135m-g054-ai-r2,fw26_human,0.9675894769395907
135m-g054-ai-r2,paloma,1.450474720395083
135m-g054-ai-r2,paloma_4chan,1.453735995327763
135m-g054-ai-r2,paloma_c4,1.0715714490684098
135m-g054-ai-r2,paloma_c4_100_domains,1.064520944882894
135m-g054-ai-r2,paloma_dolma,1.340336972581045
135m-g054-ai-r2,paloma_falcon_refinedweb,1.1725541426973745
135m-g054-ai-r2,paloma_gab,2.03167455983979
135m-g054-ai-r2,paloma_m2d2_s2orc,1.2447193871293392
135m-g054-ai-r2,paloma_m2d2_wikipedia,1.1549547956298014
135m-g054-ai-r2,paloma_manosphere,1.473572823011739
135m-g054-ai-r2,paloma_mc4_en,1.1676011005803104
135m-g054-ai-r2,paloma_programming,2.079260945194018
135m-g054-ai-r2,paloma_ptb,1.3322594546901927
135m-g054-ai-r2,paloma_reddit_100,1.3147429518802967
135m-g054-ai-r2,paloma_redpajama,1.5215774508142563
135m-g054-ai-r2,paloma_twitteraae,2.6258244721475816
135m-g054-ai-r2,paloma_wikitext_103,1.1586880808465156
135m-g054-ai-r4,c4,1.0516980660924613
135m-g054-ai-r4,cosmopedia,0.609498274093087
135m-g054-ai-r4,fw22,1.036153915206994
135m-g054-ai-r4,fw26,0.8868151391908711
135m-g054-ai-r4,fw26_ai,0.5882745313394395
135m-g054-ai-r4,fw26_human,0.9677173554722939
135m-g054-ai-r4,paloma,1.462221516194707
135m-g054-ai-r4,paloma_4chan,1.4714286258015241
135m-g054-ai-r4,paloma_c4,1.072367277824649
135m-g054-ai-r4,paloma_c4_100_domains,1.0664129380289646
135m-g054-ai-r4,paloma_dolma,1.3518406437611334
135m-g054-ai-r4,paloma_falcon_refinedweb,1.17479970157143
135m-g054-ai-r4,paloma_gab,2.047137297864646
135m-g054-ai-r4,paloma_m2d2_s2orc,1.2485334878557428
135m-g054-ai-r4,paloma_m2d2_wikipedia,1.1584179736714515
135m-g054-ai-r4,paloma_manosphere,1.4823178454861123
135m-g054-ai-r4,paloma_mc4_en,1.1699257137628347
135m-g054-ai-r4,paloma_programming,2.1295253871834685
135m-g054-ai-r4,paloma_ptb,1.3453268550574153
135m-g054-ai-r4,paloma_reddit_100,1.3122761300157615
135m-g054-ai-r4,paloma_redpajama,1.5412054187096513
135m-g054-ai-r4,paloma_twitteraae,2.6570366929417117
135m-g054-ai-r4,paloma_wikitext_103,1.166992269578817
135m-g054-ai-r8,c4,1.0536283096076529
135m-g054-ai-r8,cosmopedia,0.6015419059411102
135m-g054-ai-r8,fw22,1.0376634167689653
135m-g054-ai-r8,fw26,0.8844494930593343
135m-g054-ai-r8,fw26_ai,0.5709335066647152
135m-g054-ai-r8,fw26_human,0.9693690137934358
135m-g054-ai-r8,paloma,1.4782836523861063
135m-g054-ai-r8,paloma_4chan,1.4727194825355983
135m-g054-ai-r8,paloma_c4,1.0755578066507683
135m-g054-ai-r8,paloma_c4_100_domains,1.0704537591965544
135m-g054-ai-r8,paloma_dolma,1.3672818386654697
135m-g054-ai-r8,paloma_falcon_refinedweb,1.1816265165823874
135m-g054-ai-r8,paloma_gab,2.0832517839697284
135m-g054-ai-r8,paloma_m2d2_s2orc,1.2630148740088596
135m-g054-ai-r8,paloma_m2d2_wikipedia,1.1664575919564282
135m-g054-ai-r8,paloma_manosphere,1.5054444192614835
135m-g054-ai-r8,paloma_mc4_en,1.175337588395397
135m-g054-ai-r8,paloma_programming,2.163448065945748
135m-g054-ai-r8,paloma_ptb,1.3612005728172765
135m-g054-ai-r8,paloma_reddit_100,1.3283638692001796
135m-g054-ai-r8,paloma_redpajama,1.559955194707553
135m-g054-ai-r8,paloma_twitteraae,2.7006026224913926
135m-g054-ai-r8,paloma_wikitext_103,1.1778224517928757
135m-g054-ai-r16,c4,1.0573682260806607
135m-g054-ai-r16,cosmopedia,0.5949794819432853
135m-g054-ai-r16,fw22,1.0411644554199948
135m-g054-ai-r16,fw26,0.8847536531102197
135m-g054-ai-r16,fw26_ai,0.5589530889016101
135m-g054-ai-r16,fw26_human,0.9730342686759085
135m-g054-ai-r16,paloma,1.5054469769647054
135m-g054-ai-r16,paloma_4chan,1.5327450985986661
135m-g054-ai-r16,paloma_c4,1.0807796373078666
135m-g054-ai-r16,paloma_c4_100_domains,1.0756452828637755
135m-g054-ai-r16,paloma_dolma,1.392018606831124
135m-g054-ai-r16,paloma_falcon_refinedweb,1.1856604398432065
135m-g054-ai-r16,paloma_gab,2.102866607995839
135m-g054-ai-r16,paloma_m2d2_s2orc,1.2738438978806805
135m-g054-ai-r16,paloma_m2d2_wikipedia,1.1816658854709527
135m-g054-ai-r16,paloma_manosphere,1.533316991851713
135m-g054-ai-r16,paloma_mc4_en,1.1829575455121477
135m-g054-ai-r16,paloma_programming,2.2627401027919745
135m-g054-ai-r16,paloma_ptb,1.401854713558192
135m-g054-ai-r16,paloma_reddit_100,1.3374930254009134
135m-g054-ai-r16,paloma_redpajama,1.5969600551342755
135m-g054-ai-r16,paloma_twitteraae,2.7246389995537514
135m-g054-ai-r16,paloma_wikitext_103,1.2219647408402072
135m-g054-human-r0.0025,c4,1.073635393823721
135m-g054-human-r0.0025,cosmopedia,0.7928389618885472
135m-g054-human-r0.0025,fw22,1.0615347467385932
135m-g054-human-r0.0025,fw26,0.9507382342433576
135m-g054-human-r0.0025,fw26_ai,0.7897009878463302
135m-g054-human-r0.0025,fw26_human,0.9945863298251107
135m-g054-human-r0.0025,paloma,1.456368973666462
135m-g054-human-r0.0025,paloma_4chan,1.4542903067599406
135m-g054-human-r0.0025,paloma_c4,1.0922647167693513
135m-g054-human-r0.0025,paloma_c4_100_domains,1.0825705117488653
135m-g054-human-r0.0025,paloma_dolma,1.3545359172318108
135m-g054-human-r0.0025,paloma_falcon_refinedweb,1.190650738540622
135m-g054-human-r0.0025,paloma_gab,2.012445914452292
135m-g054-human-r0.0025,paloma_m2d2_s2orc,1.2580026792853978
135m-g054-human-r0.0025,paloma_m2d2_wikipedia,1.1708519001314133
135m-g054-human-r0.0025,paloma_manosphere,1.4654078476779548
135m-g054-human-r0.0025,paloma_mc4_en,1.1859815635323172
135m-g054-human-r0.0025,paloma_programming,2.0606694727498764
135m-g054-human-r0.0025,paloma_ptb,1.3510127493602182
135m-g054-human-r0.0025,paloma_reddit_100,1.323189867811399
135m-g054-human-r0.0025,paloma_redpajama,1.5290607400715714
135m-g054-human-r0.0025,paloma_twitteraae,2.5843460648923386
135m-g054-human-r0.0025,paloma_wikitext_103,1.1866225876480265
135m-g054-human-r0.005,c4,1.0735630328031258
135m-g054-human-r0.005,cosmopedia,0.7896335275411231
135m-g054-human-r0.005,fw22,1.061326742764368
135m-g054-human-r0.005,fw26,0.9505586706612806
135m-g054-human-r0.005,fw26_ai,0.7897418157212469
135m-g054-human-r0.005,fw26_human,0.9943232282769382
135m-g054-human-r0.005,paloma,1.4586687795762225
135m-g054-human-r0.005,paloma_4chan,1.467363385188113
135m-g054-human-r0.005,paloma_c4,1.09222148165936
135m-g054-human-r0.005,paloma_c4_100_domains,1.0828088779175251
135m-g054-human-r0.005,paloma_dolma,1.3560070806461082
135m-g054-human-r0.005,paloma_falcon_refinedweb,1.1915430234734996
135m-g054-human-r0.005,paloma_gab,2.013494206136601
135m-g054-human-r0.005,paloma_m2d2_s2orc,1.259349541439025
135m-g054-human-r0.005,paloma_m2d2_wikipedia,1.17399465831279
135m-g054-human-r0.005,paloma_manosphere,1.4683193106932364
135m-g054-human-r0.005,paloma_mc4_en,1.1865841303859552
135m-g054-human-r0.005,paloma_programming,2.067138338924346
135m-g054-human-r0.005,paloma_ptb,1.349685761108954
135m-g054-human-r0.005,paloma_reddit_100,1.322147009253331
135m-g054-human-r0.005,paloma_redpajama,1.5325344516823658
135m-g054-human-r0.005,paloma_twitteraae,2.588534819612794
135m-g054-human-r0.005,paloma_wikitext_103,1.1869743967855586
135m-g054-human-r0.01,c4,1.0740244248645736
135m-g054-human-r0.01,cosmopedia,0.7923956173668445
135m-g054-human-r0.01,fw22,1.0617483802386147
135m-g054-human-r0.01,fw26,0.9511328227697174
135m-g054-human-r0.01,fw26_ai,0.7904502363570615
135m-g054-human-r0.01,fw26_human,0.9949035478945881
135m-g054-human-r0.01,paloma,1.455940330947573
135m-g054-human-r0.01,paloma_4chan,1.4313657758356018
135m-g054-human-r0.01,paloma_c4,1.092572398798414
135m-g054-human-r0.01,paloma_c4_100_domains,1.0830590460771155
135m-g054-human-r0.01,paloma_dolma,1.3569321663944365
135m-g054-human-r0.01,paloma_falcon_refinedweb,1.1908663126842278
135m-g054-human-r0.01,paloma_gab,2.0094873834958182
135m-g054-human-r0.01,paloma_m2d2_s2orc,1.2571491440431841
135m-g054-human-r0.01,paloma_m2d2_wikipedia,1.1683426443653389
135m-g054-human-r0.01,paloma_manosphere,1.460498187168205
135m-g054-human-r0.01,paloma_mc4_en,1.1880039724218958
135m-g054-human-r0.01,paloma_programming,2.081830264192443
135m-g054-human-r0.01,paloma_ptb,1.3482049941244418
135m-g054-human-r0.01,paloma_reddit_100,1.3238158030429334
135m-g054-human-r0.01,paloma_redpajama,1.533934777244707
135m-g054-human-r0.01,paloma_twitteraae,2.585113439881046
135m-g054-human-r0.01,paloma_wikitext_103,1.1838689853913569
135m-g054-human-r0.025,c4,1.0730116912459455
135m-g054-human-r0.025,cosmopedia,0.7951774454497
135m-g054-human-r0.025,fw22,1.0606111496004649
135m-g054-human-r0.025,fw26,0.9497466181741594
135m-g054-human-r0.025,fw26_ai,0.7886446350349632
135m-g054-human-r0.025,fw26_human,0.9936201354165397
135m-g054-human-r0.025,paloma,1.4537737392607717
135m-g054-human-r0.025,paloma_4chan,1.443048008146843
135m-g054-human-r0.025,paloma_c4,1.0909740297379424
135m-g054-human-r0.025,paloma_c4_100_domains,1.0813595551970145
135m-g054-human-r0.025,paloma_dolma,1.3526464319708789
135m-g054-human-r0.025,paloma_falcon_refinedweb,1.1890980102095021
135m-g054-human-r0.025,paloma_gab,2.008228669228879
135m-g054-human-r0.025,paloma_m2d2_s2orc,1.2511454656246406
135m-g054-human-r0.025,paloma_m2d2_wikipedia,1.1660272305434496
135m-g054-human-r0.025,paloma_manosphere,1.4653836060985352
135m-g054-human-r0.025,paloma_mc4_en,1.184759758285946
135m-g054-human-r0.025,paloma_programming,2.0768824405758317
135m-g054-human-r0.025,paloma_ptb,1.3358839048282938
135m-g054-human-r0.025,paloma_reddit_100,1.3210429708288833
135m-g054-human-r0.025,paloma_redpajama,1.5296896095547414
135m-g054-human-r0.025,paloma_twitteraae,2.582145725352679
135m-g054-human-r0.025,paloma_wikitext_103,1.1820644119882884
135m-g054-human-r0.05,c4,1.0717317827961745
135m-g054-human-r0.05,cosmopedia,0.7848429783311469
135m-g054-human-r0.05,fw22,1.059419599880228
135m-g054-human-r0.05,fw26,0.9485718787121938
135m-g054-human-r0.05,fw26_ai,0.7872752768282396
135m-g054-human-r0.05,fw26_human,0.9924804803110978
135m-g054-human-r0.05,paloma,1.4529542256813879
135m-g054-human-r0.05,paloma_4chan,1.4382750318787998
135m-g054-human-r0.05,paloma_c4,1.090032639001085
135m-g054-human-r0.05,paloma_c4_100_domains,1.08049345369252
135m-g054-human-r0.05,paloma_dolma,1.3511460633830898
135m-g054-human-r0.05,paloma_falcon_refinedweb,1.1893167116976515
135m-g054-human-r0.05,paloma_gab,2.0121317944335746
135m-g054-human-r0.05,paloma_m2d2_s2orc,1.2537602362812312
135m-g054-human-r0.05,paloma_m2d2_wikipedia,1.1668249222475142
135m-g054-human-r0.05,paloma_manosphere,1.4580900053990766
135m-g054-human-r0.05,paloma_mc4_en,1.1834164023478801
135m-g054-human-r0.05,paloma_programming,2.0715621088239375
135m-g054-human-r0.05,paloma_ptb,1.3415633852229816
135m-g054-human-r0.05,paloma_reddit_100,1.3195500752500733
135m-g054-human-r0.05,paloma_redpajama,1.5300674623889228
135m-g054-human-r0.05,paloma_twitteraae,2.580034851009862
135m-g054-human-r0.05,paloma_wikitext_103,1.181002467844008
135m-g054-human-r8,c4,0.9800033193650417
135m-g054-human-r8,cosmopedia,0.6873293107635217
135m-g054-human-r8,fw22,0.9631486784834181
135m-g054-human-r8,fw26,0.8506616631367172
135m-g054-human-r8,fw26_ai,0.6870679265529586
135m-g054-human-r8,fw26_human,0.8951073200885057
135m-g054-human-r8,paloma,1.3646282722877145
135m-g054-human-r8,paloma_4chan,1.4432985198922315
135m-g054-human-r8,paloma_c4,1.000222397359531
135m-g054-human-r8,paloma_c4_100_domains,0.9801205434514506
135m-g054-human-r8,paloma_dolma,1.2567823654913315
135m-g054-human-r8,paloma_falcon_refinedweb,1.0983095899852402
135m-g054-human-r8,paloma_gab,1.8771935101366906
135m-g054-human-r8,paloma_m2d2_s2orc,1.1742925423529544
135m-g054-human-r8,paloma_m2d2_wikipedia,1.0907468602051378
135m-g054-human-r8,paloma_manosphere,1.3841242385362986
135m-g054-human-r8,paloma_mc4_en,1.0897670758629747
135m-g054-human-r8,paloma_programming,2.0063571820676227
135m-g054-human-r8,paloma_ptb,1.2260286715901811
135m-g054-human-r8,paloma_reddit_100,1.2367307858141152
135m-g054-human-r8,paloma_redpajama,1.428192038343722
135m-g054-human-r8,paloma_twitteraae,2.4771151992614167
135m-g054-human-r8,paloma_wikitext_103,1.0647708362525337
135m-g055-control,c4,1.0718417765742778
135m-g055-control,cosmopedia,0.7894580753776558
135m-g055-control,fw22,1.0594583722812099
135m-g055-control,fw26,0.9482414075889121
135m-g055-control,fw26_ai,0.7866397760079172
135m-g055-control,fw26_human,0.9922293926878727
135m-g055-control,paloma,1.454185223406125
135m-g055-control,paloma_4chan,1.4666150007039003
135m-g055-control,paloma_c4,1.0908148864469351
135m-g055-control,paloma_c4_100_domains,1.0807719141770484
135m-g055-control,paloma_dolma,1.3495944681384575
135m-g055-control,paloma_falcon_refinedweb,1.1895345860153654
135m-g055-control,paloma_gab,2.012344656141666
135m-g055-control,paloma_m2d2_s2orc,1.2562393684123285
135m-g055-control,paloma_m2d2_wikipedia,1.1690026036515189
135m-g055-control,paloma_manosphere,1.4649129268590209
135m-g055-control,paloma_mc4_en,1.1840674794661283
135m-g055-control,paloma_programming,2.0525705510449477
135m-g055-control,paloma_ptb,1.3364806661165258
135m-g055-control,paloma_reddit_100,1.3225608991897033
135m-g055-control,paloma_redpajama,1.5261004592305176
135m-g055-control,paloma_twitteraae,2.575122566534833
135m-g055-control,paloma_wikitext_103,1.1902305423690995
135m-g055-ai-r0.025,c4,1.0715450549015315
135m-g055-ai-r0.025,cosmopedia,0.7648523583860749
135m-g055-ai-r0.025,fw22,1.0591886088850548
135m-g055-ai-r0.025,fw26,0.9423389923452792
135m-g055-ai-r0.025,fw26_ai,0.7614669428059035
135m-g055-ai-r0.025,fw26_human,0.9915493218939512
135m-g055-ai-r0.025,paloma,1.4598176488402361
135m-g055-ai-r0.025,paloma_4chan,1.4843614931728448
135m-g055-ai-r0.025,paloma_c4,1.092398565843088
135m-g055-ai-r0.025,paloma_c4_100_domains,1.0818560260061956
135m-g055-ai-r0.025,paloma_dolma,1.3553985858624549
135m-g055-ai-r0.025,paloma_falcon_refinedweb,1.192993642833801
135m-g055-ai-r0.025,paloma_gab,2.010215159761052
135m-g055-ai-r0.025,paloma_m2d2_s2orc,1.2697007154681956
135m-g055-ai-r0.025,paloma_m2d2_wikipedia,1.180642880240044
135m-g055-ai-r0.025,paloma_manosphere,1.4746175272266429
135m-g055-ai-r0.025,paloma_mc4_en,1.186798866425468
135m-g055-ai-r0.025,paloma_programming,2.0560003183914013
135m-g055-ai-r0.025,paloma_ptb,1.3510485685701534
135m-g055-ai-r0.025,paloma_reddit_100,1.322230674166053
135m-g055-ai-r0.025,paloma_redpajama,1.5335654330845974
135m-g055-ai-r0.025,paloma_twitteraae,2.5717241773332247
135m-g055-ai-r0.025,paloma_wikitext_103,1.193529747058561
135m-g055-ai-r0.05,c4,1.0701635447047124
135m-g055-ai-r0.05,cosmopedia,0.7492315701905702
135m-g055-ai-r0.05,fw22,1.057643343784918
135m-g055-ai-r0.05,fw26,0.9380128365181547
135m-g055-ai-r0.05,fw26_ai,0.7472835010507077
135m-g055-ai-r0.05,fw26_human,0.9898711992542564
135m-g055-ai-r0.05,paloma,1.454689326661912
135m-g055-ai-r0.05,paloma_4chan,1.46291235087263
135m-g055-ai-r0.05,paloma_c4,1.08992947514525
135m-g055-ai-r0.05,paloma_c4_100_domains,1.0799370496234444
135m-g055-ai-r0.05,paloma_dolma,1.3526636704567396
135m-g055-ai-r0.05,paloma_falcon_refinedweb,1.1898436739070324
135m-g055-ai-r0.05,paloma_gab,2.0131768161924355
135m-g055-ai-r0.05,paloma_m2d2_s2orc,1.2591953539669385
135m-g055-ai-r0.05,paloma_m2d2_wikipedia,1.1707614151777517
135m-g055-ai-r0.05,paloma_manosphere,1.4723132638468246
135m-g055-ai-r0.05,paloma_mc4_en,1.1840702482994496
135m-g055-ai-r0.05,paloma_programming,2.0557641855049273
135m-g055-ai-r0.05,paloma_ptb,1.33530871118713
135m-g055-ai-r0.05,paloma_reddit_100,1.3216470931148954
135m-g055-ai-r0.05,paloma_redpajama,1.531063759054225
135m-g055-ai-r0.05,paloma_twitteraae,2.572558437697957
135m-g055-ai-r0.05,paloma_wikitext_103,1.1838837225429624
135m-g055-human-r0.025,c4,1.0707950809194444
135m-g055-human-r0.025,cosmopedia,0.788520252412856
135m-g055-human-r0.025,fw22,1.0584127213138992
135m-g055-human-r0.025,fw26,0.9473092636648
135m-g055-human-r0.025,fw26_ai,0.7859540410714312
135m-g055-human-r0.025,fw26_human,0.9912323884191385
135m-g055-human-r0.025,paloma,1.4521206987420796
135m-g055-human-r0.025,paloma_4chan,1.4719420122084332
135m-g055-human-r0.025,paloma_c4,1.0902407436000892
135m-g055-human-r0.025,paloma_c4_100_domains,1.0797047852876744
135m-g055-human-r0.025,paloma_dolma,1.345880290889163
135m-g055-human-r0.025,paloma_falcon_refinedweb,1.1889979546016303
135m-g055-human-r0.025,paloma_gab,2.0101610592389596
135m-g055-human-r0.025,paloma_m2d2_s2orc,1.256633893435366
135m-g055-human-r0.025,paloma_m2d2_wikipedia,1.1710182096205064
135m-g055-human-r0.025,paloma_manosphere,1.4672252268352748
135m-g055-human-r0.025,paloma_mc4_en,1.182720393821077
135m-g055-human-r0.025,paloma_programming,2.0318133214296394
135m-g055-human-r0.025,paloma_ptb,1.3407299013875467
135m-g055-human-r0.025,paloma_reddit_100,1.321297152108747
135m-g055-human-r0.025,paloma_redpajama,1.519642757039151
135m-g055-human-r0.025,paloma_twitteraae,2.5702825976074113
135m-g055-human-r0.025,paloma_wikitext_103,1.1856408807626047
135m-g055-human-r0.05,c4,1.0692704780090616
135m-g055-human-r0.05,cosmopedia,0.787630379970998
135m-g055-human-r0.05,fw22,1.056860168201526
135m-g055-human-r0.05,fw26,0.945659319938602
135m-g055-human-r0.05,fw26_ai,0.7843518958497642
135m-g055-human-r0.05,fw26_human,0.9895992486529231
135m-g055-human-r0.05,paloma,1.4516936768459519
135m-g055-human-r0.05,paloma_4chan,1.4606240569623192
135m-g055-human-r0.05,paloma_c4,1.088804124025115
135m-g055-human-r0.05,paloma_c4_100_domains,1.077980400211038
135m-g055-human-r0.05,paloma_dolma,1.3466546799360917
135m-g055-human-r0.05,paloma_falcon_refinedweb,1.1874996484524898
135m-g055-human-r0.05,paloma_gab,2.0088552886543343
135m-g055-human-r0.05,paloma_m2d2_s2orc,1.2550933305783143
135m-g055-human-r0.05,paloma_m2d2_wikipedia,1.1687252626777618
135m-g055-human-r0.05,paloma_manosphere,1.461335010390657
135m-g055-human-r0.05,paloma_mc4_en,1.1819234144104391
135m-g055-human-r0.05,paloma_programming,2.0462756682147916
135m-g055-human-r0.05,paloma_ptb,1.346379440813363
135m-g055-human-r0.05,paloma_reddit_100,1.3198621659879306
135m-g055-human-r0.05,paloma_redpajama,1.5216924675293395
135m-g055-human-r0.05,paloma_twitteraae,2.5680311472290254
135m-g055-human-r0.05,paloma_wikitext_103,1.1873627234622222
135m-g056-control,c4,1.0756575629675753
135m-g056-control,cosmopedia,0.7898073110328533
135m-g056-control,fw22,1.0634820497753181
135m-g056-control,fw26,0.9525442170151027
135m-g056-control,fw26_ai,0.791744089278801
135m-g056-control,fw26_human,0.9963408273238984
135m-g056-control,paloma,1.4586614883464184
135m-g056-control,paloma_4chan,1.4779542480651375
135m-g056-control,paloma_c4,1.094876510265387
135m-g056-control,paloma_c4_100_domains,1.0850490398352082
135m-g056-control,paloma_dolma,1.3555899802928904
135m-g056-control,paloma_falcon_refinedweb,1.1926882090471695
135m-g056-control,paloma_gab,2.0200242678593985
135m-g056-control,paloma_m2d2_s2orc,1.2583029698945667
135m-g056-control,paloma_m2d2_wikipedia,1.1734332189573353
135m-g056-control,paloma_manosphere,1.4639930014629083
135m-g056-control,paloma_mc4_en,1.1891999224076668
135m-g056-control,paloma_programming,2.0616399173442645
135m-g056-control,paloma_ptb,1.3414600437715707
135m-g056-control,paloma_reddit_100,1.3244806182352318
135m-g056-control,paloma_redpajama,1.5290466805693366
135m-g056-control,paloma_twitteraae,2.5809946848509915
135m-g056-control,paloma_wikitext_103,1.1898505006836317
135m-g056-ai-r0.025,c4,1.0743827991616495
135m-g056-ai-r0.025,cosmopedia,0.7676803187704025
135m-g056-ai-r0.025,fw22,1.062020585430591
135m-g056-ai-r0.025,fw26,0.9454924790290268
135m-g056-ai-r0.025,fw26_ai,0.7652603751651946
135m-g056-ai-r0.025,fw26_human,0.994556147366822
135m-g056-ai-r0.025,paloma,1.4576356385034364
135m-g056-ai-r0.025,paloma_4chan,1.4738287403792554
135m-g056-ai-r0.025,paloma_c4,1.093460653538636
135m-g056-ai-r0.025,paloma_c4_100_domains,1.0835585351502768
135m-g056-ai-r0.025,paloma_dolma,1.3537887778918325
135m-g056-ai-r0.025,paloma_falcon_refinedweb,1.191196418279399
135m-g056-ai-r0.025,paloma_gab,2.020733725609446
135m-g056-ai-r0.025,paloma_m2d2_s2orc,1.260087950882988
135m-g056-ai-r0.025,paloma_m2d2_wikipedia,1.1710883937519438
135m-g056-ai-r0.025,paloma_manosphere,1.4691632242252635
135m-g056-ai-r0.025,paloma_mc4_en,1.1881552185781834
135m-g056-ai-r0.025,paloma_programming,2.0475154972064917
135m-g056-ai-r0.025,paloma_ptb,1.3382883168708877
135m-g056-ai-r0.025,paloma_reddit_100,1.3275654306903233
135m-g056-ai-r0.025,paloma_redpajama,1.527719756472617
135m-g056-ai-r0.025,paloma_twitteraae,2.580425783850535
135m-g056-ai-r0.025,paloma_wikitext_103,1.195593792676902
135m-g056-ai-r0.05,c4,1.0729473893796546
135m-g056-ai-r0.05,cosmopedia,0.757069009384948
135m-g056-ai-r0.05,fw22,1.0606270865229115
135m-g056-ai-r0.05,fw26,0.9411168591439861
135m-g056-ai-r0.05,fw26_ai,0.7509917156572501
135m-g056-ai-r0.05,fw26_human,0.9928388407187113
135m-g056-ai-r0.05,paloma,1.4583663843776735
135m-g056-ai-r0.05,paloma_4chan,1.471258646084603
135m-g056-ai-r0.05,paloma_c4,1.0920161557395665
135m-g056-ai-r0.05,paloma_c4_100_domains,1.0828800650842214
135m-g056-ai-r0.05,paloma_dolma,1.3542653829816749
135m-g056-ai-r0.05,paloma_falcon_refinedweb,1.1903122689677408
135m-g056-ai-r0.05,paloma_gab,2.0254161857850828
135m-g056-ai-r0.05,paloma_m2d2_s2orc,1.258160864482596
135m-g056-ai-r0.05,paloma_m2d2_wikipedia,1.173532661170832
135m-g056-ai-r0.05,paloma_manosphere,1.470020682580513
135m-g056-ai-r0.05,paloma_mc4_en,1.1878837657063428
135m-g056-ai-r0.05,paloma_programming,2.058596658763972
135m-g056-ai-r0.05,paloma_ptb,1.3375925981431651
135m-g056-ai-r0.05,paloma_reddit_100,1.3289872014951656
135m-g056-ai-r0.05,paloma_redpajama,1.5298407289316576
135m-g056-ai-r0.05,paloma_twitteraae,2.580824368880025
135m-g056-ai-r0.05,paloma_wikitext_103,1.1922739152456199
135m-g056-human-r0.025,c4,1.0736715648657331
135m-g056-human-r0.025,cosmopedia,0.792111447163061
135m-g056-human-r0.025,fw22,1.0614310356658005
135m-g056-human-r0.025,fw26,0.9505504464444718
135m-g056-human-r0.025,fw26_ai,0.7899406734365085
135m-g056-human-r0.025,fw26_human,0.994270180478255
135m-g056-human-r0.025,paloma,1.457032951308058
135m-g056-human-r0.025,paloma_4chan,1.4676246493850715
135m-g056-human-r0.025,paloma_c4,1.092973318746054
135m-g056-human-r0.025,paloma_c4_100_domains,1.0827400207730848
135m-g056-human-r0.025,paloma_dolma,1.3547804199752467
135m-g056-human-r0.025,paloma_falcon_refinedweb,1.1906925208779287
135m-g056-human-r0.025,paloma_gab,2.019164266644118
135m-g056-human-r0.025,paloma_m2d2_s2orc,1.2626183419763377
135m-g056-human-r0.025,paloma_m2d2_wikipedia,1.1725706337061779
135m-g056-human-r0.025,paloma_manosphere,1.468894334612699
135m-g056-human-r0.025,paloma_mc4_en,1.1868926726694806
135m-g056-human-r0.025,paloma_programming,2.0504872556238123
135m-g056-human-r0.025,paloma_ptb,1.3355265021330172
135m-g056-human-r0.025,paloma_reddit_100,1.3245354300211574
135m-g056-human-r0.025,paloma_redpajama,1.529726197115674
135m-g056-human-r0.025,paloma_twitteraae,2.5792390360240365
135m-g056-human-r0.025,paloma_wikitext_103,1.194061620645031
135m-g056-human-r0.05,c4,1.0716200283864503
135m-g056-human-r0.05,cosmopedia,0.788884502487575
135m-g056-human-r0.05,fw22,1.059439366821215
135m-g056-human-r0.05,fw26,0.9482926185748456
135m-g056-human-r0.05,fw26_ai,0.7872372269365545
135m-g056-human-r0.05,fw26_human,0.9921431077649157
135m-g056-human-r0.05,paloma,1.4561944980860302
135m-g056-human-r0.05,paloma_4chan,1.4588735846538905
135m-g056-human-r0.05,paloma_c4,1.0911172425449176
135m-g056-human-r0.05,paloma_c4_100_domains,1.080396480870801
135m-g056-human-r0.05,paloma_dolma,1.3538226858168192
135m-g056-human-r0.05,paloma_falcon_refinedweb,1.188852800031177
135m-g056-human-r0.05,paloma_gab,2.016323104404656
135m-g056-human-r0.05,paloma_m2d2_s2orc,1.25828376521027
135m-g056-human-r0.05,paloma_m2d2_wikipedia,1.1704856335960825
135m-g056-human-r0.05,paloma_manosphere,1.4652293838327661
135m-g056-human-r0.05,paloma_mc4_en,1.1870046364468276
135m-g056-human-r0.05,paloma_programming,2.060150365102254
135m-g056-human-r0.05,paloma_ptb,1.346688027324458
135m-g056-human-r0.05,paloma_reddit_100,1.3243060668108138
135m-g056-human-r0.05,paloma_redpajama,1.5293049705928596
135m-g056-human-r0.05,paloma_twitteraae,2.5741650903072752
135m-g056-human-r0.05,paloma_wikitext_103,1.1941081318306166
135m-g057-control,c4,1.0642637042963585
135m-g057-control,cosmopedia,0.7758178487869407
135m-g057-control,fw22,1.0518698314972896
135m-g057-control,fw26,0.9406734034396771
135m-g057-control,fw26_ai,0.7788212833467493
135m-g057-control,fw26_human,0.984752720426878
135m-g057-control,paloma,1.4442418258170528
135m-g057-control,paloma_4chan,1.4555261357905604
135m-g057-control,paloma_c4,1.0824133832637028
135m-g057-control,paloma_c4_100_domains,1.0721369377176622
135m-g057-control,paloma_dolma,1.3418424259704107
135m-g057-control,paloma_falcon_refinedweb,1.180578300995649
135m-g057-control,paloma_gab,1.9975532525846778
135m-g057-control,paloma_m2d2_s2orc,1.243148690485122
135m-g057-control,paloma_m2d2_wikipedia,1.1553226642914394
135m-g057-control,paloma_manosphere,1.4541435031612047
135m-g057-control,paloma_mc4_en,1.1737776602277346
135m-g057-control,paloma_programming,2.0649298548333688
135m-g057-control,paloma_ptb,1.327263133040523
135m-g057-control,paloma_reddit_100,1.312118393670233
135m-g057-control,paloma_redpajama,1.515845326996246
135m-g057-control,paloma_twitteraae,2.565647681587141
135m-g057-control,paloma_wikitext_103,1.1656218684571702
135m-g057-ai-r0.0025,c4,1.064283234630797
135m-g057-ai-r0.0025,cosmopedia,0.7755316799350453
135m-g057-ai-r0.0025,fw22,1.051662699873427
135m-g057-ai-r0.0025,fw26,0.9396779799880588
135m-g057-ai-r0.0025,fw26_ai,0.7748610911976551
135m-g057-ai-r0.0025,fw26_human,0.9845409720455222
135m-g057-ai-r0.0025,paloma,1.44098386254872
135m-g057-ai-r0.0025,paloma_4chan,1.4267569299833187
135m-g057-ai-r0.0025,paloma_c4,1.0823859842519952
135m-g057-ai-r0.0025,paloma_c4_100_domains,1.0719766073681414
135m-g057-ai-r0.0025,paloma_dolma,1.3381498436555004
135m-g057-ai-r0.0025,paloma_falcon_refinedweb,1.1806948404758613
135m-g057-ai-r0.0025,paloma_gab,2.001655589116131
135m-g057-ai-r0.0025,paloma_m2d2_s2orc,1.2424893950493066
135m-g057-ai-r0.0025,paloma_m2d2_wikipedia,1.15475045579212
135m-g057-ai-r0.0025,paloma_manosphere,1.456110818490304
135m-g057-ai-r0.0025,paloma_mc4_en,1.1738915616861472
135m-g057-ai-r0.0025,paloma_programming,2.047722779442295
135m-g057-ai-r0.0025,paloma_ptb,1.327036898290326
135m-g057-ai-r0.0025,paloma_reddit_100,1.3125342511888127
135m-g057-ai-r0.0025,paloma_redpajama,1.5094290805032313
135m-g057-ai-r0.0025,paloma_twitteraae,2.5636253808281113
135m-g057-ai-r0.0025,paloma_wikitext_103,1.1665313846579164
135m-g057-ai-r0.005,c4,1.0632777440159047
135m-g057-ai-r0.005,cosmopedia,0.7706823955896557
135m-g057-ai-r0.005,fw22,1.0507556541504486
135m-g057-ai-r0.005,fw26,0.9378124707214963
135m-g057-ai-r0.005,fw26_ai,0.7697519471286425
135m-g057-ai-r0.005,fw26_human,0.983561645981385
135m-g057-ai-r0.005,paloma,1.4432159701811815
135m-g057-ai-r0.005,paloma_4chan,1.4391101557993045
135m-g057-ai-r0.005,paloma_c4,1.0816670407150057
135m-g057-ai-r0.005,paloma_c4_100_domains,1.0713034526291818
135m-g057-ai-r0.005,paloma_dolma,1.3407326330846479
135m-g057-ai-r0.005,paloma_falcon_refinedweb,1.1800388947215805
135m-g057-ai-r0.005,paloma_gab,1.995968349309132
135m-g057-ai-r0.005,paloma_m2d2_s2orc,1.2439757887866756
135m-g057-ai-r0.005,paloma_m2d2_wikipedia,1.157486620056014
135m-g057-ai-r0.005,paloma_manosphere,1.4558893386721339
135m-g057-ai-r0.005,paloma_mc4_en,1.172998908839901
135m-g057-ai-r0.005,paloma_programming,2.0649950801571686
135m-g057-ai-r0.005,paloma_ptb,1.3267923380883715
135m-g057-ai-r0.005,paloma_reddit_100,1.3129117291919767
135m-g057-ai-r0.005,paloma_redpajama,1.5121015184680116
135m-g057-ai-r0.005,paloma_twitteraae,2.5663522975597646
135m-g057-ai-r0.005,paloma_wikitext_103,1.16913137682003
135m-g057-ai-r0.01,c4,1.0628198112434646
135m-g057-ai-r0.01,cosmopedia,0.7633407777092623
135m-g057-ai-r0.01,fw22,1.049963010228549
135m-g057-ai-r0.01,fw26,0.9358549471664821
135m-g057-ai-r0.01,fw26_ai,0.7631974847168075
135m-g057-ai-r0.01,fw26_human,0.9828665695357356
135m-g057-ai-r0.01,paloma,1.4512837676668444
135m-g057-ai-r0.01,paloma_4chan,1.5017026840397123
135m-g057-ai-r0.01,paloma_c4,1.0810650427491493
135m-g057-ai-r0.01,paloma_c4_100_domains,1.0704555156416575
135m-g057-ai-r0.01,paloma_dolma,1.3465948487810977
135m-g057-ai-r0.01,paloma_falcon_refinedweb,1.1794124702621098
135m-g057-ai-r0.01,paloma_gab,1.9975293013096773
135m-g057-ai-r0.01,paloma_m2d2_s2orc,1.2471094823285525
135m-g057-ai-r0.01,paloma_m2d2_wikipedia,1.159634273845673
135m-g057-ai-r0.01,paloma_manosphere,1.4648862402556102
135m-g057-ai-r0.01,paloma_mc4_en,1.1740808141368122
135m-g057-ai-r0.01,paloma_programming,2.0849619308038343
135m-g057-ai-r0.01,paloma_ptb,1.3333041464053832
135m-g057-ai-r0.01,paloma_reddit_100,1.3146023000785436
135m-g057-ai-r0.01,paloma_redpajama,1.5272866061402646
135m-g057-ai-r0.01,paloma_twitteraae,2.5719212540580636
135m-g057-ai-r0.01,paloma_wikitext_103,1.1659933718333662
135m-g057-ai-r0.025,c4,1.060869176171096
135m-g057-ai-r0.025,cosmopedia,0.7479691432136204
135m-g057-ai-r0.025,fw22,1.048138582647847
135m-g057-ai-r0.025,fw26,0.9311791452053709
135m-g057-ai-r0.025,fw26_ai,0.7492339574905228
135m-g057-ai-r0.025,fw26_human,0.9806396023537058
135m-g057-ai-r0.025,paloma,1.4405448728970485
135m-g057-ai-r0.025,paloma_4chan,1.444275953866555
135m-g057-ai-r0.025,paloma_c4,1.0796954562119983
135m-g057-ai-r0.025,paloma_c4_100_domains,1.0688434159090254
135m-g057-ai-r0.025,paloma_dolma,1.3372676216517139
135m-g057-ai-r0.025,paloma_falcon_refinedweb,1.1787611210848732
135m-g057-ai-r0.025,paloma_gab,1.9966594901136065
135m-g057-ai-r0.025,paloma_m2d2_s2orc,1.2437322625514924
135m-g057-ai-r0.025,paloma_m2d2_wikipedia,1.1573210841583643
135m-g057-ai-r0.025,paloma_manosphere,1.446261382936443
135m-g057-ai-r0.025,paloma_mc4_en,1.172984544055732
135m-g057-ai-r0.025,paloma_programming,2.0354032918093936
135m-g057-ai-r0.025,paloma_ptb,1.3323767234849393
135m-g057-ai-r0.025,paloma_reddit_100,1.3118809057540073
135m-g057-ai-r0.025,paloma_redpajama,1.5047473706406784
135m-g057-ai-r0.025,paloma_twitteraae,2.5730304957818566
135m-g057-ai-r0.025,paloma_wikitext_103,1.165476846342097
135m-g057-ai-r0.05,c4,1.0612287096680306
135m-g057-ai-r0.05,cosmopedia,0.7388819024020942
135m-g057-ai-r0.05,fw22,1.0483007320866802
135m-g057-ai-r0.05,fw26,0.9288125306428572
135m-g057-ai-r0.05,fw26_ai,0.7376224923085812
135m-g057-ai-r0.05,fw26_human,0.9807931961537948
135m-g057-ai-r0.05,paloma,1.444256015890118
135m-g057-ai-r0.05,paloma_4chan,1.4541062099232291
135m-g057-ai-r0.05,paloma_c4,1.0799128369058713
135m-g057-ai-r0.05,paloma_c4_100_domains,1.069650834203404
135m-g057-ai-r0.05,paloma_dolma,1.3400899445694474
135m-g057-ai-r0.05,paloma_falcon_refinedweb,1.178563141704546
135m-g057-ai-r0.05,paloma_gab,1.9968667254788295
135m-g057-ai-r0.05,paloma_m2d2_s2orc,1.2458793163783684
135m-g057-ai-r0.05,paloma_m2d2_wikipedia,1.1577516816337026
135m-g057-ai-r0.05,paloma_manosphere,1.452488992247952
135m-g057-ai-r0.05,paloma_mc4_en,1.1732888635523655
135m-g057-ai-r0.05,paloma_programming,2.0718487720109873
135m-g057-ai-r0.05,paloma_ptb,1.3311281822636984
135m-g057-ai-r0.05,paloma_reddit_100,1.3106337134859267
135m-g057-ai-r0.05,paloma_redpajama,1.5131886333822133
135m-g057-ai-r0.05,paloma_twitteraae,2.568165209729001
135m-g057-ai-r0.05,paloma_wikitext_103,1.1645331967723478
135m-g057-ai-r0.1,c4,1.0593364997083545
135m-g057-ai-r0.1,cosmopedia,0.722445685116147
135m-g057-ai-r0.1,fw22,1.0462327497811192
135m-g057-ai-r0.1,fw26,0.9231504025241144
135m-g057-ai-r0.1,fw26_ai,0.7196007026440318
135m-g057-ai-r0.1,fw26_human,0.9784208316970349
135m-g057-ai-r0.1,paloma,1.4458919013991518
135m-g057-ai-r0.1,paloma_4chan,1.4742894226014993
135m-g057-ai-r0.1,paloma_c4,1.079089993660966
135m-g057-ai-r0.1,paloma_c4_100_domains,1.068375789390548
135m-g057-ai-r0.1,paloma_dolma,1.3410929612882316
135m-g057-ai-r0.1,paloma_falcon_refinedweb,1.1780077811269483
135m-g057-ai-r0.1,paloma_gab,1.9955499559317527
135m-g057-ai-r0.1,paloma_m2d2_s2orc,1.2483125933502024
135m-g057-ai-r0.1,paloma_m2d2_wikipedia,1.1604930753622968
135m-g057-ai-r0.1,paloma_manosphere,1.4545157244501
135m-g057-ai-r0.1,paloma_mc4_en,1.1731708672965413
135m-g057-ai-r0.1,paloma_programming,2.0744584564451687
135m-g057-ai-r0.1,paloma_ptb,1.3296602149024137
135m-g057-ai-r0.1,paloma_reddit_100,1.3110626510932601
135m-g057-ai-r0.1,paloma_redpajama,1.5130635849529188
135m-g057-ai-r0.1,paloma_twitteraae,2.5706362997835424
135m-g057-ai-r0.1,paloma_wikitext_103,1.162491050750039
135m-g057-ai-r0.25,c4,1.0559487256789892
135m-g057-ai-r0.25,cosmopedia,0.6950456943393759
135m-g057-ai-r0.25,fw22,1.0422868603420286
135m-g057-ai-r0.25,fw26,0.9132286438098111
135m-g057-ai-r0.25,fw26_ai,0.6886161878772622
135m-g057-ai-r0.25,fw26_human,0.9742171090315375
135m-g057-ai-r0.25,paloma,1.439553196268653
135m-g057-ai-r0.25,paloma_4chan,1.43871171621591
135m-g057-ai-r0.25,paloma_c4,1.0749866355202142
135m-g057-ai-r0.25,paloma_c4_100_domains,1.0656364492250476
135m-g057-ai-r0.25,paloma_dolma,1.3342880659328902
135m-g057-ai-r0.25,paloma_falcon_refinedweb,1.1731897879929394
135m-g057-ai-r0.25,paloma_gab,2.0008375171510187
135m-g057-ai-r0.25,paloma_m2d2_s2orc,1.2433724533158528
135m-g057-ai-r0.25,paloma_m2d2_wikipedia,1.1519648817786348
135m-g057-ai-r0.25,paloma_manosphere,1.4471255370011535
135m-g057-ai-r0.25,paloma_mc4_en,1.1676562186698851
135m-g057-ai-r0.25,paloma_programming,2.04623930210077
135m-g057-ai-r0.25,paloma_ptb,1.3351694800432772
135m-g057-ai-r0.25,paloma_reddit_100,1.305973038233937
135m-g057-ai-r0.25,paloma_redpajama,1.505251391601955
135m-g057-ai-r0.25,paloma_twitteraae,2.5808718695037975
135m-g057-ai-r0.25,paloma_wikitext_103,1.161576796011163
135m-g057-ai-r0.5,c4,1.0508572738798756
135m-g057-ai-r0.5,cosmopedia,0.6708898118443969
135m-g057-ai-r0.5,fw22,1.0369094987645722
135m-g057-ai-r0.5,fw26,0.902635081606385
135m-g057-ai-r0.5,fw26_ai,0.6601227590014677
135m-g057-ai-r0.5,fw26_human,0.9684252934075952
135m-g057-ai-r0.5,paloma,1.4412260220348194
135m-g057-ai-r0.5,paloma_4chan,1.4546029476421924
135m-g057-ai-r0.5,paloma_c4,1.070105671122068
135m-g057-ai-r0.5,paloma_c4_100_domains,1.061194771308274
135m-g057-ai-r0.5,paloma_dolma,1.3383121894563412
135m-g057-ai-r0.5,paloma_falcon_refinedweb,1.170372192258944
135m-g057-ai-r0.5,paloma_gab,1.9989479414680396
135m-g057-ai-r0.5,paloma_m2d2_s2orc,1.2382759778205965
135m-g057-ai-r0.5,paloma_m2d2_wikipedia,1.147005156226842
135m-g057-ai-r0.5,paloma_manosphere,1.454427546079797
135m-g057-ai-r0.5,paloma_mc4_en,1.1642994463588927
135m-g057-ai-r0.5,paloma_programming,2.090514794326649
135m-g057-ai-r0.5,paloma_ptb,1.3212226835357164
135m-g057-ai-r0.5,paloma_reddit_100,1.3051998197965424
135m-g057-ai-r0.5,paloma_redpajama,1.5149982311513723
135m-g057-ai-r0.5,paloma_twitteraae,2.5738916443994175
135m-g057-ai-r0.5,paloma_wikitext_103,1.156245339605425
135m-g057-ai-r1,c4,1.0473413479351272
135m-g057-ai-r1,cosmopedia,0.6474600459332482
135m-g057-ai-r1,fw22,1.0329395597802222
135m-g057-ai-r1,fw26,0.8934404946380416
135m-g057-ai-r1,fw26_ai,0.6318438667383934
135m-g057-ai-r1,fw26_human,0.9643485380245768
135m-g057-ai-r1,paloma,1.446281804206175
135m-g057-ai-r1,paloma_4chan,1.4620432347996626
135m-g057-ai-r1,paloma_c4,1.0675708604108298
135m-g057-ai-r1,paloma_c4_100_domains,1.0589132732906192
135m-g057-ai-r1,paloma_dolma,1.3360597185273635
135m-g057-ai-r1,paloma_falcon_refinedweb,1.1680256967670855
135m-g057-ai-r1,paloma_gab,2.011285228655011
135m-g057-ai-r1,paloma_m2d2_s2orc,1.2410805561006844
135m-g057-ai-r1,paloma_m2d2_wikipedia,1.1512653697589834
135m-g057-ai-r1,paloma_manosphere,1.4744095836501183
135m-g057-ai-r1,paloma_mc4_en,1.1616480000010514
135m-g057-ai-r1,paloma_programming,2.1025148521760144
135m-g057-ai-r1,paloma_ptb,1.3372180822952473
135m-g057-ai-r1,paloma_reddit_100,1.304103595411967
135m-g057-ai-r1,paloma_redpajama,1.5137329744099872
135m-g057-ai-r1,paloma_twitteraae,2.597001190854809
135m-g057-ai-r1,paloma_wikitext_103,1.1536366501893645
135m-g057-ai-r2,c4,1.045816385855894
135m-g057-ai-r2,cosmopedia,0.6275154388476502
135m-g057-ai-r2,fw22,1.0305936571707595
135m-g057-ai-r2,fw26,0.8858311694132253
135m-g057-ai-r2,fw26_ai,0.605365443261433
135m-g057-ai-r2,fw26_human,0.9618420764924283
135m-g057-ai-r2,paloma,1.4518940744644144
135m-g057-ai-r2,paloma_4chan,1.4586282953537635
135m-g057-ai-r2,paloma_c4,1.0663687278414795
135m-g057-ai-r2,paloma_c4_100_domains,1.0582868899566085
135m-g057-ai-r2,paloma_dolma,1.3433161061465781
135m-g057-ai-r2,paloma_falcon_refinedweb,1.1677786553237635
135m-g057-ai-r2,paloma_gab,2.0271686193103604
135m-g057-ai-r2,paloma_m2d2_s2orc,1.2406731863367684
135m-g057-ai-r2,paloma_m2d2_wikipedia,1.1516182371857635
135m-g057-ai-r2,paloma_manosphere,1.4837565164255226
135m-g057-ai-r2,paloma_mc4_en,1.162555917021686
135m-g057-ai-r2,paloma_programming,2.1261927162686733
135m-g057-ai-r2,paloma_ptb,1.3333538365726487
135m-g057-ai-r2,paloma_reddit_100,1.310453653302391
135m-g057-ai-r2,paloma_redpajama,1.5283726397897586
135m-g057-ai-r2,paloma_twitteraae,2.6208109158376036
135m-g057-ai-r2,paloma_wikitext_103,1.150970278757263
135m-g057-ai-r4,c4,1.0471615484780372
135m-g057-ai-r4,cosmopedia,0.6039463762064
135m-g057-ai-r4,fw22,1.0315963734245126
135m-g057-ai-r4,fw26,0.8823950275713716
135m-g057-ai-r4,fw26_ai,0.5843597435058603
135m-g057-ai-r4,fw26_human,0.9631178307867735
135m-g057-ai-r4,paloma,1.4577643645354275
135m-g057-ai-r4,paloma_4chan,1.4468956273180285
135m-g057-ai-r4,paloma_c4,1.0682441362913997
135m-g057-ai-r4,paloma_c4_100_domains,1.061403869128284
135m-g057-ai-r4,paloma_dolma,1.3482045438005035
135m-g057-ai-r4,paloma_falcon_refinedweb,1.1698381381603282
135m-g057-ai-r4,paloma_gab,2.041744231859562
135m-g057-ai-r4,paloma_m2d2_s2orc,1.249605142637852
135m-g057-ai-r4,paloma_m2d2_wikipedia,1.15502113904088
135m-g057-ai-r4,paloma_manosphere,1.4773069075073073
135m-g057-ai-r4,paloma_mc4_en,1.1676074836010184
135m-g057-ai-r4,paloma_programming,2.1388378015013707
135m-g057-ai-r4,paloma_ptb,1.3555596322572847
135m-g057-ai-r4,paloma_reddit_100,1.308438219776167
135m-g057-ai-r4,paloma_redpajama,1.5283793966489492
135m-g057-ai-r4,paloma_twitteraae,2.6490063894027154
135m-g057-ai-r4,paloma_wikitext_103,1.1581371736351884
135m-g057-ai-r8,c4,1.0508545470136217
135m-g057-ai-r8,cosmopedia,0.5923581205034052
135m-g057-ai-r8,fw22,1.0348001409833922
135m-g057-ai-r8,fw26,0.8816232909799263
135m-g057-ai-r8,fw26_ai,0.5681403956438813
135m-g057-ai-r8,fw26_human,0.9665784844948093
135m-g057-ai-r8,paloma,1.473164326996172
135m-g057-ai-r8,paloma_4chan,1.463347795939546
135m-g057-ai-r8,paloma_c4,1.0735516480353733
135m-g057-ai-r8,paloma_c4_100_domains,1.067362891918534
135m-g057-ai-r8,paloma_dolma,1.3656718949958015
135m-g057-ai-r8,paloma_falcon_refinedweb,1.1777685555576167
135m-g057-ai-r8,paloma_gab,2.0687646085999787
135m-g057-ai-r8,paloma_m2d2_s2orc,1.2581752535868256
135m-g057-ai-r8,paloma_m2d2_wikipedia,1.1619251420062207
135m-g057-ai-r8,paloma_manosphere,1.482202546555426
135m-g057-ai-r8,paloma_mc4_en,1.1726133610532883
135m-g057-ai-r8,paloma_programming,2.1836275408090096
135m-g057-ai-r8,paloma_ptb,1.3630566591502835
135m-g057-ai-r8,paloma_reddit_100,1.3180068255255606
135m-g057-ai-r8,paloma_redpajama,1.5629724157341331
135m-g057-ai-r8,paloma_twitteraae,2.682956815365104
135m-g057-ai-r8,paloma_wikitext_103,1.1686252771060508
135m-g057-ai-r16,c4,1.0557395501224376
135m-g057-ai-r16,cosmopedia,0.5918331745713522
135m-g057-ai-r16,fw22,1.0393732010229617
135m-g057-ai-r16,fw26,0.8827353381235821
135m-g057-ai-r16,fw26_ai,0.5565080556884838
135m-g057-ai-r16,fw26_human,0.9711262174292532
135m-g057-ai-r16,paloma,1.4936417256814019
135m-g057-ai-r16,paloma_4chan,1.5171918575836991
135m-g057-ai-r16,paloma_c4,1.079890169745676
135m-g057-ai-r16,paloma_c4_100_domains,1.0743596772603872
135m-g057-ai-r16,paloma_dolma,1.3786825834737193
135m-g057-ai-r16,paloma_falcon_refinedweb,1.1882680056178612
135m-g057-ai-r16,paloma_gab,2.1077280230125157
135m-g057-ai-r16,paloma_m2d2_s2orc,1.2772977571283504
135m-g057-ai-r16,paloma_m2d2_wikipedia,1.1793482684482912
135m-g057-ai-r16,paloma_manosphere,1.5206780617435507
135m-g057-ai-r16,paloma_mc4_en,1.182666186206061
135m-g057-ai-r16,paloma_programming,2.182375426307581
135m-g057-ai-r16,paloma_ptb,1.3888527068607408
135m-g057-ai-r16,paloma_reddit_100,1.3349763549689357
135m-g057-ai-r16,paloma_redpajama,1.569237330562514
135m-g057-ai-r16,paloma_twitteraae,2.7193797134226876
135m-g057-ai-r16,paloma_wikitext_103,1.1973354885598586
135m-g057-ai-r32,c4,1.0594585438752708
135m-g057-ai-r32,cosmopedia,0.5805427513906664
135m-g057-ai-r32,fw22,1.042763364963667
135m-g057-ai-r32,fw26,0.8837057057688396
135m-g057-ai-r32,fw26_ai,0.546760811264744
135m-g057-ai-r32,fw26_human,0.9749797508377968
135m-g057-ai-r32,paloma,1.4940291198806868
135m-g057-ai-r32,paloma_4chan,1.5164239952109406
135m-g057-ai-r32,paloma_c4,1.082411699055884
135m-g057-ai-r32,paloma_c4_100_domains,1.0782891465291642
135m-g057-ai-r32,paloma_dolma,1.3773174998570628
135m-g057-ai-r32,paloma_falcon_refinedweb,1.190503878838834
135m-g057-ai-r32,paloma_gab,2.112886748524132
135m-g057-ai-r32,paloma_m2d2_s2orc,1.2794319154886569
135m-g057-ai-r32,paloma_m2d2_wikipedia,1.1752987485398954
135m-g057-ai-r32,paloma_manosphere,1.5192604099007765
135m-g057-ai-r32,paloma_mc4_en,1.1882690661736348
135m-g057-ai-r32,paloma_programming,2.1542771727185026
135m-g057-ai-r32,paloma_ptb,1.3889345652440914
135m-g057-ai-r32,paloma_reddit_100,1.3349072716954844
135m-g057-ai-r32,paloma_redpajama,1.5613335893957854
135m-g057-ai-r32,paloma_twitteraae,2.7568382727346012
135m-g057-ai-r32,paloma_wikitext_103,1.1880819381835424
135m-g057-human-r0.0025,c4,1.0628935328801763
135m-g057-human-r0.0025,cosmopedia,0.7762374444595336
135m-g057-human-r0.0025,fw22,1.0502123969021773
135m-g057-human-r0.0025,fw26,0.9391794227467685
135m-g057-human-r0.0025,fw26_ai,0.7775472693149516
135m-g057-human-r0.0025,fw26_human,0.9831975640766627
135m-g057-human-r0.0025,paloma,1.444438991879892
135m-g057-human-r0.0025,paloma_4chan,1.4535329768299325
135m-g057-human-r0.0025,paloma_c4,1.0814544981244738
135m-g057-human-r0.0025,paloma_c4_100_domains,1.0708339955444943
135m-g057-human-r0.0025,paloma_dolma,1.342168269840566
135m-g057-human-r0.0025,paloma_falcon_refinedweb,1.1797364866183284
135m-g057-human-r0.0025,paloma_gab,1.9938555806873424
135m-g057-human-r0.0025,paloma_m2d2_s2orc,1.2471144616046945
135m-g057-human-r0.0025,paloma_m2d2_wikipedia,1.1577972220636439
135m-g057-human-r0.0025,paloma_manosphere,1.4535101126058056
135m-g057-human-r0.0025,paloma_mc4_en,1.1741162102424747
135m-g057-human-r0.0025,paloma_programming,2.0662658999813788
135m-g057-human-r0.0025,paloma_ptb,1.327173690739445
135m-g057-human-r0.0025,paloma_reddit_100,1.3116536336031055
135m-g057-human-r0.0025,paloma_redpajama,1.5181783174332686
135m-g057-human-r0.0025,paloma_twitteraae,2.5688903448752276
135m-g057-human-r0.0025,paloma_wikitext_103,1.164742169284091
135m-g057-human-r0.005,c4,1.0627767947092117
135m-g057-human-r0.005,cosmopedia,0.7795486972746537
135m-g057-human-r0.005,fw22,1.0501821887675085
135m-g057-human-r0.005,fw26,0.9392315901719228
135m-g057-human-r0.005,fw26_ai,0.7777080601813596
135m-g057-human-r0.005,fw26_human,0.9832368194825163
135m-g057-human-r0.005,paloma,1.447444429861069
135m-g057-human-r0.005,paloma_4chan,1.4823936104050075
135m-g057-human-r0.005,paloma_c4,1.0811653787552198
135m-g057-human-r0.005,paloma_c4_100_domains,1.0707395878553179
135m-g057-human-r0.005,paloma_dolma,1.342579394401267
135m-g057-human-r0.005,paloma_falcon_refinedweb,1.1797560866821724
135m-g057-human-r0.005,paloma_gab,1.997532553283504
135m-g057-human-r0.005,paloma_m2d2_s2orc,1.2458558344091692
135m-g057-human-r0.005,paloma_m2d2_wikipedia,1.1580398426282572
135m-g057-human-r0.005,paloma_manosphere,1.458826674570544
135m-g057-human-r0.005,paloma_mc4_en,1.1736027777570226
135m-g057-human-r0.005,paloma_programming,2.068789053129511
135m-g057-human-r0.005,paloma_ptb,1.3329293627239398
135m-g057-human-r0.005,paloma_reddit_100,1.315686545103649
135m-g057-human-r0.005,paloma_redpajama,1.5204336808249557
135m-g057-human-r0.005,paloma_twitteraae,2.5672590806734066
135m-g057-human-r0.005,paloma_wikitext_103,1.1635214145741621
135m-g057-human-r0.01,c4,1.0622122589004181
135m-g057-human-r0.01,cosmopedia,0.777565646617303
135m-g057-human-r0.01,fw22,1.0494007351142198
135m-g057-human-r0.01,fw26,0.9381644765235311
135m-g057-human-r0.01,fw26_ai,0.7761165271548801
135m-g057-human-r0.01,fw26_human,0.9823041020140031
135m-g057-human-r0.01,paloma,1.4433907148948824
135m-g057-human-r0.01,paloma_4chan,1.4496997841447863
135m-g057-human-r0.01,paloma_c4,1.081196588562442
135m-g057-human-r0.01,paloma_c4_100_domains,1.0701139106042594
135m-g057-human-r0.01,paloma_dolma,1.3418457391606564
135m-g057-human-r0.01,paloma_falcon_refinedweb,1.17888407572957
135m-g057-human-r0.01,paloma_gab,1.996910823056688
135m-g057-human-r0.01,paloma_m2d2_s2orc,1.245259180335124
135m-g057-human-r0.01,paloma_m2d2_wikipedia,1.1578827919240853
135m-g057-human-r0.01,paloma_manosphere,1.4499805554092113
135m-g057-human-r0.01,paloma_mc4_en,1.1722774503236537
135m-g057-human-r0.01,paloma_programming,2.0577156503012635
135m-g057-human-r0.01,paloma_ptb,1.3345211960426038
135m-g057-human-r0.01,paloma_reddit_100,1.3136361528457223
135m-g057-human-r0.01,paloma_redpajama,1.5116480818881093
135m-g057-human-r0.01,paloma_twitteraae,2.5676808712085557
135m-g057-human-r0.01,paloma_wikitext_103,1.1649985867813866
135m-g057-human-r0.025,c4,1.0621044207614199
135m-g057-human-r0.025,cosmopedia,0.7809217645718727
135m-g057-human-r0.025,fw22,1.0494771352605958
135m-g057-human-r0.025,fw26,0.9385953776333329
135m-g057-human-r0.025,fw26_ai,0.7772066337093588
135m-g057-human-r0.025,fw26_human,0.9825428898737588
135m-g057-human-r0.025,paloma,1.4425796541418017
135m-g057-human-r0.025,paloma_4chan,1.4315834823479046
135m-g057-human-r0.025,paloma_c4,1.0812464874458818
135m-g057-human-r0.025,paloma_c4_100_domains,1.070127758429977
135m-g057-human-r0.025,paloma_dolma,1.3394369722238062
135m-g057-human-r0.025,paloma_falcon_refinedweb,1.1801217850785746
135m-g057-human-r0.025,paloma_gab,1.9978360118328922
135m-g057-human-r0.025,paloma_m2d2_s2orc,1.2454092514161952
135m-g057-human-r0.025,paloma_m2d2_wikipedia,1.1591462182958494
135m-g057-human-r0.025,paloma_manosphere,1.4605534251400873
135m-g057-human-r0.025,paloma_mc4_en,1.1727739591012913
135m-g057-human-r0.025,paloma_programming,2.0436433863702352
135m-g057-human-r0.025,paloma_ptb,1.3426890049524336
135m-g057-human-r0.025,paloma_reddit_100,1.313247961608227
135m-g057-human-r0.025,paloma_redpajama,1.5084958446970569
135m-g057-human-r0.025,paloma_twitteraae,2.566280320798862
135m-g057-human-r0.025,paloma_wikitext_103,1.1686825965295513
135m-g057-human-r0.05,c4,1.0605278748362188
135m-g057-human-r0.05,cosmopedia,0.7749674082471607
135m-g057-human-r0.05,fw22,1.0479957643674163
135m-g057-human-r0.05,fw26,0.9369628043520296
135m-g057-human-r0.05,fw26_ai,0.7755831743240693
135m-g057-human-r0.05,fw26_human,0.9809058339456461
135m-g057-human-r0.05,paloma,1.4454128038266094
135m-g057-human-r0.05,paloma_4chan,1.4559708650040295
135m-g057-human-r0.05,paloma_c4,1.0810899104079836
135m-g057-human-r0.05,paloma_c4_100_domains,1.0691051533266769
135m-g057-human-r0.05,paloma_dolma,1.3407985297999592
135m-g057-human-r0.05,paloma_falcon_refinedweb,1.1811469247846
135m-g057-human-r0.05,paloma_gab,1.99370361880659
135m-g057-human-r0.05,paloma_m2d2_s2orc,1.2541868730313237
135m-g057-human-r0.05,paloma_m2d2_wikipedia,1.1680723930360164
135m-g057-human-r0.05,paloma_manosphere,1.4544200844759014
135m-g057-human-r0.05,paloma_mc4_en,1.1750065575461441
135m-g057-human-r0.05,paloma_programming,2.0428393141225887
135m-g057-human-r0.05,paloma_ptb,1.346370870140541
135m-g057-human-r0.05,paloma_reddit_100,1.3094620308281757
135m-g057-human-r0.05,paloma_redpajama,1.5134227422552193
135m-g057-human-r0.05,paloma_twitteraae,2.562626967203979
135m-g057-human-r0.05,paloma_wikitext_103,1.1783820264560234
135m-g057-human-r0.5,c4,1.0384852040548433
135m-g057-human-r0.5,cosmopedia,0.7501691007587221
135m-g057-human-r0.5,fw22,1.0247054783146878
135m-g057-human-r0.5,fw26,0.9134144498743675
135m-g057-human-r0.5,fw26_ai,0.7511843510890654
135m-g057-human-r0.5,fw26_human,0.9575933562759293
135m-g057-human-r0.5,paloma,1.4101678021642696
135m-g057-human-r0.5,paloma_4chan,1.4018017000498104
135m-g057-human-r0.5,paloma_c4,1.0568232202928027
135m-g057-human-r0.5,paloma_c4_100_domains,1.043322018608236
135m-g057-human-r0.5,paloma_dolma,1.3062946028042564
135m-g057-human-r0.5,paloma_falcon_refinedweb,1.1534449418011508
135m-g057-human-r0.5,paloma_gab,1.9556534251104252
135m-g057-human-r0.5,paloma_m2d2_s2orc,1.2184207669560285
135m-g057-human-r0.5,paloma_m2d2_wikipedia,1.1278942117589927
135m-g057-human-r0.5,paloma_manosphere,1.4274064313955954
135m-g057-human-r0.5,paloma_mc4_en,1.1476048572067796
135m-g057-human-r0.5,paloma_programming,2.003654098268172
135m-g057-human-r0.5,paloma_ptb,1.2948802836258615
135m-g057-human-r0.5,paloma_reddit_100,1.2880496062078333
135m-g057-human-r0.5,paloma_redpajama,1.4718245386426878
135m-g057-human-r0.5,paloma_twitteraae,2.5381220712400117
135m-g057-human-r0.5,paloma_wikitext_103,1.1274880606596684
135m-g057-human-r8,c4,0.9755173309391195
135m-g057-human-r8,cosmopedia,0.6779932252409993
135m-g057-human-r8,fw22,0.9583164386755391
135m-g057-human-r8,fw26,0.8458002775387756
135m-g057-human-r8,fw26_ai,0.6817259426025347
135m-g057-human-r8,fw26_human,0.8903488704283653
135m-g057-human-r8,paloma,1.3543709900497447
135m-g057-human-r8,paloma_4chan,1.380473363125924
135m-g057-human-r8,paloma_c4,0.9964770312560584
135m-g057-human-r8,paloma_c4_100_domains,0.9753790203739439
135m-g057-human-r8,paloma_dolma,1.2511333851892659
135m-g057-human-r8,paloma_falcon_refinedweb,1.0939742202699878
135m-g057-human-r8,paloma_gab,1.8680244440006735
135m-g057-human-r8,paloma_m2d2_s2orc,1.176099068444886
135m-g057-human-r8,paloma_m2d2_wikipedia,1.0864424115094655
135m-g057-human-r8,paloma_manosphere,1.373840157314846
135m-g057-human-r8,paloma_mc4_en,1.0847953851110328
135m-g057-human-r8,paloma_programming,1.968948963158395
135m-g057-human-r8,paloma_ptb,1.2345745204732668
135m-g057-human-r8,paloma_reddit_100,1.2322651327964953
135m-g057-human-r8,paloma_redpajama,1.4198962602947336
135m-g057-human-r8,paloma_twitteraae,2.4621159544745943
135m-g057-human-r8,paloma_wikitext_103,1.0654965230023479
135m-g058-control,c4,1.001615033536914
135m-g058-control,cosmopedia,0.7118551144656465
135m-g058-control,fw22,0.9857984184725848
135m-g058-control,fw26,0.8738181831300961
135m-g058-control,fw26_ai,0.7100852472559815
135m-g058-control,fw26_human,0.9183413459053751
135m-g058-control,paloma,1.3886573203438417
135m-g058-control,paloma_4chan,1.4335035345213272
135m-g058-control,paloma_c4,1.0217944797522738
135m-g058-control,paloma_c4_100_domains,1.0042432976631364
135m-g058-control,paloma_dolma,1.2813314509760436
135m-g058-control,paloma_falcon_refinedweb,1.1212610035728776
135m-g058-control,paloma_gab,1.9042849904601868
135m-g058-control,paloma_m2d2_s2orc,1.1993361999137653
135m-g058-control,paloma_m2d2_wikipedia,1.1163176525140381
135m-g058-control,paloma_manosphere,1.4194260108856707
135m-g058-control,paloma_mc4_en,1.1174852612809452
135m-g058-control,paloma_programming,2.0167982656927776
135m-g058-control,paloma_ptb,1.2730816653827757
135m-g058-control,paloma_reddit_100,1.254390684480176
135m-g058-control,paloma_redpajama,1.4499046091567416
135m-g058-control,paloma_twitteraae,2.5009271486910833
135m-g058-control,paloma_wikitext_103,1.1044308705576495
135m-g058-ai-r0.0025,c4,1.0013760655893358
135m-g058-ai-r0.0025,cosmopedia,0.7034340460682207
135m-g058-ai-r0.0025,fw22,0.9855479150962695
135m-g058-ai-r0.0025,fw26,0.8723952651943588
135m-g058-ai-r0.0025,fw26_ai,0.7046778156165956
135m-g058-ai-r0.0025,fw26_human,0.9179695334244259
135m-g058-ai-r0.0025,paloma,1.390331369341851
135m-g058-ai-r0.0025,paloma_4chan,1.4616761820130022
135m-g058-ai-r0.0025,paloma_c4,1.0214973157235787
135m-g058-ai-r0.0025,paloma_c4_100_domains,1.003933215428207
135m-g058-ai-r0.0025,paloma_dolma,1.2811709941404248
135m-g058-ai-r0.0025,paloma_falcon_refinedweb,1.1213864995862046
135m-g058-ai-r0.0025,paloma_gab,1.9075097870619366
135m-g058-ai-r0.0025,paloma_m2d2_s2orc,1.1997304800516544
135m-g058-ai-r0.0025,paloma_m2d2_wikipedia,1.1093834213911347
135m-g058-ai-r0.0025,paloma_manosphere,1.418129589192971
135m-g058-ai-r0.0025,paloma_mc4_en,1.1162057520032762
135m-g058-ai-r0.0025,paloma_programming,2.0359388090893287
135m-g058-ai-r0.0025,paloma_ptb,1.2621758507258587
135m-g058-ai-r0.0025,paloma_reddit_100,1.2536134903638447
135m-g058-ai-r0.0025,paloma_redpajama,1.4545360242829806
135m-g058-ai-r0.0025,paloma_twitteraae,2.502818309344469
135m-g058-ai-r0.0025,paloma_wikitext_103,1.0955961890707442
135m-g058-ai-r0.005,c4,1.00151084780865
135m-g058-ai-r0.005,cosmopedia,0.6999054300243956
135m-g058-ai-r0.005,fw22,0.9858157021595152
135m-g058-ai-r0.005,fw26,0.8717223594307928
135m-g058-ai-r0.005,fw26_ai,0.7012689050130702
135m-g058-ai-r0.005,fw26_human,0.9180432936944234
135m-g058-ai-r0.005,paloma,1.3860202736894418
135m-g058-ai-r0.005,paloma_4chan,1.421281529863333
135m-g058-ai-r0.005,paloma_c4,1.021938579257904
135m-g058-ai-r0.005,paloma_c4_100_domains,1.0040099585836717
135m-g058-ai-r0.005,paloma_dolma,1.2795929911340727
135m-g058-ai-r0.005,paloma_falcon_refinedweb,1.1211517210308468
135m-g058-ai-r0.005,paloma_gab,1.904306480331778
135m-g058-ai-r0.005,paloma_m2d2_s2orc,1.2030577600005803
135m-g058-ai-r0.005,paloma_m2d2_wikipedia,1.1071599126222496
135m-g058-ai-r0.005,paloma_manosphere,1.4069182085273182
135m-g058-ai-r0.005,paloma_mc4_en,1.1167554162496593
135m-g058-ai-r0.005,paloma_programming,2.020815466603166
135m-g058-ai-r0.005,paloma_ptb,1.260853768057065
135m-g058-ai-r0.005,paloma_reddit_100,1.2551528429906025
135m-g058-ai-r0.005,paloma_redpajama,1.447765201268885
135m-g058-ai-r0.005,paloma_twitteraae,2.5092400043660685
135m-g058-ai-r0.005,paloma_wikitext_103,1.0963245381438682
135m-g058-ai-r0.01,c4,1.001502605235656
135m-g058-ai-r0.01,cosmopedia,0.6944822163309301
135m-g058-ai-r0.01,fw22,0.9858085912870101
135m-g058-ai-r0.01,fw26,0.8707093709583734
135m-g058-ai-r0.01,fw26_ai,0.6959592733456361
135m-g058-ai-r0.01,fw26_human,0.9181551204909889
135m-g058-ai-r0.01,paloma,1.3903988755818995
135m-g058-ai-r0.01,paloma_4chan,1.4409075378242053
135m-g058-ai-r0.01,paloma_c4,1.0220622408752833
135m-g058-ai-r0.01,paloma_c4_100_domains,1.0042041911432813
135m-g058-ai-r0.01,paloma_dolma,1.2810379532116336
135m-g058-ai-r0.01,paloma_falcon_refinedweb,1.1221122498916776
135m-g058-ai-r0.01,paloma_gab,1.909449288532352
135m-g058-ai-r0.01,paloma_m2d2_s2orc,1.1995636634070415
135m-g058-ai-r0.01,paloma_m2d2_wikipedia,1.1114318395977896
135m-g058-ai-r0.01,paloma_manosphere,1.410498613029211
135m-g058-ai-r0.01,paloma_mc4_en,1.1169732030803747
135m-g058-ai-r0.01,paloma_programming,2.037622613355299
135m-g058-ai-r0.01,paloma_ptb,1.2737624277225639
135m-g058-ai-r0.01,paloma_reddit_100,1.2539436245757445
135m-g058-ai-r0.01,paloma_redpajama,1.454744842022335
135m-g058-ai-r0.01,paloma_twitteraae,2.5092589074261986
135m-g058-ai-r0.01,paloma_wikitext_103,1.0988088136154017
135m-g058-ai-r0.025,c4,1.0008972539168859
135m-g058-ai-r0.025,cosmopedia,0.6848498870734457
135m-g058-ai-r0.025,fw22,0.9851983351753159
135m-g058-ai-r0.025,fw26,0.8674423225420035
135m-g058-ai-r0.025,fw26_ai,0.6836884924961011
135m-g058-ai-r0.025,fw26_human,0.9172968277613102
135m-g058-ai-r0.025,paloma,1.385466227618289
135m-g058-ai-r0.025,paloma_4chan,1.4198418517169686
135m-g058-ai-r0.025,paloma_c4,1.021119141035106
135m-g058-ai-r0.025,paloma_c4_100_domains,1.0035918339141043
135m-g058-ai-r0.025,paloma_dolma,1.2801389033454853
135m-g058-ai-r0.025,paloma_falcon_refinedweb,1.1201010432700869
135m-g058-ai-r0.025,paloma_gab,1.9093131081119985
135m-g058-ai-r0.025,paloma_m2d2_s2orc,1.1992952472661444
135m-g058-ai-r0.025,paloma_m2d2_wikipedia,1.110165800455791
135m-g058-ai-r0.025,paloma_manosphere,1.4046185757853267
135m-g058-ai-r0.025,paloma_mc4_en,1.1160678863764655
135m-g058-ai-r0.025,paloma_programming,2.0193569662248665
135m-g058-ai-r0.025,paloma_ptb,1.2565635683531156
135m-g058-ai-r0.025,paloma_reddit_100,1.2514879110410533
135m-g058-ai-r0.025,paloma_redpajama,1.4512882930932107
135m-g058-ai-r0.025,paloma_twitteraae,2.5077737292470097
135m-g058-ai-r0.025,paloma_wikitext_103,1.0967357826558897
135m-g058-ai-r0.05,c4,1.0011110196356978
135m-g058-ai-r0.05,cosmopedia,0.6721141557237976
135m-g058-ai-r0.05,fw22,0.9854102522415903
135m-g058-ai-r0.05,fw26,0.8647769842556389
135m-g058-ai-r0.05,fw26_ai,0.6715174547105587
135m-g058-ai-r0.05,fw26_human,0.9172272406342317
135m-g058-ai-r0.05,paloma,1.3815051508793719
135m-g058-ai-r0.05,paloma_4chan,1.3902047632400518
135m-g058-ai-r0.05,paloma_c4,1.0207220384752467
135m-g058-ai-r0.05,paloma_c4_100_domains,1.0038666319114269
135m-g058-ai-r0.05,paloma_dolma,1.2739585951909502
135m-g058-ai-r0.05,paloma_falcon_refinedweb,1.1213052510530008
135m-g058-ai-r0.05,paloma_gab,1.9100938380663817
135m-g058-ai-r0.05,paloma_m2d2_s2orc,1.1944585040974434
135m-g058-ai-r0.05,paloma_m2d2_wikipedia,1.1075386023848117
135m-g058-ai-r0.05,paloma_manosphere,1.403757647471609
135m-g058-ai-r0.05,paloma_mc4_en,1.1123588338449895
135m-g058-ai-r0.05,paloma_programming,2.0072343828785217
135m-g058-ai-r0.05,paloma_ptb,1.267109781260545
135m-g058-ai-r0.05,paloma_reddit_100,1.2501145100134203
135m-g058-ai-r0.05,paloma_redpajama,1.4417502753446259
135m-g058-ai-r0.05,paloma_twitteraae,2.5098317230727227
135m-g058-ai-r0.05,paloma_wikitext_103,1.0897770357642047
135m-g058-ai-r0.1,c4,1.0008388561917958
135m-g058-ai-r0.1,cosmopedia,0.6586581779194873
135m-g058-ai-r0.1,fw22,0.9847446781241983
135m-g058-ai-r0.1,fw26,0.8608246897854738
135m-g058-ai-r0.1,fw26_ai,0.6553839654825585
135m-g058-ai-r0.1,fw26_human,0.9165238868124665
135m-g058-ai-r0.1,paloma,1.3866257009676084
135m-g058-ai-r0.1,paloma_4chan,1.4262896899186888
135m-g058-ai-r0.1,paloma_c4,1.0209625698139138
135m-g058-ai-r0.1,paloma_c4_100_domains,1.0042996838710985
135m-g058-ai-r0.1,paloma_dolma,1.2776371125953128
135m-g058-ai-r0.1,paloma_falcon_refinedweb,1.1199650089176534
135m-g058-ai-r0.1,paloma_gab,1.9060956521670203
135m-g058-ai-r0.1,paloma_m2d2_s2orc,1.199986863873671
135m-g058-ai-r0.1,paloma_m2d2_wikipedia,1.1078401455855489
135m-g058-ai-r0.1,paloma_manosphere,1.4023707996275019
135m-g058-ai-r0.1,paloma_mc4_en,1.1155052681744764
135m-g058-ai-r0.1,paloma_programming,2.0358242116740937
135m-g058-ai-r0.1,paloma_ptb,1.263509365657249
135m-g058-ai-r0.1,paloma_reddit_100,1.2522087249110205
135m-g058-ai-r0.1,paloma_redpajama,1.4494538672118036
135m-g058-ai-r0.1,paloma_twitteraae,2.509417604578216
135m-g058-ai-r0.1,paloma_wikitext_103,1.094644646904466
135m-g058-ai-r0.25,c4,1.0009330956816598
135m-g058-ai-r0.25,cosmopedia,0.6387551508239296
135m-g058-ai-r0.25,fw22,0.9847268645884609
135m-g058-ai-r0.25,fw26,0.8551541577670028
135m-g058-ai-r0.25,fw26_ai,0.6298660169899639
135m-g058-ai-r0.25,fw26_human,0.9161968382860243
135m-g058-ai-r0.25,paloma,1.392532674044671
135m-g058-ai-r0.25,paloma_4chan,1.4592535879494704
135m-g058-ai-r0.25,paloma_c4,1.02122629817591
135m-g058-ai-r0.25,paloma_c4_100_domains,1.0050634694166407
135m-g058-ai-r0.25,paloma_dolma,1.2837946628540313
135m-g058-ai-r0.25,paloma_falcon_refinedweb,1.1196650258383685
135m-g058-ai-r0.25,paloma_gab,1.9249195598542674
135m-g058-ai-r0.25,paloma_m2d2_s2orc,1.1985637821910766
135m-g058-ai-r0.25,paloma_m2d2_wikipedia,1.1077127704551735
135m-g058-ai-r0.25,paloma_manosphere,1.4160354087961635
135m-g058-ai-r0.25,paloma_mc4_en,1.1139633750928373
135m-g058-ai-r0.25,paloma_programming,2.0436020689857712
135m-g058-ai-r0.25,paloma_ptb,1.257821469651254
135m-g058-ai-r0.25,paloma_reddit_100,1.2605873683446795
135m-g058-ai-r0.25,paloma_redpajama,1.459412158965367
135m-g058-ai-r0.25,paloma_twitteraae,2.5155267366017116
135m-g058-ai-r0.25,paloma_wikitext_103,1.0933750415420131
135m-g058-ai-r0.5,c4,1.002140637633315
135m-g058-ai-r0.5,cosmopedia,0.6219761912640337
135m-g058-ai-r0.5,fw22,0.9859279074593305
135m-g058-ai-r0.5,fw26,0.8517622914211753
135m-g058-ai-r0.5,fw26_ai,0.6095313378370754
135m-g058-ai-r0.5,fw26_human,0.9173707111732294
135m-g058-ai-r0.5,paloma,1.3935662302085143
135m-g058-ai-r0.5,paloma_4chan,1.4401676662146006
135m-g058-ai-r0.5,paloma_c4,1.022359644862488
135m-g058-ai-r0.5,paloma_c4_100_domains,1.0071610292419628
135m-g058-ai-r0.5,paloma_dolma,1.2844023731365315
135m-g058-ai-r0.5,paloma_falcon_refinedweb,1.119686422664999
135m-g058-ai-r0.5,paloma_gab,1.9285989971249642
135m-g058-ai-r0.5,paloma_m2d2_s2orc,1.200540215720406
135m-g058-ai-r0.5,paloma_m2d2_wikipedia,1.106698090010871
135m-g058-ai-r0.5,paloma_manosphere,1.4167546671259337
135m-g058-ai-r0.5,paloma_mc4_en,1.1147045200884724
135m-g058-ai-r0.5,paloma_programming,2.0352146247728546
135m-g058-ai-r0.5,paloma_ptb,1.2677784488021733
135m-g058-ai-r0.5,paloma_reddit_100,1.2643126317484714
135m-g058-ai-r0.5,paloma_redpajama,1.458578823503896
135m-g058-ai-r0.5,paloma_twitteraae,2.5311600902717966
135m-g058-ai-r0.5,paloma_wikitext_103,1.098941438045808
135m-g058-ai-r1,c4,1.0061208876780363
135m-g058-ai-r1,cosmopedia,0.6081116631501645
135m-g058-ai-r1,fw22,0.9895373323843487
135m-g058-ai-r1,fw26,0.8503192039326751
135m-g058-ai-r1,fw26_ai,0.5897146493176022
135m-g058-ai-r1,fw26_human,0.9209051801297774
135m-g058-ai-r1,paloma,1.4126443398600497
135m-g058-ai-r1,paloma_4chan,1.4592345938546782
135m-g058-ai-r1,paloma_c4,1.026844988564783
135m-g058-ai-r1,paloma_c4_100_domains,1.012952794222268
135m-g058-ai-r1,paloma_dolma,1.306878835716466
135m-g058-ai-r1,paloma_falcon_refinedweb,1.1249083464157388
135m-g058-ai-r1,paloma_gab,1.95439369622074
135m-g058-ai-r1,paloma_m2d2_s2orc,1.2081368366178622
135m-g058-ai-r1,paloma_m2d2_wikipedia,1.116815484056261
135m-g058-ai-r1,paloma_manosphere,1.4378495118925607
135m-g058-ai-r1,paloma_mc4_en,1.1244445763605861
135m-g058-ai-r1,paloma_programming,2.1142479094850164
135m-g058-ai-r1,paloma_ptb,1.2906091001022357
135m-g058-ai-r1,paloma_reddit_100,1.2755003887477907
135m-g058-ai-r1,paloma_redpajama,1.4803279232485163
135m-g058-ai-r1,paloma_twitteraae,2.558009233498715
135m-g058-ai-r1,paloma_wikitext_103,1.1111552187565774
135m-g058-ai-r2,c4,1.0117327968951981
135m-g058-ai-r2,cosmopedia,0.6006271405562317
135m-g058-ai-r2,fw22,0.9948798365373376
135m-g058-ai-r2,fw26,0.8508243554790825
135m-g058-ai-r2,fw26_ai,0.5716808479927037
135m-g058-ai-r2,fw26_human,0.9263902183778441
135m-g058-ai-r2,paloma,1.422680730685566
135m-g058-ai-r2,paloma_4chan,1.4801933723735075
135m-g058-ai-r2,paloma_c4,1.0321807878804654
135m-g058-ai-r2,paloma_c4_100_domains,1.0201908122477137
135m-g058-ai-r2,paloma_dolma,1.31232354672657
135m-g058-ai-r2,paloma_falcon_refinedweb,1.1320375913546024
135m-g058-ai-r2,paloma_gab,1.9862766668955074
135m-g058-ai-r2,paloma_m2d2_s2orc,1.2145689535199762
135m-g058-ai-r2,paloma_m2d2_wikipedia,1.119642482571755
135m-g058-ai-r2,paloma_manosphere,1.455656236681885
135m-g058-ai-r2,paloma_mc4_en,1.1270285717426338
135m-g058-ai-r2,paloma_programming,2.11400736201695
135m-g058-ai-r2,paloma_ptb,1.292159250066402
135m-g058-ai-r2,paloma_reddit_100,1.2892151561296494
135m-g058-ai-r2,paloma_redpajama,1.4924304227885912
135m-g058-ai-r2,paloma_twitteraae,2.582923958468425
135m-g058-ai-r2,paloma_wikitext_103,1.1120565195044232
135m-g058-ai-r2.07,c4,1.0125741440588711
135m-g058-ai-r2.07,cosmopedia,0.5949127234262759
135m-g058-ai-r2.07,fw22,0.9957306721173708
135m-g058-ai-r2.07,fw26,0.8516835609033407
135m-g058-ai-r2.07,fw26_ai,0.572802592634124
135m-g058-ai-r2.07,fw26_human,0.9271984848882077
135m-g058-ai-r2.07,paloma,1.4197363288164881
135m-g058-ai-r2.07,paloma_4chan,1.434446137601871
135m-g058-ai-r2.07,paloma_c4,1.0329635255582927
135m-g058-ai-r2.07,paloma_c4_100_domains,1.0208178329806077
135m-g058-ai-r2.07,paloma_dolma,1.3110274351006916
135m-g058-ai-r2.07,paloma_falcon_refinedweb,1.1344174573843895
135m-g058-ai-r2.07,paloma_gab,1.9692503391160872
135m-g058-ai-r2.07,paloma_m2d2_s2orc,1.2135025916660502
135m-g058-ai-r2.07,paloma_m2d2_wikipedia,1.1217547706601623
135m-g058-ai-r2.07,paloma_manosphere,1.4653265077297515
135m-g058-ai-r2.07,paloma_mc4_en,1.1279552044970027
135m-g058-ai-r2.07,paloma_programming,2.119552024457626
135m-g058-ai-r2.07,paloma_ptb,1.3024960453497474
135m-g058-ai-r2.07,paloma_reddit_100,1.274051632490046
135m-g058-ai-r2.07,paloma_redpajama,1.4962498879083326
135m-g058-ai-r2.07,paloma_twitteraae,2.5791686634532045
135m-g058-ai-r2.07,paloma_wikitext_103,1.1128012051099472
135m-g058-ai-r4,c4,1.0209500344267834
135m-g058-ai-r4,cosmopedia,0.5857509107011101
135m-g058-ai-r4,fw22,1.004006557931403
135m-g058-ai-r4,fw26,0.8551923414511572
135m-g058-ai-r4,fw26_ai,0.5584560817670265
135m-g058-ai-r4,fw26_human,0.9355496926715768
135m-g058-ai-r4,paloma,1.4340921678872656
135m-g058-ai-r4,paloma_4chan,1.4617704177703288
135m-g058-ai-r4,paloma_c4,1.0422473201172509
135m-g058-ai-r4,paloma_c4_100_domains,1.0321139208791064
135m-g058-ai-r4,paloma_dolma,1.3209276503628784
135m-g058-ai-r4,paloma_falcon_refinedweb,1.1440381552415395
135m-g058-ai-r4,paloma_gab,2.005473666997108
135m-g058-ai-r4,paloma_m2d2_s2orc,1.229768528496134
135m-g058-ai-r4,paloma_m2d2_wikipedia,1.135252666490127
135m-g058-ai-r4,paloma_manosphere,1.4746199469314862
135m-g058-ai-r4,paloma_mc4_en,1.1425890442030524
135m-g058-ai-r4,paloma_programming,2.0969096281824333
135m-g058-ai-r4,paloma_ptb,1.3222760305027372
135m-g058-ai-r4,paloma_reddit_100,1.2908931042083591
135m-g058-ai-r4,paloma_redpajama,1.5088495903175345
135m-g058-ai-r4,paloma_twitteraae,2.6139195418226624
135m-g058-ai-r4,paloma_wikitext_103,1.1238254736735103
135m-g058-ai-r4.2,c4,1.0214030289796543
135m-g058-ai-r4.2,cosmopedia,0.5876161886917016
135m-g058-ai-r4.2,fw22,1.0041607930873881
135m-g058-ai-r4.2,fw26,0.8554787508024445
135m-g058-ai-r4.2,fw26_ai,0.5587422354856877
135m-g058-ai-r4.2,fw26_human,0.9358290723380064
135m-g058-ai-r4.2,paloma,1.4328339221930666
135m-g058-ai-r4.2,paloma_4chan,1.494926932281932
135m-g058-ai-r4.2,paloma_c4,1.0413121175024076
135m-g058-ai-r4.2,paloma_c4_100_domains,1.0315408356145477
135m-g058-ai-r4.2,paloma_dolma,1.3163781201367732
135m-g058-ai-r4.2,paloma_falcon_refinedweb,1.1419732456887004
135m-g058-ai-r4.2,paloma_gab,2.005161794967226
135m-g058-ai-r4.2,paloma_m2d2_s2orc,1.218770849385014
135m-g058-ai-r4.2,paloma_m2d2_wikipedia,1.1278244423929225
135m-g058-ai-r4.2,paloma_manosphere,1.47465024809687
135m-g058-ai-r4.2,paloma_mc4_en,1.1379651732641782
135m-g058-ai-r4.2,paloma_programming,2.0861872143254776
135m-g058-ai-r4.2,paloma_ptb,1.303263867681885
135m-g058-ai-r4.2,paloma_reddit_100,1.2944614283396851
135m-g058-ai-r4.2,paloma_redpajama,1.5040956975910633
135m-g058-ai-r4.2,paloma_twitteraae,2.6188768752187137
135m-g058-ai-r4.2,paloma_wikitext_103,1.1279539126016696
135m-g058-human-r0.0025,c4,1.0013218348489148
135m-g058-human-r0.0025,cosmopedia,0.7081128319614073
135m-g058-human-r0.0025,fw22,0.9856043347289327
135m-g058-human-r0.0025,fw26,0.873568345925736
135m-g058-human-r0.0025,fw26_ai,0.7097427164374123
135m-g058-human-r0.0025,fw26_human,0.9181176627084281
135m-g058-human-r0.0025,paloma,1.3882666598383504
135m-g058-human-r0.0025,paloma_4chan,1.4467377180747472
135m-g058-human-r0.0025,paloma_c4,1.0218120503147157
135m-g058-human-r0.0025,paloma_c4_100_domains,1.0039672664016586
135m-g058-human-r0.0025,paloma_dolma,1.280719187011089
135m-g058-human-r0.0025,paloma_falcon_refinedweb,1.121287535451748
135m-g058-human-r0.0025,paloma_gab,1.9050625214250665
135m-g058-human-r0.0025,paloma_m2d2_s2orc,1.1998316415791264
135m-g058-human-r0.0025,paloma_m2d2_wikipedia,1.1108850700551307
135m-g058-human-r0.0025,paloma_manosphere,1.4077962088883198
135m-g058-human-r0.0025,paloma_mc4_en,1.117628798106049
135m-g058-human-r0.0025,paloma_programming,2.0289004043298955
135m-g058-human-r0.0025,paloma_ptb,1.2694090334030537
135m-g058-human-r0.0025,paloma_reddit_100,1.2529472342707524
135m-g058-human-r0.0025,paloma_redpajama,1.4517201861212676
135m-g058-human-r0.0025,paloma_twitteraae,2.498902566275971
135m-g058-human-r0.0025,paloma_wikitext_103,1.0946591357050164
135m-g058-human-r0.005,c4,1.0015214605830567
135m-g058-human-r0.005,cosmopedia,0.7064440966022958
135m-g058-human-r0.005,fw22,0.9858259077950435
135m-g058-human-r0.005,fw26,0.8739330629887634
135m-g058-human-r0.005,fw26_ai,0.7105836094678433
135m-g058-human-r0.005,fw26_human,0.9183294130799564
135m-g058-human-r0.005,paloma,1.38926964266275
135m-g058-human-r0.005,paloma_4chan,1.448381762526821
135m-g058-human-r0.005,paloma_c4,1.021950508313579
135m-g058-human-r0.005,paloma_c4_100_domains,1.0041694982505462
135m-g058-human-r0.005,paloma_dolma,1.2823835776975228
135m-g058-human-r0.005,paloma_falcon_refinedweb,1.1217326304952684
135m-g058-human-r0.005,paloma_gab,1.9021251592818305
135m-g058-human-r0.005,paloma_m2d2_s2orc,1.199097063524409
135m-g058-human-r0.005,paloma_m2d2_wikipedia,1.1135937609863884
135m-g058-human-r0.005,paloma_manosphere,1.4056471203319654
135m-g058-human-r0.005,paloma_mc4_en,1.1174901208977692
135m-g058-human-r0.005,paloma_programming,2.0432142245155958
135m-g058-human-r0.005,paloma_ptb,1.2668274424349675
135m-g058-human-r0.005,paloma_reddit_100,1.2495276580710375
135m-g058-human-r0.005,paloma_redpajama,1.453862655496064
135m-g058-human-r0.005,paloma_twitteraae,2.4962717257069826
135m-g058-human-r0.005,paloma_wikitext_103,1.1020393740732535
135m-g058-human-r0.01,c4,1.0011086436437633
135m-g058-human-r0.01,cosmopedia,0.706367498789748
135m-g058-human-r0.01,fw22,0.9854928461540595
135m-g058-human-r0.01,fw26,0.8734683727864231
135m-g058-human-r0.01,fw26_ai,0.7099055062547699
135m-g058-human-r0.01,fw26_human,0.9179194683967472
135m-g058-human-r0.01,paloma,1.3862301488971318
135m-g058-human-r0.01,paloma_4chan,1.43489058294755
135m-g058-human-r0.01,paloma_c4,1.021421752137477
135m-g058-human-r0.01,paloma_c4_100_domains,1.0034013108552322
135m-g058-human-r0.01,paloma_dolma,1.2792881248390835
135m-g058-human-r0.01,paloma_falcon_refinedweb,1.1202953762481977
135m-g058-human-r0.01,paloma_gab,1.9055689308112689
135m-g058-human-r0.01,paloma_m2d2_s2orc,1.1989674936600057
135m-g058-human-r0.01,paloma_m2d2_wikipedia,1.1090453067456165
135m-g058-human-r0.01,paloma_manosphere,1.4089234430855213
135m-g058-human-r0.01,paloma_mc4_en,1.1154134127741824
135m-g058-human-r0.01,paloma_programming,2.018693951986836
135m-g058-human-r0.01,paloma_ptb,1.2602772634412758
135m-g058-human-r0.01,paloma_reddit_100,1.2516966699170038
135m-g058-human-r0.01,paloma_redpajama,1.4478731325909808
135m-g058-human-r0.01,paloma_twitteraae,2.505878042484261
135m-g058-human-r0.01,paloma_wikitext_103,1.098047587829613
135m-g058-human-r0.025,c4,1.0004974320039568
135m-g058-human-r0.025,cosmopedia,0.7038743437750983
135m-g058-human-r0.025,fw22,0.9849018825692302
135m-g058-human-r0.025,fw26,0.8729485170265999
135m-g058-human-r0.025,fw26_ai,0.7097150104186566
135m-g058-human-r0.025,fw26_human,0.917314791306886
135m-g058-human-r0.025,paloma,1.3824388590125851
135m-g058-human-r0.025,paloma_4chan,1.4168864317184937
135m-g058-human-r0.025,paloma_c4,1.020664966274917
135m-g058-human-r0.025,paloma_c4_100_domains,1.003195382312047
135m-g058-human-r0.025,paloma_dolma,1.2737771148445802
135m-g058-human-r0.025,paloma_falcon_refinedweb,1.1194091179688674
135m-g058-human-r0.025,paloma_gab,1.9015986607649251
135m-g058-human-r0.025,paloma_m2d2_s2orc,1.1955888571249058
135m-g058-human-r0.025,paloma_m2d2_wikipedia,1.1018238660706265
135m-g058-human-r0.025,paloma_manosphere,1.3883977458901047
135m-g058-human-r0.025,paloma_mc4_en,1.1150637971249535
135m-g058-human-r0.025,paloma_programming,2.0193230976908354
135m-g058-human-r0.025,paloma_ptb,1.2719388902111783
135m-g058-human-r0.025,paloma_reddit_100,1.2497187521912652
135m-g058-human-r0.025,paloma_redpajama,1.4444585876574345
135m-g058-human-r0.025,paloma_twitteraae,2.502120371357835
135m-g058-human-r0.025,paloma_wikitext_103,1.095056104998395
135m-g058-human-r0.05,c4,0.9999638416825256
135m-g058-human-r0.05,cosmopedia,0.7065173953103895
135m-g058-human-r0.05,fw22,0.9841553400476685
135m-g058-human-r0.05,fw26,0.8721516066453914
135m-g058-human-r0.05,fw26_ai,0.70869576687485
135m-g058-human-r0.05,fw26_human,0.9166208925458019
135m-g058-human-r0.05,paloma,1.3864520474954718
135m-g058-human-r0.05,paloma_4chan,1.4469125650637165
135m-g058-human-r0.05,paloma_c4,1.0197924872167927
135m-g058-human-r0.05,paloma_c4_100_domains,1.0020406084375515
135m-g058-human-r0.05,paloma_dolma,1.279424390962375
135m-g058-human-r0.05,paloma_falcon_refinedweb,1.1179522424752004
135m-g058-human-r0.05,paloma_gab,1.9052833929989437
135m-g058-human-r0.05,paloma_m2d2_s2orc,1.195002004829326
135m-g058-human-r0.05,paloma_m2d2_wikipedia,1.1054510259997887
135m-g058-human-r0.05,paloma_manosphere,1.4110324305680562
135m-g058-human-r0.05,paloma_mc4_en,1.1143809827721727
135m-g058-human-r0.05,paloma_programming,2.0308041718959937
135m-g058-human-r0.05,paloma_ptb,1.264143412191557
135m-g058-human-r0.05,paloma_reddit_100,1.2516163987120494
135m-g058-human-r0.05,paloma_redpajama,1.4522316995640963
135m-g058-human-r0.05,paloma_twitteraae,2.4939197823656545
135m-g058-human-r0.05,paloma_wikitext_103,1.0932451638742755
135m-g058-human-r4,c4,0.9659002171889011
135m-g058-human-r4,cosmopedia,0.6716320760633175
135m-g058-human-r4,fw22,0.9479311894269313
135m-g058-human-r4,fw26,0.8352799101106266
135m-g058-human-r4,fw26_ai,0.6714433808101121
135m-g058-human-r4,fw26_human,0.8797691483526344
135m-g058-human-r4,paloma,1.3543278899304805
135m-g058-human-r4,paloma_4chan,1.409310347219576
135m-g058-human-r4,paloma_c4,0.986296517796604
135m-g058-human-r4,paloma_c4_100_domains,0.9645830748031925
135m-g058-human-r4,paloma_dolma,1.247502893761169
135m-g058-human-r4,paloma_falcon_refinedweb,1.0847009445871862
135m-g058-human-r4,paloma_gab,1.8527805713405792
135m-g058-human-r4,paloma_m2d2_s2orc,1.158896124023099
135m-g058-human-r4,paloma_m2d2_wikipedia,1.075436192886371
135m-g058-human-r4,paloma_manosphere,1.3813916527821877
135m-g058-human-r4,paloma_mc4_en,1.0780110304388646
135m-g058-human-r4,paloma_programming,2.057005453928141
135m-g058-human-r4,paloma_ptb,1.2195308047130065
135m-g058-human-r4,paloma_reddit_100,1.2195627931293962
135m-g058-human-r4,paloma_redpajama,1.418987147928854
135m-g058-human-r4,paloma_twitteraae,2.460292531304489
135m-g058-human-r4,paloma_wikitext_103,1.0549581582449687
135m-g059-control,c4,1.00220830207125
135m-g059-control,cosmopedia,0.7113821455814359
135m-g059-control,fw22,0.9866590149543523
135m-g059-control,fw26,0.8747981405049835
135m-g059-control,fw26_ai,0.7126448490859796
135m-g059-control,fw26_human,0.9189147036509181
135m-g059-control,paloma,1.392974981978655
135m-g059-control,paloma_4chan,1.4787188757441172
135m-g059-control,paloma_c4,1.022762991850075
135m-g059-control,paloma_c4_100_domains,1.0048488598405299
135m-g059-control,paloma_dolma,1.2827515589333642
135m-g059-control,paloma_falcon_refinedweb,1.1217255516045403
135m-g059-control,paloma_gab,1.9070809683891878
135m-g059-control,paloma_m2d2_s2orc,1.1936779640271626
135m-g059-control,paloma_m2d2_wikipedia,1.1154697772854683
135m-g059-control,paloma_manosphere,1.4236253743366767
135m-g059-control,paloma_mc4_en,1.1168818999919257
135m-g059-control,paloma_programming,2.0510269508751064
135m-g059-control,paloma_ptb,1.2591133435176505
135m-g059-control,paloma_reddit_100,1.2525879002312839
135m-g059-control,paloma_redpajama,1.4566902294235755
135m-g059-control,paloma_twitteraae,2.5024517598224607
135m-g059-control,paloma_wikitext_103,1.0981857057853566
135m-g059-ai-r0.25,c4,1.0009956852750121
135m-g059-ai-r0.25,cosmopedia,0.644234049321752
135m-g059-ai-r0.25,fw22,0.984938872580183
135m-g059-ai-r0.25,fw26,0.8555614790234661
135m-g059-ai-r0.25,fw26_ai,0.6306745248205486
135m-g059-ai-r0.25,fw26_human,0.9164970572972635
135m-g059-ai-r0.25,paloma,1.388586685092466
135m-g059-ai-r0.25,paloma_4chan,1.42922296687562
135m-g059-ai-r0.25,paloma_c4,1.0213448414798336
135m-g059-ai-r0.25,paloma_c4_100_domains,1.0049384450201873
135m-g059-ai-r0.25,paloma_dolma,1.2814495228303178
135m-g059-ai-r0.25,paloma_falcon_refinedweb,1.1207537998967958
135m-g059-ai-r0.25,paloma_gab,1.9090061585591842
135m-g059-ai-r0.25,paloma_m2d2_s2orc,1.1965668157260754
135m-g059-ai-r0.25,paloma_m2d2_wikipedia,1.1093198647954305
135m-g059-ai-r0.25,paloma_manosphere,1.4156414593354874
135m-g059-ai-r0.25,paloma_mc4_en,1.1143798419511874
135m-g059-ai-r0.25,paloma_programming,2.030642111998393
135m-g059-ai-r0.25,paloma_ptb,1.2613733087108914
135m-g059-ai-r0.25,paloma_reddit_100,1.2549633475512298
135m-g059-ai-r0.25,paloma_redpajama,1.4534245113624695
135m-g059-ai-r0.25,paloma_twitteraae,2.5161276590090313
135m-g059-ai-r0.25,paloma_wikitext_103,1.098232306377322
135m-g059-ai-r1,c4,1.0063175616545788
135m-g059-ai-r1,cosmopedia,0.6095550644226875
135m-g059-ai-r1,fw22,0.9898558792459796
135m-g059-ai-r1,fw26,0.8505778544971944
135m-g059-ai-r1,fw26_ai,0.5896713551721149
135m-g059-ai-r1,fw26_human,0.9212144606450898
135m-g059-ai-r1,paloma,1.4035643410060028
135m-g059-ai-r1,paloma_4chan,1.4265160200997848
135m-g059-ai-r1,paloma_c4,1.0268281263220138
135m-g059-ai-r1,paloma_c4_100_domains,1.0131789591162623
135m-g059-ai-r1,paloma_dolma,1.2926334457313924
135m-g059-ai-r1,paloma_falcon_refinedweb,1.1262575920232547
135m-g059-ai-r1,paloma_gab,1.9420737534063903
135m-g059-ai-r1,paloma_m2d2_s2orc,1.2105635544277162
135m-g059-ai-r1,paloma_m2d2_wikipedia,1.1195325177057192
135m-g059-ai-r1,paloma_manosphere,1.41674652677915
135m-g059-ai-r1,paloma_mc4_en,1.1221026258858366
135m-g059-ai-r1,paloma_programming,2.0876772135271127
135m-g059-ai-r1,paloma_ptb,1.2761261854552588
135m-g059-ai-r1,paloma_reddit_100,1.264543437095095
135m-g059-ai-r1,paloma_redpajama,1.4710153323457553
135m-g059-ai-r1,paloma_twitteraae,2.5549889073808867
135m-g059-ai-r1,paloma_wikitext_103,1.1062452587944127
135m-g060-control,c4,1.0018170903511974
135m-g060-control,cosmopedia,0.7101656777315438
135m-g060-control,fw22,0.9860695941183908
135m-g060-control,fw26,0.8743477042449761
135m-g060-control,fw26_ai,0.7109231937289745
135m-g060-control,fw26_human,0.9187733511529822
135m-g060-control,paloma,1.378812213796909
135m-g060-control,paloma_4chan,1.3919979242547098
135m-g060-control,paloma_c4,1.0222802220858787
135m-g060-control,paloma_c4_100_domains,1.0042578338278076
135m-g060-control,paloma_dolma,1.2715921289682537
135m-g060-control,paloma_falcon_refinedweb,1.1195407541720857
135m-g060-control,paloma_gab,1.9087963672708461
135m-g060-control,paloma_m2d2_s2orc,1.1963319102763204
135m-g060-control,paloma_m2d2_wikipedia,1.1003731434552626
135m-g060-control,paloma_manosphere,1.400788430737534
135m-g060-control,paloma_mc4_en,1.111535927645124
135m-g060-control,paloma_programming,1.9801713120955438
135m-g060-control,paloma_ptb,1.2620614012313827
135m-g060-control,paloma_reddit_100,1.2534430684277087
135m-g060-control,paloma_redpajama,1.4430712282126859
135m-g060-control,paloma_twitteraae,2.499832209758581
135m-g060-control,paloma_wikitext_103,1.0949215583308227
135m-g060-ai-r0.025,c4,1.0015732453757802
135m-g060-ai-r0.025,cosmopedia,0.685875192016577
135m-g060-ai-r0.025,fw22,0.985653460224847
135m-g060-ai-r0.025,fw26,0.8681694840369464
135m-g060-ai-r0.025,fw26_ai,0.6847790050251489
135m-g060-ai-r0.025,fw26_human,0.9179364084961256
135m-g060-ai-r0.025,paloma,1.3822056328052459
135m-g060-ai-r0.025,paloma_4chan,1.4760419988711972
135m-g060-ai-r0.025,paloma_c4,1.021880682791563
135m-g060-ai-r0.025,paloma_c4_100_domains,1.0040396909643832
135m-g060-ai-r0.025,paloma_dolma,1.271399715558881
135m-g060-ai-r0.025,paloma_falcon_refinedweb,1.1199563006399784
135m-g060-ai-r0.025,paloma_gab,1.906095649199265
135m-g060-ai-r0.025,paloma_m2d2_s2orc,1.1945924676808672
135m-g060-ai-r0.025,paloma_m2d2_wikipedia,1.094359117757434
135m-g060-ai-r0.025,paloma_manosphere,1.400884267086841
135m-g060-ai-r0.025,paloma_mc4_en,1.1119283986407935
135m-g060-ai-r0.025,paloma_programming,1.9803867499905001
135m-g060-ai-r0.025,paloma_ptb,1.251176181562941
135m-g060-ai-r0.025,paloma_reddit_100,1.2543440035911848
135m-g060-ai-r0.025,paloma_redpajama,1.4388106514358685
135m-g060-ai-r0.025,paloma_twitteraae,2.4974054137530137
135m-g060-ai-r0.025,paloma_wikitext_103,1.0919888353592244
135m-g060-ai-r0.05,c4,1.001272939213555
135m-g060-ai-r0.05,cosmopedia,0.6764276006313598
135m-g060-ai-r0.05,fw22,0.9853491727975311
135m-g060-ai-r0.05,fw26,0.8649533657673287
135m-g060-ai-r0.05,fw26_ai,0.6719252686338054
135m-g060-ai-r0.05,fw26_human,0.9173613548748579
135m-g060-ai-r0.05,paloma,1.3838279571703946
135m-g060-ai-r0.05,paloma_4chan,1.4366999885108755
135m-g060-ai-r0.05,paloma_c4,1.0220954109124105
135m-g060-ai-r0.05,paloma_c4_100_domains,1.0039857503092995
135m-g060-ai-r0.05,paloma_dolma,1.2752092352073576
135m-g060-ai-r0.05,paloma_falcon_refinedweb,1.1202076549398419
135m-g060-ai-r0.05,paloma_gab,1.9068705599264766
135m-g060-ai-r0.05,paloma_m2d2_s2orc,1.1968666124764173
135m-g060-ai-r0.05,paloma_m2d2_wikipedia,1.1039244159269002
135m-g060-ai-r0.05,paloma_manosphere,1.4151256206513316
135m-g060-ai-r0.05,paloma_mc4_en,1.1122123049410428
135m-g060-ai-r0.05,paloma_programming,1.991725795146393
135m-g060-ai-r0.05,paloma_ptb,1.253553683384454
135m-g060-ai-r0.05,paloma_reddit_100,1.2557818024564802
135m-g060-ai-r0.05,paloma_redpajama,1.4461389073670357
135m-g060-ai-r0.05,paloma_twitteraae,2.500728283233026
135m-g060-ai-r0.05,paloma_wikitext_103,1.1001212893369736
135m-g060-ai-r0.25,c4,1.0007703150375644
135m-g060-ai-r0.25,cosmopedia,0.6396281618356489
135m-g060-ai-r0.25,fw22,0.9844179972824818
135m-g060-ai-r0.25,fw26,0.8550509321540919
135m-g060-ai-r0.25,fw26_ai,0.6293685864249022
135m-g060-ai-r0.25,fw26_human,0.9162055181745241
135m-g060-ai-r0.25,paloma,1.381027446648041
135m-g060-ai-r0.25,paloma_4chan,1.3828453932957216
135m-g060-ai-r0.25,paloma_c4,1.0207090835853105
135m-g060-ai-r0.25,paloma_c4_100_domains,1.0051390657623778
135m-g060-ai-r0.25,paloma_dolma,1.2725507103499571
135m-g060-ai-r0.25,paloma_falcon_refinedweb,1.1185420312038328
135m-g060-ai-r0.25,paloma_gab,1.9141439826786868
135m-g060-ai-r0.25,paloma_m2d2_s2orc,1.1941668967665935
135m-g060-ai-r0.25,paloma_m2d2_wikipedia,1.10033096638706
135m-g060-ai-r0.25,paloma_manosphere,1.406365977404566
135m-g060-ai-r0.25,paloma_mc4_en,1.1105479792699628
135m-g060-ai-r0.25,paloma_programming,1.990177368380981
135m-g060-ai-r0.25,paloma_ptb,1.2786059996835841
135m-g060-ai-r0.25,paloma_reddit_100,1.257194499255067
135m-g060-ai-r0.25,paloma_redpajama,1.4369329689289732
135m-g060-ai-r0.25,paloma_twitteraae,2.516116639194724
135m-g060-ai-r0.25,paloma_wikitext_103,1.0920695842212562
135m-g060-ai-r1,c4,1.0054227704789434
135m-g060-ai-r1,cosmopedia,0.6135964548524262
135m-g060-ai-r1,fw22,0.9888308446423577
135m-g060-ai-r1,fw26,0.8496403583817524
135m-g060-ai-r1,fw26_ai,0.5888817111942697
135m-g060-ai-r1,fw26_human,0.920243250006783
135m-g060-ai-r1,paloma,1.4003764662599978
135m-g060-ai-r1,paloma_4chan,1.4151708275361066
135m-g060-ai-r1,paloma_c4,1.0262631789892704
135m-g060-ai-r1,paloma_c4_100_domains,1.0126586679775582
135m-g060-ai-r1,paloma_dolma,1.2913304784192567
135m-g060-ai-r1,paloma_falcon_refinedweb,1.1244646089940802
135m-g060-ai-r1,paloma_gab,1.9515309281100288
135m-g060-ai-r1,paloma_m2d2_s2orc,1.2079756204218421
135m-g060-ai-r1,paloma_m2d2_wikipedia,1.1145512926653196
135m-g060-ai-r1,paloma_manosphere,1.42122139127529
135m-g060-ai-r1,paloma_mc4_en,1.120436905666317
135m-g060-ai-r1,paloma_programming,2.0444409565217887
135m-g060-ai-r1,paloma_ptb,1.287356713020817
135m-g060-ai-r1,paloma_reddit_100,1.2713180371740238
135m-g060-ai-r1,paloma_redpajama,1.466485848592437
135m-g060-ai-r1,paloma_twitteraae,2.5493369040261933
135m-g060-ai-r1,paloma_wikitext_103,1.101481100769634
135m-g060-human-r0.025,c4,1.0010056390254403
135m-g060-human-r0.025,cosmopedia,0.7064832901697895
135m-g060-human-r0.025,fw22,0.9852662593111667
135m-g060-human-r0.025,fw26,0.8734282967258602
135m-g060-human-r0.025,fw26_ai,0.7103409324336036
135m-g060-human-r0.025,fw26_human,0.9177634194701324
135m-g060-human-r0.025,paloma,1.3833992939676918
135m-g060-human-r0.025,paloma_4chan,1.4881913211897708
135m-g060-human-r0.025,paloma_c4,1.0209420116361838
135m-g060-human-r0.025,paloma_c4_100_domains,1.0030008996669473
135m-g060-human-r0.025,paloma_dolma,1.2705400847958375
135m-g060-human-r0.025,paloma_falcon_refinedweb,1.118291426083362
135m-g060-human-r0.025,paloma_gab,1.9005356991830382
135m-g060-human-r0.025,paloma_m2d2_s2orc,1.188432366417461
135m-g060-human-r0.025,paloma_m2d2_wikipedia,1.0963982523667255
135m-g060-human-r0.025,paloma_manosphere,1.3956435799869205
135m-g060-human-r0.025,paloma_mc4_en,1.1116299212837482
135m-g060-human-r0.025,paloma_programming,2.0042902107721052
135m-g060-human-r0.025,paloma_ptb,1.251303768996677
135m-g060-human-r0.025,paloma_reddit_100,1.2471310010008525
135m-g060-human-r0.025,paloma_redpajama,1.4402473902428141
135m-g060-human-r0.025,paloma_twitteraae,2.5046309719840316
135m-g060-human-r0.025,paloma_wikitext_103,1.093179797876592
135m-g060-human-r0.05,c4,1.000374155551407
135m-g060-human-r0.05,cosmopedia,0.707188937120278
135m-g060-human-r0.05,fw22,0.984483708427998
135m-g060-human-r0.05,fw26,0.8726497184509838
135m-g060-human-r0.05,fw26_ai,0.709549769791676
135m-g060-human-r0.05,fw26_human,0.9170035666418322
135m-g060-human-r0.05,paloma,1.3790190591453757
135m-g060-human-r0.05,paloma_4chan,1.454133556004128
135m-g060-human-r0.05,paloma_c4,1.020119937282249
135m-g060-human-r0.05,paloma_c4_100_domains,1.0019630615521724
135m-g060-human-r0.05,paloma_dolma,1.267018402965124
135m-g060-human-r0.05,paloma_falcon_refinedweb,1.1182902489963225
135m-g060-human-r0.05,paloma_gab,1.899801608563544
135m-g060-human-r0.05,paloma_m2d2_s2orc,1.1924231814353703
135m-g060-human-r0.05,paloma_m2d2_wikipedia,1.0961990665951646
135m-g060-human-r0.05,paloma_manosphere,1.4037805640726697
135m-g060-human-r0.05,paloma_mc4_en,1.1109268324620172
135m-g060-human-r0.05,paloma_programming,1.9697462574366669
135m-g060-human-r0.05,paloma_ptb,1.2543161067565738
135m-g060-human-r0.05,paloma_reddit_100,1.2508197083297865
135m-g060-human-r0.05,paloma_redpajama,1.4352822567854724
135m-g060-human-r0.05,paloma_twitteraae,2.495167999157748
135m-g060-human-r0.05,paloma_wikitext_103,1.094316157931001
135m-g061-control,c4,1.0022541637862012
135m-g061-control,cosmopedia,0.7178215921203127
135m-g061-control,fw22,0.986529816018213
135m-g061-control,fw26,0.8748931092138807
135m-g061-control,fw26_ai,0.7126603868399454
135m-g061-control,fw26_human,0.9190100834133375
135m-g061-control,paloma,1.3875604047056465
135m-g061-control,paloma_4chan,1.4706329197894583
135m-g061-control,paloma_c4,1.0222853819693931
135m-g061-control,paloma_c4_100_domains,1.0043003044391872
135m-g061-control,paloma_dolma,1.2749164604664536
135m-g061-control,paloma_falcon_refinedweb,1.1212838575963537
135m-g061-control,paloma_gab,1.9078712306018286
135m-g061-control,paloma_m2d2_s2orc,1.1924277143541608
135m-g061-control,paloma_m2d2_wikipedia,1.1048404840920814
135m-g061-control,paloma_manosphere,1.423805990001435
135m-g061-control,paloma_mc4_en,1.1126892768778731
135m-g061-control,paloma_programming,2.000891418276432
135m-g061-control,paloma_ptb,1.2534456618945944
135m-g061-control,paloma_reddit_100,1.2583307667813939
135m-g061-control,paloma_redpajama,1.449637591531513
135m-g061-control,paloma_twitteraae,2.5039094714566343
135m-g061-control,paloma_wikitext_103,1.0996979451615512
135m-g061-ai-r0.025,c4,1.0013322363475265
135m-g061-ai-r0.025,cosmopedia,0.6891756282434924
135m-g061-ai-r0.025,fw22,0.9856559095585292
135m-g061-ai-r0.025,fw26,0.8675585818394016
135m-g061-ai-r0.025,fw26_ai,0.6838285158182081
135m-g061-ai-r0.025,fw26_human,0.9174022029162386
135m-g061-ai-r0.025,paloma,1.382273667175372
135m-g061-ai-r0.025,paloma_4chan,1.4164121588180765
135m-g061-ai-r0.025,paloma_c4,1.0212152844370834
135m-g061-ai-r0.025,paloma_c4_100_domains,1.0035446555862306
135m-g061-ai-r0.025,paloma_dolma,1.2759818086594572
135m-g061-ai-r0.025,paloma_falcon_refinedweb,1.119367520900407
135m-g061-ai-r0.025,paloma_gab,1.9094937317613623
135m-g061-ai-r0.025,paloma_m2d2_s2orc,1.193943146423053
135m-g061-ai-r0.025,paloma_m2d2_wikipedia,1.1010030612846349
135m-g061-ai-r0.025,paloma_manosphere,1.409691241633443
135m-g061-ai-r0.025,paloma_mc4_en,1.112917819327962
135m-g061-ai-r0.025,paloma_programming,1.9879914477217073
135m-g061-ai-r0.025,paloma_ptb,1.2625625459509446
135m-g061-ai-r0.025,paloma_reddit_100,1.2549886483352068
135m-g061-ai-r0.025,paloma_redpajama,1.4488290872317753
135m-g061-ai-r0.025,paloma_twitteraae,2.5031872194505045
135m-g061-ai-r0.025,paloma_wikitext_103,1.0952492972841015
135m-g061-ai-r0.05,c4,1.0011174865530148
135m-g061-ai-r0.05,cosmopedia,0.6767512148242677
135m-g061-ai-r0.05,fw22,0.9851914067818607
135m-g061-ai-r0.05,fw26,0.8647177536864046
135m-g061-ai-r0.05,fw26_ai,0.6716750396745946
135m-g061-ai-r0.05,fw26_human,0.9170596760721046
135m-g061-ai-r0.05,paloma,1.3796714226414601
135m-g061-ai-r0.05,paloma_4chan,1.39916103595171
135m-g061-ai-r0.05,paloma_c4,1.0215375290160507
135m-g061-ai-r0.05,paloma_c4_100_domains,1.0039281381175063
135m-g061-ai-r0.05,paloma_dolma,1.2722075407400892
135m-g061-ai-r0.05,paloma_falcon_refinedweb,1.1187815320687085
135m-g061-ai-r0.05,paloma_gab,1.9059403367690482
135m-g061-ai-r0.05,paloma_m2d2_s2orc,1.1934395294239064
135m-g061-ai-r0.05,paloma_m2d2_wikipedia,1.1028373306641355
135m-g061-ai-r0.05,paloma_manosphere,1.3998985867749267
135m-g061-ai-r0.05,paloma_mc4_en,1.1122504581029162
135m-g061-ai-r0.05,paloma_programming,1.9944460207900356
135m-g061-ai-r0.05,paloma_ptb,1.2632782676140855
135m-g061-ai-r0.05,paloma_reddit_100,1.2533681768025644
135m-g061-ai-r0.05,paloma_redpajama,1.4407453299120279
135m-g061-ai-r0.05,paloma_twitteraae,2.493813968881101
135m-g061-ai-r0.05,paloma_wikitext_103,1.099108980634551
135m-g061-ai-r0.25,c4,1.0008130259261678
135m-g061-ai-r0.25,cosmopedia,0.6455246606544194
135m-g061-ai-r0.25,fw22,0.9845481572958881
135m-g061-ai-r0.25,fw26,0.8550656806596377
135m-g061-ai-r0.25,fw26_ai,0.6296856924626515
135m-g061-ai-r0.25,fw26_human,0.9161367753781207
135m-g061-ai-r0.25,paloma,1.388734783392585
135m-g061-ai-r0.25,paloma_4chan,1.4374955042999307
135m-g061-ai-r0.25,paloma_c4,1.0213667388183854
135m-g061-ai-r0.25,paloma_c4_100_domains,1.0052069149077858
135m-g061-ai-r0.25,paloma_dolma,1.282698456419351
135m-g061-ai-r0.25,paloma_falcon_refinedweb,1.1188847548190222
135m-g061-ai-r0.25,paloma_gab,1.9187845102604837
135m-g061-ai-r0.25,paloma_m2d2_s2orc,1.199753229395667
135m-g061-ai-r0.25,paloma_m2d2_wikipedia,1.108219820577632
135m-g061-ai-r0.25,paloma_manosphere,1.4125744246853496
135m-g061-ai-r0.25,paloma_mc4_en,1.1151228593342024
135m-g061-ai-r0.25,paloma_programming,2.010998329849489
135m-g061-ai-r0.25,paloma_ptb,1.2637762406208435
135m-g061-ai-r0.25,paloma_reddit_100,1.2637192642760733
135m-g061-ai-r0.25,paloma_redpajama,1.4528116764795258
135m-g061-ai-r0.25,paloma_twitteraae,2.509804004818
135m-g061-ai-r0.25,paloma_wikitext_103,1.098539804719616
135m-g061-ai-r1,c4,1.0055888218288378
135m-g061-ai-r1,cosmopedia,0.6118410026250389
135m-g061-ai-r1,fw22,0.989150217370875
135m-g061-ai-r1,fw26,0.849878733401862
135m-g061-ai-r1,fw26_ai,0.5888355313376556
135m-g061-ai-r1,fw26_human,0.920571978985113
135m-g061-ai-r1,paloma,1.3983044551910697
135m-g061-ai-r1,paloma_4chan,1.3868845320627297
135m-g061-ai-r1,paloma_c4,1.0263529233166981
135m-g061-ai-r1,paloma_c4_100_domains,1.0127918262908864
135m-g061-ai-r1,paloma_dolma,1.2920314660618677
135m-g061-ai-r1,paloma_falcon_refinedweb,1.126189380190381
135m-g061-ai-r1,paloma_gab,1.9488440242794396
135m-g061-ai-r1,paloma_m2d2_s2orc,1.2064290876238788
135m-g061-ai-r1,paloma_m2d2_wikipedia,1.113582710499691
135m-g061-ai-r1,paloma_manosphere,1.4321956122368589
135m-g061-ai-r1,paloma_mc4_en,1.1205436466415348
135m-g061-ai-r1,paloma_programming,2.0351816981922166
135m-g061-ai-r1,paloma_ptb,1.2833546880940048
135m-g061-ai-r1,paloma_reddit_100,1.268971842685373
135m-g061-ai-r1,paloma_redpajama,1.4714543537675606
135m-g061-ai-r1,paloma_twitteraae,2.5480573273920877
135m-g061-ai-r1,paloma_wikitext_103,1.1000061637219045
135m-g061-human-r0.025,c4,1.0002810999884952
135m-g061-human-r0.025,cosmopedia,0.7133309025402582
135m-g061-human-r0.025,fw22,0.9845620531854521
135m-g061-human-r0.025,fw26,0.8726152021164897
135m-g061-human-r0.025,fw26_ai,0.7093813352320901
135m-g061-human-r0.025,fw26_human,0.9170202087128819
135m-g061-human-r0.025,paloma,1.3780641381972512
135m-g061-human-r0.025,paloma_4chan,1.4002390848108894
135m-g061-human-r0.025,paloma_c4,1.0205366364795663
135m-g061-human-r0.025,paloma_c4_100_domains,1.0023805440994582
135m-g061-human-r0.025,paloma_dolma,1.2703394320473886
135m-g061-human-r0.025,paloma_falcon_refinedweb,1.1178653221797905
135m-g061-human-r0.025,paloma_gab,1.9032573641852875
135m-g061-human-r0.025,paloma_m2d2_s2orc,1.190535262292769
135m-g061-human-r0.025,paloma_m2d2_wikipedia,1.104213435501356
135m-g061-human-r0.025,paloma_manosphere,1.4027305391564884
135m-g061-human-r0.025,paloma_mc4_en,1.109724481270294
135m-g061-human-r0.025,paloma_programming,1.9838585208544155
135m-g061-human-r0.025,paloma_ptb,1.2603978590103413
135m-g061-human-r0.025,paloma_reddit_100,1.254020081756863
135m-g061-human-r0.025,paloma_redpajama,1.4377912856691029
135m-g061-human-r0.025,paloma_twitteraae,2.4972543960605154
135m-g061-human-r0.025,paloma_wikitext_103,1.0938819657814949
135m-g061-human-r0.05,c4,0.9998515107246336
135m-g061-human-r0.05,cosmopedia,0.7077461327213811
135m-g061-human-r0.05,fw22,0.9840633007243524
135m-g061-human-r0.05,fw26,0.8720947129211863
135m-g061-human-r0.05,fw26_ai,0.7084634935623709
135m-g061-human-r0.05,fw26_human,0.9165772500534878
135m-g061-human-r0.05,paloma,1.3825788008707045
135m-g061-human-r0.05,paloma_4chan,1.438247421561667
135m-g061-human-r0.05,paloma_c4,1.0196208151289492
135m-g061-human-r0.05,paloma_c4_100_domains,1.001729504875419
135m-g061-human-r0.05,paloma_dolma,1.2740442153653337
135m-g061-human-r0.05,paloma_falcon_refinedweb,1.1171848347625175
135m-g061-human-r0.05,paloma_gab,1.9092007489921572
135m-g061-human-r0.05,paloma_m2d2_s2orc,1.1870831719865333
135m-g061-human-r0.05,paloma_m2d2_wikipedia,1.0993006309965094
135m-g061-human-r0.05,paloma_manosphere,1.400737009620309
135m-g061-human-r0.05,paloma_mc4_en,1.1096963642848958
135m-g061-human-r0.05,paloma_programming,2.0067191671762354
135m-g061-human-r0.05,paloma_ptb,1.2556902055153563
135m-g061-human-r0.05,paloma_reddit_100,1.254646185859415
135m-g061-human-r0.05,paloma_redpajama,1.4557099484588174
135m-g061-human-r0.05,paloma_twitteraae,2.4982190131709805
135m-g061-human-r0.05,paloma_wikitext_103,1.0934315761761797
135m-g062-control,c4,1.0012628360050646
135m-g062-control,cosmopedia,0.70723971227615
135m-g062-control,fw22,0.9856462877931446
135m-g062-control,fw26,0.8738490539708716
135m-g062-control,fw26_ai,0.7105788834051682
135m-g062-control,fw26_human,0.9182195990940827
135m-g062-control,paloma,1.3771401815095228
135m-g062-control,paloma_4chan,1.4124525756916753
135m-g062-control,paloma_c4,1.0214773565114494
135m-g062-control,paloma_c4_100_domains,1.0039820896126694
135m-g062-control,paloma_dolma,1.273859108339358
135m-g062-control,paloma_falcon_refinedweb,1.1184502582126445
135m-g062-control,paloma_gab,1.9030474029962614
135m-g062-control,paloma_m2d2_s2orc,1.1914435126343774
135m-g062-control,paloma_m2d2_wikipedia,1.1024081927254938
135m-g062-control,paloma_manosphere,1.391699711861981
135m-g062-control,paloma_mc4_en,1.1092370827804134
135m-g062-control,paloma_programming,1.978766652176354
135m-g062-control,paloma_ptb,1.2478907240893506
135m-g062-control,paloma_reddit_100,1.2523238938515668
135m-g062-control,paloma_redpajama,1.4446316966799648
135m-g062-control,paloma_twitteraae,2.489976214806432
135m-g062-control,paloma_wikitext_103,1.0925964311823724
135m-g062-ai-r0.25,c4,1.0008887601604473
135m-g062-ai-r0.25,cosmopedia,0.6438826623920073
135m-g062-ai-r0.25,fw22,0.9846084641092034
135m-g062-ai-r0.25,fw26,0.8551725076675528
135m-g062-ai-r0.25,fw26_ai,0.629818199769086
135m-g062-ai-r0.25,fw26_human,0.9162247952339373
135m-g062-ai-r0.25,paloma,1.3892429306326404
135m-g062-ai-r0.25,paloma_4chan,1.4392817676431946
135m-g062-ai-r0.25,paloma_c4,1.0215087170876898
135m-g062-ai-r0.25,paloma_c4_100_domains,1.005008134168684
135m-g062-ai-r0.25,paloma_dolma,1.281814152073248
135m-g062-ai-r0.25,paloma_falcon_refinedweb,1.1181308385137076
135m-g062-ai-r0.25,paloma_gab,1.926369049274035
135m-g062-ai-r0.25,paloma_m2d2_s2orc,1.1955568724118268
135m-g062-ai-r0.25,paloma_m2d2_wikipedia,1.105276575033928
135m-g062-ai-r0.25,paloma_manosphere,1.4199523616105774
135m-g062-ai-r0.25,paloma_mc4_en,1.1121138526269307
135m-g062-ai-r0.25,paloma_programming,2.019659891983268
135m-g062-ai-r0.25,paloma_ptb,1.2566247189759803
135m-g062-ai-r0.25,paloma_reddit_100,1.264985024666984
135m-g062-ai-r0.25,paloma_redpajama,1.4512068663204734
135m-g062-ai-r0.25,paloma_twitteraae,2.520802348105769
135m-g062-ai-r0.25,paloma_wikitext_103,1.0895957196259496
135m-g062-ai-r1,c4,1.0055296921504955
135m-g062-ai-r1,cosmopedia,0.6095505366149957
135m-g062-ai-r1,fw22,0.9890866066188959
135m-g062-ai-r1,fw26,0.8498902764337555
135m-g062-ai-r1,fw26_ai,0.5891158862033488
135m-g062-ai-r1,fw26_human,0.9205456701487854
135m-g062-ai-r1,paloma,1.4077664551044076
135m-g062-ai-r1,paloma_4chan,1.459493035394889
135m-g062-ai-r1,paloma_c4,1.0263451294736174
135m-g062-ai-r1,paloma_c4_100_domains,1.0125486321497006
135m-g062-ai-r1,paloma_dolma,1.2984657303105953
135m-g062-ai-r1,paloma_falcon_refinedweb,1.1260294758447311
135m-g062-ai-r1,paloma_gab,1.9506634911247194
135m-g062-ai-r1,paloma_m2d2_s2orc,1.2056006203927665
135m-g062-ai-r1,paloma_m2d2_wikipedia,1.1124369103708065
135m-g062-ai-r1,paloma_manosphere,1.436333179866799
135m-g062-ai-r1,paloma_mc4_en,1.1220947821570386
135m-g062-ai-r1,paloma_programming,2.0955079585203773
135m-g062-ai-r1,paloma_ptb,1.2679077137195702
135m-g062-ai-r1,paloma_reddit_100,1.2715398962145887
135m-g062-ai-r1,paloma_redpajama,1.4806431731643082
135m-g062-ai-r1,paloma_twitteraae,2.5504690499254323
135m-g062-ai-r1,paloma_wikitext_103,1.1081845030405808
135m-g063-control,c4,0.9969504446049098
135m-g063-control,cosmopedia,0.7092509423445172
135m-g063-control,fw22,0.9811634217143153
135m-g063-control,fw26,0.8690780152270999
135m-g063-control,fw26_ai,0.7050538547980704
135m-g063-control,fw26_human,0.9136491789396816
135m-g063-control,paloma,1.3839606396212871
135m-g063-control,paloma_4chan,1.4297851993022672
135m-g063-control,paloma_c4,1.0180585996104208
135m-g063-control,paloma_c4_100_domains,0.9992144906421898
135m-g063-control,paloma_dolma,1.2751156471536218
135m-g063-control,paloma_falcon_refinedweb,1.1159131549383114
135m-g063-control,paloma_gab,1.899155970529449
135m-g063-control,paloma_m2d2_s2orc,1.1971180309632923
135m-g063-control,paloma_m2d2_wikipedia,1.108461365605956
135m-g063-control,paloma_manosphere,1.4050859638847681
135m-g063-control,paloma_mc4_en,1.1135848469836718
135m-g063-control,paloma_programming,2.0285839048989613
135m-g063-control,paloma_ptb,1.2719189154687627
135m-g063-control,paloma_reddit_100,1.25234509603873
135m-g063-control,paloma_redpajama,1.4448379679813275
135m-g063-control,paloma_twitteraae,2.489213160819612
135m-g063-control,paloma_wikitext_103,1.0949779191192508
135m-g063-ai-r0.0025,c4,0.9967769433575024
135m-g063-ai-r0.0025,cosmopedia,0.6927524617142266
135m-g063-ai-r0.0025,fw22,0.98080052097977
135m-g063-ai-r0.0025,fw26,0.8677857335432966
135m-g063-ai-r0.0025,fw26_ai,0.7002258486169541
135m-g063-ai-r0.0025,fw26_human,0.9132770826103823
135m-g063-ai-r0.0025,paloma,1.3750659883095318
135m-g063-ai-r0.0025,paloma_4chan,1.3898416552679465
135m-g063-ai-r0.0025,paloma_c4,1.0172108050236714
135m-g063-ai-r0.0025,paloma_c4_100_domains,0.9988271368046654
135m-g063-ai-r0.0025,paloma_dolma,1.2704142060621317
135m-g063-ai-r0.0025,paloma_falcon_refinedweb,1.1152416446752416
135m-g063-ai-r0.0025,paloma_gab,1.8952141326529839
135m-g063-ai-r0.0025,paloma_m2d2_s2orc,1.1930853430071413
135m-g063-ai-r0.0025,paloma_m2d2_wikipedia,1.1011562934795505
135m-g063-ai-r0.0025,paloma_manosphere,1.390468165259842
135m-g063-ai-r0.0025,paloma_mc4_en,1.109606418335241
135m-g063-ai-r0.0025,paloma_programming,2.0025402950463915
135m-g063-ai-r0.0025,paloma_ptb,1.2479942346987778
135m-g063-ai-r0.0025,paloma_reddit_100,1.2452630044758626
135m-g063-ai-r0.0025,paloma_redpajama,1.437905651959375
135m-g063-ai-r0.0025,paloma_twitteraae,2.4937883695125227
135m-g063-ai-r0.0025,paloma_wikitext_103,1.0924984566911637
135m-g063-ai-r0.005,c4,0.9967353318855331
135m-g063-ai-r0.005,cosmopedia,0.6906659153899078
135m-g063-ai-r0.005,fw22,0.980748993418843
135m-g063-ai-r0.005,fw26,0.8668588824319822
135m-g063-ai-r0.005,fw26_ai,0.696305100837304
135m-g063-ai-r0.005,fw26_human,0.9131804714287413
135m-g063-ai-r0.005,paloma,1.3839797385602333
135m-g063-ai-r0.005,paloma_4chan,1.4358056416007818
135m-g063-ai-r0.005,paloma_c4,1.0178158507107773
135m-g063-ai-r0.005,paloma_c4_100_domains,0.999494611896945
135m-g063-ai-r0.005,paloma_dolma,1.2760044180153116
135m-g063-ai-r0.005,paloma_falcon_refinedweb,1.1170302124645712
135m-g063-ai-r0.005,paloma_gab,1.9005688156115719
135m-g063-ai-r0.005,paloma_m2d2_s2orc,1.1983557168352894
135m-g063-ai-r0.005,paloma_m2d2_wikipedia,1.114389642577935
135m-g063-ai-r0.005,paloma_manosphere,1.4086089191644136
135m-g063-ai-r0.005,paloma_mc4_en,1.114243915217792
135m-g063-ai-r0.005,paloma_programming,2.013594776978924
135m-g063-ai-r0.005,paloma_ptb,1.263184511783594
135m-g063-ai-r0.005,paloma_reddit_100,1.2506324532265287
135m-g063-ai-r0.005,paloma_redpajama,1.446120178235349
135m-g063-ai-r0.005,paloma_twitteraae,2.492258638186015
135m-g063-ai-r0.005,paloma_wikitext_103,1.0955675144579304
135m-g063-ai-r0.01,c4,0.9966989849368596
135m-g063-ai-r0.01,cosmopedia,0.6887133409022101
135m-g063-ai-r0.01,fw22,0.9807309206120974
135m-g063-ai-r0.01,fw26,0.8654612119772804
135m-g063-ai-r0.01,fw26_ai,0.6902452570929621
135m-g063-ai-r0.01,fw26_human,0.9130328645650151
135m-g063-ai-r0.01,paloma,1.3829890380333558
135m-g063-ai-r0.01,paloma_4chan,1.4220579400864608
135m-g063-ai-r0.01,paloma_c4,1.017150508196675
135m-g063-ai-r0.01,paloma_c4_100_domains,0.9990925742695344
135m-g063-ai-r0.01,paloma_dolma,1.277296805104984
135m-g063-ai-r0.01,paloma_falcon_refinedweb,1.116986565964811
135m-g063-ai-r0.01,paloma_gab,1.9022352404978642
135m-g063-ai-r0.01,paloma_m2d2_s2orc,1.1938587423938156
135m-g063-ai-r0.01,paloma_m2d2_wikipedia,1.108698546838757
135m-g063-ai-r0.01,paloma_manosphere,1.4143866198885044
135m-g063-ai-r0.01,paloma_mc4_en,1.1124997171831779
135m-g063-ai-r0.01,paloma_programming,2.0286684266706825
135m-g063-ai-r0.01,paloma_ptb,1.254891723292778
135m-g063-ai-r0.01,paloma_reddit_100,1.2515962652936923
135m-g063-ai-r0.01,paloma_redpajama,1.444601429678743
135m-g063-ai-r0.01,paloma_twitteraae,2.4936818107818617
135m-g063-ai-r0.01,paloma_wikitext_103,1.090121692391352
135m-g063-ai-r0.025,c4,0.9965356862758163
135m-g063-ai-r0.025,cosmopedia,0.6796746823266389
135m-g063-ai-r0.025,fw22,0.9804652670775693
135m-g063-ai-r0.025,fw26,0.8627840254494996
135m-g063-ai-r0.025,fw26_ai,0.679117176952965
135m-g063-ai-r0.025,fw26_human,0.9125989241234429
135m-g063-ai-r0.025,paloma,1.3808489608394794
135m-g063-ai-r0.025,paloma_4chan,1.4297288932911563
135m-g063-ai-r0.025,paloma_c4,1.0170913343817072
135m-g063-ai-r0.025,paloma_c4_100_domains,0.998692774863552
135m-g063-ai-r0.025,paloma_dolma,1.273003401295869
135m-g063-ai-r0.025,paloma_falcon_refinedweb,1.1152050727333738
135m-g063-ai-r0.025,paloma_gab,1.902795214258098
135m-g063-ai-r0.025,paloma_m2d2_s2orc,1.190956769194887
135m-g063-ai-r0.025,paloma_m2d2_wikipedia,1.1011289581803452
135m-g063-ai-r0.025,paloma_manosphere,1.4053620119157766
135m-g063-ai-r0.025,paloma_mc4_en,1.1099351801855983
135m-g063-ai-r0.025,paloma_programming,2.018268122339507
135m-g063-ai-r0.025,paloma_ptb,1.2556887676722182
135m-g063-ai-r0.025,paloma_reddit_100,1.2488682930818475
135m-g063-ai-r0.025,paloma_redpajama,1.4389553753451403
135m-g063-ai-r0.025,paloma_twitteraae,2.4982376189478464
135m-g063-ai-r0.025,paloma_wikitext_103,1.0896655857447501
135m-g063-ai-r0.05,c4,0.9962510738361035
135m-g063-ai-r0.05,cosmopedia,0.6707044186344346
135m-g063-ai-r0.05,fw22,0.9800839488361802
135m-g063-ai-r0.05,fw26,0.8596201217983973
135m-g063-ai-r0.05,fw26_ai,0.6662829712300847
135m-g063-ai-r0.05,fw26_human,0.9120410043945987
135m-g063-ai-r0.05,paloma,1.3774144901054792
135m-g063-ai-r0.05,paloma_4chan,1.3925645306823484
135m-g063-ai-r0.05,paloma_c4,1.0163959912372158
135m-g063-ai-r0.05,paloma_c4_100_domains,0.9984762039370848
135m-g063-ai-r0.05,paloma_dolma,1.2711711398280279
135m-g063-ai-r0.05,paloma_falcon_refinedweb,1.1132808095156501
135m-g063-ai-r0.05,paloma_gab,1.8988761180193954
135m-g063-ai-r0.05,paloma_m2d2_s2orc,1.191721813252588
135m-g063-ai-r0.05,paloma_m2d2_wikipedia,1.0995647356028644
135m-g063-ai-r0.05,paloma_manosphere,1.4004283298520448
135m-g063-ai-r0.05,paloma_mc4_en,1.1085767431379356
135m-g063-ai-r0.05,paloma_programming,2.016838592485777
135m-g063-ai-r0.05,paloma_ptb,1.2520555495102763
135m-g063-ai-r0.05,paloma_reddit_100,1.2527155838077035
135m-g063-ai-r0.05,paloma_redpajama,1.4387537715549896
135m-g063-ai-r0.05,paloma_twitteraae,2.496283567810578
135m-g063-ai-r0.05,paloma_wikitext_103,1.0909283614531897
135m-g063-ai-r0.1,c4,0.9961460891723353
135m-g063-ai-r0.1,cosmopedia,0.6559685523561087
135m-g063-ai-r0.1,fw22,0.9800169659907116
135m-g063-ai-r0.1,fw26,0.8561951177831452
135m-g063-ai-r0.1,fw26_ai,0.6504253023213612
135m-g063-ai-r0.1,fw26_human,0.9119730494577255
135m-g063-ai-r0.1,paloma,1.3798564812058052
135m-g063-ai-r0.1,paloma_4chan,1.4242639150453857
135m-g063-ai-r0.1,paloma_c4,1.0163442209255815
135m-g063-ai-r0.1,paloma_c4_100_domains,0.9990094770634772
135m-g063-ai-r0.1,paloma_dolma,1.269745576809832
135m-g063-ai-r0.1,paloma_falcon_refinedweb,1.1141881211240228
135m-g063-ai-r0.1,paloma_gab,1.9081038148041443
135m-g063-ai-r0.1,paloma_m2d2_s2orc,1.191267206485662
135m-g063-ai-r0.1,paloma_m2d2_wikipedia,1.098316665629306
135m-g063-ai-r0.1,paloma_manosphere,1.4004978801007435
135m-g063-ai-r0.1,paloma_mc4_en,1.10980184770718
135m-g063-ai-r0.1,paloma_programming,2.0089234100401847
135m-g063-ai-r0.1,paloma_ptb,1.2569273003774992
135m-g063-ai-r0.1,paloma_reddit_100,1.252463476375334
135m-g063-ai-r0.1,paloma_redpajama,1.436565664509612
135m-g063-ai-r0.1,paloma_twitteraae,2.5017438958574614
135m-g063-ai-r0.1,paloma_wikitext_103,1.089541226437455
135m-g063-ai-r0.25,c4,0.9967610039290662
135m-g063-ai-r0.25,cosmopedia,0.6343319206997106
135m-g063-ai-r0.25,fw22,0.9804736050510163
135m-g063-ai-r0.25,fw26,0.8508712972065878
135m-g063-ai-r0.25,fw26_ai,0.6255589669518311
135m-g063-ai-r0.25,fw26_human,0.9119070595674048
135m-g063-ai-r0.25,paloma,1.3886051091874219
135m-g063-ai-r0.25,paloma_4chan,1.423304534882005
135m-g063-ai-r0.25,paloma_c4,1.017568392993777
135m-g063-ai-r0.25,paloma_c4_100_domains,1.0005381847629486
135m-g063-ai-r0.25,paloma_dolma,1.282924252312455
135m-g063-ai-r0.25,paloma_falcon_refinedweb,1.1149528841219196
135m-g063-ai-r0.25,paloma_gab,1.9115128599374187
135m-g063-ai-r0.25,paloma_m2d2_s2orc,1.1998349220318227
135m-g063-ai-r0.25,paloma_m2d2_wikipedia,1.1075411706842997
135m-g063-ai-r0.25,paloma_manosphere,1.4077972816068585
135m-g063-ai-r0.25,paloma_mc4_en,1.1121899852382973
135m-g063-ai-r0.25,paloma_programming,2.0524085332610786
135m-g063-ai-r0.25,paloma_ptb,1.2678420240232704
135m-g063-ai-r0.25,paloma_reddit_100,1.254327094718098
135m-g063-ai-r0.25,paloma_redpajama,1.4605850720543525
135m-g063-ai-r0.25,paloma_twitteraae,2.5080428410747615
135m-g063-ai-r0.25,paloma_wikitext_103,1.0963117132953863
135m-g063-ai-r0.5,c4,0.9985374236418422
135m-g063-ai-r0.5,cosmopedia,0.617805370650528
135m-g063-ai-r0.5,fw22,0.9819720025586611
135m-g063-ai-r0.5,fw26,0.8477262206118613
135m-g063-ai-r0.5,fw26_ai,0.6049736044873576
135m-g063-ai-r0.5,fw26_human,0.9134597951215696
135m-g063-ai-r0.5,paloma,1.3960756710783124
135m-g063-ai-r0.5,paloma_4chan,1.4594281445267971
135m-g063-ai-r0.5,paloma_c4,1.018852103933406
135m-g063-ai-r0.5,paloma_c4_100_domains,1.0035483837798118
135m-g063-ai-r0.5,paloma_dolma,1.2828516267290373
135m-g063-ai-r0.5,paloma_falcon_refinedweb,1.1184700716285294
135m-g063-ai-r0.5,paloma_gab,1.9275701558774627
135m-g063-ai-r0.5,paloma_m2d2_s2orc,1.1986492049348856
135m-g063-ai-r0.5,paloma_m2d2_wikipedia,1.1090343884607952
135m-g063-ai-r0.5,paloma_manosphere,1.4355541184843104
135m-g063-ai-r0.5,paloma_mc4_en,1.113534517675065
135m-g063-ai-r0.5,paloma_programming,2.068080691219349
135m-g063-ai-r0.5,paloma_ptb,1.2679985656707835
135m-g063-ai-r0.5,paloma_reddit_100,1.2601912434337723
135m-g063-ai-r0.5,paloma_redpajama,1.456714097940958
135m-g063-ai-r0.5,paloma_twitteraae,2.5255497963564455
135m-g063-ai-r0.5,paloma_wikitext_103,1.0911836266015902
135m-g063-ai-r1,c4,1.0022093064920268
135m-g063-ai-r1,cosmopedia,0.6102068058919747
135m-g063-ai-r1,fw22,0.9853685744663409
135m-g063-ai-r1,fw26,0.8462113903175952
135m-g063-ai-r1,fw26_ai,0.5854961251763423
135m-g063-ai-r1,fw26_human,0.9167835662590597
135m-g063-ai-r1,paloma,1.4005952413674203
135m-g063-ai-r1,paloma_4chan,1.4339705936145994
135m-g063-ai-r1,paloma_c4,1.0227067131259926
135m-g063-ai-r1,paloma_c4_100_domains,1.0080590454211018
135m-g063-ai-r1,paloma_dolma,1.2905790319223849
135m-g063-ai-r1,paloma_falcon_refinedweb,1.1221787007477784
135m-g063-ai-r1,paloma_gab,1.9465157777414428
135m-g063-ai-r1,paloma_m2d2_s2orc,1.1984350672550546
135m-g063-ai-r1,paloma_m2d2_wikipedia,1.1061464296959669
135m-g063-ai-r1,paloma_manosphere,1.427369238441418
135m-g063-ai-r1,paloma_mc4_en,1.116331025474244
135m-g063-ai-r1,paloma_programming,2.0757537147304386
135m-g063-ai-r1,paloma_ptb,1.2784912259695769
135m-g063-ai-r1,paloma_reddit_100,1.2697860289984928
135m-g063-ai-r1,paloma_redpajama,1.4667978149009198
135m-g063-ai-r1,paloma_twitteraae,2.550446276576044
135m-g063-ai-r1,paloma_wikitext_103,1.0959571772632701
135m-g063-ai-r2,c4,1.0089575893312337
135m-g063-ai-r2,cosmopedia,0.5912557199811669
135m-g063-ai-r2,fw22,0.9919545431580982
135m-g063-ai-r2,fw26,0.8479303651654583
135m-g063-ai-r2,fw26_ai,0.5688680920918877
135m-g063-ai-r2,fw26_human,0.9234757879062157
135m-g063-ai-r2,paloma,1.4066516215136289
135m-g063-ai-r2,paloma_4chan,1.4100819698251308
135m-g063-ai-r2,paloma_c4,1.029530389449931
135m-g063-ai-r2,paloma_c4_100_domains,1.016976341594242
135m-g063-ai-r2,paloma_dolma,1.2948886883618764
135m-g063-ai-r2,paloma_falcon_refinedweb,1.1300912197623365
135m-g063-ai-r2,paloma_gab,1.9750713956121515
135m-g063-ai-r2,paloma_m2d2_s2orc,1.207512856185811
135m-g063-ai-r2,paloma_m2d2_wikipedia,1.111309466619227
135m-g063-ai-r2,paloma_manosphere,1.4318644092817197
135m-g063-ai-r2,paloma_mc4_en,1.1232947133257434
135m-g063-ai-r2,paloma_programming,2.0679655250344267
135m-g063-ai-r2,paloma_ptb,1.276790201151441
135m-g063-ai-r2,paloma_reddit_100,1.2709046409613227
135m-g063-ai-r2,paloma_redpajama,1.475082586984321
135m-g063-ai-r2,paloma_twitteraae,2.579982214972012
135m-g063-ai-r2,paloma_wikitext_103,1.1050793250963709
135m-g063-ai-r4,c4,1.0186940908073792
135m-g063-ai-r4,cosmopedia,0.5875211961522009
135m-g063-ai-r4,fw22,1.0014745650086756
135m-g063-ai-r4,fw26,0.852674328459119
135m-g063-ai-r4,fw26_ai,0.5560122061300365
135m-g063-ai-r4,fw26_human,0.9330048765353932
135m-g063-ai-r4,paloma,1.4315077277699797
135m-g063-ai-r4,paloma_4chan,1.4674465185106078
135m-g063-ai-r4,paloma_c4,1.0396760568078276
135m-g063-ai-r4,paloma_c4_100_domains,1.029113007168357
135m-g063-ai-r4,paloma_dolma,1.3202407319671956
135m-g063-ai-r4,paloma_falcon_refinedweb,1.142015969374688
135m-g063-ai-r4,paloma_gab,2.0098527684124767
135m-g063-ai-r4,paloma_m2d2_s2orc,1.222553230143503
135m-g063-ai-r4,paloma_m2d2_wikipedia,1.1270582016072366
135m-g063-ai-r4,paloma_manosphere,1.4652937566242454
135m-g063-ai-r4,paloma_mc4_en,1.1381917920618183
135m-g063-ai-r4,paloma_programming,2.1122503905195678
135m-g063-ai-r4,paloma_ptb,1.3015753887499522
135m-g063-ai-r4,paloma_reddit_100,1.2892456598781417
135m-g063-ai-r4,paloma_redpajama,1.5088645296768015
135m-g063-ai-r4,paloma_twitteraae,2.616154030248416
135m-g063-ai-r4,paloma_wikitext_103,1.1145916125688367
135m-g063-ai-r8,c4,1.0290770799384776
135m-g063-ai-r8,cosmopedia,0.5826007825038346
135m-g063-ai-r8,fw22,1.0118688282826318
135m-g063-ai-r8,fw26,0.858885496789468
135m-g063-ai-r8,fw26_ai,0.5461406357350378
135m-g063-ai-r8,fw26_human,0.9435516241896174
135m-g063-ai-r8,paloma,1.4499498594091895
135m-g063-ai-r8,paloma_4chan,1.4975742916433123
135m-g063-ai-r8,paloma_c4,1.0508387944350217
135m-g063-ai-r8,paloma_c4_100_domains,1.0424103207706712
135m-g063-ai-r8,paloma_dolma,1.3340882240060095
135m-g063-ai-r8,paloma_falcon_refinedweb,1.1538011448682917
135m-g063-ai-r8,paloma_gab,2.038399396537175
135m-g063-ai-r8,paloma_m2d2_s2orc,1.2437410547609318
135m-g063-ai-r8,paloma_m2d2_wikipedia,1.14612257110082
135m-g063-ai-r8,paloma_manosphere,1.4832258905912767
135m-g063-ai-r8,paloma_mc4_en,1.149822787433675
135m-g063-ai-r8,paloma_programming,2.0989946084032947
135m-g063-ai-r8,paloma_ptb,1.3343854044450807
135m-g063-ai-r8,paloma_reddit_100,1.3083283283701943
135m-g063-ai-r8,paloma_redpajama,1.5194575906160244
135m-g063-ai-r8,paloma_twitteraae,2.6546663933173997
135m-g063-ai-r8,paloma_wikitext_103,1.1433409492478537
135m-g063-human-r0.0025,c4,0.9967231636517775
135m-g063-human-r0.0025,cosmopedia,0.7039222570479597
135m-g063-human-r0.0025,fw22,0.9806532817439108
135m-g063-human-r0.0025,fw26,0.8686171944935276
135m-g063-human-r0.0025,fw26_ai,0.7046486323291992
135m-g063-human-r0.0025,fw26_human,0.913172269927951
135m-g063-human-r0.0025,paloma,1.3844227599267815
135m-g063-human-r0.0025,paloma_4chan,1.4629232861007586
135m-g063-human-r0.0025,paloma_c4,1.0172257140941388
135m-g063-human-r0.0025,paloma_c4_100_domains,0.9985861276707763
135m-g063-human-r0.0025,paloma_dolma,1.2765919470833973
135m-g063-human-r0.0025,paloma_falcon_refinedweb,1.1157443119525534
135m-g063-human-r0.0025,paloma_gab,1.8963158139435172
135m-g063-human-r0.0025,paloma_m2d2_s2orc,1.1928862600581212
135m-g063-human-r0.0025,paloma_m2d2_wikipedia,1.1061362115929203
135m-g063-human-r0.0025,paloma_manosphere,1.4142348098856141
135m-g063-human-r0.0025,paloma_mc4_en,1.1101880273011335
135m-g063-human-r0.0025,paloma_programming,2.035475422205623
135m-g063-human-r0.0025,paloma_ptb,1.2506879210456145
135m-g063-human-r0.0025,paloma_reddit_100,1.2498859807671794
135m-g063-human-r0.0025,paloma_redpajama,1.4445653993954388
135m-g063-human-r0.0025,paloma_twitteraae,2.4865754972693783
135m-g063-human-r0.0025,paloma_wikitext_103,1.0927414284623402
135m-g063-human-r0.005,c4,0.996611213929319
135m-g063-human-r0.005,cosmopedia,0.7021371904573485
135m-g063-human-r0.005,fw22,0.9806492359541019
135m-g063-human-r0.005,fw26,0.8687747957553714
135m-g063-human-r0.005,fw26_ai,0.7054010159211855
135m-g063-human-r0.005,fw26_human,0.9131694399026843
135m-g063-human-r0.005,paloma,1.3794324970590464
135m-g063-human-r0.005,paloma_4chan,1.4221636686532433
135m-g063-human-r0.005,paloma_c4,1.0171181750671998
135m-g063-human-r0.005,paloma_c4_100_domains,0.9988790965142214
135m-g063-human-r0.005,paloma_dolma,1.2708334609360952
135m-g063-human-r0.005,paloma_falcon_refinedweb,1.1154419491033634
135m-g063-human-r0.005,paloma_gab,1.8975616386164675
135m-g063-human-r0.005,paloma_m2d2_s2orc,1.1962539283170306
135m-g063-human-r0.005,paloma_m2d2_wikipedia,1.1043152654302513
135m-g063-human-r0.005,paloma_manosphere,1.404412444773321
135m-g063-human-r0.005,paloma_mc4_en,1.1105936247524395
135m-g063-human-r0.005,paloma_programming,2.0079112986635828
135m-g063-human-r0.005,paloma_ptb,1.248773771223539
135m-g063-human-r0.005,paloma_reddit_100,1.2478831601067795
135m-g063-human-r0.005,paloma_redpajama,1.4337226054065826
135m-g063-human-r0.005,paloma_twitteraae,2.501002636711581
135m-g063-human-r0.005,paloma_wikitext_103,1.0940532286690425
135m-g063-human-r0.01,c4,0.9965504153287013
135m-g063-human-r0.01,cosmopedia,0.7004250491949704
135m-g063-human-r0.01,fw22,0.9806125141653669
135m-g063-human-r0.01,fw26,0.8687664287979875
135m-g063-human-r0.01,fw26_ai,0.7052946705336709
135m-g063-human-r0.01,fw26_human,0.9132164418061448
135m-g063-human-r0.01,paloma,1.3796541635112887
135m-g063-human-r0.01,paloma_4chan,1.4342712872281507
135m-g063-human-r0.01,paloma_c4,1.0171524933996376
135m-g063-human-r0.01,paloma_c4_100_domains,0.9988588190770729
135m-g063-human-r0.01,paloma_dolma,1.27106978351251
135m-g063-human-r0.01,paloma_falcon_refinedweb,1.1156878236498333
135m-g063-human-r0.01,paloma_gab,1.8957197689455496
135m-g063-human-r0.01,paloma_m2d2_s2orc,1.1914213356606502
135m-g063-human-r0.01,paloma_m2d2_wikipedia,1.1049098849476378
135m-g063-human-r0.01,paloma_manosphere,1.3976338199774885
135m-g063-human-r0.01,paloma_mc4_en,1.1118073526329233
135m-g063-human-r0.01,paloma_programming,2.007344126236024
135m-g063-human-r0.01,paloma_ptb,1.2504723432504397
135m-g063-human-r0.01,paloma_reddit_100,1.2489117758952557
135m-g063-human-r0.01,paloma_redpajama,1.4395014397810064
135m-g063-human-r0.01,paloma_twitteraae,2.4959051977658455
135m-g063-human-r0.01,paloma_wikitext_103,1.0937993642205925
135m-g063-human-r0.025,c4,0.9959218690577124
135m-g063-human-r0.025,cosmopedia,0.7002158682375844
135m-g063-human-r0.025,fw22,0.9800761996010788
135m-g063-human-r0.025,fw26,0.8681690612308519
135m-g063-human-r0.025,fw26_ai,0.7047276387707873
135m-g063-human-r0.025,fw26_human,0.9125992544920745
135m-g063-human-r0.025,paloma,1.3837198379103026
135m-g063-human-r0.025,paloma_4chan,1.4465239410327944
135m-g063-human-r0.025,paloma_c4,1.0172195271354658
135m-g063-human-r0.025,paloma_c4_100_domains,0.9983054093446364
135m-g063-human-r0.025,paloma_dolma,1.2750788482990856
135m-g063-human-r0.025,paloma_falcon_refinedweb,1.1151125398911792
135m-g063-human-r0.025,paloma_gab,1.890786230717434
135m-g063-human-r0.025,paloma_m2d2_s2orc,1.1924891518188854
135m-g063-human-r0.025,paloma_m2d2_wikipedia,1.10731676106668
135m-g063-human-r0.025,paloma_manosphere,1.4058692570876818
135m-g063-human-r0.025,paloma_mc4_en,1.1104477820383734
135m-g063-human-r0.025,paloma_programming,2.0317593457113547
135m-g063-human-r0.025,paloma_ptb,1.261276197913078
135m-g063-human-r0.025,paloma_reddit_100,1.246730912552421
135m-g063-human-r0.025,paloma_redpajama,1.4477858574746756
135m-g063-human-r0.025,paloma_twitteraae,2.4980969392920223
135m-g063-human-r0.025,paloma_wikitext_103,1.0947187051890754
135m-g063-human-r0.05,c4,0.9951429743928765
135m-g063-human-r0.05,cosmopedia,0.6999399938134764
135m-g063-human-r0.05,fw22,0.9789474374355933
135m-g063-human-r0.05,fw26,0.8670688704520596
135m-g063-human-r0.05,fw26_ai,0.7035098417432758
135m-g063-human-r0.05,fw26_human,0.9115250312823443
135m-g063-human-r0.05,paloma,1.3782727840589062
135m-g063-human-r0.05,paloma_4chan,1.3965544177107896
135m-g063-human-r0.05,paloma_c4,1.0154381009098163
135m-g063-human-r0.05,paloma_c4_100_domains,0.9968895520440045
135m-g063-human-r0.05,paloma_dolma,1.2709195067987398
135m-g063-human-r0.05,paloma_falcon_refinedweb,1.1143725970613267
135m-g063-human-r0.05,paloma_gab,1.8990994843872255
135m-g063-human-r0.05,paloma_m2d2_s2orc,1.189038775871417
135m-g063-human-r0.05,paloma_m2d2_wikipedia,1.1021638909627252
135m-g063-human-r0.05,paloma_manosphere,1.404785672634558
135m-g063-human-r0.05,paloma_mc4_en,1.1091227024439039
135m-g063-human-r0.05,paloma_programming,2.0171813230148663
135m-g063-human-r0.05,paloma_ptb,1.2567830790721677
135m-g063-human-r0.05,paloma_reddit_100,1.248043279638638
135m-g063-human-r0.05,paloma_redpajama,1.442729533191967
135m-g063-human-r0.05,paloma_twitteraae,2.4983730524418872
135m-g063-human-r0.05,paloma_wikitext_103,1.0908695767584646
135m-g063-human-r0.5,c4,0.9855711431489316
135m-g063-human-r0.5,cosmopedia,0.6959755334801871
135m-g063-human-r0.5,fw22,0.9690791211834261
135m-g063-human-r0.5,fw26,0.8570786461627614
135m-g063-human-r0.5,fw26_ai,0.6936202932582336
135m-g063-human-r0.5,fw26_human,0.9014863520240555
135m-g063-human-r0.5,paloma,1.3699241635086832
135m-g063-human-r0.5,paloma_4chan,1.4143531014617863
135m-g063-human-r0.5,paloma_c4,1.0063317776945342
135m-g063-human-r0.5,paloma_c4_100_domains,0.986644414695211
135m-g063-human-r0.5,paloma_dolma,1.2627283264276494
135m-g063-human-r0.5,paloma_falcon_refinedweb,1.104600757376886
135m-g063-human-r0.5,paloma_gab,1.8787096504119538
135m-g063-human-r0.5,paloma_m2d2_s2orc,1.1836152023782687
135m-g063-human-r0.5,paloma_m2d2_wikipedia,1.0957351343095962
135m-g063-human-r0.5,paloma_manosphere,1.401953529067295
135m-g063-human-r0.5,paloma_mc4_en,1.099480175368269
135m-g063-human-r0.5,paloma_programming,2.003793860417293
135m-g063-human-r0.5,paloma_ptb,1.2499293883078677
135m-g063-human-r0.5,paloma_reddit_100,1.241374439709103
135m-g063-human-r0.5,paloma_redpajama,1.43183670525363
135m-g063-human-r0.5,paloma_twitteraae,2.4759276756468136
135m-g063-human-r0.5,paloma_wikitext_103,1.081772477612774
135m-g063-human-r4,c4,0.9628677466020643
135m-g063-human-r4,cosmopedia,0.6762183890168278
135m-g063-human-r4,fw22,0.9448792062770057
135m-g063-human-r4,fw26,0.8320384776316557
135m-g063-human-r4,fw26_ai,0.6684836506442274
135m-g063-human-r4,fw26_human,0.8764580787446835
135m-g063-human-r4,paloma,1.3585869957679764
135m-g063-human-r4,paloma_4chan,1.494824807346796
135m-g063-human-r4,paloma_c4,0.9842435533893253
135m-g063-human-r4,paloma_c4_100_domains,0.9617769220187138
135m-g063-human-r4,paloma_dolma,1.2450468527627847
135m-g063-human-r4,paloma_falcon_refinedweb,1.0855706973299972
135m-g063-human-r4,paloma_gab,1.8559763143311045
135m-g063-human-r4,paloma_m2d2_s2orc,1.165836193233041
135m-g063-human-r4,paloma_m2d2_wikipedia,1.1012581568132447
135m-g063-human-r4,paloma_manosphere,1.3956593022103747
135m-g063-human-r4,paloma_mc4_en,1.0729827856558285
135m-g063-human-r4,paloma_programming,1.996834763134473
135m-g063-human-r4,paloma_ptb,1.2264697793104855
135m-g063-human-r4,paloma_reddit_100,1.223032496611205
135m-g063-human-r4,paloma_redpajama,1.4100156345953192
135m-g063-human-r4,paloma_twitteraae,2.4505828127834763
135m-g063-human-r4,paloma_wikitext_103,1.0672808607614526
135m-g064-control,c4,0.982618614001694
135m-g064-control,cosmopedia,0.6872214056320373
135m-g064-control,fw22,0.9658917348096709
135m-g064-control,fw26,0.8534337816244667
135m-g064-control,fw26_ai,0.6893737094913761
135m-g064-control,fw26_human,0.8980039725981416
135m-g064-control,paloma,1.372065975139541
135m-g064-control,paloma_4chan,1.4890407224416171
135m-g064-control,paloma_c4,1.0036073005665933
135m-g064-control,paloma_c4_100_domains,0.983452625031638
135m-g064-control,paloma_dolma,1.2595262084901058
135m-g064-control,paloma_falcon_refinedweb,1.103242068032949
135m-g064-control,paloma_gab,1.8793559530781252
135m-g064-control,paloma_m2d2_s2orc,1.1842039142772196
135m-g064-control,paloma_m2d2_wikipedia,1.1029984046044397
135m-g064-control,paloma_manosphere,1.4004737093467958
135m-g064-control,paloma_mc4_en,1.0959234892041223
135m-g064-control,paloma_programming,1.9789124580042081
135m-g064-control,paloma_ptb,1.2416963266932801
135m-g064-control,paloma_reddit_100,1.2409656443511212
135m-g064-control,paloma_redpajama,1.429301956545596
135m-g064-control,paloma_twitteraae,2.4838979108573076
135m-g064-control,paloma_wikitext_103,1.0764569107075368
135m-g064-ai-r0.025,c4,0.9823069926904212
135m-g064-ai-r0.025,cosmopedia,0.669000224605258
135m-g064-ai-r0.025,fw22,0.9654548714845246
135m-g064-ai-r0.025,fw26,0.8473902158735919
135m-g064-ai-r0.025,fw26_ai,0.6627283277259901
135m-g064-ai-r0.025,fw26_human,0.8974563418122478
135m-g064-ai-r0.025,paloma,1.3677361467745521
135m-g064-ai-r0.025,paloma_4chan,1.4369471960622626
135m-g064-ai-r0.025,paloma_c4,1.0028614460783032
135m-g064-ai-r0.025,paloma_c4_100_domains,0.9826973132131911
135m-g064-ai-r0.025,paloma_dolma,1.2569609622167464
135m-g064-ai-r0.025,paloma_falcon_refinedweb,1.1019516478918403
135m-g064-ai-r0.025,paloma_gab,1.8783552307836178
135m-g064-ai-r0.025,paloma_m2d2_s2orc,1.179713034110262
135m-g064-ai-r0.025,paloma_m2d2_wikipedia,1.0953564750896447
135m-g064-ai-r0.025,paloma_manosphere,1.395892984378379
135m-g064-ai-r0.025,paloma_mc4_en,1.09468238612301
135m-g064-ai-r0.025,paloma_programming,2.0138475579161015
135m-g064-ai-r0.025,paloma_ptb,1.2352528582148223
135m-g064-ai-r0.025,paloma_reddit_100,1.2356652475489867
135m-g064-ai-r0.025,paloma_redpajama,1.4262514501027734
135m-g064-ai-r0.025,paloma_twitteraae,2.470256723743605
135m-g064-ai-r0.025,paloma_wikitext_103,1.0770858349192907
135m-g064-ai-r0.05,c4,0.9821583678375551
135m-g064-ai-r0.05,cosmopedia,0.6591346662220487
135m-g064-ai-r0.05,fw22,0.9653452389508638
135m-g064-ai-r0.05,fw26,0.8445248402099418
135m-g064-ai-r0.05,fw26_ai,0.6509818884683028
135m-g064-ai-r0.05,fw26_human,0.8969488958427553
135m-g064-ai-r0.05,paloma,1.3668963507649035
135m-g064-ai-r0.05,paloma_4chan,1.444378801333221
135m-g064-ai-r0.05,paloma_c4,1.0021633843605628
135m-g064-ai-r0.05,paloma_c4_100_domains,0.9828865511113585
135m-g064-ai-r0.05,paloma_dolma,1.2602752791852636
135m-g064-ai-r0.05,paloma_falcon_refinedweb,1.099823925540396
135m-g064-ai-r0.05,paloma_gab,1.8809981597431336
135m-g064-ai-r0.05,paloma_m2d2_s2orc,1.1773429218645162
135m-g064-ai-r0.05,paloma_m2d2_wikipedia,1.0935746454633395
135m-g064-ai-r0.05,paloma_manosphere,1.3897427744845832
135m-g064-ai-r0.05,paloma_mc4_en,1.0905430156388647
135m-g064-ai-r0.05,paloma_programming,1.9819865967924357
135m-g064-ai-r0.05,paloma_ptb,1.2331196346652367
135m-g064-ai-r0.05,paloma_reddit_100,1.2379096344570348
135m-g064-ai-r0.05,paloma_redpajama,1.4422399562487243
135m-g064-ai-r0.05,paloma_twitteraae,2.4823955486985327
135m-g064-ai-r0.05,paloma_wikitext_103,1.0709607826512517
135m-g064-ai-r0.1,c4,0.982586229960922
135m-g064-ai-r0.1,cosmopedia,0.646857658402906
135m-g064-ai-r0.1,fw22,0.9656441456017946
135m-g064-ai-r0.1,fw26,0.8412115154150898
135m-g064-ai-r0.1,fw26_ai,0.6352969462778171
135m-g064-ai-r0.1,fw26_human,0.897001782935011
135m-g064-ai-r0.1,paloma,1.380146082198555
135m-g064-ai-r0.1,paloma_4chan,1.4829464864770785
135m-g064-ai-r0.1,paloma_c4,1.0024562943607502
135m-g064-ai-r0.1,paloma_c4_100_domains,0.9835458476689054
135m-g064-ai-r0.1,paloma_dolma,1.26568427607449
135m-g064-ai-r0.1,paloma_falcon_refinedweb,1.1016914574154104
135m-g064-ai-r0.1,paloma_gab,1.89258625477612
135m-g064-ai-r0.1,paloma_m2d2_s2orc,1.1772920873015484
135m-g064-ai-r0.1,paloma_m2d2_wikipedia,1.0964820190537117
135m-g064-ai-r0.1,paloma_manosphere,1.4182313836555893
135m-g064-ai-r0.1,paloma_mc4_en,1.095576951537366
135m-g064-ai-r0.1,paloma_programming,2.0796521220407995
135m-g064-ai-r0.1,paloma_ptb,1.2350352505234528
135m-g064-ai-r0.1,paloma_reddit_100,1.2436664505412345
135m-g064-ai-r0.1,paloma_redpajama,1.4457968483553862
135m-g064-ai-r0.1,paloma_twitteraae,2.488410452160128
135m-g064-ai-r0.1,paloma_wikitext_103,1.0732831332349066
135m-g064-ai-r0.25,c4,0.9842260678541168
135m-g064-ai-r0.25,cosmopedia,0.6203867616554586
135m-g064-ai-r0.25,fw22,0.967041456468556
135m-g064-ai-r0.25,fw26,0.8373006342796584
135m-g064-ai-r0.25,fw26_ai,0.6119638037932066
135m-g064-ai-r0.25,fw26_human,0.8983263646185239
135m-g064-ai-r0.25,paloma,1.3733393356968933
135m-g064-ai-r0.25,paloma_4chan,1.448790018565288
135m-g064-ai-r0.25,paloma_c4,1.0039691502432584
135m-g064-ai-r0.25,paloma_c4_100_domains,0.9860847079361821
135m-g064-ai-r0.25,paloma_dolma,1.2653458842381873
135m-g064-ai-r0.25,paloma_falcon_refinedweb,1.103255855677901
135m-g064-ai-r0.25,paloma_gab,1.8926084487377417
135m-g064-ai-r0.25,paloma_m2d2_s2orc,1.1838168036342827
135m-g064-ai-r0.25,paloma_m2d2_wikipedia,1.0925041198791572
135m-g064-ai-r0.25,paloma_manosphere,1.398635145976364
135m-g064-ai-r0.25,paloma_mc4_en,1.0939233305669758
135m-g064-ai-r0.25,paloma_programming,2.008588880164696
135m-g064-ai-r0.25,paloma_ptb,1.2433775177340138
135m-g064-ai-r0.25,paloma_reddit_100,1.2406552001241824
135m-g064-ai-r0.25,paloma_redpajama,1.4427560505162995
135m-g064-ai-r0.25,paloma_twitteraae,2.4935120382180767
135m-g064-ai-r0.25,paloma_wikitext_103,1.0756062189376847
135m-g064-ai-r0.5,c4,0.9868582260551805
135m-g064-ai-r0.5,cosmopedia,0.6082466352448409
135m-g064-ai-r0.5,fw22,0.9696448590026148
135m-g064-ai-r0.5,fw26,0.8350764912516622
135m-g064-ai-r0.5,fw26_ai,0.592623445634743
135m-g064-ai-r0.5,fw26_human,0.9007052439048973
135m-g064-ai-r0.5,paloma,1.3780571302080995
135m-g064-ai-r0.5,paloma_4chan,1.4111835095337326
135m-g064-ai-r0.5,paloma_c4,1.0076244531862613
135m-g064-ai-r0.5,paloma_c4_100_domains,0.9901637213905549
135m-g064-ai-r0.5,paloma_dolma,1.2710760617315282
135m-g064-ai-r0.5,paloma_falcon_refinedweb,1.1062033974079917
135m-g064-ai-r0.5,paloma_gab,1.9043487753215034
135m-g064-ai-r0.5,paloma_m2d2_s2orc,1.1906772120445241
135m-g064-ai-r0.5,paloma_m2d2_wikipedia,1.0956002954151463
135m-g064-ai-r0.5,paloma_manosphere,1.404527707328409
135m-g064-ai-r0.5,paloma_mc4_en,1.1033429967823827
135m-g064-ai-r0.5,paloma_programming,2.0271463123327225
135m-g064-ai-r0.5,paloma_ptb,1.2554268546770997
135m-g064-ai-r0.5,paloma_reddit_100,1.2485358711897327
135m-g064-ai-r0.5,paloma_redpajama,1.4465469887778748
135m-g064-ai-r0.5,paloma_twitteraae,2.5041303345752493
135m-g064-ai-r0.5,paloma_wikitext_103,1.0823795916348753
135m-g064-ai-r1,c4,0.9920204374043675
135m-g064-ai-r1,cosmopedia,0.5971648752564136
135m-g064-ai-r1,fw22,0.9746626187589493
135m-g064-ai-r1,fw26,0.83547325473435
135m-g064-ai-r1,fw26_ai,0.575331469570591
135m-g064-ai-r1,fw26_human,0.9058699947399792
135m-g064-ai-r1,paloma,1.3923609321965007
135m-g064-ai-r1,paloma_4chan,1.4822999148539528
135m-g064-ai-r1,paloma_c4,1.0118602208048049
135m-g064-ai-r1,paloma_c4_100_domains,0.9970352390262784
135m-g064-ai-r1,paloma_dolma,1.2801121815533605
135m-g064-ai-r1,paloma_falcon_refinedweb,1.111335852995438
135m-g064-ai-r1,paloma_gab,1.9306344902814487
135m-g064-ai-r1,paloma_m2d2_s2orc,1.1930587928684058
135m-g064-ai-r1,paloma_m2d2_wikipedia,1.1015593599207003
135m-g064-ai-r1,paloma_manosphere,1.4237811475692195
135m-g064-ai-r1,paloma_mc4_en,1.1043066685493312
135m-g064-ai-r1,paloma_programming,2.0446767927120773
135m-g064-ai-r1,paloma_ptb,1.2627222452147604
135m-g064-ai-r1,paloma_reddit_100,1.2579090340181807
135m-g064-ai-r1,paloma_redpajama,1.4634294414992104
135m-g064-ai-r1,paloma_twitteraae,2.5310366931269836
135m-g064-ai-r1,paloma_wikitext_103,1.0820168401498587
135m-g064-human-r0.025,c4,0.9817310819493549
135m-g064-human-r0.025,cosmopedia,0.6922077069806395
135m-g064-human-r0.025,fw22,0.965082346000858
135m-g064-human-r0.025,fw26,0.8527176484830014
135m-g064-human-r0.025,fw26_ai,0.6887774804763683
135m-g064-human-r0.025,fw26_human,0.897241899234897
135m-g064-human-r0.025,paloma,1.3730051176416045
135m-g064-human-r0.025,paloma_4chan,1.4569652915570086
135m-g064-human-r0.025,paloma_c4,1.002781926589263
135m-g064-human-r0.025,paloma_c4_100_domains,0.9825591920351362
135m-g064-human-r0.025,paloma_dolma,1.2621764187081326
135m-g064-human-r0.025,paloma_falcon_refinedweb,1.102428336609452
135m-g064-human-r0.025,paloma_gab,1.8802787043248617
135m-g064-human-r0.025,paloma_m2d2_s2orc,1.1833529916747956
135m-g064-human-r0.025,paloma_m2d2_wikipedia,1.1048370715466145
135m-g064-human-r0.025,paloma_manosphere,1.4130250761428593
135m-g064-human-r0.025,paloma_mc4_en,1.0934342574758953
135m-g064-human-r0.025,paloma_programming,2.031372929713582
135m-g064-human-r0.025,paloma_ptb,1.231180844158798
135m-g064-human-r0.025,paloma_reddit_100,1.2396527271850604
135m-g064-human-r0.025,paloma_redpajama,1.436446480236509
135m-g064-human-r0.025,paloma_twitteraae,2.467967330459154
135m-g064-human-r0.025,paloma_wikitext_103,1.079622303848549
135m-g064-human-r0.05,c4,0.9813745163295802
135m-g064-human-r0.05,cosmopedia,0.6887507313021016
135m-g064-human-r0.05,fw22,0.9644775377211035
135m-g064-human-r0.05,fw26,0.8521067988944493
135m-g064-human-r0.05,fw26_ai,0.6878655029945909
135m-g064-human-r0.05,fw26_human,0.896710356008245
135m-g064-human-r0.05,paloma,1.372013491009851
135m-g064-human-r0.05,paloma_4chan,1.4734827326208895
135m-g064-human-r0.05,paloma_c4,1.0021787672986748
135m-g064-human-r0.05,paloma_c4_100_domains,0.9821202856829818
135m-g064-human-r0.05,paloma_dolma,1.2593353660186235
135m-g064-human-r0.05,paloma_falcon_refinedweb,1.1008670319916714
135m-g064-human-r0.05,paloma_gab,1.8815045351650264
135m-g064-human-r0.05,paloma_m2d2_s2orc,1.182139054801972
135m-g064-human-r0.05,paloma_m2d2_wikipedia,1.1018957286415383
135m-g064-human-r0.05,paloma_manosphere,1.4120118775808086
135m-g064-human-r0.05,paloma_mc4_en,1.093594966020906
135m-g064-human-r0.05,paloma_programming,1.9987743379167597
135m-g064-human-r0.05,paloma_ptb,1.2442438605141
135m-g064-human-r0.05,paloma_reddit_100,1.2407649926481883
135m-g064-human-r0.05,paloma_redpajama,1.4366135202594
135m-g064-human-r0.05,paloma_twitteraae,2.468491391154208
135m-g064-human-r0.05,paloma_wikitext_103,1.0741974078418672
135m-g065-control,c4,0.9794841122301949
135m-g065-control,cosmopedia,0.6900554008590148
135m-g065-control,fw22,0.9624626943512796
135m-g065-control,fw26,0.8499807925264125
135m-g065-control,fw26_ai,0.685931400247802
135m-g065-control,fw26_human,0.8945565124897904
135m-g065-control,paloma,1.369765992672163
135m-g065-control,paloma_4chan,1.5023343480908458
135m-g065-control,paloma_c4,1.0003296350811017
135m-g065-control,paloma_c4_100_domains,0.9797539527998272
135m-g065-control,paloma_dolma,1.2548288111495318
135m-g065-control,paloma_falcon_refinedweb,1.100700278395587
135m-g065-control,paloma_gab,1.8820872278036378
135m-g065-control,paloma_m2d2_s2orc,1.1782840776004602
135m-g065-control,paloma_m2d2_wikipedia,1.1013735022469409
135m-g065-control,paloma_manosphere,1.3999674139973082
135m-g065-control,paloma_mc4_en,1.0895170128217273
135m-g065-control,paloma_programming,1.9660891040623012
135m-g065-control,paloma_ptb,1.235119223382006
135m-g065-control,paloma_reddit_100,1.2395702997989004
135m-g065-control,paloma_redpajama,1.42937746173073
135m-g065-control,paloma_twitteraae,2.4765900170948285
135m-g065-control,paloma_wikitext_103,1.0803335166988761
135m-g065-ai-r0.025,c4,0.9792356220043105
135m-g065-ai-r0.025,cosmopedia,0.6668870046961761
135m-g065-ai-r0.025,fw22,0.9622582111862581
135m-g065-ai-r0.025,fw26,0.8440736937285351
135m-g065-ai-r0.025,fw26_ai,0.6594909408792027
135m-g065-ai-r0.025,fw26_human,0.8940895608085206
135m-g065-ai-r0.025,paloma,1.3776553353574956
135m-g065-ai-r0.025,paloma_4chan,1.514722758845574
135m-g065-ai-r0.025,paloma_c4,1.001517240931456
135m-g065-ai-r0.025,paloma_c4_100_domains,0.9810015995325233
135m-g065-ai-r0.025,paloma_dolma,1.2680689501625724
135m-g065-ai-r0.025,paloma_falcon_refinedweb,1.1012397274363488
135m-g065-ai-r0.025,paloma_gab,1.886371270872165
135m-g065-ai-r0.025,paloma_m2d2_s2orc,1.186305566179305
135m-g065-ai-r0.025,paloma_m2d2_wikipedia,1.1017207999677525
135m-g065-ai-r0.025,paloma_manosphere,1.412807156949327
135m-g065-ai-r0.025,paloma_mc4_en,1.093616039601443
135m-g065-ai-r0.025,paloma_programming,2.005535697692778
135m-g065-ai-r0.025,paloma_ptb,1.2493091422483833
135m-g065-ai-r0.025,paloma_reddit_100,1.243328808790392
135m-g065-ai-r0.025,paloma_redpajama,1.4344808638495614
135m-g065-ai-r0.025,paloma_twitteraae,2.483182666646374
135m-g065-ai-r0.025,paloma_wikitext_103,1.0792770760139752
135m-g065-ai-r0.05,c4,0.9792858381916356
135m-g065-ai-r0.05,cosmopedia,0.6508272654006778
135m-g065-ai-r0.05,fw22,0.96223775672954
135m-g065-ai-r0.05,fw26,0.8413290537686191
135m-g065-ai-r0.05,fw26_ai,0.6474382262271865
135m-g065-ai-r0.05,fw26_human,0.8938801578454323
135m-g065-ai-r0.05,paloma,1.365226334303592
135m-g065-ai-r0.05,paloma_4chan,1.429901862871528
135m-g065-ai-r0.05,paloma_c4,1.0003035853900621
135m-g065-ai-r0.05,paloma_c4_100_domains,0.9804100941089365
135m-g065-ai-r0.05,paloma_dolma,1.2618251528303273
135m-g065-ai-r0.05,paloma_falcon_refinedweb,1.09920696945032
135m-g065-ai-r0.05,paloma_gab,1.8782200068377928
135m-g065-ai-r0.05,paloma_m2d2_s2orc,1.1805569263399798
135m-g065-ai-r0.05,paloma_m2d2_wikipedia,1.0911756390951042
135m-g065-ai-r0.05,paloma_manosphere,1.3835646989939674
135m-g065-ai-r0.05,paloma_mc4_en,1.090231051065577
135m-g065-ai-r0.05,paloma_programming,1.9822104993883283
135m-g065-ai-r0.05,paloma_ptb,1.2367407157395145
135m-g065-ai-r0.05,paloma_reddit_100,1.2345315631450609
135m-g065-ai-r0.05,paloma_redpajama,1.4359346622901248
135m-g065-ai-r0.05,paloma_twitteraae,2.4810224268323093
135m-g065-ai-r0.05,paloma_wikitext_103,1.0777854944785379
135m-g065-ai-r0.1,c4,0.9797860572665825
135m-g065-ai-r0.1,cosmopedia,0.6428961034659955
135m-g065-ai-r0.1,fw22,0.9624661041340737
135m-g065-ai-r0.1,fw26,0.8380612332379173
135m-g065-ai-r0.1,fw26_ai,0.6315914847174934
135m-g065-ai-r0.1,fw26_human,0.8939972095910728
135m-g065-ai-r0.1,paloma,1.3707822475558702
135m-g065-ai-r0.1,paloma_4chan,1.4386317300349662
135m-g065-ai-r0.1,paloma_c4,1.0001014151495806
135m-g065-ai-r0.1,paloma_c4_100_domains,0.9804670216413863
135m-g065-ai-r0.1,paloma_dolma,1.2632135423230753
135m-g065-ai-r0.1,paloma_falcon_refinedweb,1.099115917234379
135m-g065-ai-r0.1,paloma_gab,1.8961202830355137
135m-g065-ai-r0.1,paloma_m2d2_s2orc,1.1774997167103505
135m-g065-ai-r0.1,paloma_m2d2_wikipedia,1.0933177999063264
135m-g065-ai-r0.1,paloma_manosphere,1.4010265052235
135m-g065-ai-r0.1,paloma_mc4_en,1.0891304726403608
135m-g065-ai-r0.1,paloma_programming,2.0267692283227468
135m-g065-ai-r0.1,paloma_ptb,1.2361721051644823
135m-g065-ai-r0.1,paloma_reddit_100,1.2435631846036403
135m-g065-ai-r0.1,paloma_redpajama,1.4334354805509129
135m-g065-ai-r0.1,paloma_twitteraae,2.4848899758235055
135m-g065-ai-r0.1,paloma_wikitext_103,1.0690615825291963
135m-g065-ai-r0.25,c4,0.9810363531445033
135m-g065-ai-r0.25,cosmopedia,0.62140773438129
135m-g065-ai-r0.25,fw22,0.9635131169415906
135m-g065-ai-r0.25,fw26,0.8338475186879233
135m-g065-ai-r0.25,fw26_ai,0.6082050513376847
135m-g065-ai-r0.25,fw26_human,0.8949616994169147
135m-g065-ai-r0.25,paloma,1.3710789255022
135m-g065-ai-r0.25,paloma_4chan,1.3992000217402614
135m-g065-ai-r0.25,paloma_c4,1.0017176788017934
135m-g065-ai-r0.25,paloma_c4_100_domains,0.9831860021460244
135m-g065-ai-r0.25,paloma_dolma,1.262712339846016
135m-g065-ai-r0.25,paloma_falcon_refinedweb,1.1010521105140925
135m-g065-ai-r0.25,paloma_gab,1.8958266968623199
135m-g065-ai-r0.25,paloma_m2d2_s2orc,1.1832981262498754
135m-g065-ai-r0.25,paloma_m2d2_wikipedia,1.095297799525632
135m-g065-ai-r0.25,paloma_manosphere,1.3898157258983288
135m-g065-ai-r0.25,paloma_mc4_en,1.0924802330675818
135m-g065-ai-r0.25,paloma_programming,2.032558055383198
135m-g065-ai-r0.25,paloma_ptb,1.2502257390557892
135m-g065-ai-r0.25,paloma_reddit_100,1.2454625337144698
135m-g065-ai-r0.25,paloma_redpajama,1.4328315961138753
135m-g065-ai-r0.25,paloma_twitteraae,2.4952237902990957
135m-g065-ai-r0.25,paloma_wikitext_103,1.0763743588168453
135m-g065-ai-r0.5,c4,0.9838533678061728
135m-g065-ai-r0.5,cosmopedia,0.6075125076961084
135m-g065-ai-r0.5,fw22,0.9665142647574831
135m-g065-ai-r0.5,fw26,0.8321734036440516
135m-g065-ai-r0.5,fw26_ai,0.5897393200031537
135m-g065-ai-r0.5,fw26_human,0.897789907656019
135m-g065-ai-r0.5,paloma,1.3766182441862798
135m-g065-ai-r0.5,paloma_4chan,1.4151678390265559
135m-g065-ai-r0.5,paloma_c4,1.004567059375056
135m-g065-ai-r0.5,paloma_c4_100_domains,0.9872715522941372
135m-g065-ai-r0.5,paloma_dolma,1.2684178853095933
135m-g065-ai-r0.5,paloma_falcon_refinedweb,1.1030424894350495
135m-g065-ai-r0.5,paloma_gab,1.9139887054592366
135m-g065-ai-r0.5,paloma_m2d2_s2orc,1.1885535292404408
135m-g065-ai-r0.5,paloma_m2d2_wikipedia,1.093074338494171
135m-g065-ai-r0.5,paloma_manosphere,1.4025388301875614
135m-g065-ai-r0.5,paloma_mc4_en,1.09854304868885
135m-g065-ai-r0.5,paloma_programming,1.9943712706780596
135m-g065-ai-r0.5,paloma_ptb,1.2589385891903908
135m-g065-ai-r0.5,paloma_reddit_100,1.2525256936438283
135m-g065-ai-r0.5,paloma_redpajama,1.4429133781257328
135m-g065-ai-r0.5,paloma_twitteraae,2.5156959150799114
135m-g065-ai-r0.5,paloma_wikitext_103,1.0862817827519036
135m-g065-ai-r1,c4,0.9890983931632609
135m-g065-ai-r1,cosmopedia,0.5937297865822656
135m-g065-ai-r1,fw22,0.9716172730096401
135m-g065-ai-r1,fw26,0.8325078515816556
135m-g065-ai-r1,fw26_ai,0.5723777771542573
135m-g065-ai-r1,fw26_human,0.9028889872771483
135m-g065-ai-r1,paloma,1.3833021952561224
135m-g065-ai-r1,paloma_4chan,1.4512494283406312
135m-g065-ai-r1,paloma_c4,1.0097237935696322
135m-g065-ai-r1,paloma_c4_100_domains,0.9938122242713875
135m-g065-ai-r1,paloma_dolma,1.2727118339964127
135m-g065-ai-r1,paloma_falcon_refinedweb,1.1097747135068414
135m-g065-ai-r1,paloma_gab,1.931609031659443
135m-g065-ai-r1,paloma_m2d2_s2orc,1.1855659239988525
135m-g065-ai-r1,paloma_m2d2_wikipedia,1.0969363263823495
135m-g065-ai-r1,paloma_manosphere,1.4152081096313471
135m-g065-ai-r1,paloma_mc4_en,1.0991959195649457
135m-g065-ai-r1,paloma_programming,2.0001563123806427
135m-g065-ai-r1,paloma_ptb,1.2538253934480124
135m-g065-ai-r1,paloma_reddit_100,1.2531115761935565
135m-g065-ai-r1,paloma_redpajama,1.448451508615383
135m-g065-ai-r1,paloma_twitteraae,2.5290403038714855
135m-g065-ai-r1,paloma_wikitext_103,1.0824627246670355
135m-g065-human-r0.025,c4,0.9788633942751422
135m-g065-human-r0.025,cosmopedia,0.6872922242979136
135m-g065-human-r0.025,fw22,0.9618154490138267
135m-g065-human-r0.025,fw26,0.8494433655564949
135m-g065-human-r0.025,fw26_ai,0.6856757968635819
135m-g065-human-r0.025,fw26_human,0.8939557811656427
135m-g065-human-r0.025,paloma,1.3767364039102632
135m-g065-human-r0.025,paloma_4chan,1.5192655894154574
135m-g065-human-r0.025,paloma_c4,0.9999782516748988
135m-g065-human-r0.025,paloma_c4_100_domains,0.9789874783345653
135m-g065-human-r0.025,paloma_dolma,1.2614045246026213
135m-g065-human-r0.025,paloma_falcon_refinedweb,1.1000272854200834
135m-g065-human-r0.025,paloma_gab,1.8799871271900435
135m-g065-human-r0.025,paloma_m2d2_s2orc,1.180076141500645
135m-g065-human-r0.025,paloma_m2d2_wikipedia,1.0972638778866706
135m-g065-human-r0.025,paloma_manosphere,1.4140607006436556
135m-g065-human-r0.025,paloma_mc4_en,1.0895006436772638
135m-g065-human-r0.025,paloma_programming,2.031746345156858
135m-g065-human-r0.025,paloma_ptb,1.2326220281675138
135m-g065-human-r0.025,paloma_reddit_100,1.2395558445766335
135m-g065-human-r0.025,paloma_redpajama,1.4478561499668277
135m-g065-human-r0.025,paloma_twitteraae,2.4814061699670105
135m-g065-human-r0.025,paloma_wikitext_103,1.0740443043834633
135m-g065-human-r0.05,c4,0.9776740129647755
135m-g065-human-r0.05,cosmopedia,0.6836851215657892
135m-g065-human-r0.05,fw22,0.9607160578093317
135m-g065-human-r0.05,fw26,0.8483425266426513
135m-g065-human-r0.05,fw26_ai,0.6843834321827696
135m-g065-human-r0.05,fw26_human,0.8929012126505534
135m-g065-human-r0.05,paloma,1.3609427849944715
135m-g065-human-r0.05,paloma_4chan,1.4395703474582924
135m-g065-human-r0.05,paloma_c4,0.9985921885813611
135m-g065-human-r0.05,paloma_c4_100_domains,0.9778555964062797
135m-g065-human-r0.05,paloma_dolma,1.2520933037395958
135m-g065-human-r0.05,paloma_falcon_refinedweb,1.0972804456959115
135m-g065-human-r0.05,paloma_gab,1.8791986827670375
135m-g065-human-r0.05,paloma_m2d2_s2orc,1.1756354909820992
135m-g065-human-r0.05,paloma_m2d2_wikipedia,1.0848552692448719
135m-g065-human-r0.05,paloma_manosphere,1.3924690258447605
135m-g065-human-r0.05,paloma_mc4_en,1.0854647494840235
135m-g065-human-r0.05,paloma_programming,1.9620322170406959
135m-g065-human-r0.05,paloma_ptb,1.2358356075807106
135m-g065-human-r0.05,paloma_reddit_100,1.2369021003534604
135m-g065-human-r0.05,paloma_redpajama,1.4240139510411869
135m-g065-human-r0.05,paloma_twitteraae,2.4612460981665327
135m-g065-human-r0.05,paloma_wikitext_103,1.0720394855247253
135m-g065-human-r0.5,c4,0.9715515925679655
135m-g065-human-r0.5,cosmopedia,0.6793667412972972
135m-g065-human-r0.5,fw22,0.9540198533980013
135m-g065-human-r0.5,fw26,0.8416399473837194
135m-g065-human-r0.5,fw26_ai,0.6780685735677109
135m-g065-human-r0.5,fw26_human,0.8860588650788548
135m-g065-human-r0.5,paloma,1.361362463057935
135m-g065-human-r0.5,paloma_4chan,1.44847490591215
135m-g065-human-r0.5,paloma_c4,0.99267847416869
135m-g065-human-r0.5,paloma_c4_100_domains,0.9709968148064698
135m-g065-human-r0.5,paloma_dolma,1.2524338024958632
135m-g065-human-r0.5,paloma_falcon_refinedweb,1.0922902338959237
135m-g065-human-r0.5,paloma_gab,1.8588089847413345
135m-g065-human-r0.5,paloma_m2d2_s2orc,1.1718954056958497
135m-g065-human-r0.5,paloma_m2d2_wikipedia,1.0915091115231788
135m-g065-human-r0.5,paloma_manosphere,1.3886213101569695
135m-g065-human-r0.5,paloma_mc4_en,1.083754112057759
135m-g065-human-r0.5,paloma_programming,2.045350849387955
135m-g065-human-r0.5,paloma_ptb,1.2183729039954585
135m-g065-human-r0.5,paloma_reddit_100,1.2258636188938465
135m-g065-human-r0.5,paloma_redpajama,1.425286341352596
135m-g065-human-r0.5,paloma_twitteraae,2.4563809692951395
135m-g065-human-r0.5,paloma_wikitext_103,1.0590815705477743
135m-g066-control,c4,0.9740327672957944
135m-g066-control,cosmopedia,0.6798734553478807
135m-g066-control,fw22,0.9568216731605467
135m-g066-control,fw26,0.8441697623908903
135m-g066-control,fw26_ai,0.6798974082059402
135m-g066-control,fw26_human,0.8888243547736523
135m-g066-control,paloma,1.3561136451290765
135m-g066-control,paloma_4chan,1.419652052702943
135m-g066-control,paloma_c4,0.9938370593097178
135m-g066-control,paloma_c4_100_domains,0.9729127052935368
135m-g066-control,paloma_dolma,1.2487661328442063
135m-g066-control,paloma_falcon_refinedweb,1.0922036492348073
135m-g066-control,paloma_gab,1.874747892250272
135m-g066-control,paloma_m2d2_s2orc,1.167606255161892
135m-g066-control,paloma_m2d2_wikipedia,1.0820823766534606
135m-g066-control,paloma_manosphere,1.386118180055028
135m-g066-control,paloma_mc4_en,1.0805925902105413
135m-g066-control,paloma_programming,1.973368922575971
135m-g066-control,paloma_ptb,1.2222923939068553
135m-g066-control,paloma_reddit_100,1.2305082774765341
135m-g066-control,paloma_redpajama,1.4230894111056769
135m-g066-control,paloma_twitteraae,2.468466863480704
135m-g066-control,paloma_wikitext_103,1.0615735598030769
135m-g066-ai-r0.05,c4,0.9743023658515514
135m-g066-ai-r0.05,cosmopedia,0.6507413012257642
135m-g066-ai-r0.05,fw22,0.9566854635426372
135m-g066-ai-r0.05,fw26,0.8356046803145877
135m-g066-ai-r0.05,fw26_ai,0.6411323828410128
135m-g066-ai-r0.05,fw26_human,0.8883091784767044
135m-g066-ai-r0.05,paloma,1.3654518698590759
135m-g066-ai-r0.05,paloma_4chan,1.4163078121323336
135m-g066-ai-r0.05,paloma_c4,0.9935863615323911
135m-g066-ai-r0.05,paloma_c4_100_domains,0.9734279981353356
135m-g066-ai-r0.05,paloma_dolma,1.2549747926419423
135m-g066-ai-r0.05,paloma_falcon_refinedweb,1.0914720656486405
135m-g066-ai-r0.05,paloma_gab,1.8783531590068971
135m-g066-ai-r0.05,paloma_m2d2_s2orc,1.1653207930597878
135m-g066-ai-r0.05,paloma_m2d2_wikipedia,1.076326982804427
135m-g066-ai-r0.05,paloma_manosphere,1.4054810131650977
135m-g066-ai-r0.05,paloma_mc4_en,1.0866004399787075
135m-g066-ai-r0.05,paloma_programming,2.0860038647102837
135m-g066-ai-r0.05,paloma_ptb,1.2227784412734695
135m-g066-ai-r0.05,paloma_reddit_100,1.2386683125869287
135m-g066-ai-r0.05,paloma_redpajama,1.4195782810969693
135m-g066-ai-r0.05,paloma_twitteraae,2.4711638675986687
135m-g066-ai-r0.05,paloma_wikitext_103,1.0671857323733347
135m-g066-ai-r0.1,c4,0.9744400730668643
135m-g066-ai-r0.1,cosmopedia,0.6381232416709763
135m-g066-ai-r0.1,fw22,0.9568364024548585
135m-g066-ai-r0.1,fw26,0.8324203508352992
135m-g066-ai-r0.1,fw26_ai,0.6263769488523373
135m-g066-ai-r0.1,fw26_human,0.888250502967791
135m-g066-ai-r0.1,paloma,1.3693731675342578
135m-g066-ai-r0.1,paloma_4chan,1.5146289658136882
135m-g066-ai-r0.1,paloma_c4,0.9950098192202536
135m-g066-ai-r0.1,paloma_c4_100_domains,0.9749289545634687
135m-g066-ai-r0.1,paloma_dolma,1.2499049344752664
135m-g066-ai-r0.1,paloma_falcon_refinedweb,1.0942726325358458
135m-g066-ai-r0.1,paloma_gab,1.8808980657290406
135m-g066-ai-r0.1,paloma_m2d2_s2orc,1.1758792080889513
135m-g066-ai-r0.1,paloma_m2d2_wikipedia,1.0885755117758655
135m-g066-ai-r0.1,paloma_manosphere,1.4001009264808013
135m-g066-ai-r0.1,paloma_mc4_en,1.0882302277144575
135m-g066-ai-r0.1,paloma_programming,1.9924496874270192
135m-g066-ai-r0.1,paloma_ptb,1.2433368916171177
135m-g066-ai-r0.1,paloma_reddit_100,1.2401124732902107
135m-g066-ai-r0.1,paloma_redpajama,1.4312994617425994
135m-g066-ai-r0.1,paloma_twitteraae,2.4725363845679507
135m-g066-ai-r0.1,paloma_wikitext_103,1.067806535505589
135m-g066-ai-r0.25,c4,0.9765521827859175
135m-g066-ai-r0.25,cosmopedia,0.6276001626718084
135m-g066-ai-r0.25,fw22,0.9588814549015836
135m-g066-ai-r0.25,fw26,0.8290208091856076
135m-g066-ai-r0.25,fw26_ai,0.6037246456698502
135m-g066-ai-r0.25,fw26_human,0.8900100201791163
135m-g066-ai-r0.25,paloma,1.379626205110609
135m-g066-ai-r0.25,paloma_4chan,1.468311706918426
135m-g066-ai-r0.25,paloma_c4,0.9972930408797014
135m-g066-ai-r0.25,paloma_c4_100_domains,0.977957010819313
135m-g066-ai-r0.25,paloma_dolma,1.267920700591804
135m-g066-ai-r0.25,paloma_falcon_refinedweb,1.0956558967611822
135m-g066-ai-r0.25,paloma_gab,1.889978155813805
135m-g066-ai-r0.25,paloma_m2d2_s2orc,1.181271213472551
135m-g066-ai-r0.25,paloma_m2d2_wikipedia,1.097112802201366
135m-g066-ai-r0.25,paloma_manosphere,1.41578102267944
135m-g066-ai-r0.25,paloma_mc4_en,1.0883197988748892
135m-g066-ai-r0.25,paloma_programming,2.090299922637792
135m-g066-ai-r0.25,paloma_ptb,1.247749336180791
135m-g066-ai-r0.25,paloma_reddit_100,1.2460324506461924
135m-g066-ai-r0.25,paloma_redpajama,1.4451598958116652
135m-g066-ai-r0.25,paloma_twitteraae,2.493292985231415
135m-g066-ai-r0.25,paloma_wikitext_103,1.0718833422494078
135m-g066-ai-r0.5,c4,0.9793769340541786
135m-g066-ai-r0.5,cosmopedia,0.6134630472611211
135m-g066-ai-r0.5,fw22,0.9617438418477232
135m-g066-ai-r0.5,fw26,0.827264936672676
135m-g066-ai-r0.5,fw26_ai,0.5848357671416121
135m-g066-ai-r0.5,fw26_human,0.8928698913160631
135m-g066-ai-r0.5,paloma,1.385872257261045
135m-g066-ai-r0.5,paloma_4chan,1.5600452897193613
135m-g066-ai-r0.5,paloma_c4,0.9998657945843011
135m-g066-ai-r0.5,paloma_c4_100_domains,0.9819688990602304
135m-g066-ai-r0.5,paloma_dolma,1.266196734292752
135m-g066-ai-r0.5,paloma_falcon_refinedweb,1.1029033432239486
135m-g066-ai-r0.5,paloma_gab,1.904700834311612
135m-g066-ai-r0.5,paloma_m2d2_s2orc,1.1817826979026007
135m-g066-ai-r0.5,paloma_m2d2_wikipedia,1.1068756240839743
135m-g066-ai-r0.5,paloma_manosphere,1.441529467752759
135m-g066-ai-r0.5,paloma_mc4_en,1.0926100551011015
135m-g066-ai-r0.5,paloma_programming,2.0346820367537912
135m-g066-ai-r0.5,paloma_ptb,1.2452709597956035
135m-g066-ai-r0.5,paloma_reddit_100,1.2449813750391705
135m-g066-ai-r0.5,paloma_redpajama,1.442031018110762
135m-g066-ai-r0.5,paloma_twitteraae,2.4946978339510033
135m-g066-ai-r0.5,paloma_wikitext_103,1.0738141524937475
135m-g066-ai-r1,c4,0.9855769350792107
135m-g066-ai-r1,cosmopedia,0.5958922000022183
135m-g066-ai-r1,fw22,0.9678864764318521
135m-g066-ai-r1,fw26,0.8285228209724645
135m-g066-ai-r1,fw26_ai,0.5685172876711954
135m-g066-ai-r1,fw26_human,0.8989012754449162
135m-g066-ai-r1,paloma,1.3987494324486596
135m-g066-ai-r1,paloma_4chan,1.4834449921643542
135m-g066-ai-r1,paloma_c4,1.0079182571753753
135m-g066-ai-r1,paloma_c4_100_domains,0.9907256478043291
135m-g066-ai-r1,paloma_dolma,1.289373532869963
135m-g066-ai-r1,paloma_falcon_refinedweb,1.1101150880029267
135m-g066-ai-r1,paloma_gab,1.9305246389411381
135m-g066-ai-r1,paloma_m2d2_s2orc,1.1971980770721258
135m-g066-ai-r1,paloma_m2d2_wikipedia,1.109995048065611
135m-g066-ai-r1,paloma_manosphere,1.4351265718827144
135m-g066-ai-r1,paloma_mc4_en,1.1052125978361804
135m-g066-ai-r1,paloma_programming,2.106225409593216
135m-g066-ai-r1,paloma_ptb,1.2696572164058555
135m-g066-ai-r1,paloma_reddit_100,1.2573847196943646
135m-g066-ai-r1,paloma_redpajama,1.4766418825446086
135m-g066-ai-r1,paloma_twitteraae,2.5202739840883925
135m-g066-ai-r1,paloma_wikitext_103,1.090173255037397
135m-g066-human-r0.25,c4,0.9701456793908856
135m-g066-human-r0.25,cosmopedia,0.6787959105185828
135m-g066-human-r0.25,fw22,0.9527481331875806
135m-g066-human-r0.25,fw26,0.840287587197508
135m-g066-human-r0.25,fw26_ai,0.676612790656817
135m-g066-human-r0.25,fw26_human,0.8847493912921806
135m-g066-human-r0.25,paloma,1.3531658326899754
135m-g066-human-r0.25,paloma_4chan,1.4386896081501275
135m-g066-human-r0.25,paloma_c4,0.989901463422182
135m-g066-human-r0.25,paloma_c4_100_domains,0.9691121952470125
135m-g066-human-r0.25,paloma_dolma,1.2478413442857328
135m-g066-human-r0.25,paloma_falcon_refinedweb,1.0871658871303056
135m-g066-human-r0.25,paloma_gab,1.8654706705954354
135m-g066-human-r0.25,paloma_m2d2_s2orc,1.1626078667944957
135m-g066-human-r0.25,paloma_m2d2_wikipedia,1.074876076587448
135m-g066-human-r0.25,paloma_manosphere,1.3705432962016055
135m-g066-human-r0.25,paloma_mc4_en,1.0787616341861739
135m-g066-human-r0.25,paloma_programming,1.980913016243965
135m-g066-human-r0.25,paloma_ptb,1.2171816227627092
135m-g066-human-r0.25,paloma_reddit_100,1.2268314851157798
135m-g066-human-r0.25,paloma_redpajama,1.418829352112753
135m-g066-human-r0.25,paloma_twitteraae,2.4622275017716513
135m-g066-human-r0.25,paloma_wikitext_103,1.0597003024322298
135m-g067-control,c4,0.9718238159515927
135m-g067-control,cosmopedia,0.6823702887804863
135m-g067-control,fw22,0.9544673969298367
135m-g067-control,fw26,0.8418859878435074
135m-g067-control,fw26_ai,0.6780300698223918
135m-g067-control,fw26_human,0.8864100471831045
135m-g067-control,paloma,1.3608327421393498
135m-g067-control,paloma_4chan,1.4446715545463964
135m-g067-control,paloma_c4,0.9925990938152561
135m-g067-control,paloma_c4_100_domains,0.9714421472912267
135m-g067-control,paloma_dolma,1.2484141158178577
135m-g067-control,paloma_falcon_refinedweb,1.0911102786795734
135m-g067-control,paloma_gab,1.871248460926965
135m-g067-control,paloma_m2d2_s2orc,1.1694097981866196
135m-g067-control,paloma_m2d2_wikipedia,1.086452721793061
135m-g067-control,paloma_manosphere,1.39360785533296
135m-g067-control,paloma_mc4_en,1.0794124070046693
135m-g067-control,paloma_programming,2.016458852529168
135m-g067-control,paloma_ptb,1.2227480351200535
135m-g067-control,paloma_reddit_100,1.2341243056475004
135m-g067-control,paloma_redpajama,1.4188269302095535
135m-g067-control,paloma_twitteraae,2.46139065512733
135m-g067-control,paloma_wikitext_103,1.0714066622014076
135m-g067-ai-r0.05,c4,0.971969972633678
135m-g067-ai-r0.05,cosmopedia,0.6524870214026821
135m-g067-ai-r0.05,fw22,0.9546168546523873
135m-g067-ai-r0.05,fw26,0.833607292295473
135m-g067-ai-r0.05,fw26_ai,0.6394917737732471
135m-g067-ai-r0.05,fw26_human,0.8862075374311723
135m-g067-ai-r0.05,paloma,1.3620890700339974
135m-g067-ai-r0.05,paloma_4chan,1.4844046616111268
135m-g067-ai-r0.05,paloma_c4,0.9931915519955737
135m-g067-ai-r0.05,paloma_c4_100_domains,0.9723576882960044
135m-g067-ai-r0.05,paloma_dolma,1.25359671628773
135m-g067-ai-r0.05,paloma_falcon_refinedweb,1.0928500195826032
135m-g067-ai-r0.05,paloma_gab,1.8725194893269688
135m-g067-ai-r0.05,paloma_m2d2_s2orc,1.1729825400674343
135m-g067-ai-r0.05,paloma_m2d2_wikipedia,1.0956778182762714
135m-g067-ai-r0.05,paloma_manosphere,1.393843698945896
135m-g067-ai-r0.05,paloma_mc4_en,1.0826220631149244
135m-g067-ai-r0.05,paloma_programming,1.96432704692401
135m-g067-ai-r0.05,paloma_ptb,1.2279968814949414
135m-g067-ai-r0.05,paloma_reddit_100,1.2330787843731184
135m-g067-ai-r0.05,paloma_redpajama,1.4232711752812415
135m-g067-ai-r0.05,paloma_twitteraae,2.4628105729232126
135m-g067-ai-r0.05,paloma_wikitext_103,1.0678944120429004
135m-g067-ai-r0.1,c4,0.9728964252868681
135m-g067-ai-r0.1,cosmopedia,0.6360481022222698
135m-g067-ai-r0.1,fw22,0.9551976454227911
135m-g067-ai-r0.1,fw26,0.8306268642466067
135m-g067-ai-r0.1,fw26_ai,0.6241394673946321
135m-g067-ai-r0.1,fw26_human,0.886562868298728
135m-g067-ai-r0.1,paloma,1.3568921420922424
135m-g067-ai-r0.1,paloma_4chan,1.43457420642836
135m-g067-ai-r0.1,paloma_c4,0.9938946555564757
135m-g067-ai-r0.1,paloma_c4_100_domains,0.9731821439805759
135m-g067-ai-r0.1,paloma_dolma,1.2472664459269966
135m-g067-ai-r0.1,paloma_falcon_refinedweb,1.0925465249004356
135m-g067-ai-r0.1,paloma_gab,1.8683756003513332
135m-g067-ai-r0.1,paloma_m2d2_s2orc,1.1743642620667645
135m-g067-ai-r0.1,paloma_m2d2_wikipedia,1.0855535006897776
135m-g067-ai-r0.1,paloma_manosphere,1.387328368361801
135m-g067-ai-r0.1,paloma_mc4_en,1.0814826488018103
135m-g067-ai-r0.1,paloma_programming,1.949945497254821
135m-g067-ai-r0.1,paloma_ptb,1.2355138831303558
135m-g067-ai-r0.1,paloma_reddit_100,1.2349459646960737
135m-g067-ai-r0.1,paloma_redpajama,1.415556763527012
135m-g067-ai-r0.1,paloma_twitteraae,2.470467805636741
135m-g067-ai-r0.1,paloma_wikitext_103,1.065276002166546
135m-g067-ai-r0.25,c4,0.9745655821568096
135m-g067-ai-r0.25,cosmopedia,0.6183835283771841
135m-g067-ai-r0.25,fw22,0.9568401765675971
135m-g067-ai-r0.25,fw26,0.8269523261089476
135m-g067-ai-r0.25,fw26_ai,0.6014249673121779
135m-g067-ai-r0.25,fw26_human,0.8879834011729337
135m-g067-ai-r0.25,paloma,1.3623394461686076
135m-g067-ai-r0.25,paloma_4chan,1.4248255953063074
135m-g067-ai-r0.25,paloma_c4,0.9951059171743687
135m-g067-ai-r0.25,paloma_c4_100_domains,0.9757712460537853
135m-g067-ai-r0.25,paloma_dolma,1.2513281798098452
135m-g067-ai-r0.25,paloma_falcon_refinedweb,1.0951546533018335
135m-g067-ai-r0.25,paloma_gab,1.878018520838784
135m-g067-ai-r0.25,paloma_m2d2_s2orc,1.1766096436959372
135m-g067-ai-r0.25,paloma_m2d2_wikipedia,1.091278436120119
135m-g067-ai-r0.25,paloma_manosphere,1.4031920528916908
135m-g067-ai-r0.25,paloma_mc4_en,1.0837370045923815
135m-g067-ai-r0.25,paloma_programming,1.9655467633277879
135m-g067-ai-r0.25,paloma_ptb,1.2379686337792775
135m-g067-ai-r0.25,paloma_reddit_100,1.2379672739454015
135m-g067-ai-r0.25,paloma_redpajama,1.4280777937781597
135m-g067-ai-r0.25,paloma_twitteraae,2.4851803707534943
135m-g067-ai-r0.25,paloma_wikitext_103,1.0676690533285464
135m-g067-ai-r0.5,c4,0.9780702458497087
135m-g067-ai-r0.5,cosmopedia,0.6127367338781943
135m-g067-ai-r0.5,fw22,0.9602283005746912
135m-g067-ai-r0.5,fw26,0.8257155641262502
135m-g067-ai-r0.5,fw26_ai,0.5833288234551575
135m-g067-ai-r0.5,fw26_human,0.8913220782047558
135m-g067-ai-r0.5,paloma,1.384543759455677
135m-g067-ai-r0.5,paloma_4chan,1.5154284140065444
135m-g067-ai-r0.5,paloma_c4,0.9981089118330745
135m-g067-ai-r0.5,paloma_c4_100_domains,0.9802260568845423
135m-g067-ai-r0.5,paloma_dolma,1.2696786502148252
135m-g067-ai-r0.5,paloma_falcon_refinedweb,1.0987925365212092
135m-g067-ai-r0.5,paloma_gab,1.905941492881172
135m-g067-ai-r0.5,paloma_m2d2_s2orc,1.1800072584016554
135m-g067-ai-r0.5,paloma_m2d2_wikipedia,1.0986149980477742
135m-g067-ai-r0.5,paloma_manosphere,1.4488030565925485
135m-g067-ai-r0.5,paloma_mc4_en,1.0896220584126088
135m-g067-ai-r0.5,paloma_programming,2.0522099586376163
135m-g067-ai-r0.5,paloma_ptb,1.2474839413498384
135m-g067-ai-r0.5,paloma_reddit_100,1.2560353226490861
135m-g067-ai-r0.5,paloma_redpajama,1.451246649448925
135m-g067-ai-r0.5,paloma_twitteraae,2.489155809038799
135m-g067-ai-r0.5,paloma_wikitext_103,1.0713450363706127
135m-g067-ai-r1,c4,0.9837389018672528
135m-g067-ai-r1,cosmopedia,0.592096349904674
135m-g067-ai-r1,fw22,0.9656522619935382
135m-g067-ai-r1,fw26,0.8265248211803962
135m-g067-ai-r1,fw26_ai,0.5663810220574619
135m-g067-ai-r1,fw26_human,0.8969019486690382
135m-g067-ai-r1,paloma,1.38481837251729
135m-g067-ai-r1,paloma_4chan,1.453423589121586
135m-g067-ai-r1,paloma_c4,1.0061780191996712
135m-g067-ai-r1,paloma_c4_100_domains,0.9885852093085572
135m-g067-ai-r1,paloma_dolma,1.2778118070043036
135m-g067-ai-r1,paloma_falcon_refinedweb,1.1078859250606938
135m-g067-ai-r1,paloma_gab,1.9151548261132252
135m-g067-ai-r1,paloma_m2d2_s2orc,1.2015682589533405
135m-g067-ai-r1,paloma_m2d2_wikipedia,1.1059316649711606
135m-g067-ai-r1,paloma_manosphere,1.4102447641348501
135m-g067-ai-r1,paloma_mc4_en,1.0960852822824572
135m-g067-ai-r1,paloma_programming,2.0172382011681123
135m-g067-ai-r1,paloma_ptb,1.2578798150703496
135m-g067-ai-r1,paloma_reddit_100,1.2510236229778091
135m-g067-ai-r1,paloma_redpajama,1.4605313506177457
135m-g067-ai-r1,paloma_twitteraae,2.5204085153788482
135m-g067-ai-r1,paloma_wikitext_103,1.087143108913932
135m-g067-human-r0.25,c4,0.9677581071955257
135m-g067-human-r0.25,cosmopedia,0.6816817548904722
135m-g067-human-r0.25,fw22,0.9500191308889324
135m-g067-human-r0.25,fw26,0.8375202919099317
135m-g067-human-r0.25,fw26_ai,0.6737307781876964
135m-g067-human-r0.25,fw26_human,0.8820284538472922
135m-g067-human-r0.25,paloma,1.354158628824469
135m-g067-human-r0.25,paloma_4chan,1.4800716698124936
135m-g067-human-r0.25,paloma_c4,0.9886475928820823
135m-g067-human-r0.25,paloma_c4_100_domains,0.9669634484707733
135m-g067-human-r0.25,paloma_dolma,1.2411235588879361
135m-g067-human-r0.25,paloma_falcon_refinedweb,1.0863085384135707
135m-g067-human-r0.25,paloma_gab,1.8555035556748936
135m-g067-human-r0.25,paloma_m2d2_s2orc,1.1673817155128217
135m-g067-human-r0.25,paloma_m2d2_wikipedia,1.0875530020258308
135m-g067-human-r0.25,paloma_manosphere,1.3816886578949001
135m-g067-human-r0.25,paloma_mc4_en,1.075084381585025
135m-g067-human-r0.25,paloma_programming,1.935109819376738
135m-g067-human-r0.25,paloma_ptb,1.2374244242480854
135m-g067-human-r0.25,paloma_reddit_100,1.2268376803952536
135m-g067-human-r0.25,paloma_redpajama,1.41148125033391
135m-g067-human-r0.25,paloma_twitteraae,2.4580061463618956
135m-g067-human-r0.25,paloma_wikitext_103,1.0673526193152927
135m-g068-control,c4,0.9690040803706919
135m-g068-control,cosmopedia,0.6773499797568334
135m-g068-control,fw22,0.9514806245999091
135m-g068-control,fw26,0.838782409879712
135m-g068-control,fw26_ai,0.6746057770718605
135m-g068-control,fw26_human,0.8833940089530522
135m-g068-control,paloma,1.347346827396924
135m-g068-control,paloma_4chan,1.4320852046769534
135m-g068-control,paloma_c4,0.9886705474651076
135m-g068-control,paloma_c4_100_domains,0.9677062906451012
135m-g068-control,paloma_dolma,1.2370559947101984
135m-g068-control,paloma_falcon_refinedweb,1.0865636178288327
135m-g068-control,paloma_gab,1.8614652072722735
135m-g068-control,paloma_m2d2_s2orc,1.1634142265866845
135m-g068-control,paloma_m2d2_wikipedia,1.0729899741817441
135m-g068-control,paloma_manosphere,1.3656638780061157
135m-g068-control,paloma_mc4_en,1.0746550872018141
135m-g068-control,paloma_programming,1.9396022810471307
135m-g068-control,paloma_ptb,1.226855981158024
135m-g068-control,paloma_reddit_100,1.225934752199236
135m-g068-control,paloma_redpajama,1.4033014347729573
135m-g068-control,paloma_twitteraae,2.460036487174288
135m-g068-control,paloma_wikitext_103,1.0515482734243233
135m-g068-ai-r0.05,c4,0.9690077390414495
135m-g068-ai-r0.05,cosmopedia,0.6419173087093688
135m-g068-ai-r0.05,fw22,0.9512590695932565
135m-g068-ai-r0.05,fw26,0.8300021336206395
135m-g068-ai-r0.05,fw26_ai,0.6355298529904225
135m-g068-ai-r0.05,fw26_human,0.8826989534042141
135m-g068-ai-r0.05,paloma,1.3635128687948574
135m-g068-ai-r0.05,paloma_4chan,1.508597418598191
135m-g068-ai-r0.05,paloma_c4,0.9886509209685588
135m-g068-ai-r0.05,paloma_c4_100_domains,0.9680242151860199
135m-g068-ai-r0.05,paloma_dolma,1.2465482783590731
135m-g068-ai-r0.05,paloma_falcon_refinedweb,1.0873103724381141
135m-g068-ai-r0.05,paloma_gab,1.8633441413435032
135m-g068-ai-r0.05,paloma_m2d2_s2orc,1.1661636727818594
135m-g068-ai-r0.05,paloma_m2d2_wikipedia,1.0754657479746397
135m-g068-ai-r0.05,paloma_manosphere,1.391606053631104
135m-g068-ai-r0.05,paloma_mc4_en,1.079719226366203
135m-g068-ai-r0.05,paloma_programming,2.056213907229303
135m-g068-ai-r0.05,paloma_ptb,1.218536550279653
135m-g068-ai-r0.05,paloma_reddit_100,1.2279167556771629
135m-g068-ai-r0.05,paloma_redpajama,1.4144799120990286
135m-g068-ai-r0.05,paloma_twitteraae,2.4647007623650667
135m-g068-ai-r0.05,paloma_wikitext_103,1.058927965420239
135m-g068-ai-r0.1,c4,0.9694254398946076
135m-g068-ai-r0.1,cosmopedia,0.6286864628083206
135m-g068-ai-r0.1,fw22,0.9515694838881503
135m-g068-ai-r0.1,fw26,0.8268486378463673
135m-g068-ai-r0.1,fw26_ai,0.6204569104806102
135m-g068-ai-r0.1,fw26_human,0.8827302685194155
135m-g068-ai-r0.1,paloma,1.3556559442568923
135m-g068-ai-r0.1,paloma_4chan,1.3983894144744056
135m-g068-ai-r0.1,paloma_c4,0.9906525892420722
135m-g068-ai-r0.1,paloma_c4_100_domains,0.9696786908129978
135m-g068-ai-r0.1,paloma_dolma,1.245706780546306
135m-g068-ai-r0.1,paloma_falcon_refinedweb,1.089368358119459
135m-g068-ai-r0.1,paloma_gab,1.8621923152847693
135m-g068-ai-r0.1,paloma_m2d2_s2orc,1.1739849385495018
135m-g068-ai-r0.1,paloma_m2d2_wikipedia,1.086931609799843
135m-g068-ai-r0.1,paloma_manosphere,1.3857780456148268
135m-g068-ai-r0.1,paloma_mc4_en,1.0832257804883443
135m-g068-ai-r0.1,paloma_programming,1.9835667641582908
135m-g068-ai-r0.1,paloma_ptb,1.2421784129430142
135m-g068-ai-r0.1,paloma_reddit_100,1.224406523940652
135m-g068-ai-r0.1,paloma_redpajama,1.4208038073346674
135m-g068-ai-r0.1,paloma_twitteraae,2.4697502413234345
135m-g068-ai-r0.1,paloma_wikitext_103,1.0638808354776919
135m-g068-ai-r0.25,c4,0.9718196295608508
135m-g068-ai-r0.25,cosmopedia,0.6220310514021593
135m-g068-ai-r0.25,fw22,0.9539123806185328
135m-g068-ai-r0.25,fw26,0.8239198842067654
135m-g068-ai-r0.25,fw26_ai,0.5987188206324725
135m-g068-ai-r0.25,fw26_human,0.884846277117624
135m-g068-ai-r0.25,paloma,1.3780697479183202
135m-g068-ai-r0.25,paloma_4chan,1.45429998759932
135m-g068-ai-r0.25,paloma_c4,0.9921987412678925
135m-g068-ai-r0.25,paloma_c4_100_domains,0.9728336336428556
135m-g068-ai-r0.25,paloma_dolma,1.274472237258846
135m-g068-ai-r0.25,paloma_falcon_refinedweb,1.0915318985795923
135m-g068-ai-r0.25,paloma_gab,1.880471759010465
135m-g068-ai-r0.25,paloma_m2d2_s2orc,1.1768135685319994
135m-g068-ai-r0.25,paloma_m2d2_wikipedia,1.095586463934398
135m-g068-ai-r0.25,paloma_manosphere,1.4181484109840259
135m-g068-ai-r0.25,paloma_mc4_en,1.0852520174584197
135m-g068-ai-r0.25,paloma_programming,2.0983643096012226
135m-g068-ai-r0.25,paloma_ptb,1.2498163484635267
135m-g068-ai-r0.25,paloma_reddit_100,1.2468555749898698
135m-g068-ai-r0.25,paloma_redpajama,1.4602118804407558
135m-g068-ai-r0.25,paloma_twitteraae,2.4835086319652473
135m-g068-ai-r0.25,paloma_wikitext_103,1.0687505029646889
135m-g068-ai-r0.5,c4,0.9753931638417206
135m-g068-ai-r0.5,cosmopedia,0.6080356837548786
135m-g068-ai-r0.5,fw22,0.9573873508338867
135m-g068-ai-r0.5,fw26,0.8226261989073045
135m-g068-ai-r0.5,fw26_ai,0.5806368230441009
135m-g068-ai-r0.5,fw26_human,0.8880989351632866
135m-g068-ai-r0.5,paloma,1.3751071270994002
135m-g068-ai-r0.5,paloma_4chan,1.4758072598401764
135m-g068-ai-r0.5,paloma_c4,0.9957105124157659
135m-g068-ai-r0.5,paloma_c4_100_domains,0.9771721490417139
135m-g068-ai-r0.5,paloma_dolma,1.2608591735383947
135m-g068-ai-r0.5,paloma_falcon_refinedweb,1.0968796995529655
135m-g068-ai-r0.5,paloma_gab,1.8972986431802255
135m-g068-ai-r0.5,paloma_m2d2_s2orc,1.1747272700772364
135m-g068-ai-r0.5,paloma_m2d2_wikipedia,1.0937574799908178
135m-g068-ai-r0.5,paloma_manosphere,1.4318789174389939
135m-g068-ai-r0.5,paloma_mc4_en,1.087809127602275
135m-g068-ai-r0.5,paloma_programming,2.0218122830448415
135m-g068-ai-r0.5,paloma_ptb,1.2499053960625668
135m-g068-ai-r0.5,paloma_reddit_100,1.2428873929500823
135m-g068-ai-r0.5,paloma_redpajama,1.430108550486949
135m-g068-ai-r0.5,paloma_twitteraae,2.4992685205173517
135m-g068-ai-r0.5,paloma_wikitext_103,1.0658316578500453
135m-g068-ai-r1,c4,0.9817970256633196
135m-g068-ai-r1,cosmopedia,0.5945873777089877
135m-g068-ai-r1,fw22,0.9637115390382787
135m-g068-ai-r1,fw26,0.8242505189594871
135m-g068-ai-r1,fw26_ai,0.5644768741492473
135m-g068-ai-r1,fw26_human,0.8945475442750525
135m-g068-ai-r1,paloma,1.3869101073273262
135m-g068-ai-r1,paloma_4chan,1.458303926534681
135m-g068-ai-r1,paloma_c4,1.0025056362364284
135m-g068-ai-r1,paloma_c4_100_domains,0.9859450994155476
135m-g068-ai-r1,paloma_dolma,1.2757908440860763
135m-g068-ai-r1,paloma_falcon_refinedweb,1.102729127361412
135m-g068-ai-r1,paloma_gab,1.9157269405313386
135m-g068-ai-r1,paloma_m2d2_s2orc,1.1927315156573288
135m-g068-ai-r1,paloma_m2d2_wikipedia,1.1031833393701678
135m-g068-ai-r1,paloma_manosphere,1.426531745908999
135m-g068-ai-r1,paloma_mc4_en,1.1008000972811027
135m-g068-ai-r1,paloma_programming,2.0584309283426334
135m-g068-ai-r1,paloma_ptb,1.267914113531184
135m-g068-ai-r1,paloma_reddit_100,1.2530403604177665
135m-g068-ai-r1,paloma_redpajama,1.44807611052444
135m-g068-ai-r1,paloma_twitteraae,2.5227521253126026
135m-g068-ai-r1,paloma_wikitext_103,1.0760998067255114
135m-g068-human-r0.25,c4,0.9655411214241126
135m-g068-human-r0.25,cosmopedia,0.6686370599473321
135m-g068-human-r0.25,fw22,0.9477413505982475
135m-g068-human-r0.25,fw26,0.8348969777641773
135m-g068-human-r0.25,fw26_ai,0.6710147035844357
135m-g068-human-r0.25,fw26_human,0.8794222548213078
135m-g068-human-r0.25,paloma,1.3488267293883216
135m-g068-human-r0.25,paloma_4chan,1.4470731478090482
135m-g068-human-r0.25,paloma_c4,0.9858004496465964
135m-g068-human-r0.25,paloma_c4_100_domains,0.9641835502617291
135m-g068-human-r0.25,paloma_dolma,1.242531764861601
135m-g068-human-r0.25,paloma_falcon_refinedweb,1.0825576743361567
135m-g068-human-r0.25,paloma_gab,1.8503173296377087
135m-g068-human-r0.25,paloma_m2d2_s2orc,1.1616246254481881
135m-g068-human-r0.25,paloma_m2d2_wikipedia,1.0719801530876942
135m-g068-human-r0.25,paloma_manosphere,1.3616321657067694
135m-g068-human-r0.25,paloma_mc4_en,1.0727456892132616
135m-g068-human-r0.25,paloma_programming,1.9764520244542796
135m-g068-human-r0.25,paloma_ptb,1.2174864173149405
135m-g068-human-r0.25,paloma_reddit_100,1.2191101731685356
135m-g068-human-r0.25,paloma_redpajama,1.4137071798980416
135m-g068-human-r0.25,paloma_twitteraae,2.4566976795097286
135m-g068-human-r0.25,paloma_wikitext_103,1.0573276458588683
135m-g069-control,c4,0.9672553271449488
135m-g069-control,cosmopedia,0.6734670241375208
135m-g069-control,fw22,0.9495387357888275
135m-g069-control,fw26,0.8368891474354286
135m-g069-control,fw26_ai,0.673096651895522
135m-g069-control,fw26_human,0.8813832125644004
135m-g069-control,paloma,1.3469866133266226
135m-g069-control,paloma_4chan,1.4064261037975925
135m-g069-control,paloma_c4,0.9872918515011021
135m-g069-control,paloma_c4_100_domains,0.9658899544994562
135m-g069-control,paloma_dolma,1.239493321813925
135m-g069-control,paloma_falcon_refinedweb,1.0849216151084613
135m-g069-control,paloma_gab,1.8612123960969178
135m-g069-control,paloma_m2d2_s2orc,1.1616798940462312
135m-g069-control,paloma_m2d2_wikipedia,1.0716639752674701
135m-g069-control,paloma_manosphere,1.3632347538502312
135m-g069-control,paloma_mc4_en,1.0753497765190463
135m-g069-control,paloma_programming,1.9583023480046384
135m-g069-control,paloma_ptb,1.2215302383682611
135m-g069-control,paloma_reddit_100,1.2264601766605707
135m-g069-control,paloma_redpajama,1.4104286242501807
135m-g069-control,paloma_twitteraae,2.4555721966953463
135m-g069-control,paloma_wikitext_103,1.0623285867465322
135m-g069-ai-r0.05,c4,0.9673362047710686
135m-g069-ai-r0.05,cosmopedia,0.646553581712275
135m-g069-ai-r0.05,fw22,0.9496729163088014
135m-g069-ai-r0.05,fw26,0.8284258451918186
135m-g069-ai-r0.05,fw26_ai,0.633971262755397
135m-g069-ai-r0.05,fw26_human,0.8810592510442461
135m-g069-ai-r0.05,paloma,1.3501232150034697
135m-g069-ai-r0.05,paloma_4chan,1.4575578028385376
135m-g069-ai-r0.05,paloma_c4,0.9870985910581268
135m-g069-ai-r0.05,paloma_c4_100_domains,0.9661376731320408
135m-g069-ai-r0.05,paloma_dolma,1.2377613665907596
135m-g069-ai-r0.05,paloma_falcon_refinedweb,1.0862427276938298
135m-g069-ai-r0.05,paloma_gab,1.8628841855107139
135m-g069-ai-r0.05,paloma_m2d2_s2orc,1.159881999503675
135m-g069-ai-r0.05,paloma_m2d2_wikipedia,1.07983743949458
135m-g069-ai-r0.05,paloma_manosphere,1.3885939883656577
135m-g069-ai-r0.05,paloma_mc4_en,1.0711935872819243
135m-g069-ai-r0.05,paloma_programming,1.9287406452136568
135m-g069-ai-r0.05,paloma_ptb,1.213734055523572
135m-g069-ai-r0.05,paloma_reddit_100,1.229319925774092
135m-g069-ai-r0.05,paloma_redpajama,1.4071079968668176
135m-g069-ai-r0.05,paloma_twitteraae,2.4669615927082105
135m-g069-ai-r0.05,paloma_wikitext_103,1.0589178624993205
135m-g069-ai-r0.1,c4,0.9681796526421403
135m-g069-ai-r0.1,cosmopedia,0.6328657859998826
135m-g069-ai-r0.1,fw22,0.9500428250554576
135m-g069-ai-r0.1,fw26,0.8254693453374506
135m-g069-ai-r0.1,fw26_ai,0.6193746755436074
135m-g069-ai-r0.1,fw26_human,0.8812558134144932
135m-g069-ai-r0.1,paloma,1.355062284039465
135m-g069-ai-r0.1,paloma_4chan,1.4279342820234868
135m-g069-ai-r0.1,paloma_c4,0.9888994173941296
135m-g069-ai-r0.1,paloma_c4_100_domains,0.9681671466918921
135m-g069-ai-r0.1,paloma_dolma,1.2450982967886632
135m-g069-ai-r0.1,paloma_falcon_refinedweb,1.089363187200968
135m-g069-ai-r0.1,paloma_gab,1.8588541839433315
135m-g069-ai-r0.1,paloma_m2d2_s2orc,1.1688937833629642
135m-g069-ai-r0.1,paloma_m2d2_wikipedia,1.088194545449071
135m-g069-ai-r0.1,paloma_manosphere,1.3888902569421147
135m-g069-ai-r0.1,paloma_mc4_en,1.0804688359868304
135m-g069-ai-r0.1,paloma_programming,1.9854698187757074
135m-g069-ai-r0.1,paloma_ptb,1.2180849265693403
135m-g069-ai-r0.1,paloma_reddit_100,1.2263389750133284
135m-g069-ai-r0.1,paloma_redpajama,1.4184004487582915
135m-g069-ai-r0.1,paloma_twitteraae,2.4668371641625706
135m-g069-ai-r0.1,paloma_wikitext_103,1.0611012755687506
135m-g069-ai-r0.25,c4,0.970352207426982
135m-g069-ai-r0.25,cosmopedia,0.6131519520620035
135m-g069-ai-r0.25,fw22,0.9522440136124682
135m-g069-ai-r0.25,fw26,0.822075725874313
135m-g069-ai-r0.25,fw26_ai,0.5963592545422232
135m-g069-ai-r0.25,fw26_human,0.8831343240334848
135m-g069-ai-r0.25,paloma,1.3606470256729457
135m-g069-ai-r0.25,paloma_4chan,1.4442582152887624
135m-g069-ai-r0.25,paloma_c4,0.990614793295037
135m-g069-ai-r0.25,paloma_c4_100_domains,0.9707915428389168
135m-g069-ai-r0.25,paloma_dolma,1.2552353530646239
135m-g069-ai-r0.25,paloma_falcon_refinedweb,1.0882942978095018
135m-g069-ai-r0.25,paloma_gab,1.8808638765229495
135m-g069-ai-r0.25,paloma_m2d2_s2orc,1.165015993762248
135m-g069-ai-r0.25,paloma_m2d2_wikipedia,1.0740985074239422
135m-g069-ai-r0.25,paloma_manosphere,1.3851317247497825
135m-g069-ai-r0.25,paloma_mc4_en,1.077553076803593
135m-g069-ai-r0.25,paloma_programming,1.9831629864384304
135m-g069-ai-r0.25,paloma_ptb,1.2264934050467513
135m-g069-ai-r0.25,paloma_reddit_100,1.2346042607882106
135m-g069-ai-r0.25,paloma_redpajama,1.4489556185344004
135m-g069-ai-r0.25,paloma_twitteraae,2.484224038720005
135m-g069-ai-r0.25,paloma_wikitext_103,1.061054719679975
135m-g069-ai-r0.5,c4,0.9738149781033532
135m-g069-ai-r0.5,cosmopedia,0.6064718816521163
135m-g069-ai-r0.5,fw22,0.9556357589335788
135m-g069-ai-r0.5,fw26,0.8210218580871177
135m-g069-ai-r0.5,fw26_ai,0.5789858641185224
135m-g069-ai-r0.5,fw26_human,0.8864815874157004
135m-g069-ai-r0.5,paloma,1.3711972242010628
135m-g069-ai-r0.5,paloma_4chan,1.459335382038789
135m-g069-ai-r0.5,paloma_c4,0.9936094875919079
135m-g069-ai-r0.5,paloma_c4_100_domains,0.9748860501405119
135m-g069-ai-r0.5,paloma_dolma,1.2576949843627991
135m-g069-ai-r0.5,paloma_falcon_refinedweb,1.0949878211530422
135m-g069-ai-r0.5,paloma_gab,1.8979261417207236
135m-g069-ai-r0.5,paloma_m2d2_s2orc,1.173699016885473
135m-g069-ai-r0.5,paloma_m2d2_wikipedia,1.083285333063949
135m-g069-ai-r0.5,paloma_manosphere,1.406014864461688
135m-g069-ai-r0.5,paloma_mc4_en,1.0814178360719655
135m-g069-ai-r0.5,paloma_programming,2.03415655756349
135m-g069-ai-r0.5,paloma_ptb,1.2392972572246985
135m-g069-ai-r0.5,paloma_reddit_100,1.2457080452855913
135m-g069-ai-r0.5,paloma_redpajama,1.4328654637437828
135m-g069-ai-r0.5,paloma_twitteraae,2.500815838931253
135m-g069-ai-r0.5,paloma_wikitext_103,1.0634555069773395
135m-g069-ai-r1,c4,0.9805470639141551
135m-g069-ai-r1,cosmopedia,0.5914746723268653
135m-g069-ai-r1,fw22,0.9623822240740855
135m-g069-ai-r1,fw26,0.8228624248887517
135m-g069-ai-r1,fw26_ai,0.5629905259417045
135m-g069-ai-r1,fw26_human,0.8931999360471741
135m-g069-ai-r1,paloma,1.3756647408877054
135m-g069-ai-r1,paloma_4chan,1.4430400835419723
135m-g069-ai-r1,paloma_c4,1.0008974679653329
135m-g069-ai-r1,paloma_c4_100_domains,0.9843264348320311
135m-g069-ai-r1,paloma_dolma,1.2644025321484886
135m-g069-ai-r1,paloma_falcon_refinedweb,1.1006277650999252
135m-g069-ai-r1,paloma_gab,1.9172329275224849
135m-g069-ai-r1,paloma_m2d2_s2orc,1.1828773943614548
135m-g069-ai-r1,paloma_m2d2_wikipedia,1.0909232692155646
135m-g069-ai-r1,paloma_manosphere,1.3967348986582364
135m-g069-ai-r1,paloma_mc4_en,1.092452077460189
135m-g069-ai-r1,paloma_programming,2.0008426201148652
135m-g069-ai-r1,paloma_ptb,1.2429383694273974
135m-g069-ai-r1,paloma_reddit_100,1.2503107926591384
135m-g069-ai-r1,paloma_redpajama,1.4412979866595654
135m-g069-ai-r1,paloma_twitteraae,2.5312021704583887
135m-g069-ai-r1,paloma_wikitext_103,1.0705290640782537
135m-g069-human-r0.25,c4,0.9636638841887378
135m-g069-human-r0.25,cosmopedia,0.6747638165661034
135m-g069-human-r0.25,fw22,0.9455321588744455
135m-g069-human-r0.25,fw26,0.8328244138157024
135m-g069-human-r0.25,fw26_ai,0.6689777057352301
135m-g069-human-r0.25,fw26_human,0.8773411710136361
135m-g069-human-r0.25,paloma,1.3494522951339976
135m-g069-human-r0.25,paloma_4chan,1.4612352619983948
135m-g069-human-r0.25,paloma_c4,0.9842276008793668
135m-g069-human-r0.25,paloma_c4_100_domains,0.9619900374616323
135m-g069-human-r0.25,paloma_dolma,1.2416956080602182
135m-g069-human-r0.25,paloma_falcon_refinedweb,1.0823758952681428
135m-g069-human-r0.25,paloma_gab,1.8466492395790495
135m-g069-human-r0.25,paloma_m2d2_s2orc,1.1558370284409227
135m-g069-human-r0.25,paloma_m2d2_wikipedia,1.079544148379628
135m-g069-human-r0.25,paloma_manosphere,1.3718706884784433
135m-g069-human-r0.25,paloma_mc4_en,1.0719732624801621
135m-g069-human-r0.25,paloma_programming,1.9808081510614237
135m-g069-human-r0.25,paloma_ptb,1.2142979014811475
135m-g069-human-r0.25,paloma_reddit_100,1.2215637765323342
135m-g069-human-r0.25,paloma_redpajama,1.4078857186711997
135m-g069-human-r0.25,paloma_twitteraae,2.448261340226901
135m-g069-human-r0.25,paloma_wikitext_103,1.0610210631449974
135m-g070-control,c4,0.9657519308468081
135m-g070-control,cosmopedia,0.6669434860369102
135m-g070-control,fw22,0.9478000072481767
135m-g070-control,fw26,0.8350008776232205
135m-g070-control,fw26_ai,0.6712347906774758
135m-g070-control,fw26_human,0.879509323872222
135m-g070-control,paloma,1.3450338097643422
135m-g070-control,paloma_4chan,1.4079525895265705
135m-g070-control,paloma_c4,0.985821446403955
135m-g070-control,paloma_c4_100_domains,0.9640857238862786
135m-g070-control,paloma_dolma,1.2366526026400586
135m-g070-control,paloma_falcon_refinedweb,1.0821364337999773
135m-g070-control,paloma_gab,1.8533052892834998
135m-g070-control,paloma_m2d2_s2orc,1.1612519934867116
135m-g070-control,paloma_m2d2_wikipedia,1.0709950985635839
135m-g070-control,paloma_manosphere,1.3704639688156826
135m-g070-control,paloma_mc4_en,1.0732556077899595
135m-g070-control,paloma_programming,1.961206023571295
135m-g070-control,paloma_ptb,1.2201082256013838
135m-g070-control,paloma_reddit_100,1.2182891449538398
135m-g070-control,paloma_redpajama,1.407931953122738
135m-g070-control,paloma_twitteraae,2.454690583424708
135m-g070-control,paloma_wikitext_103,1.0523942713592354
135m-g070-ai-r0.05,c4,0.965694194493205
135m-g070-ai-r0.05,cosmopedia,0.6372584693001663
135m-g070-ai-r0.05,fw22,0.9476599569330908
135m-g070-ai-r0.05,fw26,0.8263477385378315
135m-g070-ai-r0.05,fw26_ai,0.6322474678026895
135m-g070-ai-r0.05,fw26_human,0.8789241499751218
135m-g070-ai-r0.05,paloma,1.355139544809803
135m-g070-ai-r0.05,paloma_4chan,1.4609443500898052
135m-g070-ai-r0.05,paloma_c4,0.985732040996594
135m-g070-ai-r0.05,paloma_c4_100_domains,0.9644647787561049
135m-g070-ai-r0.05,paloma_dolma,1.2447520242119419
135m-g070-ai-r0.05,paloma_falcon_refinedweb,1.0834277570163844
135m-g070-ai-r0.05,paloma_gab,1.8624319829384053
135m-g070-ai-r0.05,paloma_m2d2_s2orc,1.1583217291020136
135m-g070-ai-r0.05,paloma_m2d2_wikipedia,1.0766182996364309
135m-g070-ai-r0.05,paloma_manosphere,1.3891183991306264
135m-g070-ai-r0.05,paloma_mc4_en,1.0732432716130773
135m-g070-ai-r0.05,paloma_programming,2.0189651931790387
135m-g070-ai-r0.05,paloma_ptb,1.208900308823994
135m-g070-ai-r0.05,paloma_reddit_100,1.2206234198780388
135m-g070-ai-r0.05,paloma_redpajama,1.4250518738738989
135m-g070-ai-r0.05,paloma_twitteraae,2.4574592357467857
135m-g070-ai-r0.05,paloma_wikitext_103,1.0521780519637065
135m-g070-ai-r0.1,c4,0.9661779378121993
135m-g070-ai-r0.1,cosmopedia,0.6300039567217767
135m-g070-ai-r0.1,fw22,0.948058052097302
135m-g070-ai-r0.1,fw26,0.8233754291009578
135m-g070-ai-r0.1,fw26_ai,0.6170686961015286
135m-g070-ai-r0.1,fw26_human,0.8792333720291177
135m-g070-ai-r0.1,paloma,1.3615683210507172
135m-g070-ai-r0.1,paloma_4chan,1.5018837424982072
135m-g070-ai-r0.1,paloma_c4,0.9871930943816948
135m-g070-ai-r0.1,paloma_c4_100_domains,0.96600094675859
135m-g070-ai-r0.1,paloma_dolma,1.2452928275129544
135m-g070-ai-r0.1,paloma_falcon_refinedweb,1.085589737735893
135m-g070-ai-r0.1,paloma_gab,1.8613655582499913
135m-g070-ai-r0.1,paloma_m2d2_s2orc,1.166661259910439
135m-g070-ai-r0.1,paloma_m2d2_wikipedia,1.0858378011174883
135m-g070-ai-r0.1,paloma_manosphere,1.4074016815903654
135m-g070-ai-r0.1,paloma_mc4_en,1.076836060163132
135m-g070-ai-r0.1,paloma_programming,1.9943649090267208
135m-g070-ai-r0.1,paloma_ptb,1.2304522946794267
135m-g070-ai-r0.1,paloma_reddit_100,1.2260682787153707
135m-g070-ai-r0.1,paloma_redpajama,1.4250986947204025
135m-g070-ai-r0.1,paloma_twitteraae,2.4644808064843344
135m-g070-ai-r0.1,paloma_wikitext_103,1.0605654432664635
135m-g070-ai-r0.25,c4,0.9687783159082618
135m-g070-ai-r0.25,cosmopedia,0.6177849887032161
135m-g070-ai-r0.25,fw22,0.9506692509780931
135m-g070-ai-r0.25,fw26,0.8204590710683936
135m-g070-ai-r0.25,fw26_ai,0.595164036982366
135m-g070-ai-r0.25,fw26_human,0.8814183624931992
135m-g070-ai-r0.25,paloma,1.359178445247724
135m-g070-ai-r0.25,paloma_4chan,1.4417179176347887
135m-g070-ai-r0.25,paloma_c4,0.9892774817203015
135m-g070-ai-r0.25,paloma_c4_100_domains,0.9688423022163541
135m-g070-ai-r0.25,paloma_dolma,1.2516860140625516
135m-g070-ai-r0.25,paloma_falcon_refinedweb,1.0869393666388956
135m-g070-ai-r0.25,paloma_gab,1.8704711546211545
135m-g070-ai-r0.25,paloma_m2d2_s2orc,1.1684725852294535
135m-g070-ai-r0.25,paloma_m2d2_wikipedia,1.0808555580170565
135m-g070-ai-r0.25,paloma_manosphere,1.3929446709544542
135m-g070-ai-r0.25,paloma_mc4_en,1.0777123667263646
135m-g070-ai-r0.25,paloma_programming,1.9903069004701108
135m-g070-ai-r0.25,paloma_ptb,1.229787419096662
135m-g070-ai-r0.25,paloma_reddit_100,1.233773692679358
135m-g070-ai-r0.25,paloma_redpajama,1.4317126036902332
135m-g070-ai-r0.25,paloma_twitteraae,2.4698847397100785
135m-g070-ai-r0.25,paloma_wikitext_103,1.0624703504957633
135m-g070-ai-r0.5,c4,0.9721757241138543
135m-g070-ai-r0.5,cosmopedia,0.5994551861127301
135m-g070-ai-r0.5,fw22,0.9540656515564758
135m-g070-ai-r0.5,fw26,0.8192773450548518
135m-g070-ai-r0.5,fw26_ai,0.5770952869327001
135m-g070-ai-r0.5,fw26_human,0.8847675506209745
135m-g070-ai-r0.5,paloma,1.3662827464976184
135m-g070-ai-r0.5,paloma_4chan,1.4886570503015202
135m-g070-ai-r0.5,paloma_c4,0.9921480506144387
135m-g070-ai-r0.5,paloma_c4_100_domains,0.9733277369153288
135m-g070-ai-r0.5,paloma_dolma,1.253200485398242
135m-g070-ai-r0.5,paloma_falcon_refinedweb,1.0924187782196608
135m-g070-ai-r0.5,paloma_gab,1.8860544284788354
135m-g070-ai-r0.5,paloma_m2d2_s2orc,1.1671695039431425
135m-g070-ai-r0.5,paloma_m2d2_wikipedia,1.0798917689971175
135m-g070-ai-r0.5,paloma_manosphere,1.4022325202174724
135m-g070-ai-r0.5,paloma_mc4_en,1.0827682721317662
135m-g070-ai-r0.5,paloma_programming,1.9951204346951974
135m-g070-ai-r0.5,paloma_ptb,1.231913721264084
135m-g070-ai-r0.5,paloma_reddit_100,1.2352885855155555
135m-g070-ai-r0.5,paloma_redpajama,1.4275208405726914
135m-g070-ai-r0.5,paloma_twitteraae,2.4928672755732633
135m-g070-ai-r0.5,paloma_wikitext_103,1.0599444911235758
135m-g070-ai-r1,c4,0.9790015558116638
135m-g070-ai-r1,cosmopedia,0.5915074064667233
135m-g070-ai-r1,fw22,0.9608652119759419
135m-g070-ai-r1,fw26,0.8212133971779533
135m-g070-ai-r1,fw26_ai,0.5610742242321677
135m-g070-ai-r1,fw26_human,0.8915911656942049
135m-g070-ai-r1,paloma,1.3836220504046315
135m-g070-ai-r1,paloma_4chan,1.484023956769474
135m-g070-ai-r1,paloma_c4,1.0002147426520567
135m-g070-ai-r1,paloma_c4_100_domains,0.9831798035151762
135m-g070-ai-r1,paloma_dolma,1.2730297137699855
135m-g070-ai-r1,paloma_falcon_refinedweb,1.1014334668962027
135m-g070-ai-r1,paloma_gab,1.9161040625966888
135m-g070-ai-r1,paloma_m2d2_s2orc,1.186272022329357
135m-g070-ai-r1,paloma_m2d2_wikipedia,1.1002948920984732
135m-g070-ai-r1,paloma_manosphere,1.4272016417273283
135m-g070-ai-r1,paloma_mc4_en,1.096524955590698
135m-g070-ai-r1,paloma_programming,2.033218099814739
135m-g070-ai-r1,paloma_ptb,1.2518998536528443
135m-g070-ai-r1,paloma_reddit_100,1.2507686605494528
135m-g070-ai-r1,paloma_redpajama,1.4451545779221142
135m-g070-ai-r1,paloma_twitteraae,2.5147657225508198
135m-g070-ai-r1,paloma_wikitext_103,1.073866634038696
135m-g070-human-r0.25,c4,0.962294476651928
135m-g070-human-r0.25,cosmopedia,0.6658437901561932
135m-g070-human-r0.25,fw22,0.9441783023625285
135m-g070-human-r0.25,fw26,0.8314290829138458
135m-g070-human-r0.25,fw26_ai,0.6677795580763629
135m-g070-human-r0.25,fw26_human,0.8758679921068165
135m-g070-human-r0.25,paloma,1.336983285489096
135m-g070-human-r0.25,paloma_4chan,1.3684261287358748
135m-g070-human-r0.25,paloma_c4,0.9821575566845163
135m-g070-human-r0.25,paloma_c4_100_domains,0.9602264772422386
135m-g070-human-r0.25,paloma_dolma,1.2294921126350857
135m-g070-human-r0.25,paloma_falcon_refinedweb,1.0795777509977735
135m-g070-human-r0.25,paloma_gab,1.8466079119522165
135m-g070-human-r0.25,paloma_m2d2_s2orc,1.156118797465998
135m-g070-human-r0.25,paloma_m2d2_wikipedia,1.0657931842966826
135m-g070-human-r0.25,paloma_manosphere,1.3592843173889149
135m-g070-human-r0.25,paloma_mc4_en,1.069308851428761
135m-g070-human-r0.25,paloma_programming,1.9343706381875012
135m-g070-human-r0.25,paloma_ptb,1.225739369092936
135m-g070-human-r0.25,paloma_reddit_100,1.2136761341998412
135m-g070-human-r0.25,paloma_redpajama,1.3945751522523673
135m-g070-human-r0.25,paloma_twitteraae,2.457291788530386
135m-g070-human-r0.25,paloma_wikitext_103,1.0490863967344426
135m-g071-control,c4,0.9648505442668723
135m-g071-control,cosmopedia,0.6789967238333068
135m-g071-control,fw22,0.9468810647391651
135m-g071-control,fw26,0.8340615181436823
135m-g071-control,fw26_ai,0.6700286741467827
135m-g071-control,fw26_human,0.878617279558683
135m-g071-control,paloma,1.348882583606901
135m-g071-control,paloma_4chan,1.4803932741925465
135m-g071-control,paloma_c4,0.9854603641446947
135m-g071-control,paloma_c4_100_domains,0.9633581043268445
135m-g071-control,paloma_dolma,1.2365505931795113
135m-g071-control,paloma_falcon_refinedweb,1.083542216254021
135m-g071-control,paloma_gab,1.8590460292357123
135m-g071-control,paloma_m2d2_s2orc,1.1637441616556419
135m-g071-control,paloma_m2d2_wikipedia,1.0849203458253383
135m-g071-control,paloma_manosphere,1.3851882768814514
135m-g071-control,paloma_mc4_en,1.0726390803841517
135m-g071-control,paloma_programming,1.9147951929500722
135m-g071-control,paloma_ptb,1.2114585982753454
135m-g071-control,paloma_reddit_100,1.2261768215509075
135m-g071-control,paloma_redpajama,1.4019253400202007
135m-g071-control,paloma_twitteraae,2.458503290115665
135m-g071-control,paloma_wikitext_103,1.0544196487183084
135m-g071-ai-r0.05,c4,0.9648310206619588
135m-g071-ai-r0.05,cosmopedia,0.6380703772141422
135m-g071-ai-r0.05,fw22,0.9467540373351258
135m-g071-ai-r0.05,fw26,0.8254172856446819
135m-g071-ai-r0.05,fw26_ai,0.6312391486654718
135m-g071-ai-r0.05,fw26_human,0.8780116907210546
135m-g071-ai-r0.05,paloma,1.3440796962188295
135m-g071-ai-r0.05,paloma_4chan,1.4102891044059207
135m-g071-ai-r0.05,paloma_c4,0.9850741903221992
135m-g071-ai-r0.05,paloma_c4_100_domains,0.9637059058884246
135m-g071-ai-r0.05,paloma_dolma,1.2344866871900366
135m-g071-ai-r0.05,paloma_falcon_refinedweb,1.0827848256563537
135m-g071-ai-r0.05,paloma_gab,1.8505496653927485
135m-g071-ai-r0.05,paloma_m2d2_s2orc,1.1591280010797385
135m-g071-ai-r0.05,paloma_m2d2_wikipedia,1.0746647764579031
135m-g071-ai-r0.05,paloma_manosphere,1.3723822500075225
135m-g071-ai-r0.05,paloma_mc4_en,1.0701543320979834
135m-g071-ai-r0.05,paloma_programming,1.9559564005675625
135m-g071-ai-r0.05,paloma_ptb,1.210872719486157
135m-g071-ai-r0.05,paloma_reddit_100,1.2198587223205113
135m-g071-ai-r0.05,paloma_redpajama,1.4071524883439648
135m-g071-ai-r0.05,paloma_twitteraae,2.453334668271095
135m-g071-ai-r0.05,paloma_wikitext_103,1.05488040201315
135m-g071-ai-r0.1,c4,0.9650399738311742
135m-g071-ai-r0.1,cosmopedia,0.6329732175389012
135m-g071-ai-r0.1,fw22,0.9470288823488113
135m-g071-ai-r0.1,fw26,0.8223496241495609
135m-g071-ai-r0.1,fw26_ai,0.6163031726987317
135m-g071-ai-r0.1,fw26_human,0.8781338940281592
135m-g071-ai-r0.1,paloma,1.3518874905234999
135m-g071-ai-r0.1,paloma_4chan,1.4800653782371922
135m-g071-ai-r0.1,paloma_c4,0.9856954969597913
135m-g071-ai-r0.1,paloma_c4_100_domains,0.9644970995329135
135m-g071-ai-r0.1,paloma_dolma,1.2370134042510517
135m-g071-ai-r0.1,paloma_falcon_refinedweb,1.0843757849239992
135m-g071-ai-r0.1,paloma_gab,1.8649870096728327
135m-g071-ai-r0.1,paloma_m2d2_s2orc,1.1625114764826883
135m-g071-ai-r0.1,paloma_m2d2_wikipedia,1.0818267971380175
135m-g071-ai-r0.1,paloma_manosphere,1.3900114493555982
135m-g071-ai-r0.1,paloma_mc4_en,1.0691428417984747
135m-g071-ai-r0.1,paloma_programming,1.9363498199525737
135m-g071-ai-r0.1,paloma_ptb,1.2184915542473376
135m-g071-ai-r0.1,paloma_reddit_100,1.2291627889949468
135m-g071-ai-r0.1,paloma_redpajama,1.4051020336526308
135m-g071-ai-r0.1,paloma_twitteraae,2.4647301046231043
135m-g071-ai-r0.1,paloma_wikitext_103,1.0562368085528457
135m-g071-ai-r0.25,c4,0.9678644662474618
135m-g071-ai-r0.25,cosmopedia,0.6053235181569419
135m-g071-ai-r0.25,fw22,0.9495673810736661
135m-g071-ai-r0.25,fw26,0.8194197129187077
135m-g071-ai-r0.25,fw26_ai,0.5938227329150974
135m-g071-ai-r0.25,fw26_human,0.8804836737588445
135m-g071-ai-r0.25,paloma,1.3603999252772925
135m-g071-ai-r0.25,paloma_4chan,1.449314262576701
135m-g071-ai-r0.25,paloma_c4,0.9885594055705034
135m-g071-ai-r0.25,paloma_c4_100_domains,0.9684170050467704
135m-g071-ai-r0.25,paloma_dolma,1.2492635833103516
135m-g071-ai-r0.25,paloma_falcon_refinedweb,1.0879102504956912
135m-g071-ai-r0.25,paloma_gab,1.8693891181817748
135m-g071-ai-r0.25,paloma_m2d2_s2orc,1.1714481051503198
135m-g071-ai-r0.25,paloma_m2d2_wikipedia,1.0814610983016235
135m-g071-ai-r0.25,paloma_manosphere,1.3956002325730708
135m-g071-ai-r0.25,paloma_mc4_en,1.079226760081751
135m-g071-ai-r0.25,paloma_programming,1.986274183125073
135m-g071-ai-r0.25,paloma_ptb,1.2325071275849944
135m-g071-ai-r0.25,paloma_reddit_100,1.2315885462642369
135m-g071-ai-r0.25,paloma_redpajama,1.4353906883059682
135m-g071-ai-r0.25,paloma_twitteraae,2.4725016278956105
135m-g071-ai-r0.25,paloma_wikitext_103,1.0675468099722405
135m-g071-ai-r0.5,c4,0.9715239719356054
135m-g071-ai-r0.5,cosmopedia,0.6013337534815155
135m-g071-ai-r0.5,fw22,0.9530347948975271
135m-g071-ai-r0.5,fw26,0.8184060300849532
135m-g071-ai-r0.5,fw26_ai,0.5762638644810086
135m-g071-ai-r0.5,fw26_human,0.8839071182071079
135m-g071-ai-r0.5,paloma,1.3580590039502691
135m-g071-ai-r0.5,paloma_4chan,1.4273896169062277
135m-g071-ai-r0.5,paloma_c4,0.9911826281957262
135m-g071-ai-r0.5,paloma_c4_100_domains,0.9726216364197137
135m-g071-ai-r0.5,paloma_dolma,1.2498709374674493
135m-g071-ai-r0.5,paloma_falcon_refinedweb,1.089762435225842
135m-g071-ai-r0.5,paloma_gab,1.8808254541108296
135m-g071-ai-r0.5,paloma_m2d2_s2orc,1.1617945298086678
135m-g071-ai-r0.5,paloma_m2d2_wikipedia,1.0788834109896033
135m-g071-ai-r0.5,paloma_manosphere,1.4041142163520055
135m-g071-ai-r0.5,paloma_mc4_en,1.076157609229798
135m-g071-ai-r0.5,paloma_programming,1.9633466134162063
135m-g071-ai-r0.5,paloma_ptb,1.2239867369833506
135m-g071-ai-r0.5,paloma_reddit_100,1.2374884592234172
135m-g071-ai-r0.5,paloma_redpajama,1.427737341247571
135m-g071-ai-r0.5,paloma_twitteraae,2.482713502333535
135m-g071-ai-r0.5,paloma_wikitext_103,1.0610689352943647
135m-g071-ai-r1,c4,0.9781002906761849
135m-g071-ai-r1,cosmopedia,0.5901096909342383
135m-g071-ai-r1,fw22,0.959831407385219
135m-g071-ai-r1,fw26,0.8204802618545408
135m-g071-ai-r1,fw26_ai,0.5606337882074526
135m-g071-ai-r1,fw26_human,0.8907870549127513
135m-g071-ai-r1,paloma,1.3857730461699527
135m-g071-ai-r1,paloma_4chan,1.524007011003113
135m-g071-ai-r1,paloma_c4,0.9984960523145429
135m-g071-ai-r1,paloma_c4_100_domains,0.9814591898738765
135m-g071-ai-r1,paloma_dolma,1.266218496346575
135m-g071-ai-r1,paloma_falcon_refinedweb,1.0989225176614168
135m-g071-ai-r1,paloma_gab,1.91772537416782
135m-g071-ai-r1,paloma_m2d2_s2orc,1.1788526533750114
135m-g071-ai-r1,paloma_m2d2_wikipedia,1.0975235663598186
135m-g071-ai-r1,paloma_manosphere,1.4276240497988786
135m-g071-ai-r1,paloma_mc4_en,1.0903771180643214
135m-g071-ai-r1,paloma_programming,2.055870461919095
135m-g071-ai-r1,paloma_ptb,1.2462934354246635
135m-g071-ai-r1,paloma_reddit_100,1.2532348568613876
135m-g071-ai-r1,paloma_redpajama,1.4450252207472232
135m-g071-ai-r1,paloma_twitteraae,2.5161064543282343
135m-g071-ai-r1,paloma_wikitext_103,1.0746322804732642
135m-g071-human-r0.25,c4,0.9614758101795402
135m-g071-human-r0.25,cosmopedia,0.6702270820409597
135m-g071-human-r0.25,fw22,0.9432337235885343
135m-g071-human-r0.25,fw26,0.8302790205508608
135m-g071-human-r0.25,fw26_ai,0.6663680672902106
135m-g071-human-r0.25,fw26_human,0.8748236289474334
135m-g071-human-r0.25,paloma,1.3578158464159986
135m-g071-human-r0.25,paloma_4chan,1.503072684377362
135m-g071-human-r0.25,paloma_c4,0.9816528603431265
135m-g071-human-r0.25,paloma_c4_100_domains,0.959502680753901
135m-g071-human-r0.25,paloma_dolma,1.2444481030026033
135m-g071-human-r0.25,paloma_falcon_refinedweb,1.0821677934207015
135m-g071-human-r0.25,paloma_gab,1.8549027663245254
135m-g071-human-r0.25,paloma_m2d2_s2orc,1.1600787576520661
135m-g071-human-r0.25,paloma_m2d2_wikipedia,1.0785402030117202
135m-g071-human-r0.25,paloma_manosphere,1.388217084248014
135m-g071-human-r0.25,paloma_mc4_en,1.070140624580497
135m-g071-human-r0.25,paloma_programming,2.075473950276476
135m-g071-human-r0.25,paloma_ptb,1.2104889140438484
135m-g071-human-r0.25,paloma_reddit_100,1.2215530775376782
135m-g071-human-r0.25,paloma_redpajama,1.4002824340593594
135m-g071-human-r0.25,paloma_twitteraae,2.4445035942315396
135m-g071-human-r0.25,paloma_wikitext_103,1.0500280147925618
268m-g072-control,c4,0.9968026304250923
268m-g072-control,cosmopedia,0.7003081945943488
268m-g072-control,fw22,0.9814328881501583
268m-g072-control,fw26,0.869940880264402
268m-g072-control,fw26_ai,0.7071606234167854
268m-g072-control,fw26_human,0.9141947827349046
268m-g072-control,paloma,1.3592414132517017
268m-g072-control,paloma_4chan,1.3575904991642895
268m-g072-control,paloma_c4,1.0152955708290075
268m-g072-control,paloma_c4_100_domains,0.9978771357331604
268m-g072-control,paloma_dolma,1.2548381781752036
268m-g072-control,paloma_falcon_refinedweb,1.1094700692591648
268m-g072-control,paloma_gab,1.8890876098353981
268m-g072-control,paloma_m2d2_s2orc,1.171120480941499
268m-g072-control,paloma_m2d2_wikipedia,1.0745784721963711
268m-g072-control,paloma_manosphere,1.370283872932837
268m-g072-control,paloma_mc4_en,1.1014307861427302
268m-g072-control,paloma_programming,1.937411097083843
268m-g072-control,paloma_ptb,1.2330116131753768
268m-g072-control,paloma_reddit_100,1.2430684718696599
268m-g072-control,paloma_redpajama,1.419710989337022
268m-g072-control,paloma_twitteraae,2.495967946074002
268m-g072-control,paloma_wikitext_103,1.0771198192776608
268m-g072-ai-r0.0025,c4,0.996941154573477
268m-g072-ai-r0.0025,cosmopedia,0.6990238027064991
268m-g072-ai-r0.0025,fw22,0.9812644017258741
268m-g072-ai-r0.0025,fw26,0.8687435115858568
268m-g072-ai-r0.0025,fw26_ai,0.7017101305436123
268m-g072-ai-r0.0025,fw26_human,0.9141373446157305
268m-g072-ai-r0.0025,paloma,1.3589423405162204
268m-g072-ai-r0.0025,paloma_4chan,1.3527741170740888
268m-g072-ai-r0.0025,paloma_c4,1.01492309069566
268m-g072-ai-r0.0025,paloma_c4_100_domains,0.997503427120017
268m-g072-ai-r0.0025,paloma_dolma,1.2552027379471367
268m-g072-ai-r0.0025,paloma_falcon_refinedweb,1.1082503069971739
268m-g072-ai-r0.0025,paloma_gab,1.8940504822595052
268m-g072-ai-r0.0025,paloma_m2d2_s2orc,1.1678535821249307
268m-g072-ai-r0.0025,paloma_m2d2_wikipedia,1.0717665315034572
268m-g072-ai-r0.0025,paloma_manosphere,1.3767626083453561
268m-g072-ai-r0.0025,paloma_mc4_en,1.1011730044178878
268m-g072-ai-r0.0025,paloma_programming,1.945005820849373
268m-g072-ai-r0.0025,paloma_ptb,1.2200606217163183
268m-g072-ai-r0.0025,paloma_reddit_100,1.2488015888466582
268m-g072-ai-r0.0025,paloma_redpajama,1.4157558086509
268m-g072-ai-r0.0025,paloma_twitteraae,2.498505212558939
268m-g072-ai-r0.0025,paloma_wikitext_103,1.0746885071521226
268m-g072-ai-r0.005,c4,0.9967826964756356
268m-g072-ai-r0.005,cosmopedia,0.6968168273122044
268m-g072-ai-r0.005,fw22,0.9811280810815549
268m-g072-ai-r0.005,fw26,0.8677983320431031
268m-g072-ai-r0.005,fw26_ai,0.697912040947802
268m-g072-ai-r0.005,fw26_human,0.9139473269276839
268m-g072-ai-r0.005,paloma,1.3646461145941402
268m-g072-ai-r0.005,paloma_4chan,1.3840183034142266
268m-g072-ai-r0.005,paloma_c4,1.0153702060688394
268m-g072-ai-r0.005,paloma_c4_100_domains,0.997722450179987
268m-g072-ai-r0.005,paloma_dolma,1.258743150602857
268m-g072-ai-r0.005,paloma_falcon_refinedweb,1.1100562048456142
268m-g072-ai-r0.005,paloma_gab,1.8945005815375329
268m-g072-ai-r0.005,paloma_m2d2_s2orc,1.1738173094799607
268m-g072-ai-r0.005,paloma_m2d2_wikipedia,1.0779445709309743
268m-g072-ai-r0.005,paloma_manosphere,1.386687424207882
268m-g072-ai-r0.005,paloma_mc4_en,1.1027018934912012
268m-g072-ai-r0.005,paloma_programming,1.9466496156842532
268m-g072-ai-r0.005,paloma_ptb,1.2361610112179182
268m-g072-ai-r0.005,paloma_reddit_100,1.2500400660998938
268m-g072-ai-r0.005,paloma_redpajama,1.4282401665909472
268m-g072-ai-r0.005,paloma_twitteraae,2.4937722935067184
268m-g072-ai-r0.005,paloma_wikitext_103,1.077912585647438
268m-g072-ai-r0.01,c4,0.996337682670274
268m-g072-ai-r0.01,cosmopedia,0.6894674566901793
268m-g072-ai-r0.01,fw22,0.9808104313824123
268m-g072-ai-r0.01,fw26,0.8661596808758376
268m-g072-ai-r0.01,fw26_ai,0.6916178780584468
268m-g072-ai-r0.01,fw26_human,0.9135678585019757
268m-g072-ai-r0.01,paloma,1.3600682768380312
268m-g072-ai-r0.01,paloma_4chan,1.367180387123252
268m-g072-ai-r0.01,paloma_c4,1.0144977226675749
268m-g072-ai-r0.01,paloma_c4_100_domains,0.9973037516640793
268m-g072-ai-r0.01,paloma_dolma,1.254051806779407
268m-g072-ai-r0.01,paloma_falcon_refinedweb,1.1084789293953383
268m-g072-ai-r0.01,paloma_gab,1.896057872047008
268m-g072-ai-r0.01,paloma_m2d2_s2orc,1.1691102496305439
268m-g072-ai-r0.01,paloma_m2d2_wikipedia,1.0735406050897223
268m-g072-ai-r0.01,paloma_manosphere,1.3775275897036163
268m-g072-ai-r0.01,paloma_mc4_en,1.1012581683410938
268m-g072-ai-r0.01,paloma_programming,1.9369905655271236
268m-g072-ai-r0.01,paloma_ptb,1.2300490783547564
268m-g072-ai-r0.01,paloma_reddit_100,1.2488354453669122
268m-g072-ai-r0.01,paloma_redpajama,1.4182238153234032
268m-g072-ai-r0.01,paloma_twitteraae,2.4931336212175186
268m-g072-ai-r0.01,paloma_wikitext_103,1.0748528211771504
268m-g072-ai-r0.025,c4,0.9959147471854323
268m-g072-ai-r0.025,cosmopedia,0.6829920008613191
268m-g072-ai-r0.025,fw22,0.9801493762126408
268m-g072-ai-r0.025,fw26,0.8629888562409846
268m-g072-ai-r0.025,fw26_ai,0.6794325663267498
268m-g072-ai-r0.025,fw26_human,0.9127736376338897
268m-g072-ai-r0.025,paloma,1.366361676554485
268m-g072-ai-r0.025,paloma_4chan,1.4232413251069478
268m-g072-ai-r0.025,paloma_c4,1.013727468261165
268m-g072-ai-r0.025,paloma_c4_100_domains,0.9967860044110401
268m-g072-ai-r0.025,paloma_dolma,1.254873614423024
268m-g072-ai-r0.025,paloma_falcon_refinedweb,1.109159676060616
268m-g072-ai-r0.025,paloma_gab,1.8985891900116056
268m-g072-ai-r0.025,paloma_m2d2_s2orc,1.168236638343892
268m-g072-ai-r0.025,paloma_m2d2_wikipedia,1.07159521607263
268m-g072-ai-r0.025,paloma_manosphere,1.389929348632507
268m-g072-ai-r0.025,paloma_mc4_en,1.0997261507130098
268m-g072-ai-r0.025,paloma_programming,1.962037693152029
268m-g072-ai-r0.025,paloma_ptb,1.2350994037011054
268m-g072-ai-r0.025,paloma_reddit_100,1.2486836735115516
268m-g072-ai-r0.025,paloma_redpajama,1.419139497619301
268m-g072-ai-r0.025,paloma_twitteraae,2.4962185917203077
268m-g072-ai-r0.025,paloma_wikitext_103,1.0747433331310308
268m-g072-ai-r0.05,c4,0.995218655260455
268m-g072-ai-r0.05,cosmopedia,0.6732194896623863
268m-g072-ai-r0.05,fw22,0.9793687950667533
268m-g072-ai-r0.05,fw26,0.8594515403435139
268m-g072-ai-r0.05,fw26_ai,0.6664916062493441
268m-g072-ai-r0.05,fw26_human,0.9117778620478905
268m-g072-ai-r0.05,paloma,1.3609011275413292
268m-g072-ai-r0.05,paloma_4chan,1.363959596999112
268m-g072-ai-r0.05,paloma_c4,1.013508397310099
268m-g072-ai-r0.05,paloma_c4_100_domains,0.9963743277582343
268m-g072-ai-r0.05,paloma_dolma,1.255211675736112
268m-g072-ai-r0.05,paloma_falcon_refinedweb,1.1072112180474711
268m-g072-ai-r0.05,paloma_gab,1.8936130270629707
268m-g072-ai-r0.05,paloma_m2d2_s2orc,1.168411858394537
268m-g072-ai-r0.05,paloma_m2d2_wikipedia,1.073225862558377
268m-g072-ai-r0.05,paloma_manosphere,1.3896698907462444
268m-g072-ai-r0.05,paloma_mc4_en,1.0988469831778853
268m-g072-ai-r0.05,paloma_programming,1.9399422883183544
268m-g072-ai-r0.05,paloma_ptb,1.2298681779529073
268m-g072-ai-r0.05,paloma_reddit_100,1.2483321646492342
268m-g072-ai-r0.05,paloma_redpajama,1.4205752231460698
268m-g072-ai-r0.05,paloma_twitteraae,2.5009093083231493
268m-g072-ai-r0.05,paloma_wikitext_103,1.0747580404805095
268m-g072-ai-r0.1,c4,0.9937130626330556
268m-g072-ai-r0.1,cosmopedia,0.6611769057185931
268m-g072-ai-r0.1,fw22,0.9779120728217382
268m-g072-ai-r0.1,fw26,0.8543955558228906
268m-g072-ai-r0.1,fw26_ai,0.6494010374606474
268m-g072-ai-r0.1,fw26_human,0.9099637852531116
268m-g072-ai-r0.1,paloma,1.3618762351125437
268m-g072-ai-r0.1,paloma_4chan,1.3849676263539081
268m-g072-ai-r0.1,paloma_c4,1.0119029750671042
268m-g072-ai-r0.1,paloma_c4_100_domains,0.9947848436252915
268m-g072-ai-r0.1,paloma_dolma,1.2546366732843837
268m-g072-ai-r0.1,paloma_falcon_refinedweb,1.1056984955107718
268m-g072-ai-r0.1,paloma_gab,1.9029861229269351
268m-g072-ai-r0.1,paloma_m2d2_s2orc,1.1667041510067548
268m-g072-ai-r0.1,paloma_m2d2_wikipedia,1.0697976171928976
268m-g072-ai-r0.1,paloma_manosphere,1.3861439757683285
268m-g072-ai-r0.1,paloma_mc4_en,1.0982413527167774
268m-g072-ai-r0.1,paloma_programming,1.9453023387129076
268m-g072-ai-r0.1,paloma_ptb,1.2233352107873663
268m-g072-ai-r0.1,paloma_reddit_100,1.252285311514494
268m-g072-ai-r0.1,paloma_redpajama,1.4192541854501577
268m-g072-ai-r0.1,paloma_twitteraae,2.504570119479559
268m-g072-ai-r0.1,paloma_wikitext_103,1.0694087624030626
268m-g072-ai-r0.25,c4,0.990755279448062
268m-g072-ai-r0.25,cosmopedia,0.631477910312347
268m-g072-ai-r0.25,fw22,0.9745259592249663
268m-g072-ai-r0.25,fw26,0.8454934396514866
268m-g072-ai-r0.25,fw26_ai,0.6202978487466735
268m-g072-ai-r0.25,fw26_human,0.9065259677791977
268m-g072-ai-r0.25,paloma,1.3625953270606055
268m-g072-ai-r0.25,paloma_4chan,1.3738622905648787
268m-g072-ai-r0.25,paloma_c4,1.0092553600467014
268m-g072-ai-r0.25,paloma_c4_100_domains,0.9927339039695267
268m-g072-ai-r0.25,paloma_dolma,1.2547197208926306
268m-g072-ai-r0.25,paloma_falcon_refinedweb,1.106217031317513
268m-g072-ai-r0.25,paloma_gab,1.898780173507444
268m-g072-ai-r0.25,paloma_m2d2_s2orc,1.1669004875982862
268m-g072-ai-r0.25,paloma_m2d2_wikipedia,1.0706315932277672
268m-g072-ai-r0.25,paloma_manosphere,1.395683626375214
268m-g072-ai-r0.25,paloma_mc4_en,1.0970793052219465
268m-g072-ai-r0.25,paloma_programming,1.9729496223286411
268m-g072-ai-r0.25,paloma_ptb,1.2238348471812837
268m-g072-ai-r0.25,paloma_reddit_100,1.244691206471896
268m-g072-ai-r0.25,paloma_redpajama,1.419913326288452
268m-g072-ai-r0.25,paloma_twitteraae,2.508534370717771
268m-g072-ai-r0.25,paloma_wikitext_103,1.0657383672597345
268m-g072-ai-r0.5,c4,0.9885627123069689
268m-g072-ai-r0.5,cosmopedia,0.6115344479799533
268m-g072-ai-r0.5,fw22,0.9717869438203207
268m-g072-ai-r0.5,fw26,0.8379493190177894
268m-g072-ai-r0.5,fw26_ai,0.5955460720192098
268m-g072-ai-r0.5,fw26_human,0.9036255623018077
268m-g072-ai-r0.5,paloma,1.3649631268034912
268m-g072-ai-r0.5,paloma_4chan,1.4035591591614116
268m-g072-ai-r0.5,paloma_c4,1.0071214030502114
268m-g072-ai-r0.5,paloma_c4_100_domains,0.9912678555276455
268m-g072-ai-r0.5,paloma_dolma,1.2579436180434793
268m-g072-ai-r0.5,paloma_falcon_refinedweb,1.1046031489417327
268m-g072-ai-r0.5,paloma_gab,1.9059042365330485
268m-g072-ai-r0.5,paloma_m2d2_s2orc,1.1707116209106447
268m-g072-ai-r0.5,paloma_m2d2_wikipedia,1.0714961546846964
268m-g072-ai-r0.5,paloma_manosphere,1.3864750134918362
268m-g072-ai-r0.5,paloma_mc4_en,1.0930986567613759
268m-g072-ai-r0.5,paloma_programming,1.9630420894535854
268m-g072-ai-r0.5,paloma_ptb,1.2283323500341143
268m-g072-ai-r0.5,paloma_reddit_100,1.245472169812734
268m-g072-ai-r0.5,paloma_redpajama,1.426949032475335
268m-g072-ai-r0.5,paloma_twitteraae,2.518274590494799
268m-g072-ai-r0.5,paloma_wikitext_103,1.0651589294792057
268m-g072-ai-r1,c4,0.9860635749110964
268m-g072-ai-r1,cosmopedia,0.5944071478656088
268m-g072-ai-r1,fw22,0.9689140145475313
268m-g072-ai-r1,fw26,0.830378240337137
268m-g072-ai-r1,fw26_ai,0.5701626711794413
268m-g072-ai-r1,fw26_human,0.9008151051573673
268m-g072-ai-r1,paloma,1.3754580033381527
268m-g072-ai-r1,paloma_4chan,1.4322170714198006
268m-g072-ai-r1,paloma_c4,1.0054913313911897
268m-g072-ai-r1,paloma_c4_100_domains,0.990156310877911
268m-g072-ai-r1,paloma_dolma,1.2646733767650382
268m-g072-ai-r1,paloma_falcon_refinedweb,1.1028317322012082
268m-g072-ai-r1,paloma_gab,1.9155471926797267
268m-g072-ai-r1,paloma_m2d2_s2orc,1.174730143903432
268m-g072-ai-r1,paloma_m2d2_wikipedia,1.0776552140885276
268m-g072-ai-r1,paloma_manosphere,1.4196766508392322
268m-g072-ai-r1,paloma_mc4_en,1.0961634364002057
268m-g072-ai-r1,paloma_programming,2.024909257383001
268m-g072-ai-r1,paloma_ptb,1.2292540920645136
268m-g072-ai-r1,paloma_reddit_100,1.252699883411293
268m-g072-ai-r1,paloma_redpajama,1.4316917090874028
268m-g072-ai-r1,paloma_twitteraae,2.5238251493810324
268m-g072-ai-r1,paloma_wikitext_103,1.0658055015169299
268m-g072-human-r0.0025,c4,0.9969763351232647
268m-g072-human-r0.0025,cosmopedia,0.7035267450356699
268m-g072-human-r0.0025,fw22,0.9813711959408216
268m-g072-human-r0.0025,fw26,0.8697738049353454
268m-g072-human-r0.0025,fw26_ai,0.7068531839626969
268m-g072-human-r0.0025,fw26_human,0.9141097105733025
268m-g072-human-r0.0025,paloma,1.3625368169625665
268m-g072-human-r0.0025,paloma_4chan,1.384058074916328
268m-g072-human-r0.0025,paloma_c4,1.0152665906039542
268m-g072-human-r0.0025,paloma_c4_100_domains,0.9976118999052149
268m-g072-human-r0.0025,paloma_dolma,1.255545630956097
268m-g072-human-r0.0025,paloma_falcon_refinedweb,1.1091827246605113
268m-g072-human-r0.0025,paloma_gab,1.898429647198025
268m-g072-human-r0.0025,paloma_m2d2_s2orc,1.171472842091277
268m-g072-human-r0.0025,paloma_m2d2_wikipedia,1.0752463275375972
268m-g072-human-r0.0025,paloma_manosphere,1.3867368338008195
268m-g072-human-r0.0025,paloma_mc4_en,1.1013355469014758
268m-g072-human-r0.0025,paloma_programming,1.9412446500620644
268m-g072-human-r0.0025,paloma_ptb,1.229411451309105
268m-g072-human-r0.0025,paloma_reddit_100,1.2501525078151254
268m-g072-human-r0.0025,paloma_redpajama,1.4170257671007467
268m-g072-human-r0.0025,paloma_twitteraae,2.4930122585827146
268m-g072-human-r0.0025,paloma_wikitext_103,1.0748563179600052
268m-g072-human-r0.005,c4,0.9966365642076422
268m-g072-human-r0.005,cosmopedia,0.7049651266675829
268m-g072-human-r0.005,fw22,0.9810856713486024
268m-g072-human-r0.005,fw26,0.8696575090824342
268m-g072-human-r0.005,fw26_ai,0.7069891036499698
268m-g072-human-r0.005,fw26_human,0.9139237471153691
268m-g072-human-r0.005,paloma,1.363031226843646
268m-g072-human-r0.005,paloma_4chan,1.3835337697537455
268m-g072-human-r0.005,paloma_c4,1.014715577616873
268m-g072-human-r0.005,paloma_c4_100_domains,0.9970263888824191
268m-g072-human-r0.005,paloma_dolma,1.2555366137193433
268m-g072-human-r0.005,paloma_falcon_refinedweb,1.107588519296528
268m-g072-human-r0.005,paloma_gab,1.9003844186790966
268m-g072-human-r0.005,paloma_m2d2_s2orc,1.1689790757522864
268m-g072-human-r0.005,paloma_m2d2_wikipedia,1.0736081865597524
268m-g072-human-r0.005,paloma_manosphere,1.3908145311065843
268m-g072-human-r0.005,paloma_mc4_en,1.099969051539134
268m-g072-human-r0.005,paloma_programming,1.9443389929707373
268m-g072-human-r0.005,paloma_ptb,1.2326953299745438
268m-g072-human-r0.005,paloma_reddit_100,1.2525653722775656
268m-g072-human-r0.005,paloma_redpajama,1.4195545188199923
268m-g072-human-r0.005,paloma_twitteraae,2.492049864255081
268m-g072-human-r0.005,paloma_wikitext_103,1.0751394182946532
268m-g072-human-r0.01,c4,0.9963784186779513
268m-g072-human-r0.01,cosmopedia,0.7045361483700523
268m-g072-human-r0.01,fw22,0.980821399912281
268m-g072-human-r0.01,fw26,0.8693334444579027
268m-g072-human-r0.01,fw26_ai,0.706460101829161
268m-g072-human-r0.01,fw26_human,0.9136248207211556
268m-g072-human-r0.01,paloma,1.3613536459170845
268m-g072-human-r0.01,paloma_4chan,1.3650460039369503
268m-g072-human-r0.01,paloma_c4,1.0144862388613514
268m-g072-human-r0.01,paloma_c4_100_domains,0.9969133765263924
268m-g072-human-r0.01,paloma_dolma,1.256771785124322
268m-g072-human-r0.01,paloma_falcon_refinedweb,1.1082469228919944
268m-g072-human-r0.01,paloma_gab,1.8998397390408814
268m-g072-human-r0.01,paloma_m2d2_s2orc,1.167220344381811
268m-g072-human-r0.01,paloma_m2d2_wikipedia,1.0734161038498624
268m-g072-human-r0.01,paloma_manosphere,1.389865302710338
268m-g072-human-r0.01,paloma_mc4_en,1.099816181873523
268m-g072-human-r0.01,paloma_programming,1.9435572322060435
268m-g072-human-r0.01,paloma_ptb,1.2287996067644265
268m-g072-human-r0.01,paloma_reddit_100,1.2513116272572007
268m-g072-human-r0.01,paloma_redpajama,1.419586105384626
268m-g072-human-r0.01,paloma_twitteraae,2.4916559303716888
268m-g072-human-r0.01,paloma_wikitext_103,1.0751258334919431
268m-g072-human-r0.025,c4,0.9954187858654954
268m-g072-human-r0.025,cosmopedia,0.7000099949554673
268m-g072-human-r0.025,fw22,0.9797216611809898
268m-g072-human-r0.025,fw26,0.8681582908935364
268m-g072-human-r0.025,fw26_ai,0.7045558985607777
268m-g072-human-r0.025,fw26_human,0.9126537100890159
268m-g072-human-r0.025,paloma,1.3581785844333503
268m-g072-human-r0.025,paloma_4chan,1.3704340016607333
268m-g072-human-r0.025,paloma_c4,1.014025145478437
268m-g072-human-r0.025,paloma_c4_100_domains,0.9962081611146144
268m-g072-human-r0.025,paloma_dolma,1.2545599979203355
268m-g072-human-r0.025,paloma_falcon_refinedweb,1.1081737832608567
268m-g072-human-r0.025,paloma_gab,1.8861292916801626
268m-g072-human-r0.025,paloma_m2d2_s2orc,1.1712689251822395
268m-g072-human-r0.025,paloma_m2d2_wikipedia,1.0756408697670279
268m-g072-human-r0.025,paloma_manosphere,1.3744570683639117
268m-g072-human-r0.025,paloma_mc4_en,1.1013521805113478
268m-g072-human-r0.025,paloma_programming,1.9274920855027966
268m-g072-human-r0.025,paloma_ptb,1.2316581375980724
268m-g072-human-r0.025,paloma_reddit_100,1.2418464299739405
268m-g072-human-r0.025,paloma_redpajama,1.4148991858454438
268m-g072-human-r0.025,paloma_twitteraae,2.4899969724377966
268m-g072-human-r0.025,paloma_wikitext_103,1.072715114635888
268m-g072-human-r0.05,c4,0.994109455618091
268m-g072-human-r0.05,cosmopedia,0.7002265605489725
268m-g072-human-r0.05,fw22,0.9783881741678172
268m-g072-human-r0.05,fw26,0.8668614749721881
268m-g072-human-r0.05,fw26_ai,0.7037439973014846
268m-g072-human-r0.05,fw26_human,0.9112026041851721
268m-g072-human-r0.05,paloma,1.3588892556619694
268m-g072-human-r0.05,paloma_4chan,1.3689099168485188
268m-g072-human-r0.05,paloma_c4,1.0124062990536704
268m-g072-human-r0.05,paloma_c4_100_domains,0.9945202084463423
268m-g072-human-r0.05,paloma_dolma,1.2524502785783616
268m-g072-human-r0.05,paloma_falcon_refinedweb,1.1053784656041366
268m-g072-human-r0.05,paloma_gab,1.8920891372929785
268m-g072-human-r0.05,paloma_m2d2_s2orc,1.1679979114880823
268m-g072-human-r0.05,paloma_m2d2_wikipedia,1.0710326054725272
268m-g072-human-r0.05,paloma_manosphere,1.3826515670770252
268m-g072-human-r0.05,paloma_mc4_en,1.097770393514445
268m-g072-human-r0.05,paloma_programming,1.9350251917343047
268m-g072-human-r0.05,paloma_ptb,1.231131097605527
268m-g072-human-r0.05,paloma_reddit_100,1.2486235044315976
268m-g072-human-r0.05,paloma_redpajama,1.4184230518155023
268m-g072-human-r0.05,paloma_twitteraae,2.4937501086253997
268m-g072-human-r0.05,paloma_wikitext_103,1.0700683530030914
268m-g072-human-r0.25,c4,0.9849054719648438
268m-g072-human-r0.25,cosmopedia,0.6906385821820419
268m-g072-human-r0.25,fw22,0.9686993646925964
268m-g072-human-r0.25,fw26,0.8571313977024653
268m-g072-human-r0.25,fw26_ai,0.6939744138028947
268m-g072-human-r0.25,fw26_human,0.9014864609859987
268m-g072-human-r0.25,paloma,1.3461810075499447
268m-g072-human-r0.25,paloma_4chan,1.3572547790183462
268m-g072-human-r0.25,paloma_c4,1.0030346312852547
268m-g072-human-r0.25,paloma_c4_100_domains,0.9842811218842669
268m-g072-human-r0.25,paloma_dolma,1.2404838707814103
268m-g072-human-r0.25,paloma_falcon_refinedweb,1.095640025583909
268m-g072-human-r0.25,paloma_gab,1.8791744159141384
268m-g072-human-r0.25,paloma_m2d2_s2orc,1.156789054519719
268m-g072-human-r0.25,paloma_m2d2_wikipedia,1.057942347358989
268m-g072-human-r0.25,paloma_manosphere,1.3653358464596665
268m-g072-human-r0.25,paloma_mc4_en,1.086673560594059
268m-g072-human-r0.25,paloma_programming,1.920672521997098
268m-g072-human-r0.25,paloma_ptb,1.2157730580581216
268m-g072-human-r0.25,paloma_reddit_100,1.2368319716077798
268m-g072-human-r0.25,paloma_redpajama,1.4034323773670276
268m-g072-human-r0.25,paloma_twitteraae,2.4777667388052107
268m-g072-human-r0.25,paloma_wikitext_103,1.0578097995641214
268m-g072-human-r1,c4,0.9634177779363178
268m-g072-human-r1,cosmopedia,0.6653529251906467
268m-g072-human-r1,fw22,0.9456251264539258
268m-g072-human-r1,fw26,0.8336625576553097
268m-g072-human-r1,fw26_ai,0.6700131932492063
268m-g072-human-r1,fw26_human,0.8781318289754395
268m-g072-human-r1,paloma,1.3255278296571098
268m-g072-human-r1,paloma_4chan,1.3190201141173232
268m-g072-human-r1,paloma_c4,0.9817984601711114
268m-g072-human-r1,paloma_c4_100_domains,0.9606463779848562
268m-g072-human-r1,paloma_dolma,1.2201094995640547
268m-g072-human-r1,paloma_falcon_refinedweb,1.0757945160639188
268m-g072-human-r1,paloma_gab,1.8424745405031873
268m-g072-human-r1,paloma_m2d2_s2orc,1.1421223878447073
268m-g072-human-r1,paloma_m2d2_wikipedia,1.040428161152315
268m-g072-human-r1,paloma_manosphere,1.3492812305813986
268m-g072-human-r1,paloma_mc4_en,1.0680943216656051
268m-g072-human-r1,paloma_programming,1.9311339303375457
268m-g072-human-r1,paloma_ptb,1.1954800307384288
268m-g072-human-r1,paloma_reddit_100,1.2129812294873046
268m-g072-human-r1,paloma_redpajama,1.3828354099966431
268m-g072-human-r1,paloma_twitteraae,2.454873155931421
268m-g072-human-r1,paloma_wikitext_103,1.0313719083739332
268m-g073-control,c4,0.9960074260514277
268m-g073-control,cosmopedia,0.7047626408352432
268m-g073-control,fw22,0.9803405836341975
268m-g073-control,fw26,0.8684719375836361
268m-g073-control,fw26_ai,0.705250358459319
268m-g073-control,fw26_human,0.9128582212081481
268m-g073-control,paloma,1.3699094397118983
268m-g073-control,paloma_4chan,1.3902154157286404
268m-g073-control,paloma_c4,1.015128561722878
268m-g073-control,paloma_c4_100_domains,0.9972250576493842
268m-g073-control,paloma_dolma,1.2627376508267936
268m-g073-control,paloma_falcon_refinedweb,1.1117784640402828
268m-g073-control,paloma_gab,1.8956924290810577
268m-g073-control,paloma_m2d2_s2orc,1.1766670320910149
268m-g073-control,paloma_m2d2_wikipedia,1.0850272464546027
268m-g073-control,paloma_manosphere,1.4009180189738784
268m-g073-control,paloma_mc4_en,1.1046227996218505
268m-g073-control,paloma_programming,1.98170592089866
268m-g073-control,paloma_ptb,1.2365670186498563
268m-g073-control,paloma_reddit_100,1.2463323407213915
268m-g073-control,paloma_redpajama,1.433423598905277
268m-g073-control,paloma_twitteraae,2.4960932060908325
268m-g073-control,paloma_wikitext_103,1.0844162739339733
268m-g073-ai-r0.025,c4,0.9947750460478751
268m-g073-ai-r0.025,cosmopedia,0.678068810708445
268m-g073-ai-r0.025,fw22,0.979216449558277
268m-g073-ai-r0.025,fw26,0.8615859475166321
268m-g073-ai-r0.025,fw26_ai,0.6775529948421782
268m-g073-ai-r0.025,fw26_human,0.9115047554051179
268m-g073-ai-r0.025,paloma,1.371953107840952
268m-g073-ai-r0.025,paloma_4chan,1.3879571344061266
268m-g073-ai-r0.025,paloma_c4,1.0137927915752194
268m-g073-ai-r0.025,paloma_c4_100_domains,0.996349090509949
268m-g073-ai-r0.025,paloma_dolma,1.2663532186077042
268m-g073-ai-r0.025,paloma_falcon_refinedweb,1.112189778370759
268m-g073-ai-r0.025,paloma_gab,1.8975963879434867
268m-g073-ai-r0.025,paloma_m2d2_s2orc,1.1770273856781113
268m-g073-ai-r0.025,paloma_m2d2_wikipedia,1.0830622430663952
268m-g073-ai-r0.025,paloma_manosphere,1.4050595774274122
268m-g073-ai-r0.025,paloma_mc4_en,1.1044719783075057
268m-g073-ai-r0.025,paloma_programming,2.001835297912829
268m-g073-ai-r0.025,paloma_ptb,1.2398923692222723
268m-g073-ai-r0.025,paloma_reddit_100,1.247716660781414
268m-g073-ai-r0.025,paloma_redpajama,1.4386537750846424
268m-g073-ai-r0.025,paloma_twitteraae,2.4985779914089923
268m-g073-ai-r0.025,paloma_wikitext_103,1.0807140451524118
268m-g073-ai-r0.05,c4,0.9938936373940613
268m-g073-ai-r0.05,cosmopedia,0.670462350690991
268m-g073-ai-r0.05,fw22,0.9781946183885069
268m-g073-ai-r0.05,fw26,0.8579306820644623
268m-g073-ai-r0.05,fw26_ai,0.6643486839494007
268m-g073-ai-r0.05,fw26_human,0.9104007015000848
268m-g073-ai-r0.05,paloma,1.36972168938981
268m-g073-ai-r0.05,paloma_4chan,1.3876152445359207
268m-g073-ai-r0.05,paloma_c4,1.0131312699389214
268m-g073-ai-r0.05,paloma_c4_100_domains,0.9955992452058576
268m-g073-ai-r0.05,paloma_dolma,1.261889279955512
268m-g073-ai-r0.05,paloma_falcon_refinedweb,1.1110855404216164
268m-g073-ai-r0.05,paloma_gab,1.89854033313705
268m-g073-ai-r0.05,paloma_m2d2_s2orc,1.1755574473102859
268m-g073-ai-r0.05,paloma_m2d2_wikipedia,1.0838181181790112
268m-g073-ai-r0.05,paloma_manosphere,1.4041972563460194
268m-g073-ai-r0.05,paloma_mc4_en,1.1029385974788792
268m-g073-ai-r0.05,paloma_programming,1.9800912438818492
268m-g073-ai-r0.05,paloma_ptb,1.2424278928239405
268m-g073-ai-r0.05,paloma_reddit_100,1.2478929199309434
268m-g073-ai-r0.05,paloma_redpajama,1.4304853149535595
268m-g073-ai-r0.05,paloma_twitteraae,2.4997380307215433
268m-g073-ai-r0.05,paloma_wikitext_103,1.0805392954160515
268m-g073-human-r0.025,c4,0.9943133231441832
268m-g073-human-r0.025,cosmopedia,0.7006711127864045
268m-g073-human-r0.025,fw22,0.9786460224044033
268m-g073-human-r0.025,fw26,0.867134707511582
268m-g073-human-r0.025,fw26_ai,0.7037274261577063
268m-g073-human-r0.025,fw26_human,0.9115131770687387
268m-g073-human-r0.025,paloma,1.3691472631971706
268m-g073-human-r0.025,paloma_4chan,1.3955030641577018
268m-g073-human-r0.025,paloma_c4,1.0137964475687993
268m-g073-human-r0.025,paloma_c4_100_domains,0.9954150140631732
268m-g073-human-r0.025,paloma_dolma,1.2625375852570961
268m-g073-human-r0.025,paloma_falcon_refinedweb,1.1098980950963326
268m-g073-human-r0.025,paloma_gab,1.8929204679682823
268m-g073-human-r0.025,paloma_m2d2_s2orc,1.1779434180473671
268m-g073-human-r0.025,paloma_m2d2_wikipedia,1.0818304307808146
268m-g073-human-r0.025,paloma_manosphere,1.3913212837207949
268m-g073-human-r0.025,paloma_mc4_en,1.103588184619454
268m-g073-human-r0.025,paloma_programming,1.9927997723928572
268m-g073-human-r0.025,paloma_ptb,1.2345229695678228
268m-g073-human-r0.025,paloma_reddit_100,1.245260629579347
268m-g073-human-r0.025,paloma_redpajama,1.4331575208969054
268m-g073-human-r0.025,paloma_twitteraae,2.493828478579113
268m-g073-human-r0.025,paloma_wikitext_103,1.0820328488588657
268m-g073-human-r0.05,c4,0.9933040690031388
268m-g073-human-r0.05,cosmopedia,0.702570764030268
268m-g073-human-r0.05,fw22,0.977587020786135
268m-g073-human-r0.05,fw26,0.8659044208835218
268m-g073-human-r0.05,fw26_ai,0.7028119495142859
268m-g073-human-r0.05,fw26_human,0.9102059524257384
268m-g073-human-r0.05,paloma,1.3671054735541048
268m-g073-human-r0.05,paloma_4chan,1.4051474170488396
268m-g073-human-r0.05,paloma_c4,1.0126004783035174
268m-g073-human-r0.05,paloma_c4_100_domains,0.9945862121038026
268m-g073-human-r0.05,paloma_dolma,1.260443026040022
268m-g073-human-r0.05,paloma_falcon_refinedweb,1.110432199664461
268m-g073-human-r0.05,paloma_gab,1.887783899440058
268m-g073-human-r0.05,paloma_m2d2_s2orc,1.1768649087093248
268m-g073-human-r0.05,paloma_m2d2_wikipedia,1.0828066131347178
268m-g073-human-r0.05,paloma_manosphere,1.3912286500515143
268m-g073-human-r0.05,paloma_mc4_en,1.1020219837548981
268m-g073-human-r0.05,paloma_programming,1.9757822652432313
268m-g073-human-r0.05,paloma_ptb,1.2299030526972519
268m-g073-human-r0.05,paloma_reddit_100,1.2456828006034606
268m-g073-human-r0.05,paloma_redpajama,1.430371498773143
268m-g073-human-r0.05,paloma_twitteraae,2.4905430367711734
268m-g073-human-r0.05,paloma_wikitext_103,1.0774895345262605
268m-g074-control,c4,0.9967575311810077
268m-g074-control,cosmopedia,0.709291274621692
268m-g074-control,fw22,0.9811872638113611
268m-g074-control,fw26,0.8697521420221731
268m-g074-control,fw26_ai,0.7071471414701589
268m-g074-control,fw26_human,0.9139571362390663
268m-g074-control,paloma,1.373572293871122
268m-g074-control,paloma_4chan,1.4427335117440512
268m-g074-control,paloma_c4,1.0157118592893288
268m-g074-control,paloma_c4_100_domains,0.9980451209866702
268m-g074-control,paloma_dolma,1.2662467951366867
268m-g074-control,paloma_falcon_refinedweb,1.111280380822934
268m-g074-control,paloma_gab,1.8965736231813686
268m-g074-control,paloma_m2d2_s2orc,1.1811294195332482
268m-g074-control,paloma_m2d2_wikipedia,1.0881855139555892
268m-g074-control,paloma_manosphere,1.4004946902758013
268m-g074-control,paloma_mc4_en,1.1041581884552802
268m-g074-control,paloma_programming,1.9760022678257503
268m-g074-control,paloma_ptb,1.2302448928550358
268m-g074-control,paloma_reddit_100,1.2525312388054943
268m-g074-control,paloma_redpajama,1.4346140894688426
268m-g074-control,paloma_twitteraae,2.494740526420671
268m-g074-control,paloma_wikitext_103,1.0844645831811974
268m-g074-ai-r0.025,c4,0.9956546485283971
268m-g074-ai-r0.025,cosmopedia,0.6825560496564326
268m-g074-ai-r0.025,fw22,0.9799094635309157
268m-g074-ai-r0.025,fw26,0.8625647248640801
268m-g074-ai-r0.025,fw26_ai,0.6795051849031265
268m-g074-ai-r0.025,fw26_human,0.9121938454119471
268m-g074-ai-r0.025,paloma,1.3726532865335639
268m-g074-ai-r0.025,paloma_4chan,1.4105826995195139
268m-g074-ai-r0.025,paloma_c4,1.0150635944687838
268m-g074-ai-r0.025,paloma_c4_100_domains,0.9973381392965901
268m-g074-ai-r0.025,paloma_dolma,1.26509715149461
268m-g074-ai-r0.025,paloma_falcon_refinedweb,1.1116136579736207
268m-g074-ai-r0.025,paloma_gab,1.8939309666551858
268m-g074-ai-r0.025,paloma_m2d2_s2orc,1.180508964417855
268m-g074-ai-r0.025,paloma_m2d2_wikipedia,1.08812001181519
268m-g074-ai-r0.025,paloma_manosphere,1.3990176978406899
268m-g074-ai-r0.025,paloma_mc4_en,1.103775695962883
268m-g074-ai-r0.025,paloma_programming,2.0019174288571437
268m-g074-ai-r0.025,paloma_ptb,1.2341347801135936
268m-g074-ai-r0.025,paloma_reddit_100,1.2493302010410452
268m-g074-ai-r0.025,paloma_redpajama,1.4351779125713602
268m-g074-ai-r0.025,paloma_twitteraae,2.494783331254256
268m-g074-ai-r0.025,paloma_wikitext_103,1.0820603512546996
268m-g074-ai-r0.05,c4,0.9945655560816411
268m-g074-ai-r0.05,cosmopedia,0.6700376096725025
268m-g074-ai-r0.05,fw22,0.9787211833578521
268m-g074-ai-r0.05,fw26,0.858684960980661
268m-g074-ai-r0.05,fw26_ai,0.6655567595318231
268m-g074-ai-r0.05,fw26_human,0.911067674471372
268m-g074-ai-r0.05,paloma,1.3636664261593812
268m-g074-ai-r0.05,paloma_4chan,1.399426092875075
268m-g074-ai-r0.05,paloma_c4,1.0129380091857219
268m-g074-ai-r0.05,paloma_c4_100_domains,0.9955715868876632
268m-g074-ai-r0.05,paloma_dolma,1.2573147196343128
268m-g074-ai-r0.05,paloma_falcon_refinedweb,1.1072823150675137
268m-g074-ai-r0.05,paloma_gab,1.8926574626922827
268m-g074-ai-r0.05,paloma_m2d2_s2orc,1.172753297968613
268m-g074-ai-r0.05,paloma_m2d2_wikipedia,1.0769458208508436
268m-g074-ai-r0.05,paloma_manosphere,1.387597360272561
268m-g074-ai-r0.05,paloma_mc4_en,1.0986918864260367
268m-g074-ai-r0.05,paloma_programming,1.9441391596496336
268m-g074-ai-r0.05,paloma_ptb,1.226608559366295
268m-g074-ai-r0.05,paloma_reddit_100,1.2479323096252346
268m-g074-ai-r0.05,paloma_redpajama,1.4236423360606223
268m-g074-ai-r0.05,paloma_twitteraae,2.5004936205454884
268m-g074-ai-r0.05,paloma_wikitext_103,1.074668281442201
268m-g074-human-r0.025,c4,0.9951811026312479
268m-g074-human-r0.025,cosmopedia,0.7014061217006055
268m-g074-human-r0.025,fw22,0.979442825498103
268m-g074-human-r0.025,fw26,0.8678113140856748
268m-g074-human-r0.025,fw26_ai,0.7046999427268368
268m-g074-human-r0.025,fw26_human,0.9121330103171211
268m-g074-human-r0.025,paloma,1.3627667876522889
268m-g074-human-r0.025,paloma_4chan,1.3848474767166883
268m-g074-human-r0.025,paloma_c4,1.0135737192281438
268m-g074-human-r0.025,paloma_c4_100_domains,0.9958105506232668
268m-g074-human-r0.025,paloma_dolma,1.2559873342901442
268m-g074-human-r0.025,paloma_falcon_refinedweb,1.1085219978627172
268m-g074-human-r0.025,paloma_gab,1.89190420011694
268m-g074-human-r0.025,paloma_m2d2_s2orc,1.1725831709417527
268m-g074-human-r0.025,paloma_m2d2_wikipedia,1.0771315096262217
268m-g074-human-r0.025,paloma_manosphere,1.3856055801487783
268m-g074-human-r0.025,paloma_mc4_en,1.0999615112441248
268m-g074-human-r0.025,paloma_programming,1.9476743027412038
268m-g074-human-r0.025,paloma_ptb,1.2268625783206566
268m-g074-human-r0.025,paloma_reddit_100,1.2470661525977296
268m-g074-human-r0.025,paloma_redpajama,1.4254028525910765
268m-g074-human-r0.025,paloma_twitteraae,2.4960655647673704
268m-g074-human-r0.025,paloma_wikitext_103,1.0752701006198093
268m-g074-human-r0.05,c4,0.9939771808512053
268m-g074-human-r0.05,cosmopedia,0.7038262137045722
268m-g074-human-r0.05,fw22,0.9784327384726824
268m-g074-human-r0.05,fw26,0.8668752898615317
268m-g074-human-r0.05,fw26_ai,0.7040055546468924
268m-g074-human-r0.05,fw26_human,0.9111379693535387
268m-g074-human-r0.05,paloma,1.3641721139584475
268m-g074-human-r0.05,paloma_4chan,1.3996170135956074
268m-g074-human-r0.05,paloma_c4,1.0128352784805896
268m-g074-human-r0.05,paloma_c4_100_domains,0.9950835757102637
268m-g074-human-r0.05,paloma_dolma,1.2569812517984114
268m-g074-human-r0.05,paloma_falcon_refinedweb,1.1087325804993264
268m-g074-human-r0.05,paloma_gab,1.8925882021049723
268m-g074-human-r0.05,paloma_m2d2_s2orc,1.1763955887156932
268m-g074-human-r0.05,paloma_m2d2_wikipedia,1.0816664578419175
268m-g074-human-r0.05,paloma_manosphere,1.3823252010693539
268m-g074-human-r0.05,paloma_mc4_en,1.0996525441186566
268m-g074-human-r0.05,paloma_programming,1.9460572015936553
268m-g074-human-r0.05,paloma_ptb,1.2366438022927202
268m-g074-human-r0.05,paloma_reddit_100,1.2450586455289296
268m-g074-human-r0.05,paloma_redpajama,1.421586681922302
268m-g074-human-r0.05,paloma_twitteraae,2.4953339043140566
268m-g074-human-r0.05,paloma_wikitext_103,1.076195893748702
268m-g075-control,c4,0.9926241296603995
268m-g075-control,cosmopedia,0.7001474767605664
268m-g075-control,fw22,0.9770045036885422
268m-g075-control,fw26,0.8653755107679338
268m-g075-control,fw26_ai,0.7022879630255011
268m-g075-control,fw26_human,0.909683397564321
268m-g075-control,paloma,1.3580866727587508
268m-g075-control,paloma_4chan,1.3702643800504761
268m-g075-control,paloma_c4,1.011214051704636
268m-g075-control,paloma_c4_100_domains,0.9929594415910906
268m-g075-control,paloma_dolma,1.251374693257749
268m-g075-control,paloma_falcon_refinedweb,1.105746954025797
268m-g075-control,paloma_gab,1.8924252428115964
268m-g075-control,paloma_m2d2_s2orc,1.1689983087012537
268m-g075-control,paloma_m2d2_wikipedia,1.0723204316813462
268m-g075-control,paloma_manosphere,1.386431337550611
268m-g075-control,paloma_mc4_en,1.097000118701907
268m-g075-control,paloma_programming,1.9304343270751625
268m-g075-control,paloma_ptb,1.2310198903063616
268m-g075-control,paloma_reddit_100,1.2457389145621003
268m-g075-control,paloma_redpajama,1.4150469367101353
268m-g075-control,paloma_twitteraae,2.486648709312501
268m-g075-control,paloma_wikitext_103,1.0717630260972888
268m-g075-ai-r0.0025,c4,0.9925766764909638
268m-g075-ai-r0.0025,cosmopedia,0.6959408838730748
268m-g075-ai-r0.0025,fw22,0.976767698804058
268m-g075-ai-r0.0025,fw26,0.8640810792718067
268m-g075-ai-r0.0025,fw26_ai,0.6968904652945539
268m-g075-ai-r0.0025,fw26_human,0.9095226371531315
268m-g075-ai-r0.0025,paloma,1.3582335483764556
268m-g075-ai-r0.0025,paloma_4chan,1.368594733115608
268m-g075-ai-r0.0025,paloma_c4,1.0110604079152143
268m-g075-ai-r0.0025,paloma_c4_100_domains,0.993122177887883
268m-g075-ai-r0.0025,paloma_dolma,1.2548932969794622
268m-g075-ai-r0.0025,paloma_falcon_refinedweb,1.1048433461895952
268m-g075-ai-r0.0025,paloma_gab,1.891940881089874
268m-g075-ai-r0.0025,paloma_m2d2_s2orc,1.1672798749338247
268m-g075-ai-r0.0025,paloma_m2d2_wikipedia,1.0733176534827753
268m-g075-ai-r0.0025,paloma_manosphere,1.3868412006707673
268m-g075-ai-r0.0025,paloma_mc4_en,1.097083466352201
268m-g075-ai-r0.0025,paloma_programming,1.9378947893016656
268m-g075-ai-r0.0025,paloma_ptb,1.2234549464698494
268m-g075-ai-r0.0025,paloma_reddit_100,1.2473999944370668
268m-g075-ai-r0.0025,paloma_redpajama,1.4152716724884427
268m-g075-ai-r0.0025,paloma_twitteraae,2.486800566809454
268m-g075-ai-r0.0025,paloma_wikitext_103,1.0719377658996068
268m-g075-ai-r0.005,c4,0.9922996112921302
268m-g075-ai-r0.005,cosmopedia,0.6935861609251589
268m-g075-ai-r0.005,fw22,0.9764757097109077
268m-g075-ai-r0.005,fw26,0.8628457735137594
268m-g075-ai-r0.005,fw26_ai,0.692616416899225
268m-g075-ai-r0.005,fw26_human,0.9090847581602212
268m-g075-ai-r0.005,paloma,1.3614177664115936
268m-g075-ai-r0.005,paloma_4chan,1.405869588892464
268m-g075-ai-r0.005,paloma_c4,1.011370268029209
268m-g075-ai-r0.005,paloma_c4_100_domains,0.9929019139825833
268m-g075-ai-r0.005,paloma_dolma,1.2519690058361423
268m-g075-ai-r0.005,paloma_falcon_refinedweb,1.1063322649291794
268m-g075-ai-r0.005,paloma_gab,1.8904118158317893
268m-g075-ai-r0.005,paloma_m2d2_s2orc,1.171983011705457
268m-g075-ai-r0.005,paloma_m2d2_wikipedia,1.0745789239950627
268m-g075-ai-r0.005,paloma_manosphere,1.3971203747028316
268m-g075-ai-r0.005,paloma_mc4_en,1.099292834100171
268m-g075-ai-r0.005,paloma_programming,1.92560437503282
268m-g075-ai-r0.005,paloma_ptb,1.2282551716892127
268m-g075-ai-r0.005,paloma_reddit_100,1.2473424711489498
268m-g075-ai-r0.005,paloma_redpajama,1.4172133312721518
268m-g075-ai-r0.005,paloma_twitteraae,2.488182639428543
268m-g075-ai-r0.005,paloma_wikitext_103,1.0742562720089301
268m-g075-ai-r0.01,c4,0.9920550252864265
268m-g075-ai-r0.01,cosmopedia,0.6874066877510523
268m-g075-ai-r0.01,fw22,0.9762683125344862
268m-g075-ai-r0.01,fw26,0.8614968551548361
268m-g075-ai-r0.01,fw26_ai,0.6868022386407426
268m-g075-ai-r0.01,fw26_human,0.9089508225375752
268m-g075-ai-r0.01,paloma,1.3571607685663831
268m-g075-ai-r0.01,paloma_4chan,1.3786207363221998
268m-g075-ai-r0.01,paloma_c4,1.0106819754303338
268m-g075-ai-r0.01,paloma_c4_100_domains,0.9922702388228102
268m-g075-ai-r0.01,paloma_dolma,1.2508449822358407
268m-g075-ai-r0.01,paloma_falcon_refinedweb,1.1038802766822735
268m-g075-ai-r0.01,paloma_gab,1.892024554131891
268m-g075-ai-r0.01,paloma_m2d2_s2orc,1.164179636220062
268m-g075-ai-r0.01,paloma_m2d2_wikipedia,1.0686616997585447
268m-g075-ai-r0.01,paloma_manosphere,1.386660320211159
268m-g075-ai-r0.01,paloma_mc4_en,1.0950562217464053
268m-g075-ai-r0.01,paloma_programming,1.9297297554607464
268m-g075-ai-r0.01,paloma_ptb,1.224901487149079
268m-g075-ai-r0.01,paloma_reddit_100,1.2496046303386519
268m-g075-ai-r0.01,paloma_redpajama,1.4110446512789954
268m-g075-ai-r0.01,paloma_twitteraae,2.487267180633029
268m-g075-ai-r0.01,paloma_wikitext_103,1.069143950640107
268m-g075-ai-r0.025,c4,0.9917432922337334
268m-g075-ai-r0.025,cosmopedia,0.6762155408690976
268m-g075-ai-r0.025,fw22,0.9757767158589796
268m-g075-ai-r0.025,fw26,0.8585587649663808
268m-g075-ai-r0.025,fw26_ai,0.6752563348605414
268m-g075-ai-r0.025,fw26_human,0.9082893245307802
268m-g075-ai-r0.025,paloma,1.356682153805784
268m-g075-ai-r0.025,paloma_4chan,1.361201150784345
268m-g075-ai-r0.025,paloma_c4,1.0102590235067883
268m-g075-ai-r0.025,paloma_c4_100_domains,0.9921900608818996
268m-g075-ai-r0.025,paloma_dolma,1.2513470212043394
268m-g075-ai-r0.025,paloma_falcon_refinedweb,1.1056452153519578
268m-g075-ai-r0.025,paloma_gab,1.8846451500910866
268m-g075-ai-r0.025,paloma_m2d2_s2orc,1.1668694120127503
268m-g075-ai-r0.025,paloma_m2d2_wikipedia,1.0689893947025584
268m-g075-ai-r0.025,paloma_manosphere,1.3774790421509004
268m-g075-ai-r0.025,paloma_mc4_en,1.0975025215769734
268m-g075-ai-r0.025,paloma_programming,1.9543126768831691
268m-g075-ai-r0.025,paloma_ptb,1.226100887966607
268m-g075-ai-r0.025,paloma_reddit_100,1.2414928426616778
268m-g075-ai-r0.025,paloma_redpajama,1.4155484818055695
268m-g075-ai-r0.025,paloma_twitteraae,2.481922845862715
268m-g075-ai-r0.025,paloma_wikitext_103,1.0714087334492064
268m-g075-ai-r0.05,c4,0.9912337717028107
268m-g075-ai-r0.05,cosmopedia,0.6654545270371622
268m-g075-ai-r0.05,fw22,0.9751584594071916
268m-g075-ai-r0.05,fw26,0.8551591088147642
268m-g075-ai-r0.05,fw26_ai,0.6620947829649555
268m-g075-ai-r0.05,fw26_human,0.9075056528206962
268m-g075-ai-r0.05,paloma,1.3581792217335296
268m-g075-ai-r0.05,paloma_4chan,1.3769379211260928
268m-g075-ai-r0.05,paloma_c4,1.0099374072096197
268m-g075-ai-r0.05,paloma_c4_100_domains,0.9919849458273556
268m-g075-ai-r0.05,paloma_dolma,1.2521844859299573
268m-g075-ai-r0.05,paloma_falcon_refinedweb,1.1029416483803456
268m-g075-ai-r0.05,paloma_gab,1.8937281907048884
268m-g075-ai-r0.05,paloma_m2d2_s2orc,1.1678732813431132
268m-g075-ai-r0.05,paloma_m2d2_wikipedia,1.0710807198868924
268m-g075-ai-r0.05,paloma_manosphere,1.384852861926445
268m-g075-ai-r0.05,paloma_mc4_en,1.095697395527057
268m-g075-ai-r0.05,paloma_programming,1.9330302168706828
268m-g075-ai-r0.05,paloma_ptb,1.2264291390970878
268m-g075-ai-r0.05,paloma_reddit_100,1.2479053898567982
268m-g075-ai-r0.05,paloma_redpajama,1.4119029625862527
268m-g075-ai-r0.05,paloma_twitteraae,2.494947950195721
268m-g075-ai-r0.05,paloma_wikitext_103,1.0694330312681601
268m-g075-ai-r0.1,c4,0.9898987684728694
268m-g075-ai-r0.1,cosmopedia,0.6529856462522065
268m-g075-ai-r0.1,fw22,0.9737001099264505
268m-g075-ai-r0.1,fw26,0.8503194135949836
268m-g075-ai-r0.1,fw26_ai,0.6451764202096681
268m-g075-ai-r0.1,fw26_human,0.9059215844885492
268m-g075-ai-r0.1,paloma,1.3575069783129705
268m-g075-ai-r0.1,paloma_4chan,1.3698965058975547
268m-g075-ai-r0.1,paloma_c4,1.008533454720598
268m-g075-ai-r0.1,paloma_c4_100_domains,0.9910419932304902
268m-g075-ai-r0.1,paloma_dolma,1.250813662324298
268m-g075-ai-r0.1,paloma_falcon_refinedweb,1.1031159764954226
268m-g075-ai-r0.1,paloma_gab,1.8938661070509981
268m-g075-ai-r0.1,paloma_m2d2_s2orc,1.165328184250665
268m-g075-ai-r0.1,paloma_m2d2_wikipedia,1.0686903317431151
268m-g075-ai-r0.1,paloma_manosphere,1.3848455150471344
268m-g075-ai-r0.1,paloma_mc4_en,1.0941918578660093
268m-g075-ai-r0.1,paloma_programming,1.9464047739717767
268m-g075-ai-r0.1,paloma_ptb,1.2174164704752324
268m-g075-ai-r0.1,paloma_reddit_100,1.2472144334026751
268m-g075-ai-r0.1,paloma_redpajama,1.414973084200517
268m-g075-ai-r0.1,paloma_twitteraae,2.49425762960432
268m-g075-ai-r0.1,paloma_wikitext_103,1.0695216727267207
268m-g075-ai-r0.25,c4,0.9868936909665376
268m-g075-ai-r0.25,cosmopedia,0.6327627270049468
268m-g075-ai-r0.25,fw22,0.9703328427094007
268m-g075-ai-r0.25,fw26,0.8412550141548145
268m-g075-ai-r0.25,fw26_ai,0.6160694630143124
268m-g075-ai-r0.25,fw26_human,0.9022758235942895
268m-g075-ai-r0.25,paloma,1.3567904795214947
268m-g075-ai-r0.25,paloma_4chan,1.367326009945775
268m-g075-ai-r0.25,paloma_c4,1.0056968433680178
268m-g075-ai-r0.25,paloma_c4_100_domains,0.9886276091877216
268m-g075-ai-r0.25,paloma_dolma,1.2500242207698602
268m-g075-ai-r0.25,paloma_falcon_refinedweb,1.1001018501529873
268m-g075-ai-r0.25,paloma_gab,1.8961676103949852
268m-g075-ai-r0.25,paloma_m2d2_s2orc,1.1652626303920743
268m-g075-ai-r0.25,paloma_m2d2_wikipedia,1.0674623421875526
268m-g075-ai-r0.25,paloma_manosphere,1.3823583853480195
268m-g075-ai-r0.25,paloma_mc4_en,1.0920652364429255
268m-g075-ai-r0.25,paloma_programming,1.9415277692802575
268m-g075-ai-r0.25,paloma_ptb,1.2301042520610477
268m-g075-ai-r0.25,paloma_reddit_100,1.2456232673536218
268m-g075-ai-r0.25,paloma_redpajama,1.4111445468794777
268m-g075-ai-r0.25,paloma_twitteraae,2.4995323238349094
268m-g075-ai-r0.25,paloma_wikitext_103,1.065622774744682
268m-g075-ai-r0.5,c4,0.9845736777277156
268m-g075-ai-r0.5,cosmopedia,0.6059756445437252
268m-g075-ai-r0.5,fw22,0.9675795206017709
268m-g075-ai-r0.5,fw26,0.8337514960584367
268m-g075-ai-r0.5,fw26_ai,0.5912589167299278
268m-g075-ai-r0.5,fw26_human,0.89939339833017
268m-g075-ai-r0.5,paloma,1.360484858473593
268m-g075-ai-r0.5,paloma_4chan,1.3816255793276462
268m-g075-ai-r0.5,paloma_c4,1.003699772386219
268m-g075-ai-r0.5,paloma_c4_100_domains,0.9871797017217867
268m-g075-ai-r0.5,paloma_dolma,1.2536067594641906
268m-g075-ai-r0.5,paloma_falcon_refinedweb,1.1002281872981097
268m-g075-ai-r0.5,paloma_gab,1.8958376119889842
268m-g075-ai-r0.5,paloma_m2d2_s2orc,1.167760230825504
268m-g075-ai-r0.5,paloma_m2d2_wikipedia,1.071074469923907
268m-g075-ai-r0.5,paloma_manosphere,1.3935491428213804
268m-g075-ai-r0.5,paloma_mc4_en,1.0904837959973592
268m-g075-ai-r0.5,paloma_programming,1.978990239671211
268m-g075-ai-r0.5,paloma_ptb,1.2237009868044457
268m-g075-ai-r0.5,paloma_reddit_100,1.2403431003422798
268m-g075-ai-r0.5,paloma_redpajama,1.4184159104476708
268m-g075-ai-r0.5,paloma_twitteraae,2.500843767510653
268m-g075-ai-r0.5,paloma_wikitext_103,1.0604184790461397
268m-g075-ai-r1,c4,0.9823893731916924
268m-g075-ai-r1,cosmopedia,0.5835650587395009
268m-g075-ai-r1,fw22,0.9650188831793994
268m-g075-ai-r1,fw26,0.8262213543303536
268m-g075-ai-r1,fw26_ai,0.5658480702138178
268m-g075-ai-r1,fw26_human,0.8967007643719777
268m-g075-ai-r1,paloma,1.366679569032789
268m-g075-ai-r1,paloma_4chan,1.399561234928714
268m-g075-ai-r1,paloma_c4,1.0018381546481019
268m-g075-ai-r1,paloma_c4_100_domains,0.9856528463073571
268m-g075-ai-r1,paloma_dolma,1.2584088309994064
268m-g075-ai-r1,paloma_falcon_refinedweb,1.0979846850767465
268m-g075-ai-r1,paloma_gab,1.9100549156072943
268m-g075-ai-r1,paloma_m2d2_s2orc,1.166186242207244
268m-g075-ai-r1,paloma_m2d2_wikipedia,1.069353372401223
268m-g075-ai-r1,paloma_manosphere,1.3852954067941416
268m-g075-ai-r1,paloma_mc4_en,1.0897980811847274
268m-g075-ai-r1,paloma_programming,2.0184031669539655
268m-g075-ai-r1,paloma_ptb,1.223534605798989
268m-g075-ai-r1,paloma_reddit_100,1.2446100126215978
268m-g075-ai-r1,paloma_redpajama,1.4289790198870609
268m-g075-ai-r1,paloma_twitteraae,2.523717646070941
268m-g075-ai-r1,paloma_wikitext_103,1.0634948830371143
268m-g075-ai-r2,c4,0.9822684453434737
268m-g075-ai-r2,cosmopedia,0.5692761439773759
268m-g075-ai-r2,fw22,0.9645132976473773
268m-g075-ai-r2,fw26,0.8210952602037184
268m-g075-ai-r2,fw26_ai,0.5429643605294181
268m-g075-ai-r2,fw26_human,0.8963649327168379
268m-g075-ai-r2,paloma,1.3775466832886543
268m-g075-ai-r2,paloma_4chan,1.4265680405647327
268m-g075-ai-r2,paloma_c4,1.0016036561641783
268m-g075-ai-r2,paloma_c4_100_domains,0.9869281825195179
268m-g075-ai-r2,paloma_dolma,1.2673620973957245
268m-g075-ai-r2,paloma_falcon_refinedweb,1.0990881275493443
268m-g075-ai-r2,paloma_gab,1.9284042922355653
268m-g075-ai-r2,paloma_m2d2_s2orc,1.1737952694649019
268m-g075-ai-r2,paloma_m2d2_wikipedia,1.0738859750623033
268m-g075-ai-r2,paloma_manosphere,1.4031049671205529
268m-g075-ai-r2,paloma_mc4_en,1.0933887905551973
268m-g075-ai-r2,paloma_programming,2.0566451338127125
268m-g075-ai-r2,paloma_ptb,1.240932846083559
268m-g075-ai-r2,paloma_reddit_100,1.2470142023639967
268m-g075-ai-r2,paloma_redpajama,1.4472836041607764
268m-g075-ai-r2,paloma_twitteraae,2.5318436173443746
268m-g075-ai-r2,paloma_wikitext_103,1.0628981302210287
268m-g075-ai-r4,c4,0.9839840462670563
268m-g075-ai-r4,cosmopedia,0.556583632720122
268m-g075-ai-r4,fw22,0.9659972833931014
268m-g075-ai-r4,fw26,0.8185905777888275
268m-g075-ai-r4,fw26_ai,0.5241243036849353
268m-g075-ai-r4,fw26_human,0.8982866402782796
268m-g075-ai-r4,paloma,1.3877144412271474
268m-g075-ai-r4,paloma_4chan,1.4494480773566178
268m-g075-ai-r4,paloma_c4,1.003547201430043
268m-g075-ai-r4,paloma_c4_100_domains,0.9896925873374236
268m-g075-ai-r4,paloma_dolma,1.2720478905675772
268m-g075-ai-r4,paloma_falcon_refinedweb,1.1030510249609593
268m-g075-ai-r4,paloma_gab,1.9562757341220516
268m-g075-ai-r4,paloma_m2d2_s2orc,1.1808203764283203
268m-g075-ai-r4,paloma_m2d2_wikipedia,1.0742576770664032
268m-g075-ai-r4,paloma_manosphere,1.4259375786911181
268m-g075-ai-r4,paloma_mc4_en,1.0991841329288234
268m-g075-ai-r4,paloma_programming,2.052651970052029
268m-g075-ai-r4,paloma_ptb,1.2439201343605533
268m-g075-ai-r4,paloma_reddit_100,1.2516501773553736
268m-g075-ai-r4,paloma_redpajama,1.4502576396689033
268m-g075-ai-r4,paloma_twitteraae,2.577530272127351
268m-g075-ai-r4,paloma_wikitext_103,1.07315858518081
268m-g075-human-r0.0025,c4,0.9926607256015092
268m-g075-human-r0.0025,cosmopedia,0.6998346469603658
268m-g075-human-r0.0025,fw22,0.9767407724655867
268m-g075-human-r0.0025,fw26,0.8652321400451574
268m-g075-human-r0.0025,fw26_ai,0.7022172506343864
268m-g075-human-r0.0025,fw26_human,0.9095437220354708
268m-g075-human-r0.0025,paloma,1.36148971471472
268m-g075-human-r0.0025,paloma_4chan,1.40321300676135
268m-g075-human-r0.0025,paloma_c4,1.0111357121537867
268m-g075-human-r0.0025,paloma_c4_100_domains,0.9929612717263032
268m-g075-human-r0.0025,paloma_dolma,1.2552865509674533
268m-g075-human-r0.0025,paloma_falcon_refinedweb,1.1046976126239083
268m-g075-human-r0.0025,paloma_gab,1.8969042124212665
268m-g075-human-r0.0025,paloma_m2d2_s2orc,1.1669131284190972
268m-g075-human-r0.0025,paloma_m2d2_wikipedia,1.0723186778756209
268m-g075-human-r0.0025,paloma_manosphere,1.3942321784751652
268m-g075-human-r0.0025,paloma_mc4_en,1.0964929185594252
268m-g075-human-r0.0025,paloma_programming,1.9377211594129105
268m-g075-human-r0.0025,paloma_ptb,1.2209765136986566
268m-g075-human-r0.0025,paloma_reddit_100,1.2511468365627538
268m-g075-human-r0.0025,paloma_redpajama,1.4201362613652055
268m-g075-human-r0.0025,paloma_twitteraae,2.491473597622954
268m-g075-human-r0.0025,paloma_wikitext_103,1.068225796789667
268m-g075-human-r0.005,c4,0.9923981686332302
268m-g075-human-r0.005,cosmopedia,0.7004158426013853
268m-g075-human-r0.005,fw22,0.9764556049795288
268m-g075-human-r0.005,fw26,0.8649332971774117
268m-g075-human-r0.005,fw26_ai,0.7019797624937804
268m-g075-human-r0.005,fw26_human,0.9092485938854356
268m-g075-human-r0.005,paloma,1.3559720383322689
268m-g075-human-r0.005,paloma_4chan,1.3662989977172302
268m-g075-human-r0.005,paloma_c4,1.0110503052276518
268m-g075-human-r0.005,paloma_c4_100_domains,0.9928394840202733
268m-g075-human-r0.005,paloma_dolma,1.2501372685793208
268m-g075-human-r0.005,paloma_falcon_refinedweb,1.1050159211109563
268m-g075-human-r0.005,paloma_gab,1.8896221067427692
268m-g075-human-r0.005,paloma_m2d2_s2orc,1.1684182518831052
268m-g075-human-r0.005,paloma_m2d2_wikipedia,1.0713191334281837
268m-g075-human-r0.005,paloma_manosphere,1.3820770847929402
268m-g075-human-r0.005,paloma_mc4_en,1.0968750099372937
268m-g075-human-r0.005,paloma_programming,1.925712217808317
268m-g075-human-r0.005,paloma_ptb,1.218663813493858
268m-g075-human-r0.005,paloma_reddit_100,1.2459494467188994
268m-g075-human-r0.005,paloma_redpajama,1.4126072185727747
268m-g075-human-r0.005,paloma_twitteraae,2.4871248184499235
268m-g075-human-r0.005,paloma_wikitext_103,1.0718415348328045
268m-g075-human-r0.01,c4,0.9920755144999712
268m-g075-human-r0.01,cosmopedia,0.7027418648569254
268m-g075-human-r0.01,fw22,0.976293689057345
268m-g075-human-r0.01,fw26,0.8648984278597875
268m-g075-human-r0.01,fw26_ai,0.7022009198834122
268m-g075-human-r0.01,fw26_human,0.9091544885797183
268m-g075-human-r0.01,paloma,1.3610118648843668
268m-g075-human-r0.01,paloma_4chan,1.3801533254343195
268m-g075-human-r0.01,paloma_c4,1.010702127059096
268m-g075-human-r0.01,paloma_c4_100_domains,0.9926516384784801
268m-g075-human-r0.01,paloma_dolma,1.256282708749537
268m-g075-human-r0.01,paloma_falcon_refinedweb,1.1048220258294916
268m-g075-human-r0.01,paloma_gab,1.8954976704620994
268m-g075-human-r0.01,paloma_m2d2_s2orc,1.1692558273427223
268m-g075-human-r0.01,paloma_m2d2_wikipedia,1.0729034114151497
268m-g075-human-r0.01,paloma_manosphere,1.3895542362528053
268m-g075-human-r0.01,paloma_mc4_en,1.096874814056235
268m-g075-human-r0.01,paloma_programming,1.9547063368503097
268m-g075-human-r0.01,paloma_ptb,1.2250917758208286
268m-g075-human-r0.01,paloma_reddit_100,1.2489196879337723
268m-g075-human-r0.01,paloma_redpajama,1.4213702615680397
268m-g075-human-r0.01,paloma_twitteraae,2.4871315082277192
268m-g075-human-r0.01,paloma_wikitext_103,1.0702724826692616
268m-g075-human-r0.025,c4,0.9912813450646982
268m-g075-human-r0.025,cosmopedia,0.6992724093026754
268m-g075-human-r0.025,fw22,0.9754153095053611
268m-g075-human-r0.025,fw26,0.8639100836057285
268m-g075-human-r0.025,fw26_ai,0.7011958146284104
268m-g075-human-r0.025,fw26_human,0.9081574591850566
268m-g075-human-r0.025,paloma,1.3554984839680035
268m-g075-human-r0.025,paloma_4chan,1.3683257442397423
268m-g075-human-r0.025,paloma_c4,1.009955342052966
268m-g075-human-r0.025,paloma_c4_100_domains,0.9917811561797067
268m-g075-human-r0.025,paloma_dolma,1.2493496401775002
268m-g075-human-r0.025,paloma_falcon_refinedweb,1.1039880674450107
268m-g075-human-r0.025,paloma_gab,1.8868779640021454
268m-g075-human-r0.025,paloma_m2d2_s2orc,1.167491608217132
268m-g075-human-r0.025,paloma_m2d2_wikipedia,1.0699832830701543
268m-g075-human-r0.025,paloma_manosphere,1.3804356023917337
268m-g075-human-r0.025,paloma_mc4_en,1.0954462557461613
268m-g075-human-r0.025,paloma_programming,1.935627687146216
268m-g075-human-r0.025,paloma_ptb,1.2236857625829858
268m-g075-human-r0.025,paloma_reddit_100,1.2447205091605056
268m-g075-human-r0.025,paloma_redpajama,1.4092358225071226
268m-g075-human-r0.025,paloma_twitteraae,2.480339589963857
268m-g075-human-r0.025,paloma_wikitext_103,1.0707317086051147
268m-g075-human-r0.05,c4,0.9901278801698861
268m-g075-human-r0.05,cosmopedia,0.6963462749582747
268m-g075-human-r0.05,fw22,0.974089705053205
268m-g075-human-r0.05,fw26,0.8624878207679977
268m-g075-human-r0.05,fw26_ai,0.6993837306804519
268m-g075-human-r0.05,fw26_human,0.9068171531487789
268m-g075-human-r0.05,paloma,1.3552509592507769
268m-g075-human-r0.05,paloma_4chan,1.3540967491743205
268m-g075-human-r0.05,paloma_c4,1.0082526755770038
268m-g075-human-r0.05,paloma_c4_100_domains,0.9904334151362388
268m-g075-human-r0.05,paloma_dolma,1.2490046871591687
268m-g075-human-r0.05,paloma_falcon_refinedweb,1.1029994091727289
268m-g075-human-r0.05,paloma_gab,1.886373282964031
268m-g075-human-r0.05,paloma_m2d2_s2orc,1.164681827884794
268m-g075-human-r0.05,paloma_m2d2_wikipedia,1.0701727712097626
268m-g075-human-r0.05,paloma_manosphere,1.3861740077932962
268m-g075-human-r0.05,paloma_mc4_en,1.0942388436875785
268m-g075-human-r0.05,paloma_programming,1.941479616423255
268m-g075-human-r0.05,paloma_ptb,1.2275382236304542
268m-g075-human-r0.05,paloma_reddit_100,1.2451258887309806
268m-g075-human-r0.05,paloma_redpajama,1.4111870623655656
268m-g075-human-r0.05,paloma_twitteraae,2.4848714804816736
268m-g075-human-r0.05,paloma_wikitext_103,1.0673854066215773
268m-g075-human-r0.25,c4,0.9811841471357451
268m-g075-human-r0.25,cosmopedia,0.6863839862478968
268m-g075-human-r0.25,fw22,0.9647745993235355
268m-g075-human-r0.25,fw26,0.8533005886141781
268m-g075-human-r0.25,fw26_ai,0.6903523336336934
268m-g075-human-r0.25,fw26_human,0.8975518603891974
268m-g075-human-r0.25,paloma,1.3473327620076088
268m-g075-human-r0.25,paloma_4chan,1.3565105101657928
268m-g075-human-r0.25,paloma_c4,1.0003441029350335
268m-g075-human-r0.25,paloma_c4_100_domains,0.9807700562074344
268m-g075-human-r0.25,paloma_dolma,1.2439889492969471
268m-g075-human-r0.25,paloma_falcon_refinedweb,1.093164468074681
268m-g075-human-r0.25,paloma_gab,1.8769201509761066
268m-g075-human-r0.25,paloma_m2d2_s2orc,1.1596080063565708
268m-g075-human-r0.25,paloma_m2d2_wikipedia,1.0624021526596539
268m-g075-human-r0.25,paloma_manosphere,1.369614059833696
268m-g075-human-r0.25,paloma_mc4_en,1.0871552773208857
268m-g075-human-r0.25,paloma_programming,1.9433229037031403
268m-g075-human-r0.25,paloma_ptb,1.2099156093338659
268m-g075-human-r0.25,paloma_reddit_100,1.2386288972008956
268m-g075-human-r0.25,paloma_redpajama,1.4063511091894643
268m-g075-human-r0.25,paloma_twitteraae,2.470005008147159
268m-g075-human-r0.25,paloma_wikitext_103,1.0586229307204111
268m-g075-human-r1,c4,0.9594853388213773
268m-g075-human-r1,cosmopedia,0.6621507607190001
268m-g075-human-r1,fw22,0.9417479455593377
268m-g075-human-r1,fw26,0.8297386894485056
268m-g075-human-r1,fw26_ai,0.6659225216715626
268m-g075-human-r1,fw26_human,0.8742651310734837
268m-g075-human-r1,paloma,1.3255139643516896
268m-g075-human-r1,paloma_4chan,1.3387171804140492
268m-g075-human-r1,paloma_c4,0.978580626874145
268m-g075-human-r1,paloma_c4_100_domains,0.9569981074670948
268m-g075-human-r1,paloma_dolma,1.2183865083939514
268m-g075-human-r1,paloma_falcon_refinedweb,1.0742305132128074
268m-g075-human-r1,paloma_gab,1.8375601200463052
268m-g075-human-r1,paloma_m2d2_s2orc,1.141296658388551
268m-g075-human-r1,paloma_m2d2_wikipedia,1.0408429660586493
268m-g075-human-r1,paloma_manosphere,1.3593263894207057
268m-g075-human-r1,paloma_mc4_en,1.0659426510212204
268m-g075-human-r1,paloma_programming,1.9294834012978734
268m-g075-human-r1,paloma_ptb,1.1890521952799704
268m-g075-human-r1,paloma_reddit_100,1.2072681964938923
268m-g075-human-r1,paloma_redpajama,1.3851206667648859
268m-g075-human-r1,paloma_twitteraae,2.452822941325083
268m-g075-human-r1,paloma_wikitext_103,1.0325943071678465
268m-g076-control,c4,0.9395633076671297
268m-g076-control,cosmopedia,0.6403208724595892
268m-g076-control,fw22,0.9207372080538347
268m-g076-control,fw26,0.8081659927682214
268m-g076-control,fw26_ai,0.6438078250755378
268m-g076-control,fw26_human,0.8528010947555298
268m-g076-control,paloma,1.3104166946678775
268m-g076-control,paloma_4chan,1.442054509241309
268m-g076-control,paloma_c4,0.9581849765171825
268m-g076-control,paloma_c4_100_domains,0.9347043152755538
268m-g076-control,paloma_dolma,1.194083441751175
268m-g076-control,paloma_falcon_refinedweb,1.0534327691633742
268m-g076-control,paloma_gab,1.8179108424794441
268m-g076-control,paloma_m2d2_s2orc,1.1182187561146566
268m-g076-control,paloma_m2d2_wikipedia,1.0201345890374027
268m-g076-control,paloma_manosphere,1.338253276852014
268m-g076-control,paloma_mc4_en,1.0410262620178228
268m-g076-control,paloma_programming,1.885505596554178
268m-g076-control,paloma_ptb,1.1789942146968646
268m-g076-control,paloma_reddit_100,1.1972849303611337
268m-g076-control,paloma_redpajama,1.3534916147531584
268m-g076-control,paloma_twitteraae,2.4282174417113316
268m-g076-control,paloma_wikitext_103,1.0051695781594396
268m-g076-ai-r0.0025,c4,0.9394968187051146
268m-g076-ai-r0.0025,cosmopedia,0.6334381277693161
268m-g076-ai-r0.0025,fw22,0.9206310019490778
268m-g076-ai-r0.0025,fw26,0.8069008329542288
268m-g076-ai-r0.0025,fw26_ai,0.6381186141682849
268m-g076-ai-r0.0025,fw26_human,0.8526594479608383
268m-g076-ai-r0.0025,paloma,1.302742698106707
268m-g076-ai-r0.0025,paloma_4chan,1.34052811114621
268m-g076-ai-r0.0025,paloma_c4,0.9583040761308631
268m-g076-ai-r0.0025,paloma_c4_100_domains,0.9348691002533841
268m-g076-ai-r0.0025,paloma_dolma,1.192926858792174
268m-g076-ai-r0.0025,paloma_falcon_refinedweb,1.0540119755024036
268m-g076-ai-r0.0025,paloma_gab,1.8144266005493719
268m-g076-ai-r0.0025,paloma_m2d2_s2orc,1.1188149583201512
268m-g076-ai-r0.0025,paloma_m2d2_wikipedia,1.0205009277930601
268m-g076-ai-r0.0025,paloma_manosphere,1.3286007097560715
268m-g076-ai-r0.0025,paloma_mc4_en,1.0412309681158012
268m-g076-ai-r0.0025,paloma_programming,1.8943537295682078
268m-g076-ai-r0.0025,paloma_ptb,1.1671633876212348
268m-g076-ai-r0.0025,paloma_reddit_100,1.191486978624054
268m-g076-ai-r0.0025,paloma_redpajama,1.3543226759778535
268m-g076-ai-r0.0025,paloma_twitteraae,2.4267209144539956
268m-g076-ai-r0.0025,paloma_wikitext_103,1.005621197102477
268m-g076-ai-r0.005,c4,0.939543001089772
268m-g076-ai-r0.005,cosmopedia,0.6353223566008911
268m-g076-ai-r0.005,fw22,0.9205608659221638
268m-g076-ai-r0.005,fw26,0.8059858751501219
268m-g076-ai-r0.005,fw26_ai,0.6336138694771696
268m-g076-ai-r0.005,fw26_human,0.8527059005766943
268m-g076-ai-r0.005,paloma,1.302629924043558
268m-g076-ai-r0.005,paloma_4chan,1.3596639017725929
268m-g076-ai-r0.005,paloma_c4,0.95822955109822
268m-g076-ai-r0.005,paloma_c4_100_domains,0.9346088996467666
268m-g076-ai-r0.005,paloma_dolma,1.1927022703727608
268m-g076-ai-r0.005,paloma_falcon_refinedweb,1.0530579254345525
268m-g076-ai-r0.005,paloma_gab,1.8164238913758677
268m-g076-ai-r0.005,paloma_m2d2_s2orc,1.114028650975637
268m-g076-ai-r0.005,paloma_m2d2_wikipedia,1.0210020880908637
268m-g076-ai-r0.005,paloma_manosphere,1.3497311167465593
268m-g076-ai-r0.005,paloma_mc4_en,1.0371743552140744
268m-g076-ai-r0.005,paloma_programming,1.8640863391202966
268m-g076-ai-r0.005,paloma_ptb,1.1621073531918384
268m-g076-ai-r0.005,paloma_reddit_100,1.1960140447842365
268m-g076-ai-r0.005,paloma_redpajama,1.3559045181864833
268m-g076-ai-r0.005,paloma_twitteraae,2.4246106243765686
268m-g076-ai-r0.005,paloma_wikitext_103,1.002733254309611
268m-g076-ai-r0.01,c4,0.9395604804839989
268m-g076-ai-r0.01,cosmopedia,0.6278505200217573
268m-g076-ai-r0.01,fw22,0.9206291834401313
268m-g076-ai-r0.01,fw26,0.80468306702584
268m-g076-ai-r0.01,fw26_ai,0.6276242074643088
268m-g076-ai-r0.01,fw26_human,0.8526345441862812
268m-g076-ai-r0.01,paloma,1.3041306043309513
268m-g076-ai-r0.01,paloma_4chan,1.3766739784627822
268m-g076-ai-r0.01,paloma_c4,0.9588136517578721
268m-g076-ai-r0.01,paloma_c4_100_domains,0.9351531944471698
268m-g076-ai-r0.01,paloma_dolma,1.1945757001661497
268m-g076-ai-r0.01,paloma_falcon_refinedweb,1.0549573257175382
268m-g076-ai-r0.01,paloma_gab,1.8093331089550153
268m-g076-ai-r0.01,paloma_m2d2_s2orc,1.1210289949829049
268m-g076-ai-r0.01,paloma_m2d2_wikipedia,1.019705849960727
268m-g076-ai-r0.01,paloma_manosphere,1.336747024008511
268m-g076-ai-r0.01,paloma_mc4_en,1.0396487179938867
268m-g076-ai-r0.01,paloma_programming,1.859631362047771
268m-g076-ai-r0.01,paloma_ptb,1.1767404942537227
268m-g076-ai-r0.01,paloma_reddit_100,1.1952000665063647
268m-g076-ai-r0.01,paloma_redpajama,1.357508407271141
268m-g076-ai-r0.01,paloma_twitteraae,2.4228844709326394
268m-g076-ai-r0.01,paloma_wikitext_103,1.0074873218310239
268m-g076-ai-r0.025,c4,0.9392060401422156
268m-g076-ai-r0.025,cosmopedia,0.6191479127706134
268m-g076-ai-r0.025,fw22,0.92008817294553
268m-g076-ai-r0.025,fw26,0.8017812203715241
268m-g076-ai-r0.025,fw26_ai,0.6158158281578869
268m-g076-ai-r0.025,fw26_human,0.852130044915917
268m-g076-ai-r0.025,paloma,1.2998135928788996
268m-g076-ai-r0.025,paloma_4chan,1.3633572437640524
268m-g076-ai-r0.025,paloma_c4,0.9575552735808854
268m-g076-ai-r0.025,paloma_c4_100_domains,0.9340807613823934
268m-g076-ai-r0.025,paloma_dolma,1.1907098393046258
268m-g076-ai-r0.025,paloma_falcon_refinedweb,1.050882620121851
268m-g076-ai-r0.025,paloma_gab,1.8094373756790956
268m-g076-ai-r0.025,paloma_m2d2_s2orc,1.114436109280364
268m-g076-ai-r0.025,paloma_m2d2_wikipedia,1.014913410278361
268m-g076-ai-r0.025,paloma_manosphere,1.321194472148039
268m-g076-ai-r0.025,paloma_mc4_en,1.0377379316918356
268m-g076-ai-r0.025,paloma_programming,1.8665201777493552
268m-g076-ai-r0.025,paloma_ptb,1.166673181786722
268m-g076-ai-r0.025,paloma_reddit_100,1.1929741290150457
268m-g076-ai-r0.025,paloma_redpajama,1.3486991613546164
268m-g076-ai-r0.025,paloma_twitteraae,2.426506419878906
268m-g076-ai-r0.025,paloma_wikitext_103,1.001339379046243
268m-g076-ai-r0.05,c4,0.9391737008606121
268m-g076-ai-r0.05,cosmopedia,0.6063741561214756
268m-g076-ai-r0.05,fw22,0.9200101099156277
268m-g076-ai-r0.05,fw26,0.7989672146812772
268m-g076-ai-r0.05,fw26_ai,0.6038019294625907
268m-g076-ai-r0.05,fw26_human,0.8518061995720814
268m-g076-ai-r0.05,paloma,1.3022038776272535
268m-g076-ai-r0.05,paloma_4chan,1.3525701765700648
268m-g076-ai-r0.05,paloma_c4,0.9577452652677849
268m-g076-ai-r0.05,paloma_c4_100_domains,0.9345663224668564
268m-g076-ai-r0.05,paloma_dolma,1.1932473024396026
268m-g076-ai-r0.05,paloma_falcon_refinedweb,1.051820265030544
268m-g076-ai-r0.05,paloma_gab,1.8090968314604834
268m-g076-ai-r0.05,paloma_m2d2_s2orc,1.118854494321447
268m-g076-ai-r0.05,paloma_m2d2_wikipedia,1.0182734148019583
268m-g076-ai-r0.05,paloma_manosphere,1.3274475626323747
268m-g076-ai-r0.05,paloma_mc4_en,1.0382226226586466
268m-g076-ai-r0.05,paloma_programming,1.883548479762589
268m-g076-ai-r0.05,paloma_ptb,1.1605769665225674
268m-g076-ai-r0.05,paloma_reddit_100,1.1929016167595896
268m-g076-ai-r0.05,paloma_redpajama,1.3616511197860475
268m-g076-ai-r0.05,paloma_twitteraae,2.430495014351045
268m-g076-ai-r0.05,paloma_wikitext_103,1.0042445872044548
268m-g076-ai-r0.1,c4,0.9388357173382108
268m-g076-ai-r0.1,cosmopedia,0.588838258997619
268m-g076-ai-r0.1,fw22,0.919773104178558
268m-g076-ai-r0.1,fw26,0.7953362541968321
268m-g076-ai-r0.1,fw26_ai,0.5881183388582012
268m-g076-ai-r0.1,fw26_human,0.8514162780141934
268m-g076-ai-r0.1,paloma,1.3022808695079497
268m-g076-ai-r0.1,paloma_4chan,1.3658135984630737
268m-g076-ai-r0.1,paloma_c4,0.9572112638964816
268m-g076-ai-r0.1,paloma_c4_100_domains,0.9345842396446529
268m-g076-ai-r0.1,paloma_dolma,1.1903692828113306
268m-g076-ai-r0.1,paloma_falcon_refinedweb,1.0514155463993744
268m-g076-ai-r0.1,paloma_gab,1.8144777818885165
268m-g076-ai-r0.1,paloma_m2d2_s2orc,1.1180088731183804
268m-g076-ai-r0.1,paloma_m2d2_wikipedia,1.014620391438828
268m-g076-ai-r0.1,paloma_manosphere,1.3296677038706162
268m-g076-ai-r0.1,paloma_mc4_en,1.0381210580698872
268m-g076-ai-r0.1,paloma_programming,1.8826400738774256
268m-g076-ai-r0.1,paloma_ptb,1.162107296805833
268m-g076-ai-r0.1,paloma_reddit_100,1.1902381220649463
268m-g076-ai-r0.1,paloma_redpajama,1.3519352976059384
268m-g076-ai-r0.1,paloma_twitteraae,2.4343352628282897
268m-g076-ai-r0.1,paloma_wikitext_103,1.0009481193436196
268m-g076-ai-r0.25,c4,0.9393978901446189
268m-g076-ai-r0.25,cosmopedia,0.5768446883578185
268m-g076-ai-r0.25,fw22,0.9203314589770547
268m-g076-ai-r0.25,fw26,0.7909318519706536
268m-g076-ai-r0.25,fw26_ai,0.5648622801714882
268m-g076-ai-r0.25,fw26_human,0.8520734640635387
268m-g076-ai-r0.25,paloma,1.3088457039312797
268m-g076-ai-r0.25,paloma_4chan,1.3639176326296132
268m-g076-ai-r0.25,paloma_c4,0.9580831978904802
268m-g076-ai-r0.25,paloma_c4_100_domains,0.9362738460293748
268m-g076-ai-r0.25,paloma_dolma,1.2027937322907227
268m-g076-ai-r0.25,paloma_falcon_refinedweb,1.0523734911248817
268m-g076-ai-r0.25,paloma_gab,1.821602171624399
268m-g076-ai-r0.25,paloma_m2d2_s2orc,1.124123595597811
268m-g076-ai-r0.25,paloma_m2d2_wikipedia,1.0227920717991277
268m-g076-ai-r0.25,paloma_manosphere,1.3417906347046256
268m-g076-ai-r0.25,paloma_mc4_en,1.0417569773429372
268m-g076-ai-r0.25,paloma_programming,1.9029765082468244
268m-g076-ai-r0.25,paloma_ptb,1.1676163927886802
268m-g076-ai-r0.25,paloma_reddit_100,1.1969909852738891
268m-g076-ai-r0.25,paloma_redpajama,1.367149286137158
268m-g076-ai-r0.25,paloma_twitteraae,2.43447336691146
268m-g076-ai-r0.25,paloma_wikitext_103,1.00681737250849
268m-g076-ai-r0.5,c4,0.9409994531583908
268m-g076-ai-r0.5,cosmopedia,0.5669566767470228
268m-g076-ai-r0.5,fw22,0.9217581657739713
268m-g076-ai-r0.5,fw26,0.7879070934957831
268m-g076-ai-r0.5,fw26_ai,0.5458920800493892
268m-g076-ai-r0.5,fw26_human,0.8533428719466168
268m-g076-ai-r0.5,paloma,1.3181248510771528
268m-g076-ai-r0.5,paloma_4chan,1.3710408272802157
268m-g076-ai-r0.5,paloma_c4,0.9612424623874538
268m-g076-ai-r0.5,paloma_c4_100_domains,0.9393461431397686
268m-g076-ai-r0.5,paloma_dolma,1.2060485022775536
268m-g076-ai-r0.5,paloma_falcon_refinedweb,1.0598028580344867
268m-g076-ai-r0.5,paloma_gab,1.84930610135127
268m-g076-ai-r0.5,paloma_m2d2_s2orc,1.1319415933027797
268m-g076-ai-r0.5,paloma_m2d2_wikipedia,1.0336792815937539
268m-g076-ai-r0.5,paloma_manosphere,1.349442123418214
268m-g076-ai-r0.5,paloma_mc4_en,1.042329225757474
268m-g076-ai-r0.5,paloma_programming,1.9144606044102164
268m-g076-ai-r0.5,paloma_ptb,1.1875488457002923
268m-g076-ai-r0.5,paloma_reddit_100,1.205400016185658
268m-g076-ai-r0.5,paloma_redpajama,1.3724523203110743
268m-g076-ai-r0.5,paloma_twitteraae,2.4536391460126854
268m-g076-ai-r0.5,paloma_wikitext_103,1.0123175660715458
268m-g076-ai-r1,c4,0.94457463617296
268m-g076-ai-r1,cosmopedia,0.5554168203260488
268m-g076-ai-r1,fw22,0.9252672368010031
268m-g076-ai-r1,fw26,0.7869297930684348
268m-g076-ai-r1,fw26_ai,0.5276705314459336
268m-g076-ai-r1,fw26_human,0.8570445979836439
268m-g076-ai-r1,paloma,1.3328601923935872
268m-g076-ai-r1,paloma_4chan,1.423090085402838
268m-g076-ai-r1,paloma_c4,0.9638224485842322
268m-g076-ai-r1,paloma_c4_100_domains,0.9434860407918093
268m-g076-ai-r1,paloma_dolma,1.2186418643981973
268m-g076-ai-r1,paloma_falcon_refinedweb,1.0627890447276283
268m-g076-ai-r1,paloma_gab,1.8588030576395584
268m-g076-ai-r1,paloma_m2d2_s2orc,1.1363529949480802
268m-g076-ai-r1,paloma_m2d2_wikipedia,1.0375184637891461
268m-g076-ai-r1,paloma_manosphere,1.3702827968980775
268m-g076-ai-r1,paloma_mc4_en,1.0514097447893604
268m-g076-ai-r1,paloma_programming,1.9683164433054356
268m-g076-ai-r1,paloma_ptb,1.200608394316262
268m-g076-ai-r1,paloma_reddit_100,1.2110191244798005
268m-g076-ai-r1,paloma_redpajama,1.3889294446416698
268m-g076-ai-r1,paloma_twitteraae,2.471564935674798
268m-g076-ai-r1,paloma_wikitext_103,1.0191281939105012
268m-g076-human-r0.0025,c4,0.9393678370236118
268m-g076-human-r0.0025,cosmopedia,0.6396171760287905
268m-g076-human-r0.0025,fw22,0.920657639493253
268m-g076-human-r0.0025,fw26,0.808230365479646
268m-g076-human-r0.0025,fw26_ai,0.6441402843333579
268m-g076-human-r0.0025,fw26_human,0.8527948060592643
268m-g076-human-r0.0025,paloma,1.3033555259098681
268m-g076-human-r0.0025,paloma_4chan,1.3621951323553825
268m-g076-human-r0.0025,paloma_c4,0.9578353678267432
268m-g076-human-r0.0025,paloma_c4_100_domains,0.9345459500208688
268m-g076-human-r0.0025,paloma_dolma,1.193220615001797
268m-g076-human-r0.0025,paloma_falcon_refinedweb,1.05395575230504
268m-g076-human-r0.0025,paloma_gab,1.8103041972245202
268m-g076-human-r0.0025,paloma_m2d2_s2orc,1.1161928703520805
268m-g076-human-r0.0025,paloma_m2d2_wikipedia,1.021218085969301
268m-g076-human-r0.0025,paloma_manosphere,1.336654637345873
268m-g076-human-r0.0025,paloma_mc4_en,1.0406064989540698
268m-g076-human-r0.0025,paloma_programming,1.8922366457888793
268m-g076-human-r0.0025,paloma_ptb,1.1663352463598124
268m-g076-human-r0.0025,paloma_reddit_100,1.190667369167404
268m-g076-human-r0.0025,paloma_redpajama,1.35584321949035
268m-g076-human-r0.0025,paloma_twitteraae,2.4213281822076733
268m-g076-human-r0.0025,paloma_wikitext_103,1.0005486441880957
268m-g076-human-r0.005,c4,0.9395865159218985
268m-g076-human-r0.005,cosmopedia,0.6416408369653896
268m-g076-human-r0.005,fw22,0.9206080171266728
268m-g076-human-r0.005,fw26,0.8081503149016125
268m-g076-human-r0.005,fw26_ai,0.6436253689323672
268m-g076-human-r0.005,fw26_human,0.8528427323978419
268m-g076-human-r0.005,paloma,1.307117785293136
268m-g076-human-r0.005,paloma_4chan,1.3634914096554809
268m-g076-human-r0.005,paloma_c4,0.9589009751722835
268m-g076-human-r0.005,paloma_c4_100_domains,0.9349842242182239
268m-g076-human-r0.005,paloma_dolma,1.1996675337143892
268m-g076-human-r0.005,paloma_falcon_refinedweb,1.0523129286727735
268m-g076-human-r0.005,paloma_gab,1.8100581603131523
268m-g076-human-r0.005,paloma_m2d2_s2orc,1.120588935429245
268m-g076-human-r0.005,paloma_m2d2_wikipedia,1.0222241760785522
268m-g076-human-r0.005,paloma_manosphere,1.3414153385639729
268m-g076-human-r0.005,paloma_mc4_en,1.0399799691443832
268m-g076-human-r0.005,paloma_programming,1.914287446734691
268m-g076-human-r0.005,paloma_ptb,1.1709717971019786
268m-g076-human-r0.005,paloma_reddit_100,1.1947583218720148
268m-g076-human-r0.005,paloma_redpajama,1.3647393310774536
268m-g076-human-r0.005,paloma_twitteraae,2.4217165074363525
268m-g076-human-r0.005,paloma_wikitext_103,1.0037875095052278
268m-g076-human-r0.01,c4,0.939389433791821
268m-g076-human-r0.01,cosmopedia,0.6366228684335058
268m-g076-human-r0.01,fw22,0.9204396916671272
268m-g076-human-r0.01,fw26,0.8082541664068021
268m-g076-human-r0.01,fw26_ai,0.6437984427738236
268m-g076-human-r0.01,fw26_human,0.8529147258922202
268m-g076-human-r0.01,paloma,1.3069819997906786
268m-g076-human-r0.01,paloma_4chan,1.418024401277284
268m-g076-human-r0.01,paloma_c4,0.958294764747978
268m-g076-human-r0.01,paloma_c4_100_domains,0.9347050661314484
268m-g076-human-r0.01,paloma_dolma,1.1932585946346759
268m-g076-human-r0.01,paloma_falcon_refinedweb,1.053216899504324
268m-g076-human-r0.01,paloma_gab,1.8073441685409182
268m-g076-human-r0.01,paloma_m2d2_s2orc,1.118563890790625
268m-g076-human-r0.01,paloma_m2d2_wikipedia,1.018914193095293
268m-g076-human-r0.01,paloma_manosphere,1.335147301383835
268m-g076-human-r0.01,paloma_mc4_en,1.0388062048101292
268m-g076-human-r0.01,paloma_programming,1.894493691580691
268m-g076-human-r0.01,paloma_ptb,1.169348570874804
268m-g076-human-r0.01,paloma_reddit_100,1.1905209842787823
268m-g076-human-r0.01,paloma_redpajama,1.355126862859634
268m-g076-human-r0.01,paloma_twitteraae,2.420466519271781
268m-g076-human-r0.01,paloma_wikitext_103,1.0054798828686555
268m-g076-human-r0.025,c4,0.9387292684549366
268m-g076-human-r0.025,cosmopedia,0.6376039158859896
268m-g076-human-r0.025,fw22,0.9197799838899948
268m-g076-human-r0.025,fw26,0.8074760896580936
268m-g076-human-r0.025,fw26_ai,0.643183638676685
268m-g076-human-r0.025,fw26_human,0.8520701466947862
268m-g076-human-r0.025,paloma,1.3057045737365187
268m-g076-human-r0.025,paloma_4chan,1.3922670205400098
268m-g076-human-r0.025,paloma_c4,0.9574970495952213
268m-g076-human-r0.025,paloma_c4_100_domains,0.9339764737452827
268m-g076-human-r0.025,paloma_dolma,1.1922939020643744
268m-g076-human-r0.025,paloma_falcon_refinedweb,1.0534103789940341
268m-g076-human-r0.025,paloma_gab,1.8058259476714036
268m-g076-human-r0.025,paloma_m2d2_s2orc,1.1175738132460622
268m-g076-human-r0.025,paloma_m2d2_wikipedia,1.0220750195939998
268m-g076-human-r0.025,paloma_manosphere,1.3436471435567487
268m-g076-human-r0.025,paloma_mc4_en,1.0387433926303373
268m-g076-human-r0.025,paloma_programming,1.8842425821110322
268m-g076-human-r0.025,paloma_ptb,1.1725765992018864
268m-g076-human-r0.025,paloma_reddit_100,1.1894692301357248
268m-g076-human-r0.025,paloma_redpajama,1.3573166008446997
268m-g076-human-r0.025,paloma_twitteraae,2.428041837404624
268m-g076-human-r0.025,paloma_wikitext_103,1.0023161884488596
268m-g076-human-r0.05,c4,0.9385248254761805
268m-g076-human-r0.05,cosmopedia,0.63963007763255
268m-g076-human-r0.05,fw22,0.919424595890165
268m-g076-human-r0.05,fw26,0.8070979008246669
268m-g076-human-r0.05,fw26_ai,0.6428719060664644
268m-g076-human-r0.05,fw26_human,0.851693847867524
268m-g076-human-r0.05,paloma,1.3029234769653737
268m-g076-human-r0.05,paloma_4chan,1.371609608748896
268m-g076-human-r0.05,paloma_c4,0.9565550981279105
268m-g076-human-r0.05,paloma_c4_100_domains,0.9329520595970173
268m-g076-human-r0.05,paloma_dolma,1.1927338022148966
268m-g076-human-r0.05,paloma_falcon_refinedweb,1.0495781915216436
268m-g076-human-r0.05,paloma_gab,1.809099556769876
268m-g076-human-r0.05,paloma_m2d2_s2orc,1.111619755261124
268m-g076-human-r0.05,paloma_m2d2_wikipedia,1.012451063135323
268m-g076-human-r0.05,paloma_manosphere,1.3345776124385178
268m-g076-human-r0.05,paloma_mc4_en,1.0374641246102412
268m-g076-human-r0.05,paloma_programming,1.9114672140296676
268m-g076-human-r0.05,paloma_ptb,1.160134604213643
268m-g076-human-r0.05,paloma_reddit_100,1.1926655261460397
268m-g076-human-r0.05,paloma_redpajama,1.3561547945164378
268m-g076-human-r0.05,paloma_twitteraae,2.4155811303455095
268m-g076-human-r0.05,paloma_wikitext_103,1.002131489769235
268m-g076-human-r0.25,c4,0.9336783263636492
268m-g076-human-r0.25,cosmopedia,0.6336331873201668
268m-g076-human-r0.25,fw22,0.9143742871792694
268m-g076-human-r0.25,fw26,0.8018906416603838
268m-g076-human-r0.25,fw26_ai,0.6375572889914214
268m-g076-human-r0.25,fw26_human,0.8464977070370011
268m-g076-human-r0.25,paloma,1.3020011850838837
268m-g076-human-r0.25,paloma_4chan,1.415106962698891
268m-g076-human-r0.25,paloma_c4,0.9519872467008386
268m-g076-human-r0.25,paloma_c4_100_domains,0.9276464916090349
268m-g076-human-r0.25,paloma_dolma,1.1865145671163182
268m-g076-human-r0.25,paloma_falcon_refinedweb,1.048210314479782
268m-g076-human-r0.25,paloma_gab,1.800736298040609
268m-g076-human-r0.25,paloma_m2d2_s2orc,1.1090619339349959
268m-g076-human-r0.25,paloma_m2d2_wikipedia,1.0135829463257502
268m-g076-human-r0.25,paloma_manosphere,1.3360765522296127
268m-g076-human-r0.25,paloma_mc4_en,1.034461883160191
268m-g076-human-r0.25,paloma_programming,1.9047254484571443
268m-g076-human-r0.25,paloma_ptb,1.158734285962346
268m-g076-human-r0.25,paloma_reddit_100,1.1846556847299639
268m-g076-human-r0.25,paloma_redpajama,1.3500946011784207
268m-g076-human-r0.25,paloma_twitteraae,2.4101924161896457
268m-g076-human-r0.25,paloma_wikitext_103,1.0002313285285966
268m-g077-control,c4,0.9399835148772123
268m-g077-control,cosmopedia,0.642973159047966
268m-g077-control,fw22,0.9210735728482885
268m-g077-control,fw26,0.8087512641353802
268m-g077-control,fw26_ai,0.644615439163582
268m-g077-control,fw26_human,0.8533330628840059
268m-g077-control,paloma,1.304545217093417
268m-g077-control,paloma_4chan,1.3586478768973433
268m-g077-control,paloma_c4,0.959600224661379
268m-g077-control,paloma_c4_100_domains,0.9350696340529216
268m-g077-control,paloma_dolma,1.196701240575137
268m-g077-control,paloma_falcon_refinedweb,1.0529814698200415
268m-g077-control,paloma_gab,1.808986223929551
268m-g077-control,paloma_m2d2_s2orc,1.1203388450186809
268m-g077-control,paloma_m2d2_wikipedia,1.0216427147307994
268m-g077-control,paloma_manosphere,1.333571315552704
268m-g077-control,paloma_mc4_en,1.0419390798751682
268m-g077-control,paloma_programming,1.8747827005951476
268m-g077-control,paloma_ptb,1.1714976247954079
268m-g077-control,paloma_reddit_100,1.1918914897946908
268m-g077-control,paloma_redpajama,1.3585601228747441
268m-g077-control,paloma_twitteraae,2.431273583493383
268m-g077-control,paloma_wikitext_103,1.015239326827575
268m-g077-ai-r0.25,c4,0.9394411522282952
268m-g077-ai-r0.25,cosmopedia,0.571390473806991
268m-g077-ai-r0.25,fw22,0.9202091309581814
268m-g077-ai-r0.25,fw26,0.7906645002269155
268m-g077-ai-r0.25,fw26_ai,0.5646203133433745
268m-g077-ai-r0.25,fw26_human,0.8518167559444584
268m-g077-ai-r0.25,paloma,1.3078230231146624
268m-g077-ai-r0.25,paloma_4chan,1.3439950861756116
268m-g077-ai-r0.25,paloma_c4,0.9585397278736865
268m-g077-ai-r0.25,paloma_c4_100_domains,0.936236890876929
268m-g077-ai-r0.25,paloma_dolma,1.200034353246606
268m-g077-ai-r0.25,paloma_falcon_refinedweb,1.0523491903354607
268m-g077-ai-r0.25,paloma_gab,1.819405856314419
268m-g077-ai-r0.25,paloma_m2d2_s2orc,1.1228579040126385
268m-g077-ai-r0.25,paloma_m2d2_wikipedia,1.0231141023899375
268m-g077-ai-r0.25,paloma_manosphere,1.334438152884712
268m-g077-ai-r0.25,paloma_mc4_en,1.0408755531056062
268m-g077-ai-r0.25,paloma_programming,1.9015481796361453
268m-g077-ai-r0.25,paloma_ptb,1.1795590333130332
268m-g077-ai-r0.25,paloma_reddit_100,1.1946779427983443
268m-g077-ai-r0.25,paloma_redpajama,1.365485850565332
268m-g077-ai-r0.25,paloma_twitteraae,2.4361543781247113
268m-g077-ai-r0.25,paloma_wikitext_103,1.0158961681814247
268m-g077-ai-r1,c4,0.9451974844140231
268m-g077-ai-r1,cosmopedia,0.555547027102566
268m-g077-ai-r1,fw22,0.9258401798729972
268m-g077-ai-r1,fw26,0.7873981848549636
268m-g077-ai-r1,fw26_ai,0.5281021921358273
268m-g077-ai-r1,fw26_human,0.8574978376252981
268m-g077-ai-r1,paloma,1.3275717486075638
268m-g077-ai-r1,paloma_4chan,1.3837356331488586
268m-g077-ai-r1,paloma_c4,0.9644179483588692
268m-g077-ai-r1,paloma_c4_100_domains,0.9441521520800988
268m-g077-ai-r1,paloma_dolma,1.2149590711802403
268m-g077-ai-r1,paloma_falcon_refinedweb,1.062443228430581
268m-g077-ai-r1,paloma_gab,1.8659884425270772
268m-g077-ai-r1,paloma_m2d2_s2orc,1.132725700388582
268m-g077-ai-r1,paloma_m2d2_wikipedia,1.0333522573783192
268m-g077-ai-r1,paloma_manosphere,1.359923383868155
268m-g077-ai-r1,paloma_mc4_en,1.0487722231327787
268m-g077-ai-r1,paloma_programming,1.9493732294648831
268m-g077-ai-r1,paloma_ptb,1.1844315453913292
268m-g077-ai-r1,paloma_reddit_100,1.2107426908569234
268m-g077-ai-r1,paloma_redpajama,1.3871436866970812
268m-g077-ai-r1,paloma_twitteraae,2.482354553778924
268m-g077-ai-r1,paloma_wikitext_103,1.016632231038318
268m-g078-control,c4,0.9398446232654456
268m-g078-control,cosmopedia,0.6349585424290285
268m-g078-control,fw22,0.9207912774442791
268m-g078-control,fw26,0.8085200021605273
268m-g078-control,fw26_ai,0.6440934217013318
268m-g078-control,fw26_human,0.8531709414436116
268m-g078-control,paloma,1.3036050438520386
268m-g078-control,paloma_4chan,1.4038514757416982
268m-g078-control,paloma_c4,0.9584780087457511
268m-g078-control,paloma_c4_100_domains,0.9346511025499294
268m-g078-control,paloma_dolma,1.1890350536142964
268m-g078-control,paloma_falcon_refinedweb,1.0526748456269124
268m-g078-control,paloma_gab,1.7974965958289724
268m-g078-control,paloma_m2d2_s2orc,1.11755535429926
268m-g078-control,paloma_m2d2_wikipedia,1.0195422862708594
268m-g078-control,paloma_manosphere,1.3214654193495778
268m-g078-control,paloma_mc4_en,1.0404370048578055
268m-g078-control,paloma_programming,1.899849244673102
268m-g078-control,paloma_ptb,1.1607147739197838
268m-g078-control,paloma_reddit_100,1.1836253841100934
268m-g078-control,paloma_redpajama,1.350719724317962
268m-g078-control,paloma_twitteraae,2.4228932258528793
268m-g078-control,paloma_wikitext_103,1.0046912018737333
268m-g078-ai-r0.025,c4,0.9398118525117195
268m-g078-ai-r0.025,cosmopedia,0.6138085849393236
268m-g078-ai-r0.025,fw22,0.9208815723809476
268m-g078-ai-r0.025,fw26,0.802414192041441
268m-g078-ai-r0.025,fw26_ai,0.6159020867815517
268m-g078-ai-r0.025,fw26_human,0.8529251185729109
268m-g078-ai-r0.025,paloma,1.3005470043726344
268m-g078-ai-r0.025,paloma_4chan,1.3278389544271139
268m-g078-ai-r0.025,paloma_c4,0.9583904039578839
268m-g078-ai-r0.025,paloma_c4_100_domains,0.9348841944177759
268m-g078-ai-r0.025,paloma_dolma,1.1921425068593072
268m-g078-ai-r0.025,paloma_falcon_refinedweb,1.0523514767889222
268m-g078-ai-r0.025,paloma_gab,1.7970178872654352
268m-g078-ai-r0.025,paloma_m2d2_s2orc,1.116375068871822
268m-g078-ai-r0.025,paloma_m2d2_wikipedia,1.0203960881871197
268m-g078-ai-r0.025,paloma_manosphere,1.3425214051870944
268m-g078-ai-r0.025,paloma_mc4_en,1.0410317766498227
268m-g078-ai-r0.025,paloma_programming,1.8930873065606437
268m-g078-ai-r0.025,paloma_ptb,1.1612478754079105
268m-g078-ai-r0.025,paloma_reddit_100,1.186651864524342
268m-g078-ai-r0.025,paloma_redpajama,1.3558435619661462
268m-g078-ai-r0.025,paloma_twitteraae,2.4217224985348578
268m-g078-ai-r0.025,paloma_wikitext_103,1.0072492003559521
268m-g078-ai-r0.05,c4,0.9394130749272176
268m-g078-ai-r0.05,cosmopedia,0.6026634556417798
268m-g078-ai-r0.05,fw22,0.9203887583409025
268m-g078-ai-r0.05,fw26,0.7994449768643566
268m-g078-ai-r0.05,fw26_ai,0.6040777427995038
268m-g078-ai-r0.05,fw26_human,0.8523493154029328
268m-g078-ai-r0.05,paloma,1.3159755846022498
268m-g078-ai-r0.05,paloma_4chan,1.4137295905990461
268m-g078-ai-r0.05,paloma_c4,0.9579121887520029
268m-g078-ai-r0.05,paloma_c4_100_domains,0.9351671405883507
268m-g078-ai-r0.05,paloma_dolma,1.201463953156227
268m-g078-ai-r0.05,paloma_falcon_refinedweb,1.0559471985478648
268m-g078-ai-r0.05,paloma_gab,1.8129458173248492
268m-g078-ai-r0.05,paloma_m2d2_s2orc,1.1160202752569126
268m-g078-ai-r0.05,paloma_m2d2_wikipedia,1.0319787298255678
268m-g078-ai-r0.05,paloma_manosphere,1.367904540526998
268m-g078-ai-r0.05,paloma_mc4_en,1.0427137506673998
268m-g078-ai-r0.05,paloma_programming,1.9736929282995075
268m-g078-ai-r0.05,paloma_ptb,1.1617075905099994
268m-g078-ai-r0.05,paloma_reddit_100,1.1881555517403022
268m-g078-ai-r0.05,paloma_redpajama,1.3661437941810088
268m-g078-ai-r0.05,paloma_twitteraae,2.422422188742471
268m-g078-ai-r0.05,paloma_wikitext_103,1.00770411491749
268m-g078-ai-r0.25,c4,0.9395045814473046
268m-g078-ai-r0.25,cosmopedia,0.5695489822452363
268m-g078-ai-r0.25,fw22,0.920116038218802
268m-g078-ai-r0.25,fw26,0.7905961178205482
268m-g078-ai-r0.25,fw26_ai,0.5646968141139117
268m-g078-ai-r0.25,fw26_human,0.8516817978707006
268m-g078-ai-r0.25,paloma,1.3063757532209135
268m-g078-ai-r0.25,paloma_4chan,1.3422860741344214
268m-g078-ai-r0.25,paloma_c4,0.9584159199855414
268m-g078-ai-r0.25,paloma_c4_100_domains,0.9360102754788686
268m-g078-ai-r0.25,paloma_dolma,1.1973254289017328
268m-g078-ai-r0.25,paloma_falcon_refinedweb,1.0533396127137855
268m-g078-ai-r0.25,paloma_gab,1.8126439198212954
268m-g078-ai-r0.25,paloma_m2d2_s2orc,1.1212909855956488
268m-g078-ai-r0.25,paloma_m2d2_wikipedia,1.0253897892369204
268m-g078-ai-r0.25,paloma_manosphere,1.3478214463197598
268m-g078-ai-r0.25,paloma_mc4_en,1.04123701860633
268m-g078-ai-r0.25,paloma_programming,1.914183395174958
268m-g078-ai-r0.25,paloma_ptb,1.162058903516692
268m-g078-ai-r0.25,paloma_reddit_100,1.1852811331746567
268m-g078-ai-r0.25,paloma_redpajama,1.360308700197679
268m-g078-ai-r0.25,paloma_twitteraae,2.43562185896461
268m-g078-ai-r0.25,paloma_wikitext_103,1.0087975897117167
268m-g078-ai-r0.5,c4,0.9406799892896278
268m-g078-ai-r0.5,cosmopedia,0.5613611679168042
268m-g078-ai-r0.5,fw22,0.9210601317429998
268m-g078-ai-r0.5,fw26,0.7874611891523358
268m-g078-ai-r0.5,fw26_ai,0.5452574874350745
268m-g078-ai-r0.5,fw26_human,0.8529668034818192
268m-g078-ai-r0.5,paloma,1.3273465935116413
268m-g078-ai-r0.5,paloma_4chan,1.4372333458517375
268m-g078-ai-r0.5,paloma_c4,0.9620585242838943
268m-g078-ai-r0.5,paloma_c4_100_domains,0.9392738405131487
268m-g078-ai-r0.5,paloma_dolma,1.215309047673687
268m-g078-ai-r0.5,paloma_falcon_refinedweb,1.0620685787165147
268m-g078-ai-r0.5,paloma_gab,1.8304341692711832
268m-g078-ai-r0.5,paloma_m2d2_s2orc,1.1369890196014885
268m-g078-ai-r0.5,paloma_m2d2_wikipedia,1.0396578896040496
268m-g078-ai-r0.5,paloma_manosphere,1.3668578164532241
268m-g078-ai-r0.5,paloma_mc4_en,1.0464462709967042
268m-g078-ai-r0.5,paloma_programming,1.964026934400058
268m-g078-ai-r0.5,paloma_ptb,1.1896812798458023
268m-g078-ai-r0.5,paloma_reddit_100,1.1961411033078984
268m-g078-ai-r0.5,paloma_redpajama,1.3809368170761012
268m-g078-ai-r0.5,paloma_twitteraae,2.4462901531169514
268m-g078-ai-r0.5,paloma_wikitext_103,1.024140705473819
268m-g078-ai-r1,c4,0.9444355807050773
268m-g078-ai-r1,cosmopedia,0.5458406949016947
268m-g078-ai-r1,fw22,0.9249624616112703
268m-g078-ai-r1,fw26,0.786822039794103
268m-g078-ai-r1,fw26_ai,0.5276756624856974
268m-g078-ai-r1,fw26_human,0.8569047560266201
268m-g078-ai-r1,paloma,1.3316234754430778
268m-g078-ai-r1,paloma_4chan,1.4380685045223531
268m-g078-ai-r1,paloma_c4,0.9636853861294604
268m-g078-ai-r1,paloma_c4_100_domains,0.9432402082077715
268m-g078-ai-r1,paloma_dolma,1.2121586297936382
268m-g078-ai-r1,paloma_falcon_refinedweb,1.0626472651954944
268m-g078-ai-r1,paloma_gab,1.847430154846663
268m-g078-ai-r1,paloma_m2d2_s2orc,1.1329205168013219
268m-g078-ai-r1,paloma_m2d2_wikipedia,1.0291770360901318
268m-g078-ai-r1,paloma_manosphere,1.3616488086728973
268m-g078-ai-r1,paloma_mc4_en,1.0493079389504882
268m-g078-ai-r1,paloma_programming,1.9984909581727197
268m-g078-ai-r1,paloma_ptb,1.197554838386412
268m-g078-ai-r1,paloma_reddit_100,1.1990018043366724
268m-g078-ai-r1,paloma_redpajama,1.375279919196456
268m-g078-ai-r1,paloma_twitteraae,2.4801146376855994
268m-g078-ai-r1,paloma_wikitext_103,1.0152490001011685
268m-g078-human-r0.025,c4,0.9392886887289948
268m-g078-human-r0.025,cosmopedia,0.6365395798912016
268m-g078-human-r0.025,fw22,0.9202975926242591
268m-g078-human-r0.025,fw26,0.8079449938020536
268m-g078-human-r0.025,fw26_ai,0.6433952900770187
268m-g078-human-r0.025,fw26_human,0.8526364204213865
268m-g078-human-r0.025,paloma,1.3126703825702473
268m-g078-human-r0.025,paloma_4chan,1.3775163577100447
268m-g078-human-r0.025,paloma_c4,0.9578691825875578
268m-g078-human-r0.025,paloma_c4_100_domains,0.9343405649450829
268m-g078-human-r0.025,paloma_dolma,1.1972088712971547
268m-g078-human-r0.025,paloma_falcon_refinedweb,1.0545850422132057
268m-g078-human-r0.025,paloma_gab,1.8074673545659536
268m-g078-human-r0.025,paloma_m2d2_s2orc,1.1158680333266178
268m-g078-human-r0.025,paloma_m2d2_wikipedia,1.0241431045319414
268m-g078-human-r0.025,paloma_manosphere,1.357565426850984
268m-g078-human-r0.025,paloma_mc4_en,1.043869237445708
268m-g078-human-r0.025,paloma_programming,1.9778014593521374
268m-g078-human-r0.025,paloma_ptb,1.1762377002435025
268m-g078-human-r0.025,paloma_reddit_100,1.1863667106590712
268m-g078-human-r0.025,paloma_redpajama,1.35601281041139
268m-g078-human-r0.025,paloma_twitteraae,2.4252304931330593
268m-g078-human-r0.025,paloma_wikitext_103,1.0106437718505445
268m-g078-human-r0.05,c4,0.9386797879768778
268m-g078-human-r0.05,cosmopedia,0.6399685847152192
268m-g078-human-r0.05,fw22,0.9197563401329145
268m-g078-human-r0.05,fw26,0.8072706761059671
268m-g078-human-r0.05,fw26_ai,0.642774428280719
268m-g078-human-r0.05,fw26_human,0.8519457974842048
268m-g078-human-r0.05,paloma,1.312244013244969
268m-g078-human-r0.05,paloma_4chan,1.4022970904121952
268m-g078-human-r0.05,paloma_c4,0.9573834077579557
268m-g078-human-r0.05,paloma_c4_100_domains,0.9335535113813594
268m-g078-human-r0.05,paloma_dolma,1.198704091821272
268m-g078-human-r0.05,paloma_falcon_refinedweb,1.053112572522801
268m-g078-human-r0.05,paloma_gab,1.8003817500139925
268m-g078-human-r0.05,paloma_m2d2_s2orc,1.114873249753652
268m-g078-human-r0.05,paloma_m2d2_wikipedia,1.0264208427584203
268m-g078-human-r0.05,paloma_manosphere,1.353791684866975
268m-g078-human-r0.05,paloma_mc4_en,1.0425125538019702
268m-g078-human-r0.05,paloma_programming,1.9626896254455266
268m-g078-human-r0.05,paloma_ptb,1.1719387748052161
268m-g078-human-r0.05,paloma_reddit_100,1.1836548254430286
268m-g078-human-r0.05,paloma_redpajama,1.361559152240299
268m-g078-human-r0.05,paloma_twitteraae,2.4215941780819787
268m-g078-human-r0.05,paloma_wikitext_103,1.0114369008128623
268m-g079-control,c4,0.9396126846982995
268m-g079-control,cosmopedia,0.6437495990617685
268m-g079-control,fw22,0.9206322760046118
268m-g079-control,fw26,0.808466240798948
268m-g079-control,fw26_ai,0.6444313750818228
268m-g079-control,fw26_human,0.853011333342288
268m-g079-control,paloma,1.307532921282022
268m-g079-control,paloma_4chan,1.386078351374332
268m-g079-control,paloma_c4,0.9588900392222045
268m-g079-control,paloma_c4_100_domains,0.9349644215201327
268m-g079-control,paloma_dolma,1.2007216414268131
268m-g079-control,paloma_falcon_refinedweb,1.051781418028968
268m-g079-control,paloma_gab,1.8023972496212766
268m-g079-control,paloma_m2d2_s2orc,1.1243624586687524
268m-g079-control,paloma_m2d2_wikipedia,1.0267984846489817
268m-g079-control,paloma_manosphere,1.3350280181869256
268m-g079-control,paloma_mc4_en,1.0407436018397818
268m-g079-control,paloma_programming,1.8976380732113367
268m-g079-control,paloma_ptb,1.1656327472149395
268m-g079-control,paloma_reddit_100,1.193324435693646
268m-g079-control,paloma_redpajama,1.3674047994722416
268m-g079-control,paloma_twitteraae,2.41924048800643
268m-g079-control,paloma_wikitext_103,1.0155205123755888
268m-g079-ai-r0.025,c4,0.9397114298401056
268m-g079-ai-r0.025,cosmopedia,0.6180210721300767
268m-g079-ai-r0.025,fw22,0.9208077352643227
268m-g079-ai-r0.025,fw26,0.8025570865754688
268m-g079-ai-r0.025,fw26_ai,0.6171015915126581
268m-g079-ai-r0.025,fw26_human,0.8527717601107175
268m-g079-ai-r0.025,paloma,1.3093746381059783
268m-g079-ai-r0.025,paloma_4chan,1.3622635496827962
268m-g079-ai-r0.025,paloma_c4,0.9586201074596465
268m-g079-ai-r0.025,paloma_c4_100_domains,0.9351843658691136
268m-g079-ai-r0.025,paloma_dolma,1.1992061981288737
268m-g079-ai-r0.025,paloma_falcon_refinedweb,1.0526312778403346
268m-g079-ai-r0.025,paloma_gab,1.806922540198247
268m-g079-ai-r0.025,paloma_m2d2_s2orc,1.1198429990589764
268m-g079-ai-r0.025,paloma_m2d2_wikipedia,1.0207422242978972
268m-g079-ai-r0.025,paloma_manosphere,1.3333838858153646
268m-g079-ai-r0.025,paloma_mc4_en,1.0431021296367426
268m-g079-ai-r0.025,paloma_programming,1.9642586818663281
268m-g079-ai-r0.025,paloma_ptb,1.1659885992950674
268m-g079-ai-r0.025,paloma_reddit_100,1.1911263057523596
268m-g079-ai-r0.025,paloma_redpajama,1.3590806357293574
268m-g079-ai-r0.025,paloma_twitteraae,2.4283288687572253
268m-g079-ai-r0.025,paloma_wikitext_103,1.0093118403073218
268m-g079-ai-r0.05,c4,0.9390333558278801
268m-g079-ai-r0.05,cosmopedia,0.6117502543970438
268m-g079-ai-r0.05,fw22,0.9201801478829507
268m-g079-ai-r0.05,fw26,0.7992235889397918
268m-g079-ai-r0.05,fw26_ai,0.6042294381398451
268m-g079-ai-r0.05,fw26_human,0.8520032764019145
268m-g079-ai-r0.05,paloma,1.3120136410097423
268m-g079-ai-r0.05,paloma_4chan,1.3749787470971258
268m-g079-ai-r0.05,paloma_c4,0.958686898289834
268m-g079-ai-r0.05,paloma_c4_100_domains,0.935313352726029
268m-g079-ai-r0.05,paloma_dolma,1.2042578834944844
268m-g079-ai-r0.05,paloma_falcon_refinedweb,1.0535868428761745
268m-g079-ai-r0.05,paloma_gab,1.8065329290803407
268m-g079-ai-r0.05,paloma_m2d2_s2orc,1.1238177981819013
268m-g079-ai-r0.05,paloma_m2d2_wikipedia,1.030127562226041
268m-g079-ai-r0.05,paloma_manosphere,1.3469603416362324
268m-g079-ai-r0.05,paloma_mc4_en,1.044913025258463
268m-g079-ai-r0.05,paloma_programming,1.9408911416475172
268m-g079-ai-r0.05,paloma_ptb,1.174076015857687
268m-g079-ai-r0.05,paloma_reddit_100,1.189213114670437
268m-g079-ai-r0.05,paloma_redpajama,1.3630302385909026
268m-g079-ai-r0.05,paloma_twitteraae,2.4266202776258163
268m-g079-ai-r0.05,paloma_wikitext_103,1.0192120868968897
268m-g079-ai-r0.25,c4,0.9396835071616094
268m-g079-ai-r0.25,cosmopedia,0.5767272007255969
268m-g079-ai-r0.25,fw22,0.9205998509536394
268m-g079-ai-r0.25,fw26,0.7911203745546963
268m-g079-ai-r0.25,fw26_ai,0.5651721629540957
268m-g079-ai-r0.25,fw26_human,0.8522206980186963
268m-g079-ai-r0.25,paloma,1.310892315810953
268m-g079-ai-r0.25,paloma_4chan,1.38603857851833
268m-g079-ai-r0.25,paloma_c4,0.9586306105692467
268m-g079-ai-r0.25,paloma_c4_100_domains,0.9360186243769189
268m-g079-ai-r0.25,paloma_dolma,1.2008213127711027
268m-g079-ai-r0.25,paloma_falcon_refinedweb,1.0555107440614018
268m-g079-ai-r0.25,paloma_gab,1.823838552975068
268m-g079-ai-r0.25,paloma_m2d2_s2orc,1.1210940428758143
268m-g079-ai-r0.25,paloma_m2d2_wikipedia,1.0274378973314913
268m-g079-ai-r0.25,paloma_manosphere,1.3423827276450788
268m-g079-ai-r0.25,paloma_mc4_en,1.0404849673135836
268m-g079-ai-r0.25,paloma_programming,1.8985582206239118
268m-g079-ai-r0.25,paloma_ptb,1.1651634887814355
268m-g079-ai-r0.25,paloma_reddit_100,1.1993518620912693
268m-g079-ai-r0.25,paloma_redpajama,1.3643349405203635
268m-g079-ai-r0.25,paloma_twitteraae,2.440727669023303
268m-g079-ai-r0.25,paloma_wikitext_103,1.0138828134969256
268m-g079-ai-r0.5,c4,0.9408076216230566
268m-g079-ai-r0.5,cosmopedia,0.5614232968751653
268m-g079-ai-r0.5,fw22,0.9216921718016318
268m-g079-ai-r0.5,fw26,0.7879863160624303
268m-g079-ai-r0.5,fw26_ai,0.5461520269625071
268m-g079-ai-r0.5,fw26_human,0.8534006297372457
268m-g079-ai-r0.5,paloma,1.3096572279554528
268m-g079-ai-r0.5,paloma_4chan,1.3339360791638715
268m-g079-ai-r0.5,paloma_c4,0.96072754648149
268m-g079-ai-r0.5,paloma_c4_100_domains,0.9386304974167577
268m-g079-ai-r0.5,paloma_dolma,1.2015096472619415
268m-g079-ai-r0.5,paloma_falcon_refinedweb,1.0581970479723817
268m-g079-ai-r0.5,paloma_gab,1.832593619930562
268m-g079-ai-r0.5,paloma_m2d2_s2orc,1.1282794406893093
268m-g079-ai-r0.5,paloma_m2d2_wikipedia,1.0265736595271462
268m-g079-ai-r0.5,paloma_manosphere,1.3340501456930143
268m-g079-ai-r0.5,paloma_mc4_en,1.0446468495712915
268m-g079-ai-r0.5,paloma_programming,1.876968975658002
268m-g079-ai-r0.5,paloma_ptb,1.1742121457712427
268m-g079-ai-r0.5,paloma_reddit_100,1.1974056463051668
268m-g079-ai-r0.5,paloma_redpajama,1.371459083316715
268m-g079-ai-r0.5,paloma_twitteraae,2.461808732068448
268m-g079-ai-r0.5,paloma_wikitext_103,1.0135165304599063
268m-g079-ai-r1,c4,0.9445390274375626
268m-g079-ai-r1,cosmopedia,0.5463127518182322
268m-g079-ai-r1,fw22,0.9251504440846642
268m-g079-ai-r1,fw26,0.7867477340406892
268m-g079-ai-r1,fw26_ai,0.527584088787114
268m-g079-ai-r1,fw26_human,0.8568583121177689
268m-g079-ai-r1,paloma,1.3252337187534438
268m-g079-ai-r1,paloma_4chan,1.391934888907158
268m-g079-ai-r1,paloma_c4,0.9645248150521561
268m-g079-ai-r1,paloma_c4_100_domains,0.944242050199665
268m-g079-ai-r1,paloma_dolma,1.2133117727143279
268m-g079-ai-r1,paloma_falcon_refinedweb,1.0605808406746666
268m-g079-ai-r1,paloma_gab,1.8472149159666502
268m-g079-ai-r1,paloma_m2d2_s2orc,1.139988584882378
268m-g079-ai-r1,paloma_m2d2_wikipedia,1.0397944698811055
268m-g079-ai-r1,paloma_manosphere,1.3438061337303697
268m-g079-ai-r1,paloma_mc4_en,1.051696454215106
268m-g079-ai-r1,paloma_programming,1.9234773027282146
268m-g079-ai-r1,paloma_ptb,1.1944499289021373
268m-g079-ai-r1,paloma_reddit_100,1.2016533286138422
268m-g079-ai-r1,paloma_redpajama,1.3809032506371932
268m-g079-ai-r1,paloma_twitteraae,2.4860760548852263
268m-g079-ai-r1,paloma_wikitext_103,1.020084708064901
268m-g079-human-r0.025,c4,0.9392752980691426
268m-g079-human-r0.025,cosmopedia,0.6379508915931019
268m-g079-human-r0.025,fw22,0.9206398623905098
268m-g079-human-r0.025,fw26,0.8081561873804053
268m-g079-human-r0.025,fw26_ai,0.643689854052633
268m-g079-human-r0.025,fw26_human,0.8528210693703969
268m-g079-human-r0.025,paloma,1.3111712007992855
268m-g079-human-r0.025,paloma_4chan,1.3404324761327882
268m-g079-human-r0.025,paloma_c4,0.958230919807908
268m-g079-human-r0.025,paloma_c4_100_domains,0.9345821338760693
268m-g079-human-r0.025,paloma_dolma,1.2056486075880508
268m-g079-human-r0.025,paloma_falcon_refinedweb,1.0538418485529915
268m-g079-human-r0.025,paloma_gab,1.8038981686296143
268m-g079-human-r0.025,paloma_m2d2_s2orc,1.120938343570317
268m-g079-human-r0.025,paloma_m2d2_wikipedia,1.0252808123261254
268m-g079-human-r0.025,paloma_manosphere,1.3475606890434177
268m-g079-human-r0.025,paloma_mc4_en,1.0448660167486368
268m-g079-human-r0.025,paloma_programming,1.9893985676847397
268m-g079-human-r0.025,paloma_ptb,1.1664344857293298
268m-g079-human-r0.025,paloma_reddit_100,1.1887522258385537
268m-g079-human-r0.025,paloma_redpajama,1.365441084722866
268m-g079-human-r0.025,paloma_twitteraae,2.4218011499918384
268m-g079-human-r0.025,paloma_wikitext_103,1.011631682545321
268m-g079-human-r0.05,c4,0.9383853898683683
268m-g079-human-r0.05,cosmopedia,0.6440805764637583
268m-g079-human-r0.05,fw22,0.9193950699319093
268m-g079-human-r0.05,fw26,0.8071620323470703
268m-g079-human-r0.05,fw26_ai,0.6430664915726848
268m-g079-human-r0.05,fw26_human,0.8517125353383398
268m-g079-human-r0.05,paloma,1.3069575143279688
268m-g079-human-r0.05,paloma_4chan,1.358840619065255
268m-g079-human-r0.05,paloma_c4,0.9576595061594939
268m-g079-human-r0.05,paloma_c4_100_domains,0.9336653203367741
268m-g079-human-r0.05,paloma_dolma,1.199441194748425
268m-g079-human-r0.05,paloma_falcon_refinedweb,1.0516757048609626
268m-g079-human-r0.05,paloma_gab,1.8069448530547374
268m-g079-human-r0.05,paloma_m2d2_s2orc,1.123561738306034
268m-g079-human-r0.05,paloma_m2d2_wikipedia,1.0251018326240784
268m-g079-human-r0.05,paloma_manosphere,1.339522040961154
268m-g079-human-r0.05,paloma_mc4_en,1.0434128472218578
268m-g079-human-r0.05,paloma_programming,1.9225399508107623
268m-g079-human-r0.05,paloma_ptb,1.1593355440345094
268m-g079-human-r0.05,paloma_reddit_100,1.1938623337000807
268m-g079-human-r0.05,paloma_redpajama,1.35800092290655
268m-g079-human-r0.05,paloma_twitteraae,2.4252858214747244
268m-g079-human-r0.05,paloma_wikitext_103,1.012469998982101
268m-g080-control,c4,0.9401441148421079
268m-g080-control,cosmopedia,0.6407261120171764
268m-g080-control,fw22,0.9214425005737541
268m-g080-control,fw26,0.8088678804776321
268m-g080-control,fw26_ai,0.6440513759027077
268m-g080-control,fw26_human,0.8535980737539014
268m-g080-control,paloma,1.3064100550469233
268m-g080-control,paloma_4chan,1.3185625876113332
268m-g080-control,paloma_c4,0.9590071309089911
268m-g080-control,paloma_c4_100_domains,0.9352383396825621
268m-g080-control,paloma_dolma,1.1993840972946994
268m-g080-control,paloma_falcon_refinedweb,1.0514720918313358
268m-g080-control,paloma_gab,1.809275623503663
268m-g080-control,paloma_m2d2_s2orc,1.11674525945891
268m-g080-control,paloma_m2d2_wikipedia,1.015724362355888
268m-g080-control,paloma_manosphere,1.3444981975167931
268m-g080-control,paloma_mc4_en,1.041977654415128
268m-g080-control,paloma_programming,1.964268808118075
268m-g080-control,paloma_ptb,1.1653719337469264
268m-g080-control,paloma_reddit_100,1.1927827733812646
268m-g080-control,paloma_redpajama,1.3614965678735234
268m-g080-control,paloma_twitteraae,2.4198255874493046
268m-g080-control,paloma_wikitext_103,1.0069298656023755
268m-g080-ai-r0.25,c4,0.9395651030418806
268m-g080-ai-r0.25,cosmopedia,0.5723621980808304
268m-g080-ai-r0.25,fw22,0.9205319013775078
268m-g080-ai-r0.25,fw26,0.7909205205352228
268m-g080-ai-r0.25,fw26_ai,0.5649991714047816
268m-g080-ai-r0.25,fw26_human,0.8520514385759309
268m-g080-ai-r0.25,paloma,1.3081787271966836
268m-g080-ai-r0.25,paloma_4chan,1.3017894121311526
268m-g080-ai-r0.25,paloma_c4,0.9583620464305916
268m-g080-ai-r0.25,paloma_c4_100_domains,0.9361168123779118
268m-g080-ai-r0.25,paloma_dolma,1.1983449384524705
268m-g080-ai-r0.25,paloma_falcon_refinedweb,1.0513853622609357
268m-g080-ai-r0.25,paloma_gab,1.8157373141743116
268m-g080-ai-r0.25,paloma_m2d2_s2orc,1.1169046994507124
268m-g080-ai-r0.25,paloma_m2d2_wikipedia,1.0140959967782814
268m-g080-ai-r0.25,paloma_manosphere,1.3315413616456242
268m-g080-ai-r0.25,paloma_mc4_en,1.042068329679671
268m-g080-ai-r0.25,paloma_programming,1.9974934781067089
268m-g080-ai-r0.25,paloma_ptb,1.1696922717707663
268m-g080-ai-r0.25,paloma_reddit_100,1.1907483677012525
268m-g080-ai-r0.25,paloma_redpajama,1.3598248437705411
268m-g080-ai-r0.25,paloma_twitteraae,2.435064854558375
268m-g080-ai-r0.25,paloma_wikitext_103,1.011689545857632
268m-g080-ai-r1,c4,0.9448715752250241
268m-g080-ai-r1,cosmopedia,0.5532544723409716
268m-g080-ai-r1,fw22,0.925552524892836
268m-g080-ai-r1,fw26,0.7872270772013609
268m-g080-ai-r1,fw26_ai,0.5278615310097066
268m-g080-ai-r1,fw26_human,0.8573334476370479
268m-g080-ai-r1,paloma,1.3211931128165184
268m-g080-ai-r1,paloma_4chan,1.3366168329306745
268m-g080-ai-r1,paloma_c4,0.9636764701274678
268m-g080-ai-r1,paloma_c4_100_domains,0.9437182608081224
268m-g080-ai-r1,paloma_dolma,1.2111217565593309
268m-g080-ai-r1,paloma_falcon_refinedweb,1.0615168748115587
268m-g080-ai-r1,paloma_gab,1.8466248597601969
268m-g080-ai-r1,paloma_m2d2_s2orc,1.1284128343615423
268m-g080-ai-r1,paloma_m2d2_wikipedia,1.0265013412751234
268m-g080-ai-r1,paloma_manosphere,1.3652207827728438
268m-g080-ai-r1,paloma_mc4_en,1.0503500313789071
268m-g080-ai-r1,paloma_programming,1.9627907871951593
268m-g080-ai-r1,paloma_ptb,1.182567565017565
268m-g080-ai-r1,paloma_reddit_100,1.2010482811074856
268m-g080-ai-r1,paloma_redpajama,1.372985224231481
268m-g080-ai-r1,paloma_twitteraae,2.4704225212840436
268m-g080-ai-r1,paloma_wikitext_103,1.015515381442792
268m-g081-control,c4,0.9377546901492818
268m-g081-control,cosmopedia,0.6341569374037727
268m-g081-control,fw22,0.918542150918526
268m-g081-control,fw26,0.8060286114462857
268m-g081-control,fw26_ai,0.6412176554551897
268m-g081-control,fw26_human,0.8507948680516636
268m-g081-control,paloma,1.3022844082188902
268m-g081-control,paloma_4chan,1.3645466908737178
268m-g081-control,paloma_c4,0.9569645529669693
268m-g081-control,paloma_c4_100_domains,0.9327313367427758
268m-g081-control,paloma_dolma,1.1897629893447845
268m-g081-control,paloma_falcon_refinedweb,1.0526255304942163
268m-g081-control,paloma_gab,1.8045172647890226
268m-g081-control,paloma_m2d2_s2orc,1.1169712339123816
268m-g081-control,paloma_m2d2_wikipedia,1.0174426525094151
268m-g081-control,paloma_manosphere,1.329923532774221
268m-g081-control,paloma_mc4_en,1.0394753540776602
268m-g081-control,paloma_programming,1.8852878575156726
268m-g081-control,paloma_ptb,1.16837381190282
268m-g081-control,paloma_reddit_100,1.1865682790764065
268m-g081-control,paloma_redpajama,1.3556600616664463
268m-g081-control,paloma_twitteraae,2.4286631609140423
268m-g081-control,paloma_wikitext_103,1.0070362219416915
268m-g081-ai-r0.0025,c4,0.9377163689456848
268m-g081-ai-r0.0025,cosmopedia,0.6321619301299497
268m-g081-ai-r0.0025,fw22,0.9184250450668812
268m-g081-ai-r0.0025,fw26,0.8046383043163863
268m-g081-ai-r0.0025,fw26_ai,0.6352035751193473
268m-g081-ai-r0.0025,fw26_human,0.8506095101037073
268m-g081-ai-r0.0025,paloma,1.3010649545275461
268m-g081-ai-r0.0025,paloma_4chan,1.342435795439198
268m-g081-ai-r0.0025,paloma_c4,0.9566167941441343
268m-g081-ai-r0.0025,paloma_c4_100_domains,0.9327781587313403
268m-g081-ai-r0.0025,paloma_dolma,1.191868456782202
268m-g081-ai-r0.0025,paloma_falcon_refinedweb,1.054125042856681
268m-g081-ai-r0.0025,paloma_gab,1.8050556560771078
268m-g081-ai-r0.0025,paloma_m2d2_s2orc,1.1160426023560157
268m-g081-ai-r0.0025,paloma_m2d2_wikipedia,1.0204185549701918
268m-g081-ai-r0.0025,paloma_manosphere,1.332080934449552
268m-g081-ai-r0.0025,paloma_mc4_en,1.0383000775970543
268m-g081-ai-r0.0025,paloma_programming,1.8945952918856017
268m-g081-ai-r0.0025,paloma_ptb,1.1642711802458592
268m-g081-ai-r0.0025,paloma_reddit_100,1.1853173616078534
268m-g081-ai-r0.0025,paloma_redpajama,1.3652209364330048
268m-g081-ai-r0.0025,paloma_twitteraae,2.418220921156572
268m-g081-ai-r0.0025,paloma_wikitext_103,0.9996915077083657
268m-g081-ai-r0.005,c4,0.9375223315345563
268m-g081-ai-r0.005,cosmopedia,0.6293948092358651
268m-g081-ai-r0.005,fw22,0.918311530377809
268m-g081-ai-r0.005,fw26,0.8036514261511636
268m-g081-ai-r0.005,fw26_ai,0.6310110917031251
268m-g081-ai-r0.005,fw26_human,0.8504615606815431
268m-g081-ai-r0.005,paloma,1.3006463378417918
268m-g081-ai-r0.005,paloma_4chan,1.3601718536231735
268m-g081-ai-r0.005,paloma_c4,0.9560115541790496
268m-g081-ai-r0.005,paloma_c4_100_domains,0.9322717128039811
268m-g081-ai-r0.005,paloma_dolma,1.1890889565964329
268m-g081-ai-r0.005,paloma_falcon_refinedweb,1.0522524724553786
268m-g081-ai-r0.005,paloma_gab,1.8088795685516341
268m-g081-ai-r0.005,paloma_m2d2_s2orc,1.1119169129078927
268m-g081-ai-r0.005,paloma_m2d2_wikipedia,1.0123861169872994
268m-g081-ai-r0.005,paloma_manosphere,1.3403129256994737
268m-g081-ai-r0.005,paloma_mc4_en,1.0379544625283528
268m-g081-ai-r0.005,paloma_programming,1.8821039010689389
268m-g081-ai-r0.005,paloma_ptb,1.1552896085059858
268m-g081-ai-r0.005,paloma_reddit_100,1.1918423224957346
268m-g081-ai-r0.005,paloma_redpajama,1.3571739459082248
268m-g081-ai-r0.005,paloma_twitteraae,2.419499758455019
268m-g081-ai-r0.005,paloma_wikitext_103,1.0031853327021003
268m-g081-ai-r0.01,c4,0.9373635450984802
268m-g081-ai-r0.01,cosmopedia,0.6223470971259563
268m-g081-ai-r0.01,fw22,0.9182922636053019
268m-g081-ai-r0.01,fw26,0.8024762511176861
268m-g081-ai-r0.01,fw26_ai,0.6254954932768062
268m-g081-ai-r0.01,fw26_human,0.8504148356608289
268m-g081-ai-r0.01,paloma,1.2989042150501848
268m-g081-ai-r0.01,paloma_4chan,1.358646872754524
268m-g081-ai-r0.01,paloma_c4,0.9564256948788658
268m-g081-ai-r0.01,paloma_c4_100_domains,0.9324762327557105
268m-g081-ai-r0.01,paloma_dolma,1.187793438347662
268m-g081-ai-r0.01,paloma_falcon_refinedweb,1.0513517389742564
268m-g081-ai-r0.01,paloma_gab,1.8011643734951235
268m-g081-ai-r0.01,paloma_m2d2_s2orc,1.1147842523596538
268m-g081-ai-r0.01,paloma_m2d2_wikipedia,1.01823953982128
268m-g081-ai-r0.01,paloma_manosphere,1.3181578030429857
268m-g081-ai-r0.01,paloma_mc4_en,1.037848429218923
268m-g081-ai-r0.01,paloma_programming,1.8917490160003894
268m-g081-ai-r0.01,paloma_ptb,1.1603801793636945
268m-g081-ai-r0.01,paloma_reddit_100,1.1859255421333779
268m-g081-ai-r0.01,paloma_redpajama,1.3516271436495073
268m-g081-ai-r0.01,paloma_twitteraae,2.4157109932826564
268m-g081-ai-r0.01,paloma_wikitext_103,1.0001861907243452
268m-g081-ai-r0.025,c4,0.9375382496789125
268m-g081-ai-r0.025,cosmopedia,0.6125825256882326
268m-g081-ai-r0.025,fw22,0.9181223737255383
268m-g081-ai-r0.025,fw26,0.7998670323136252
268m-g081-ai-r0.025,fw26_ai,0.6141744455439823
268m-g081-ai-r0.025,fw26_human,0.850119964989358
268m-g081-ai-r0.025,paloma,1.2999949413636325
268m-g081-ai-r0.025,paloma_4chan,1.3202936564957395
268m-g081-ai-r0.025,paloma_c4,0.9563514122089705
268m-g081-ai-r0.025,paloma_c4_100_domains,0.9324690971149187
268m-g081-ai-r0.025,paloma_dolma,1.1909273929811528
268m-g081-ai-r0.025,paloma_falcon_refinedweb,1.0549315858649915
268m-g081-ai-r0.025,paloma_gab,1.8093421966435426
268m-g081-ai-r0.025,paloma_m2d2_s2orc,1.1164330622441296
268m-g081-ai-r0.025,paloma_m2d2_wikipedia,1.0202982400208433
268m-g081-ai-r0.025,paloma_manosphere,1.3362852792078763
268m-g081-ai-r0.025,paloma_mc4_en,1.0373347137364328
268m-g081-ai-r0.025,paloma_programming,1.8800583556121486
268m-g081-ai-r0.025,paloma_ptb,1.1673528023099007
268m-g081-ai-r0.025,paloma_reddit_100,1.1849684165425372
268m-g081-ai-r0.025,paloma_redpajama,1.358465073723734
268m-g081-ai-r0.025,paloma_twitteraae,2.4312976426250525
268m-g081-ai-r0.025,paloma_wikitext_103,1.0031101344861482
268m-g081-ai-r0.05,c4,0.9370206554391304
268m-g081-ai-r0.05,cosmopedia,0.605014731583743
268m-g081-ai-r0.05,fw22,0.9178446044929327
268m-g081-ai-r0.05,fw26,0.7969386813649151
268m-g081-ai-r0.05,fw26_ai,0.6015471566801762
268m-g081-ai-r0.05,fw26_human,0.8497951904837456
268m-g081-ai-r0.05,paloma,1.2991527195829835
268m-g081-ai-r0.05,paloma_4chan,1.3535309058952247
268m-g081-ai-r0.05,paloma_c4,0.9553970691415277
268m-g081-ai-r0.05,paloma_c4_100_domains,0.9318914061348019
268m-g081-ai-r0.05,paloma_dolma,1.1881352631899695
268m-g081-ai-r0.05,paloma_falcon_refinedweb,1.0501475979491075
268m-g081-ai-r0.05,paloma_gab,1.8093569726944272
268m-g081-ai-r0.05,paloma_m2d2_s2orc,1.109936347647779
268m-g081-ai-r0.05,paloma_m2d2_wikipedia,1.0120166351224842
268m-g081-ai-r0.05,paloma_manosphere,1.3310215048960226
268m-g081-ai-r0.05,paloma_mc4_en,1.0342837403349863
268m-g081-ai-r0.05,paloma_programming,1.876406987120856
268m-g081-ai-r0.05,paloma_ptb,1.1654311390526044
268m-g081-ai-r0.05,paloma_reddit_100,1.1907365260348128
268m-g081-ai-r0.05,paloma_redpajama,1.3577209011058804
268m-g081-ai-r0.05,paloma_twitteraae,2.424516317087894
268m-g081-ai-r0.05,paloma_wikitext_103,0.9959141999193584
268m-g081-ai-r0.1,c4,0.9371349614344493
268m-g081-ai-r0.1,cosmopedia,0.5895310804927423
268m-g081-ai-r0.1,fw22,0.9177527575421088
268m-g081-ai-r0.1,fw26,0.7935379413133197
268m-g081-ai-r0.1,fw26_ai,0.5860396887164342
268m-g081-ai-r0.1,fw26_human,0.8496869828158349
268m-g081-ai-r0.1,paloma,1.305955955047581
268m-g081-ai-r0.1,paloma_4chan,1.4172391514382445
268m-g081-ai-r0.1,paloma_c4,0.9558992636013542
268m-g081-ai-r0.1,paloma_c4_100_domains,0.9325014097937788
268m-g081-ai-r0.1,paloma_dolma,1.1923974172454994
268m-g081-ai-r0.1,paloma_falcon_refinedweb,1.0502510168805945
268m-g081-ai-r0.1,paloma_gab,1.8140317922391904
268m-g081-ai-r0.1,paloma_m2d2_s2orc,1.1150400131423301
268m-g081-ai-r0.1,paloma_m2d2_wikipedia,1.015621543457013
268m-g081-ai-r0.1,paloma_manosphere,1.3291158297634234
268m-g081-ai-r0.1,paloma_mc4_en,1.038444978142279
268m-g081-ai-r0.1,paloma_programming,1.9033837320464013
268m-g081-ai-r0.1,paloma_ptb,1.1513985794308186
268m-g081-ai-r0.1,paloma_reddit_100,1.1905262957117528
268m-g081-ai-r0.1,paloma_redpajama,1.3593361161960371
268m-g081-ai-r0.1,paloma_twitteraae,2.428510922077498
268m-g081-ai-r0.1,paloma_wikitext_103,1.001597219595084
268m-g081-ai-r0.25,c4,0.9374265312643236
268m-g081-ai-r0.25,cosmopedia,0.5769347198239446
268m-g081-ai-r0.25,fw22,0.9180235321108986
268m-g081-ai-r0.25,fw26,0.7886317988083866
268m-g081-ai-r0.25,fw26_ai,0.5629265979143055
268m-g081-ai-r0.25,fw26_human,0.8496823608890216
268m-g081-ai-r0.25,paloma,1.3140097954304835
268m-g081-ai-r0.25,paloma_4chan,1.4588743927067975
268m-g081-ai-r0.25,paloma_c4,0.9559438167769138
268m-g081-ai-r0.25,paloma_c4_100_domains,0.9331432624310708
268m-g081-ai-r0.25,paloma_dolma,1.1980574743240904
268m-g081-ai-r0.25,paloma_falcon_refinedweb,1.0509239882721573
268m-g081-ai-r0.25,paloma_gab,1.826204685236333
268m-g081-ai-r0.25,paloma_m2d2_s2orc,1.113534623072824
268m-g081-ai-r0.25,paloma_m2d2_wikipedia,1.0168154522577688
268m-g081-ai-r0.25,paloma_manosphere,1.3458123256689296
268m-g081-ai-r0.25,paloma_mc4_en,1.0365463420080412
268m-g081-ai-r0.25,paloma_programming,1.9210415331258206
268m-g081-ai-r0.25,paloma_ptb,1.1606438685179836
268m-g081-ai-r0.25,paloma_reddit_100,1.194311222741441
268m-g081-ai-r0.25,paloma_redpajama,1.3707872744218048
268m-g081-ai-r0.25,paloma_twitteraae,2.442750683691499
268m-g081-ai-r0.25,paloma_wikitext_103,0.9987657816342579
268m-g081-ai-r0.5,c4,0.9394040204291703
268m-g081-ai-r0.5,cosmopedia,0.5651914119254823
268m-g081-ai-r0.5,fw22,0.9198977152270569
268m-g081-ai-r0.5,fw26,0.7862363369171561
268m-g081-ai-r0.5,fw26_ai,0.5444481636654295
268m-g081-ai-r0.5,fw26_human,0.8516270213584469
268m-g081-ai-r0.5,paloma,1.3136161573475047
268m-g081-ai-r0.5,paloma_4chan,1.3872891492681392
268m-g081-ai-r0.5,paloma_c4,0.9581998440951472
268m-g081-ai-r0.5,paloma_c4_100_domains,0.9364583749788402
268m-g081-ai-r0.5,paloma_dolma,1.2037785182924883
268m-g081-ai-r0.5,paloma_falcon_refinedweb,1.0538965254094264
268m-g081-ai-r0.5,paloma_gab,1.8382447408244882
268m-g081-ai-r0.5,paloma_m2d2_s2orc,1.124141196863132
268m-g081-ai-r0.5,paloma_m2d2_wikipedia,1.019233806027354
268m-g081-ai-r0.5,paloma_manosphere,1.3384199324049262
268m-g081-ai-r0.5,paloma_mc4_en,1.0407743775078795
268m-g081-ai-r0.5,paloma_programming,1.910297109361118
268m-g081-ai-r0.5,paloma_ptb,1.1743028990469462
268m-g081-ai-r0.5,paloma_reddit_100,1.203545728059207
268m-g081-ai-r0.5,paloma_redpajama,1.376865854733121
268m-g081-ai-r0.5,paloma_twitteraae,2.44891258563354
268m-g081-ai-r0.5,paloma_wikitext_103,1.003497875054322
268m-g081-ai-r1,c4,0.9428554003667096
268m-g081-ai-r1,cosmopedia,0.5562822851747522
268m-g081-ai-r1,fw22,0.9233118687242122
268m-g081-ai-r1,fw26,0.7850641097279999
268m-g081-ai-r1,fw26_ai,0.5259867035424592
268m-g081-ai-r1,fw26_human,0.8551019799287259
268m-g081-ai-r1,paloma,1.347405376452478
268m-g081-ai-r1,paloma_4chan,1.527473685466619
268m-g081-ai-r1,paloma_c4,0.9625692512309011
268m-g081-ai-r1,paloma_c4_100_domains,0.9424615983506841
268m-g081-ai-r1,paloma_dolma,1.232512036368034
268m-g081-ai-r1,paloma_falcon_refinedweb,1.0602208194163967
268m-g081-ai-r1,paloma_gab,1.8614837926084375
268m-g081-ai-r1,paloma_m2d2_s2orc,1.1384083915091172
268m-g081-ai-r1,paloma_m2d2_wikipedia,1.0405006405377313
268m-g081-ai-r1,paloma_manosphere,1.370252427117779
268m-g081-ai-r1,paloma_mc4_en,1.0513508034686874
268m-g081-ai-r1,paloma_programming,2.038834460884364
268m-g081-ai-r1,paloma_ptb,1.2079573938485642
268m-g081-ai-r1,paloma_reddit_100,1.2171780380445816
268m-g081-ai-r1,paloma_redpajama,1.416166182884631
268m-g081-ai-r1,paloma_twitteraae,2.474599872913898
268m-g081-ai-r1,paloma_wikitext_103,1.0165166285892233
268m-g081-ai-r2,c4,0.9491192217057219
268m-g081-ai-r2,cosmopedia,0.5357224034595087
268m-g081-ai-r2,fw22,0.9298383066882513
268m-g081-ai-r2,fw26,0.7870270005607461
268m-g081-ai-r2,fw26_ai,0.5104316961561625
268m-g081-ai-r2,fw26_human,0.861821386834416
268m-g081-ai-r2,paloma,1.3315737153757048
268m-g081-ai-r2,paloma_4chan,1.3852421799861943
268m-g081-ai-r2,paloma_c4,0.9677630859271491
268m-g081-ai-r2,paloma_c4_100_domains,0.948928654566994
268m-g081-ai-r2,paloma_dolma,1.2184341614195164
268m-g081-ai-r2,paloma_falcon_refinedweb,1.062911202932928
268m-g081-ai-r2,paloma_gab,1.8731847578548768
268m-g081-ai-r2,paloma_m2d2_s2orc,1.140590960154356
268m-g081-ai-r2,paloma_m2d2_wikipedia,1.026660358502991
268m-g081-ai-r2,paloma_manosphere,1.3586713103711938
268m-g081-ai-r2,paloma_mc4_en,1.0538181531523787
268m-g081-ai-r2,paloma_programming,1.9457873031498751
268m-g081-ai-r2,paloma_ptb,1.2015133756065537
268m-g081-ai-r2,paloma_reddit_100,1.2128592114708538
268m-g081-ai-r2,paloma_redpajama,1.3937893653580224
268m-g081-ai-r2,paloma_twitteraae,2.4940074486010984
268m-g081-ai-r2,paloma_wikitext_103,1.0210179169562967
268m-g081-ai-r4,c4,0.9578954488734992
268m-g081-ai-r4,cosmopedia,0.5313040294711225
268m-g081-ai-r4,fw22,0.9387980055734386
268m-g081-ai-r4,fw26,0.7915274625521708
268m-g081-ai-r4,fw26_ai,0.49819595081219953
268m-g081-ai-r4,fw26_human,0.870865146778415
268m-g081-ai-r4,paloma,1.3495079142013313
268m-g081-ai-r4,paloma_4chan,1.4156427960979907
268m-g081-ai-r4,paloma_c4,0.9768955732286877
268m-g081-ai-r4,paloma_c4_100_domains,0.959557172246174
268m-g081-ai-r4,paloma_dolma,1.2298239029762812
268m-g081-ai-r4,paloma_falcon_refinedweb,1.0746881414650986
268m-g081-ai-r4,paloma_gab,1.9116001127055526
268m-g081-ai-r4,paloma_m2d2_s2orc,1.1460556356113392
268m-g081-ai-r4,paloma_m2d2_wikipedia,1.038145273912338
268m-g081-ai-r4,paloma_manosphere,1.3827336621717758
268m-g081-ai-r4,paloma_mc4_en,1.0637600259737667
268m-g081-ai-r4,paloma_programming,1.9786581283588882
268m-g081-ai-r4,paloma_ptb,1.2125748438313984
268m-g081-ai-r4,paloma_reddit_100,1.228498197404636
268m-g081-ai-r4,paloma_redpajama,1.3942521150035958
268m-g081-ai-r4,paloma_twitteraae,2.543773190700215
268m-g081-ai-r4,paloma_wikitext_103,1.0354678555335632
268m-g081-human-r0.0025,c4,0.9374897060133764
268m-g081-human-r0.0025,cosmopedia,0.6364450106180995
268m-g081-human-r0.0025,fw22,0.9182860373321834
268m-g081-human-r0.0025,fw26,0.8059723113139855
268m-g081-human-r0.0025,fw26_ai,0.6414909321991559
268m-g081-human-r0.0025,fw26_human,0.8506277602341206
268m-g081-human-r0.0025,paloma,1.3034183185101975
268m-g081-human-r0.0025,paloma_4chan,1.3325271122179263
268m-g081-human-r0.0025,paloma_c4,0.9565404128067322
268m-g081-human-r0.0025,paloma_c4_100_domains,0.9324077156835359
268m-g081-human-r0.0025,paloma_dolma,1.1945694845952124
268m-g081-human-r0.0025,paloma_falcon_refinedweb,1.0539706343922017
268m-g081-human-r0.0025,paloma_gab,1.81088782075561
268m-g081-human-r0.0025,paloma_m2d2_s2orc,1.116123445819181
268m-g081-human-r0.0025,paloma_m2d2_wikipedia,1.0206648836710621
268m-g081-human-r0.0025,paloma_manosphere,1.3413240931433523
268m-g081-human-r0.0025,paloma_mc4_en,1.0405134871454387
268m-g081-human-r0.0025,paloma_programming,1.9250504581113177
268m-g081-human-r0.0025,paloma_ptb,1.1495060395453156
268m-g081-human-r0.0025,paloma_reddit_100,1.1865612694738834
268m-g081-human-r0.0025,paloma_redpajama,1.3690351899775624
268m-g081-human-r0.0025,paloma_twitteraae,2.422497841000503
268m-g081-human-r0.0025,paloma_wikitext_103,1.0025132078243242
268m-g081-human-r0.005,c4,0.9374547456599167
268m-g081-human-r0.005,cosmopedia,0.6359513538744133
268m-g081-human-r0.005,fw22,0.9183303192813417
268m-g081-human-r0.005,fw26,0.8058081623601392
268m-g081-human-r0.005,fw26_ai,0.6411039726010145
268m-g081-human-r0.005,fw26_human,0.8505324304747848
268m-g081-human-r0.005,paloma,1.2976756608118019
268m-g081-human-r0.005,paloma_4chan,1.320608135974776
268m-g081-human-r0.005,paloma_c4,0.9565900487750632
268m-g081-human-r0.005,paloma_c4_100_domains,0.9325177053660372
268m-g081-human-r0.005,paloma_dolma,1.1881637795979596
268m-g081-human-r0.005,paloma_falcon_refinedweb,1.0538505631694446
268m-g081-human-r0.005,paloma_gab,1.802402733630605
268m-g081-human-r0.005,paloma_m2d2_s2orc,1.11632662072371
268m-g081-human-r0.005,paloma_m2d2_wikipedia,1.0196453773641527
268m-g081-human-r0.005,paloma_manosphere,1.3283098938723192
268m-g081-human-r0.005,paloma_mc4_en,1.0400195324420483
268m-g081-human-r0.005,paloma_programming,1.8568798102855166
268m-g081-human-r0.005,paloma_ptb,1.1763587187076086
268m-g081-human-r0.005,paloma_reddit_100,1.1848604263078177
268m-g081-human-r0.005,paloma_redpajama,1.3567685332539614
268m-g081-human-r0.005,paloma_twitteraae,2.425992370947119
268m-g081-human-r0.005,paloma_wikitext_103,1.0035163225706893
268m-g081-human-r0.01,c4,0.9373719142804504
268m-g081-human-r0.01,cosmopedia,0.634888097692424
268m-g081-human-r0.01,fw22,0.9183465384024563
268m-g081-human-r0.01,fw26,0.8058087880590028
268m-g081-human-r0.01,fw26_ai,0.6409104982880865
268m-g081-human-r0.01,fw26_human,0.8505854479233377
268m-g081-human-r0.01,paloma,1.3010446021303759
268m-g081-human-r0.01,paloma_4chan,1.375021740430952
268m-g081-human-r0.01,paloma_c4,0.9559482978896218
268m-g081-human-r0.01,paloma_c4_100_domains,0.932542973695336
268m-g081-human-r0.01,paloma_dolma,1.1865755698957239
268m-g081-human-r0.01,paloma_falcon_refinedweb,1.0525744735615572
268m-g081-human-r0.01,paloma_gab,1.8075511895550747
268m-g081-human-r0.01,paloma_m2d2_s2orc,1.114123770204218
268m-g081-human-r0.01,paloma_m2d2_wikipedia,1.0189305244724842
268m-g081-human-r0.01,paloma_manosphere,1.326913778072422
268m-g081-human-r0.01,paloma_mc4_en,1.0395790163776344
268m-g081-human-r0.01,paloma_programming,1.88401862039788
268m-g081-human-r0.01,paloma_ptb,1.1595128498285139
268m-g081-human-r0.01,paloma_reddit_100,1.185716291362801
268m-g081-human-r0.01,paloma_redpajama,1.349249536199221
268m-g081-human-r0.01,paloma_twitteraae,2.426744946729147
268m-g081-human-r0.01,paloma_wikitext_103,1.0017100554134255
268m-g081-human-r0.025,c4,0.9369383973213197
268m-g081-human-r0.025,cosmopedia,0.63304001473446
268m-g081-human-r0.025,fw22,0.9177746005356234
268m-g081-human-r0.025,fw26,0.8054391336807083
268m-g081-human-r0.025,fw26_ai,0.6409663322598551
268m-g081-human-r0.025,fw26_human,0.8501298713216489
268m-g081-human-r0.025,paloma,1.2978928287017595
268m-g081-human-r0.025,paloma_4chan,1.3631113722867403
268m-g081-human-r0.025,paloma_c4,0.9561201587489624
268m-g081-human-r0.025,paloma_c4_100_domains,0.9320972634616526
268m-g081-human-r0.025,paloma_dolma,1.1889194002711296
268m-g081-human-r0.025,paloma_falcon_refinedweb,1.049892485636389
268m-g081-human-r0.025,paloma_gab,1.8001870100523218
268m-g081-human-r0.025,paloma_m2d2_s2orc,1.1165836556419673
268m-g081-human-r0.025,paloma_m2d2_wikipedia,1.0140205875328
268m-g081-human-r0.025,paloma_manosphere,1.3200139990205442
268m-g081-human-r0.025,paloma_mc4_en,1.0364638142524705
268m-g081-human-r0.025,paloma_programming,1.8800342145472317
268m-g081-human-r0.025,paloma_ptb,1.1542150463044305
268m-g081-human-r0.025,paloma_reddit_100,1.1882422041072778
268m-g081-human-r0.025,paloma_redpajama,1.35334126862979
268m-g081-human-r0.025,paloma_twitteraae,2.4114147785096005
268m-g081-human-r0.025,paloma_wikitext_103,1.001628000224844
268m-g081-human-r0.05,c4,0.9362629569009973
268m-g081-human-r0.05,cosmopedia,0.6348499749273852
268m-g081-human-r0.05,fw22,0.9171278278848656
268m-g081-human-r0.05,fw26,0.8046689455730655
268m-g081-human-r0.05,fw26_ai,0.640248041554355
268m-g081-human-r0.05,fw26_human,0.8492934687478493
268m-g081-human-r0.05,paloma,1.3010964026144891
268m-g081-human-r0.05,paloma_4chan,1.3618212773473084
268m-g081-human-r0.05,paloma_c4,0.9551752845032456
268m-g081-human-r0.05,paloma_c4_100_domains,0.9308641461100218
268m-g081-human-r0.05,paloma_dolma,1.191240884439546
268m-g081-human-r0.05,paloma_falcon_refinedweb,1.0515082184539761
268m-g081-human-r0.05,paloma_gab,1.8096464296979
268m-g081-human-r0.05,paloma_m2d2_s2orc,1.1150208622612945
268m-g081-human-r0.05,paloma_m2d2_wikipedia,1.017801865059193
268m-g081-human-r0.05,paloma_manosphere,1.3328883746209947
268m-g081-human-r0.05,paloma_mc4_en,1.0368369125941086
268m-g081-human-r0.05,paloma_programming,1.8775751314095601
268m-g081-human-r0.05,paloma_ptb,1.1607504662612067
268m-g081-human-r0.05,paloma_reddit_100,1.1907882908998726
268m-g081-human-r0.05,paloma_redpajama,1.3565263800073484
268m-g081-human-r0.05,paloma_twitteraae,2.4237822698502853
268m-g081-human-r0.05,paloma_wikitext_103,1.005315648315965
268m-g081-human-r0.25,c4,0.9320977627553405
268m-g081-human-r0.25,cosmopedia,0.6300411540585679
268m-g081-human-r0.25,fw22,0.9126739488072363
268m-g081-human-r0.25,fw26,0.8002019813905664
268m-g081-human-r0.25,fw26_ai,0.6353828502971592
268m-g081-human-r0.25,fw26_human,0.84495267121139
268m-g081-human-r0.25,paloma,1.299555508178876
268m-g081-human-r0.25,paloma_4chan,1.4010053118975778
268m-g081-human-r0.25,paloma_c4,0.9513984891088464
268m-g081-human-r0.25,paloma_c4_100_domains,0.9268452430639167
268m-g081-human-r0.25,paloma_dolma,1.1872587124917604
268m-g081-human-r0.25,paloma_falcon_refinedweb,1.0497062993523
268m-g081-human-r0.25,paloma_gab,1.8009291228570836
268m-g081-human-r0.25,paloma_m2d2_s2orc,1.1185549805573622
268m-g081-human-r0.25,paloma_m2d2_wikipedia,1.0167299399570258
268m-g081-human-r0.25,paloma_manosphere,1.324348644290715
268m-g081-human-r0.25,paloma_mc4_en,1.034221302251646
268m-g081-human-r0.25,paloma_programming,1.8726701002880972
268m-g081-human-r0.25,paloma_ptb,1.157922820862023
268m-g081-human-r0.25,paloma_reddit_100,1.1848813420841549
268m-g081-human-r0.25,paloma_redpajama,1.351783021386666
268m-g081-human-r0.25,paloma_twitteraae,2.414236589135303
268m-g081-human-r0.25,paloma_wikitext_103,1.0003962112775404
268m-g082-control,c4,0.9232044975614714
268m-g082-control,cosmopedia,0.6197426874394185
268m-g082-control,fw22,0.9032405262999733
268m-g082-control,fw26,0.7905674915656494
268m-g082-control,fw26_ai,0.6260250197723655
268m-g082-control,fw26_human,0.8352090375109786
268m-g082-control,paloma,1.289741351247332
268m-g082-control,paloma_4chan,1.3832677957884887
268m-g082-control,paloma_c4,0.9423116177338224
268m-g082-control,paloma_c4_100_domains,0.9170867578386601
268m-g082-control,paloma_dolma,1.1760754836467429
268m-g082-control,paloma_falcon_refinedweb,1.0395913949622129
268m-g082-control,paloma_gab,1.785061153079875
268m-g082-control,paloma_m2d2_s2orc,1.1056632104919577
268m-g082-control,paloma_m2d2_wikipedia,1.0099351367812888
268m-g082-control,paloma_manosphere,1.319693876883524
268m-g082-control,paloma_mc4_en,1.0245445011865113
268m-g082-control,paloma_programming,1.8796901139248763
268m-g082-control,paloma_ptb,1.151082423098498
268m-g082-control,paloma_reddit_100,1.1706655040409835
268m-g082-control,paloma_redpajama,1.3387789171946824
268m-g082-control,paloma_twitteraae,2.4048196439042684
268m-g082-control,paloma_wikitext_103,0.9875940894009192
268m-g082-ai-r0.025,c4,0.9231358515518455
268m-g082-ai-r0.025,cosmopedia,0.5994968446685738
268m-g082-ai-r0.025,fw22,0.9032846463421607
268m-g082-ai-r0.025,fw26,0.7844364699407943
268m-g082-ai-r0.025,fw26_ai,0.5980067277721458
268m-g082-ai-r0.025,fw26_human,0.8348998236664444
268m-g082-ai-r0.025,paloma,1.291808108644591
268m-g082-ai-r0.025,paloma_4chan,1.419905050209522
268m-g082-ai-r0.025,paloma_c4,0.9421385277657366
268m-g082-ai-r0.025,paloma_c4_100_domains,0.9167502488677185
268m-g082-ai-r0.025,paloma_dolma,1.1754479880852096
268m-g082-ai-r0.025,paloma_falcon_refinedweb,1.0391243569140471
268m-g082-ai-r0.025,paloma_gab,1.7833499407445381
268m-g082-ai-r0.025,paloma_m2d2_s2orc,1.1027526967635326
268m-g082-ai-r0.025,paloma_m2d2_wikipedia,1.0117676124502115
268m-g082-ai-r0.025,paloma_manosphere,1.3270983766401743
268m-g082-ai-r0.025,paloma_mc4_en,1.0215211901393584
268m-g082-ai-r0.025,paloma_programming,1.8644910614073678
268m-g082-ai-r0.025,paloma_ptb,1.1548601867853023
268m-g082-ai-r0.025,paloma_reddit_100,1.1758389238382305
268m-g082-ai-r0.025,paloma_redpajama,1.3395312425324322
268m-g082-ai-r0.025,paloma_twitteraae,2.4037631072104078
268m-g082-ai-r0.025,paloma_wikitext_103,0.9905892279596672
268m-g082-ai-r0.05,c4,0.9228423711627869
268m-g082-ai-r0.05,cosmopedia,0.5874256340930362
268m-g082-ai-r0.05,fw22,0.9029413807930747
268m-g082-ai-r0.05,fw26,0.7815512575923084
268m-g082-ai-r0.05,fw26_ai,0.5857569912677539
268m-g082-ai-r0.05,fw26_human,0.8344976132910357
268m-g082-ai-r0.05,paloma,1.2882404009364192
268m-g082-ai-r0.05,paloma_4chan,1.3165962108320748
268m-g082-ai-r0.05,paloma_c4,0.9417066033018165
268m-g082-ai-r0.05,paloma_c4_100_domains,0.9168682265173108
268m-g082-ai-r0.05,paloma_dolma,1.1783106699805719
268m-g082-ai-r0.05,paloma_falcon_refinedweb,1.0378844760922032
268m-g082-ai-r0.05,paloma_gab,1.7872057971468707
268m-g082-ai-r0.05,paloma_m2d2_s2orc,1.1023654931351863
268m-g082-ai-r0.05,paloma_m2d2_wikipedia,1.0020919869493081
268m-g082-ai-r0.05,paloma_manosphere,1.3266147520709428
268m-g082-ai-r0.05,paloma_mc4_en,1.024895182664242
268m-g082-ai-r0.05,paloma_programming,1.9156290274876275
268m-g082-ai-r0.05,paloma_ptb,1.1523138652635987
268m-g082-ai-r0.05,paloma_reddit_100,1.175489664510044
268m-g082-ai-r0.05,paloma_redpajama,1.3413607729202026
268m-g082-ai-r0.05,paloma_twitteraae,2.4019179737049923
268m-g082-ai-r0.05,paloma_wikitext_103,0.990595712405714
268m-g082-ai-r0.1,c4,0.9234258505853135
268m-g082-ai-r0.1,cosmopedia,0.5790976372737446
268m-g082-ai-r0.1,fw22,0.9035204978442771
268m-g082-ai-r0.1,fw26,0.7787725498282427
268m-g082-ai-r0.1,fw26_ai,0.5715781050060652
268m-g082-ai-r0.1,fw26_human,0.8347821790981763
268m-g082-ai-r0.1,paloma,1.291187188801535
268m-g082-ai-r0.1,paloma_4chan,1.3582427472406209
268m-g082-ai-r0.1,paloma_c4,0.9422974893428498
268m-g082-ai-r0.1,paloma_c4_100_domains,0.9178168331349834
268m-g082-ai-r0.1,paloma_dolma,1.1768168894834592
268m-g082-ai-r0.1,paloma_falcon_refinedweb,1.038169208151388
268m-g082-ai-r0.1,paloma_gab,1.7896921698240118
268m-g082-ai-r0.1,paloma_m2d2_s2orc,1.1040697708934388
268m-g082-ai-r0.1,paloma_m2d2_wikipedia,1.0066647633986694
268m-g082-ai-r0.1,paloma_manosphere,1.335725315487015
268m-g082-ai-r0.1,paloma_mc4_en,1.0240919457976772
268m-g082-ai-r0.1,paloma_programming,1.8985410222379675
268m-g082-ai-r0.1,paloma_ptb,1.1488407833570145
268m-g082-ai-r0.1,paloma_reddit_100,1.177281459806366
268m-g082-ai-r0.1,paloma_redpajama,1.3458800498757983
268m-g082-ai-r0.1,paloma_twitteraae,2.413007444917259
268m-g082-ai-r0.1,paloma_wikitext_103,0.9818571278760414
268m-g082-ai-r0.25,c4,0.9247842540962453
268m-g082-ai-r0.25,cosmopedia,0.5644781405758211
268m-g082-ai-r0.25,fw22,0.9046840180286895
268m-g082-ai-r0.25,fw26,0.7750141585655157
268m-g082-ai-r0.25,fw26_ai,0.5492122577788349
268m-g082-ai-r0.25,fw26_human,0.8360264426445989
268m-g082-ai-r0.25,paloma,1.3029952128406705
268m-g082-ai-r0.25,paloma_4chan,1.393265832376484
268m-g082-ai-r0.25,paloma_c4,0.9425450551730248
268m-g082-ai-r0.25,paloma_c4_100_domains,0.9193142667337457
268m-g082-ai-r0.25,paloma_dolma,1.1869007048140543
268m-g082-ai-r0.25,paloma_falcon_refinedweb,1.0422630118438763
268m-g082-ai-r0.25,paloma_gab,1.8090795461593807
268m-g082-ai-r0.25,paloma_m2d2_s2orc,1.1023408931123249
268m-g082-ai-r0.25,paloma_m2d2_wikipedia,1.00856410975013
268m-g082-ai-r0.25,paloma_manosphere,1.3405304306279515
268m-g082-ai-r0.25,paloma_mc4_en,1.026666461298529
268m-g082-ai-r0.25,paloma_programming,1.9797928981377626
268m-g082-ai-r0.25,paloma_ptb,1.1540980876327136
268m-g082-ai-r0.25,paloma_reddit_100,1.183331178559935
268m-g082-ai-r0.25,paloma_redpajama,1.3524201457281848
268m-g082-ai-r0.25,paloma_twitteraae,2.4189875306491953
268m-g082-ai-r0.25,paloma_wikitext_103,0.9878232528534361
268m-g082-ai-r0.5,c4,0.9272234478542151
268m-g082-ai-r0.5,cosmopedia,0.5604608553982462
268m-g082-ai-r0.5,fw22,0.9069398336208138
268m-g082-ai-r0.5,fw26,0.7730881085337062
268m-g082-ai-r0.5,fw26_ai,0.5315865187498309
268m-g082-ai-r0.5,fw26_human,0.8383674233252069
268m-g082-ai-r0.5,paloma,1.3117899024225177
268m-g082-ai-r0.5,paloma_4chan,1.413204340188313
268m-g082-ai-r0.5,paloma_c4,0.9480678455308971
268m-g082-ai-r0.5,paloma_c4_100_domains,0.9243078771167142
268m-g082-ai-r0.5,paloma_dolma,1.1975791196285697
268m-g082-ai-r0.5,paloma_falcon_refinedweb,1.049067139645533
268m-g082-ai-r0.5,paloma_gab,1.8213634161531937
268m-g082-ai-r0.5,paloma_m2d2_s2orc,1.1219574006172224
268m-g082-ai-r0.5,paloma_m2d2_wikipedia,1.0254645777312301
268m-g082-ai-r0.5,paloma_manosphere,1.365887330978252
268m-g082-ai-r0.5,paloma_mc4_en,1.034079368672308
268m-g082-ai-r0.5,paloma_programming,1.9141037648299482
268m-g082-ai-r0.5,paloma_ptb,1.1701937125168567
268m-g082-ai-r0.5,paloma_reddit_100,1.193403029220217
268m-g082-ai-r0.5,paloma_redpajama,1.3692315354600413
268m-g082-ai-r0.5,paloma_twitteraae,2.4348482673047984
268m-g082-ai-r0.5,paloma_wikitext_103,1.0058797131661878
268m-g082-ai-r1,c4,0.9325539544587338
268m-g082-ai-r1,cosmopedia,0.5425305661819171
268m-g082-ai-r1,fw22,0.9124047224836713
268m-g082-ai-r1,fw26,0.7739295263160221
268m-g082-ai-r1,fw26_ai,0.5154558982757887
268m-g082-ai-r1,fw26_human,0.8437997025983714
268m-g082-ai-r1,paloma,1.308475779363442
268m-g082-ai-r1,paloma_4chan,1.3638004692454433
268m-g082-ai-r1,paloma_c4,0.9511128598407187
268m-g082-ai-r1,paloma_c4_100_domains,0.9292663798583568
268m-g082-ai-r1,paloma_dolma,1.198861427184995
268m-g082-ai-r1,paloma_falcon_refinedweb,1.0480541075675247
268m-g082-ai-r1,paloma_gab,1.8310303312580611
268m-g082-ai-r1,paloma_m2d2_s2orc,1.118944035307282
268m-g082-ai-r1,paloma_m2d2_wikipedia,1.0101876301491408
268m-g082-ai-r1,paloma_manosphere,1.3317909679100393
268m-g082-ai-r1,paloma_mc4_en,1.0325896623920743
268m-g082-ai-r1,paloma_programming,1.9212449392094053
268m-g082-ai-r1,paloma_ptb,1.1822880032027538
268m-g082-ai-r1,paloma_reddit_100,1.194006980698607
268m-g082-ai-r1,paloma_redpajama,1.3674654124159793
268m-g082-ai-r1,paloma_twitteraae,2.4553261073332306
268m-g082-ai-r1,paloma_wikitext_103,0.9996431562414622
268m-g082-human-r0.025,c4,0.9225215778215249
268m-g082-human-r0.025,cosmopedia,0.6236310008070018
268m-g082-human-r0.025,fw22,0.9027949763753123
268m-g082-human-r0.025,fw26,0.7902000175593143
268m-g082-human-r0.025,fw26_ai,0.625589200586209
268m-g082-human-r0.025,fw26_human,0.8348564354186646
268m-g082-human-r0.025,paloma,1.2946880919607997
268m-g082-human-r0.025,paloma_4chan,1.4550916492851493
268m-g082-human-r0.025,paloma_c4,0.9413146080424499
268m-g082-human-r0.025,paloma_c4_100_domains,0.9160523908201338
268m-g082-human-r0.025,paloma_dolma,1.1767240340273808
268m-g082-human-r0.025,paloma_falcon_refinedweb,1.0395948394061416
268m-g082-human-r0.025,paloma_gab,1.7860878335509747
268m-g082-human-r0.025,paloma_m2d2_s2orc,1.1002716223332525
268m-g082-human-r0.025,paloma_m2d2_wikipedia,1.011265956197526
268m-g082-human-r0.025,paloma_manosphere,1.3411826008172039
268m-g082-human-r0.025,paloma_mc4_en,1.0231870042293765
268m-g082-human-r0.025,paloma_programming,1.887555624605561
268m-g082-human-r0.025,paloma_ptb,1.1370879663198663
268m-g082-human-r0.025,paloma_reddit_100,1.1750978633387468
268m-g082-human-r0.025,paloma_redpajama,1.3357852635379377
268m-g082-human-r0.025,paloma_twitteraae,2.4038497578085103
268m-g082-human-r0.025,paloma_wikitext_103,0.9848604570525843
268m-g082-human-r0.05,c4,0.9222605193463806
268m-g082-human-r0.05,cosmopedia,0.6239840250920446
268m-g082-human-r0.05,fw22,0.9025367589405797
268m-g082-human-r0.05,fw26,0.7896378647497319
268m-g082-human-r0.05,fw26_ai,0.6248104256547843
268m-g082-human-r0.05,fw26_human,0.8343402473677822
268m-g082-human-r0.05,paloma,1.288691369747247
268m-g082-human-r0.05,paloma_4chan,1.366121485349613
268m-g082-human-r0.05,paloma_c4,0.9414964509120937
268m-g082-human-r0.05,paloma_c4_100_domains,0.9159354097973067
268m-g082-human-r0.05,paloma_dolma,1.176943916910382
268m-g082-human-r0.05,paloma_falcon_refinedweb,1.037646518759937
268m-g082-human-r0.05,paloma_gab,1.7810311566895765
268m-g082-human-r0.05,paloma_m2d2_s2orc,1.1045296868573367
268m-g082-human-r0.05,paloma_m2d2_wikipedia,1.0116379810726865
268m-g082-human-r0.05,paloma_manosphere,1.3289364147575404
268m-g082-human-r0.05,paloma_mc4_en,1.0224625685288673
268m-g082-human-r0.05,paloma_programming,1.873419471900035
268m-g082-human-r0.05,paloma_ptb,1.158189963659143
268m-g082-human-r0.05,paloma_reddit_100,1.1730951484348773
268m-g082-human-r0.05,paloma_redpajama,1.33924520499007
268m-g082-human-r0.05,paloma_twitteraae,2.391424816277088
268m-g082-human-r0.05,paloma_wikitext_103,0.9969457210593978
268m-g082-human-r0.25,c4,0.919218817259331
268m-g082-human-r0.25,cosmopedia,0.6213937142861824
268m-g082-human-r0.25,fw22,0.8989752127806877
268m-g082-human-r0.25,fw26,0.7862589823806305
268m-g082-human-r0.25,fw26_ai,0.6218860442033531
268m-g082-human-r0.25,fw26_human,0.8308323484577002
268m-g082-human-r0.25,paloma,1.2822155379694964
268m-g082-human-r0.25,paloma_4chan,1.3735914217982648
268m-g082-human-r0.25,paloma_c4,0.938128493320586
268m-g082-human-r0.25,paloma_c4_100_domains,0.9121531489375896
268m-g082-human-r0.25,paloma_dolma,1.169184034976534
268m-g082-human-r0.25,paloma_falcon_refinedweb,1.0327899515930028
268m-g082-human-r0.25,paloma_gab,1.775386317095713
268m-g082-human-r0.25,paloma_m2d2_s2orc,1.0936899151322206
268m-g082-human-r0.25,paloma_m2d2_wikipedia,0.9965243584525305
268m-g082-human-r0.25,paloma_manosphere,1.3188496329029866
268m-g082-human-r0.25,paloma_mc4_en,1.0172347562782804
268m-g082-human-r0.25,paloma_programming,1.8839023250171438
268m-g082-human-r0.25,paloma_ptb,1.1386894275489536
268m-g082-human-r0.25,paloma_reddit_100,1.168295692137614
268m-g082-human-r0.25,paloma_redpajama,1.332174970497285
268m-g082-human-r0.25,paloma_twitteraae,2.3815718490663236
268m-g082-human-r0.25,paloma_wikitext_103,0.9832823127569168
268m-g082-human-r1,c4,0.9116308577437329
268m-g082-human-r1,cosmopedia,0.6107975429377727
268m-g082-human-r1,fw22,0.8908988477065727
268m-g082-human-r1,fw26,0.777683622015825
268m-g082-human-r1,fw26_ai,0.613346753669413
268m-g082-human-r1,fw26_human,0.8222523912445646
268m-g082-human-r1,paloma,1.2767940591480833
268m-g082-human-r1,paloma_4chan,1.4148450964675408
268m-g082-human-r1,paloma_c4,0.9299867264552784
268m-g082-human-r1,paloma_c4_100_domains,0.9038922096289973
268m-g082-human-r1,paloma_dolma,1.1623879316141517
268m-g082-human-r1,paloma_falcon_refinedweb,1.0277359477735353
268m-g082-human-r1,paloma_gab,1.7665033430167938
268m-g082-human-r1,paloma_m2d2_s2orc,1.0872431923665267
268m-g082-human-r1,paloma_m2d2_wikipedia,0.9937966680785227
268m-g082-human-r1,paloma_manosphere,1.3051929379611296
268m-g082-human-r1,paloma_mc4_en,1.009432042999665
268m-g082-human-r1,paloma_programming,1.8570762514879948
268m-g082-human-r1,paloma_ptb,1.1354732966690122
268m-g082-human-r1,paloma_reddit_100,1.1575015321523916
268m-g082-human-r1,paloma_redpajama,1.3255373070807221
268m-g082-human-r1,paloma_twitteraae,2.380075605163324
268m-g082-human-r1,paloma_wikitext_103,0.9720248574537452
268m-g083-control,c4,0.9217543103679101
268m-g083-control,cosmopedia,0.6229548705344234
268m-g083-control,fw22,0.9017010523185257
268m-g083-control,fw26,0.7890287584143039
268m-g083-control,fw26_ai,0.6240859425902535
268m-g083-control,fw26_human,0.8337824027679492
268m-g083-control,paloma,1.2944345725819417
268m-g083-control,paloma_4chan,1.3931912694693653
268m-g083-control,paloma_c4,0.940677448321793
268m-g083-control,paloma_c4_100_domains,0.9150723997082783
268m-g083-control,paloma_dolma,1.1769765955117861
268m-g083-control,paloma_falcon_refinedweb,1.0388742694069706
268m-g083-control,paloma_gab,1.792897451404006
268m-g083-control,paloma_m2d2_s2orc,1.0997814808644248
268m-g083-control,paloma_m2d2_wikipedia,1.0150076041547904
268m-g083-control,paloma_manosphere,1.3540480253027187
268m-g083-control,paloma_mc4_en,1.0222606591482513
268m-g083-control,paloma_programming,1.9113496419875784
268m-g083-control,paloma_ptb,1.1494819345280038
268m-g083-control,paloma_reddit_100,1.178749516583281
268m-g083-control,paloma_redpajama,1.3381488005375926
268m-g083-control,paloma_twitteraae,2.396601233402603
268m-g083-control,paloma_wikitext_103,0.9878348309796214
268m-g083-ai-r0.025,c4,0.9215509306541522
268m-g083-ai-r0.025,cosmopedia,0.5970504102649234
268m-g083-ai-r0.025,fw22,0.9014567965726016
268m-g083-ai-r0.025,fw26,0.7828796837815588
268m-g083-ai-r0.025,fw26_ai,0.59631455195425
268m-g083-ai-r0.025,fw26_human,0.8333853837574547
268m-g083-ai-r0.025,paloma,1.2846568869942763
268m-g083-ai-r0.025,paloma_4chan,1.3396686213053044
268m-g083-ai-r0.025,paloma_c4,0.9405503837763207
268m-g083-ai-r0.025,paloma_c4_100_domains,0.915695440131897
268m-g083-ai-r0.025,paloma_dolma,1.1732545686107532
268m-g083-ai-r0.025,paloma_falcon_refinedweb,1.0373587886993791
268m-g083-ai-r0.025,paloma_gab,1.7839574126552582
268m-g083-ai-r0.025,paloma_m2d2_s2orc,1.1041158414754106
268m-g083-ai-r0.025,paloma_m2d2_wikipedia,1.0057235646329898
268m-g083-ai-r0.025,paloma_manosphere,1.3172846463572934
268m-g083-ai-r0.025,paloma_mc4_en,1.0219450227143738
268m-g083-ai-r0.025,paloma_programming,1.867361305308834
268m-g083-ai-r0.025,paloma_ptb,1.150225990158862
268m-g083-ai-r0.025,paloma_reddit_100,1.1709652481487467
268m-g083-ai-r0.025,paloma_redpajama,1.3358381062467886
268m-g083-ai-r0.025,paloma_twitteraae,2.403915874797554
268m-g083-ai-r0.025,paloma_wikitext_103,0.9866493768886544
268m-g083-ai-r0.05,c4,0.9220576250974483
268m-g083-ai-r0.05,cosmopedia,0.5851042349130925
268m-g083-ai-r0.05,fw22,0.9015857148804601
268m-g083-ai-r0.05,fw26,0.7803343094714276
268m-g083-ai-r0.05,fw26_ai,0.5843781674696933
268m-g083-ai-r0.05,fw26_human,0.8333407583687068
268m-g083-ai-r0.05,paloma,1.2898741987084468
268m-g083-ai-r0.05,paloma_4chan,1.339488172102003
268m-g083-ai-r0.05,paloma_c4,0.9414746235291254
268m-g083-ai-r0.05,paloma_c4_100_domains,0.9158924821358272
268m-g083-ai-r0.05,paloma_dolma,1.1795171650271081
268m-g083-ai-r0.05,paloma_falcon_refinedweb,1.0372827917235539
268m-g083-ai-r0.05,paloma_gab,1.784551522538335
268m-g083-ai-r0.05,paloma_m2d2_s2orc,1.1040490750431198
268m-g083-ai-r0.05,paloma_m2d2_wikipedia,1.0054835759556204
268m-g083-ai-r0.05,paloma_manosphere,1.3124646031024103
268m-g083-ai-r0.05,paloma_mc4_en,1.0235289138380848
268m-g083-ai-r0.05,paloma_programming,1.9446193566036605
268m-g083-ai-r0.05,paloma_ptb,1.1499282720503095
268m-g083-ai-r0.05,paloma_reddit_100,1.173038160851645
268m-g083-ai-r0.05,paloma_redpajama,1.3348808656667324
268m-g083-ai-r0.05,paloma_twitteraae,2.402828805818248
268m-g083-ai-r0.05,paloma_wikitext_103,0.9889587933493635
268m-g083-ai-r0.1,c4,0.9222558241722256
268m-g083-ai-r0.1,cosmopedia,0.5747355305754839
268m-g083-ai-r0.1,fw22,0.9019026162898679
268m-g083-ai-r0.1,fw26,0.7772956831113903
268m-g083-ai-r0.1,fw26_ai,0.5695220073999784
268m-g083-ai-r0.1,fw26_human,0.8335196278568352
268m-g083-ai-r0.1,paloma,1.3033659737821723
268m-g083-ai-r0.1,paloma_4chan,1.5033595779094735
268m-g083-ai-r0.1,paloma_c4,0.9413426315357085
268m-g083-ai-r0.1,paloma_c4_100_domains,0.9163292841233999
268m-g083-ai-r0.1,paloma_dolma,1.1801049549710543
268m-g083-ai-r0.1,paloma_falcon_refinedweb,1.0409789803085738
268m-g083-ai-r0.1,paloma_gab,1.797986904589191
268m-g083-ai-r0.1,paloma_m2d2_s2orc,1.102355435012323
268m-g083-ai-r0.1,paloma_m2d2_wikipedia,1.0120489193404576
268m-g083-ai-r0.1,paloma_manosphere,1.3339833409380077
268m-g083-ai-r0.1,paloma_mc4_en,1.0230706811892099
268m-g083-ai-r0.1,paloma_programming,1.9216163199396212
268m-g083-ai-r0.1,paloma_ptb,1.1457408076482127
268m-g083-ai-r0.1,paloma_reddit_100,1.1768418582796054
268m-g083-ai-r0.1,paloma_redpajama,1.347156737003451
268m-g083-ai-r0.1,paloma_twitteraae,2.4232230509027435
268m-g083-ai-r0.1,paloma_wikitext_103,0.987716096823723
268m-g083-ai-r0.25,c4,0.9232825254683756
268m-g083-ai-r0.25,cosmopedia,0.5615790945667084
268m-g083-ai-r0.25,fw22,0.9029945509795271
268m-g083-ai-r0.25,fw26,0.7736064395998228
268m-g083-ai-r0.25,fw26_ai,0.5479053453434667
268m-g083-ai-r0.25,fw26_human,0.8346283887685549
268m-g083-ai-r0.25,paloma,1.2972180361114845
268m-g083-ai-r0.25,paloma_4chan,1.3722597214985983
268m-g083-ai-r0.25,paloma_c4,0.9416411118461822
268m-g083-ai-r0.25,paloma_c4_100_domains,0.917854535646
268m-g083-ai-r0.25,paloma_dolma,1.1825408236411699
268m-g083-ai-r0.25,paloma_falcon_refinedweb,1.0399356890698785
268m-g083-ai-r0.25,paloma_gab,1.803050118247995
268m-g083-ai-r0.25,paloma_m2d2_s2orc,1.0998604417723612
268m-g083-ai-r0.25,paloma_m2d2_wikipedia,1.0068842839364391
268m-g083-ai-r0.25,paloma_manosphere,1.3527513490874175
268m-g083-ai-r0.25,paloma_mc4_en,1.023142774771247
268m-g083-ai-r0.25,paloma_programming,1.9378829567414317
268m-g083-ai-r0.25,paloma_ptb,1.148750833581888
268m-g083-ai-r0.25,paloma_reddit_100,1.1831218102018775
268m-g083-ai-r0.25,paloma_redpajama,1.3458941204250086
268m-g083-ai-r0.25,paloma_twitteraae,2.415208863110973
268m-g083-ai-r0.25,paloma_wikitext_103,0.9847091442052871
268m-g083-ai-r0.5,c4,0.9262236840653569
268m-g083-ai-r0.5,cosmopedia,0.5518531139923774
268m-g083-ai-r0.5,fw22,0.9058288549966609
268m-g083-ai-r0.5,fw26,0.7722070972622846
268m-g083-ai-r0.5,fw26_ai,0.5307269464005553
268m-g083-ai-r0.5,fw26_human,0.8374881763182574
268m-g083-ai-r0.5,paloma,1.296321784990822
268m-g083-ai-r0.5,paloma_4chan,1.366669488282734
268m-g083-ai-r0.5,paloma_c4,0.9449032868232798
268m-g083-ai-r0.5,paloma_c4_100_domains,0.92198942862091
268m-g083-ai-r0.5,paloma_dolma,1.1845963208328936
268m-g083-ai-r0.5,paloma_falcon_refinedweb,1.0438642217182408
268m-g083-ai-r0.5,paloma_gab,1.8131369375814428
268m-g083-ai-r0.5,paloma_m2d2_s2orc,1.1099946726950545
268m-g083-ai-r0.5,paloma_m2d2_wikipedia,1.00714028430742
268m-g083-ai-r0.5,paloma_manosphere,1.3259531622616294
268m-g083-ai-r0.5,paloma_mc4_en,1.025308565305179
268m-g083-ai-r0.5,paloma_programming,1.8944322647167087
268m-g083-ai-r0.5,paloma_ptb,1.152808088600997
268m-g083-ai-r0.5,paloma_reddit_100,1.1823899681685412
268m-g083-ai-r0.5,paloma_redpajama,1.347341311526946
268m-g083-ai-r0.5,paloma_twitteraae,2.4318850276932626
268m-g083-ai-r0.5,paloma_wikitext_103,0.9887355307179141
268m-g083-ai-r1,c4,0.9315892173795846
268m-g083-ai-r1,cosmopedia,0.5459661027910273
268m-g083-ai-r1,fw22,0.9111494977825987
268m-g083-ai-r1,fw26,0.7728004593896166
268m-g083-ai-r1,fw26_ai,0.5145679406235275
268m-g083-ai-r1,fw26_human,0.8426354340347829
268m-g083-ai-r1,paloma,1.3098397109370215
268m-g083-ai-r1,paloma_4chan,1.3612771849299314
268m-g083-ai-r1,paloma_c4,0.9508374357117343
268m-g083-ai-r1,paloma_c4_100_domains,0.9284925092139887
268m-g083-ai-r1,paloma_dolma,1.1965238811936636
268m-g083-ai-r1,paloma_falcon_refinedweb,1.0488724035532242
268m-g083-ai-r1,paloma_gab,1.8438553001879108
268m-g083-ai-r1,paloma_m2d2_s2orc,1.1164884016108312
268m-g083-ai-r1,paloma_m2d2_wikipedia,1.017111246383731
268m-g083-ai-r1,paloma_manosphere,1.348721562024587
268m-g083-ai-r1,paloma_mc4_en,1.0334852494707676
268m-g083-ai-r1,paloma_programming,1.9211110770130164
268m-g083-ai-r1,paloma_ptb,1.1785653145467312
268m-g083-ai-r1,paloma_reddit_100,1.1984367335445625
268m-g083-ai-r1,paloma_redpajama,1.3630643953176829
268m-g083-ai-r1,paloma_twitteraae,2.450873866383117
268m-g083-ai-r1,paloma_wikitext_103,0.9997188139068661
268m-g083-human-r0.025,c4,0.9213686944828993
268m-g083-human-r0.025,cosmopedia,0.6162792792543944
268m-g083-human-r0.025,fw22,0.901287307298738
268m-g083-human-r0.025,fw26,0.788546747861661
268m-g083-human-r0.025,fw26_ai,0.6235176569943637
268m-g083-human-r0.025,fw26_human,0.8333285397047657
268m-g083-human-r0.025,paloma,1.2864353143940566
268m-g083-human-r0.025,paloma_4chan,1.3800317797001054
268m-g083-human-r0.025,paloma_c4,0.9405870716020944
268m-g083-human-r0.025,paloma_c4_100_domains,0.9149269630842798
268m-g083-human-r0.025,paloma_dolma,1.174214549689404
268m-g083-human-r0.025,paloma_falcon_refinedweb,1.0360969412027687
268m-g083-human-r0.025,paloma_gab,1.7789971322949296
268m-g083-human-r0.025,paloma_m2d2_s2orc,1.1025452695342717
268m-g083-human-r0.025,paloma_m2d2_wikipedia,1.0060692035994248
268m-g083-human-r0.025,paloma_manosphere,1.3105722658511285
268m-g083-human-r0.025,paloma_mc4_en,1.023092175801448
268m-g083-human-r0.025,paloma_programming,1.8709384559543576
268m-g083-human-r0.025,paloma_ptb,1.1500291466139838
268m-g083-human-r0.025,paloma_reddit_100,1.171303263524176
268m-g083-human-r0.025,paloma_redpajama,1.3353572950335688
268m-g083-human-r0.025,paloma_twitteraae,2.3976147383747093
268m-g083-human-r0.025,paloma_wikitext_103,0.9905887784442576
268m-g083-human-r0.05,c4,0.9207404166104196
268m-g083-human-r0.05,cosmopedia,0.6236416626810087
268m-g083-human-r0.05,fw22,0.9007719910164254
268m-g083-human-r0.05,fw26,0.7881133590428074
268m-g083-human-r0.05,fw26_ai,0.6237478086657897
268m-g083-human-r0.05,fw26_human,0.8327166693852474
268m-g083-human-r0.05,paloma,1.2933914952953984
268m-g083-human-r0.05,paloma_4chan,1.381067584609347
268m-g083-human-r0.05,paloma_c4,0.9397803833660707
268m-g083-human-r0.05,paloma_c4_100_domains,0.9140671304649081
268m-g083-human-r0.05,paloma_dolma,1.180321643767656
268m-g083-human-r0.05,paloma_falcon_refinedweb,1.039186121166406
268m-g083-human-r0.05,paloma_gab,1.786309051250844
268m-g083-human-r0.05,paloma_m2d2_s2orc,1.1018060337065616
268m-g083-human-r0.05,paloma_m2d2_wikipedia,1.0100500416289655
268m-g083-human-r0.05,paloma_manosphere,1.347542207261536
268m-g083-human-r0.05,paloma_mc4_en,1.0204394395036192
268m-g083-human-r0.05,paloma_programming,1.9235985907435886
268m-g083-human-r0.05,paloma_ptb,1.1491699648565845
268m-g083-human-r0.05,paloma_reddit_100,1.1752191528623723
268m-g083-human-r0.05,paloma_redpajama,1.3454476888969975
268m-g083-human-r0.05,paloma_twitteraae,2.3900647171879963
268m-g083-human-r0.05,paloma_wikitext_103,0.990194173452923
268m-g083-human-r0.25,c4,0.9177810610640134
268m-g083-human-r0.25,cosmopedia,0.6171723225681294
268m-g083-human-r0.25,fw22,0.8973884779816703
268m-g083-human-r0.25,fw26,0.7845386797359518
268m-g083-human-r0.25,fw26_ai,0.6195552444536456
268m-g083-human-r0.25,fw26_human,0.829311903203252
268m-g083-human-r0.25,paloma,1.2942731931172349
268m-g083-human-r0.25,paloma_4chan,1.444510796245309
268m-g083-human-r0.25,paloma_c4,0.9377148984604562
268m-g083-human-r0.25,paloma_c4_100_domains,0.9116483686290133
268m-g083-human-r0.25,paloma_dolma,1.1752946993232942
268m-g083-human-r0.25,paloma_falcon_refinedweb,1.036643387532519
268m-g083-human-r0.25,paloma_gab,1.7809297947449385
268m-g083-human-r0.25,paloma_m2d2_s2orc,1.1004548609427092
268m-g083-human-r0.25,paloma_m2d2_wikipedia,1.0159059817988991
268m-g083-human-r0.25,paloma_manosphere,1.3484206484397687
268m-g083-human-r0.25,paloma_mc4_en,1.0191457445231382
268m-g083-human-r0.25,paloma_programming,1.8939236265649242
268m-g083-human-r0.25,paloma_ptb,1.1467502017240183
268m-g083-human-r0.25,paloma_reddit_100,1.170762122319574
268m-g083-human-r0.25,paloma_redpajama,1.342069056600707
268m-g083-human-r0.25,paloma_twitteraae,2.391702414179023
268m-g083-human-r0.25,paloma_wikitext_103,0.9924944878474654
268m-g083-human-r1,c4,0.9103403335460439
268m-g083-human-r1,cosmopedia,0.6105619667273441
268m-g083-human-r1,fw22,0.8892939780704961
268m-g083-human-r1,fw26,0.7763584945264562
268m-g083-human-r1,fw26_ai,0.6124352834064769
268m-g083-human-r1,fw26_human,0.8208659644536919
268m-g083-human-r1,paloma,1.2727382232953288
268m-g083-human-r1,paloma_4chan,1.403520216697674
268m-g083-human-r1,paloma_c4,0.9286349241475677
268m-g083-human-r1,paloma_c4_100_domains,0.9021765813728955
268m-g083-human-r1,paloma_dolma,1.1568822502933915
268m-g083-human-r1,paloma_falcon_refinedweb,1.0219603397711983
268m-g083-human-r1,paloma_gab,1.76499572472975
268m-g083-human-r1,paloma_m2d2_s2orc,1.0869762431931884
268m-g083-human-r1,paloma_m2d2_wikipedia,0.9900142589950265
268m-g083-human-r1,paloma_manosphere,1.3087187509436116
268m-g083-human-r1,paloma_mc4_en,1.0062096099368474
268m-g083-human-r1,paloma_programming,1.8269976322430441
268m-g083-human-r1,paloma_ptb,1.1226695149735717
268m-g083-human-r1,paloma_reddit_100,1.1643972128727946
268m-g083-human-r1,paloma_redpajama,1.3156016814490064
268m-g083-human-r1,paloma_twitteraae,2.39598492888898
268m-g083-human-r1,paloma_wikitext_103,0.9680717022167145
268m-g084-control,c4,0.9156800979428741
268m-g084-control,cosmopedia,0.6146616092501578
268m-g084-control,fw22,0.8954671650182756
268m-g084-control,fw26,0.782664909890483
268m-g084-control,fw26_ai,0.6183366469480218
268m-g084-control,fw26_human,0.8271968762576191
268m-g084-control,paloma,1.276509040512526
268m-g084-control,paloma_4chan,1.3308153485997607
268m-g084-control,paloma_c4,0.9345417719776425
268m-g084-control,paloma_c4_100_domains,0.9085550930686371
268m-g084-control,paloma_dolma,1.1627858014700783
268m-g084-control,paloma_falcon_refinedweb,1.0320092273911345
268m-g084-control,paloma_gab,1.7736052607255817
268m-g084-control,paloma_m2d2_s2orc,1.0908198876813953
268m-g084-control,paloma_m2d2_wikipedia,1.0015592071235528
268m-g084-control,paloma_manosphere,1.3220026983683482
268m-g084-control,paloma_mc4_en,1.013193286315981
268m-g084-control,paloma_programming,1.8526810776737193
268m-g084-control,paloma_ptb,1.146445364882283
268m-g084-control,paloma_reddit_100,1.1608193342507627
268m-g084-control,paloma_redpajama,1.3225909165519736
268m-g084-control,paloma_twitteraae,2.3967858312215973
268m-g084-control,paloma_wikitext_103,0.9749345408979686
268m-g084-ai-r0.05,c4,0.9159470089140251
268m-g084-ai-r0.05,cosmopedia,0.5817405588183425
268m-g084-ai-r0.05,fw22,0.8954666587252837
268m-g084-ai-r0.05,fw26,0.773934366730167
268m-g084-ai-r0.05,fw26_ai,0.5783182987883384
268m-g084-ai-r0.05,fw26_human,0.8268152154081528
268m-g084-ai-r0.05,paloma,1.288565359552741
268m-g084-ai-r0.05,paloma_4chan,1.4181553638402935
268m-g084-ai-r0.05,paloma_c4,0.934978701057806
268m-g084-ai-r0.05,paloma_c4_100_domains,0.909297672902657
268m-g084-ai-r0.05,paloma_dolma,1.1708211991127149
268m-g084-ai-r0.05,paloma_falcon_refinedweb,1.0317685959770846
268m-g084-ai-r0.05,paloma_gab,1.7835531757735912
268m-g084-ai-r0.05,paloma_m2d2_s2orc,1.094135237589901
268m-g084-ai-r0.05,paloma_m2d2_wikipedia,1.0026818595099913
268m-g084-ai-r0.05,paloma_manosphere,1.3359473681025618
268m-g084-ai-r0.05,paloma_mc4_en,1.0164478502805698
268m-g084-ai-r0.05,paloma_programming,1.9035889340697705
268m-g084-ai-r0.05,paloma_ptb,1.1439764190565
268m-g084-ai-r0.05,paloma_reddit_100,1.1682631253859967
268m-g084-ai-r0.05,paloma_redpajama,1.3267099937333882
268m-g084-ai-r0.05,paloma_twitteraae,2.3945764221830235
268m-g084-ai-r0.05,paloma_wikitext_103,0.9821438342680083
268m-g084-ai-r0.1,c4,0.9163227907715576
268m-g084-ai-r0.1,cosmopedia,0.5688376399882276
268m-g084-ai-r0.1,fw22,0.8958450997023446
268m-g084-ai-r0.1,fw26,0.7710641081009809
268m-g084-ai-r0.1,fw26_ai,0.5636583541080038
268m-g084-ai-r0.1,fw26_human,0.8271091783122011
268m-g084-ai-r0.1,paloma,1.2818819751150063
268m-g084-ai-r0.1,paloma_4chan,1.3675763353042039
268m-g084-ai-r0.1,paloma_c4,0.9335996436049148
268m-g084-ai-r0.1,paloma_c4_100_domains,0.9087730549634774
268m-g084-ai-r0.1,paloma_dolma,1.1660352479282061
268m-g084-ai-r0.1,paloma_falcon_refinedweb,1.0299734058495325
268m-g084-ai-r0.1,paloma_gab,1.7853184696241966
268m-g084-ai-r0.1,paloma_m2d2_s2orc,1.0866717706222617
268m-g084-ai-r0.1,paloma_m2d2_wikipedia,0.9927137561966177
268m-g084-ai-r0.1,paloma_manosphere,1.3415176784566079
268m-g084-ai-r0.1,paloma_mc4_en,1.0116969353207157
268m-g084-ai-r0.1,paloma_programming,1.8792542981597535
268m-g084-ai-r0.1,paloma_ptb,1.1332140222043376
268m-g084-ai-r0.1,paloma_reddit_100,1.1726064013929784
268m-g084-ai-r0.1,paloma_redpajama,1.3286206117823407
268m-g084-ai-r0.1,paloma_twitteraae,2.396247878093931
268m-g084-ai-r0.1,paloma_wikitext_103,0.9762920923360281
268m-g084-ai-r0.25,c4,0.9178036148333211
268m-g084-ai-r0.25,cosmopedia,0.5590264646344463
268m-g084-ai-r0.25,fw22,0.8973694875973969
268m-g084-ai-r0.25,fw26,0.7675680216001854
268m-g084-ai-r0.25,fw26_ai,0.5419764064531135
268m-g084-ai-r0.25,fw26_human,0.8285437799644396
268m-g084-ai-r0.25,paloma,1.2759424451678358
268m-g084-ai-r0.25,paloma_4chan,1.3640005326299338
268m-g084-ai-r0.25,paloma_c4,0.9356325158689442
268m-g084-ai-r0.25,paloma_c4_100_domains,0.9112535128036998
268m-g084-ai-r0.25,paloma_dolma,1.1624044000535902
268m-g084-ai-r0.25,paloma_falcon_refinedweb,1.0303571280401882
268m-g084-ai-r0.25,paloma_gab,1.7919621493160498
268m-g084-ai-r0.25,paloma_m2d2_s2orc,1.0933423438692438
268m-g084-ai-r0.25,paloma_m2d2_wikipedia,0.9965342731165299
268m-g084-ai-r0.25,paloma_manosphere,1.3083798614275541
268m-g084-ai-r0.25,paloma_mc4_en,1.0137037624003074
268m-g084-ai-r0.25,paloma_programming,1.7861627269825808
268m-g084-ai-r0.25,paloma_ptb,1.1362761629035107
268m-g084-ai-r0.25,paloma_reddit_100,1.1732980330331082
268m-g084-ai-r0.25,paloma_redpajama,1.323382052113565
268m-g084-ai-r0.25,paloma_twitteraae,2.4145175755255215
268m-g084-ai-r0.25,paloma_wikitext_103,0.9738720926010465
268m-g084-ai-r0.5,c4,0.9210644916125216
268m-g084-ai-r0.5,cosmopedia,0.5461782060117163
268m-g084-ai-r0.5,fw22,0.9004277769531742
268m-g084-ai-r0.5,fw26,0.766306673617167
268m-g084-ai-r0.5,fw26_ai,0.5251635861135271
268m-g084-ai-r0.5,fw26_human,0.8315220872607579
268m-g084-ai-r0.5,paloma,1.2985868408140346
268m-g084-ai-r0.5,paloma_4chan,1.3868049339999093
268m-g084-ai-r0.5,paloma_c4,0.9403177472587497
268m-g084-ai-r0.5,paloma_c4_100_domains,0.9163932924706817
268m-g084-ai-r0.5,paloma_dolma,1.1865957277598438
268m-g084-ai-r0.5,paloma_falcon_refinedweb,1.0352119850208128
268m-g084-ai-r0.5,paloma_gab,1.8008570578730019
268m-g084-ai-r0.5,paloma_m2d2_s2orc,1.1136823722763258
268m-g084-ai-r0.5,paloma_m2d2_wikipedia,1.0161294937794207
268m-g084-ai-r0.5,paloma_manosphere,1.3399804752806541
268m-g084-ai-r0.5,paloma_mc4_en,1.0234265458079181
268m-g084-ai-r0.5,paloma_programming,1.9105424461727052
268m-g084-ai-r0.5,paloma_ptb,1.1602032823682293
268m-g084-ai-r0.5,paloma_reddit_100,1.1794216847145509
268m-g084-ai-r0.5,paloma_redpajama,1.3534835343838343
268m-g084-ai-r0.5,paloma_twitteraae,2.4226656506637902
268m-g084-ai-r0.5,paloma_wikitext_103,0.9916732231941235
268m-g084-ai-r1,c4,0.9267205670172592
268m-g084-ai-r1,cosmopedia,0.5412870229079004
268m-g084-ai-r1,fw22,0.9061599110955241
268m-g084-ai-r1,fw26,0.7676149509491041
268m-g084-ai-r1,fw26_ai,0.5093624065212696
268m-g084-ai-r1,fw26_human,0.8374395041625431
268m-g084-ai-r1,paloma,1.3068698374797982
268m-g084-ai-r1,paloma_4chan,1.3893142650175825
268m-g084-ai-r1,paloma_c4,0.9449677234386791
268m-g084-ai-r1,paloma_c4_100_domains,0.9228292555566007
268m-g084-ai-r1,paloma_dolma,1.1923438626305163
268m-g084-ai-r1,paloma_falcon_refinedweb,1.042057502476479
268m-g084-ai-r1,paloma_gab,1.8235980786459964
268m-g084-ai-r1,paloma_m2d2_s2orc,1.1120582744432477
268m-g084-ai-r1,paloma_m2d2_wikipedia,1.0122391935875534
268m-g084-ai-r1,paloma_manosphere,1.3438788365530026
268m-g084-ai-r1,paloma_mc4_en,1.027373402274556
268m-g084-ai-r1,paloma_programming,1.9204296493958224
268m-g084-ai-r1,paloma_ptb,1.1761342883095847
268m-g084-ai-r1,paloma_reddit_100,1.1908388215352708
268m-g084-ai-r1,paloma_redpajama,1.3643989482572896
268m-g084-ai-r1,paloma_twitteraae,2.4538481473103895
268m-g084-ai-r1,paloma_wikitext_103,0.9936071502442037
268m-g084-human-r0.25,c4,0.9123599290377207
268m-g084-human-r0.25,cosmopedia,0.6090735807634916
268m-g084-human-r0.25,fw22,0.891758581103265
268m-g084-human-r0.25,fw26,0.7787244909333075
268m-g084-human-r0.25,fw26_ai,0.6142876695571212
268m-g084-human-r0.25,fw26_human,0.8232901477776288
268m-g084-human-r0.25,paloma,1.2761668912271744
268m-g084-human-r0.25,paloma_4chan,1.3659480795876524
268m-g084-human-r0.25,paloma_c4,0.9309505397404567
268m-g084-human-r0.25,paloma_c4_100_domains,0.9048191877415475
268m-g084-human-r0.25,paloma_dolma,1.1614076100364938
268m-g084-human-r0.25,paloma_falcon_refinedweb,1.0298943743641809
268m-g084-human-r0.25,paloma_gab,1.7697359664859482
268m-g084-human-r0.25,paloma_m2d2_s2orc,1.0889688585288957
268m-g084-human-r0.25,paloma_m2d2_wikipedia,1.0005141902066532
268m-g084-human-r0.25,paloma_manosphere,1.3117834381900129
268m-g084-human-r0.25,paloma_mc4_en,1.0125454246952899
268m-g084-human-r0.25,paloma_programming,1.8493956309710158
268m-g084-human-r0.25,paloma_ptb,1.136291922792022
268m-g084-human-r0.25,paloma_reddit_100,1.1623625548502359
268m-g084-human-r0.25,paloma_redpajama,1.328108406399037
268m-g084-human-r0.25,paloma_twitteraae,2.388120876103477
268m-g084-human-r0.25,paloma_wikitext_103,0.9778231989418732
268m-g085-control,c4,0.9154353048868918
268m-g085-control,cosmopedia,0.6124596287729684
268m-g085-control,fw22,0.8948193953283723
268m-g085-control,fw26,0.782024018052788
268m-g085-control,fw26_ai,0.6173956697152622
268m-g085-control,fw26_human,0.8266865572253803
268m-g085-control,paloma,1.280559730570486
268m-g085-control,paloma_4chan,1.3908614897933578
268m-g085-control,paloma_c4,0.9338068202454296
268m-g085-control,paloma_c4_100_domains,0.9080958408370223
268m-g085-control,paloma_dolma,1.1634692154775654
268m-g085-control,paloma_falcon_refinedweb,1.0309418840196465
268m-g085-control,paloma_gab,1.7752435034390992
268m-g085-control,paloma_m2d2_s2orc,1.0912978327301108
268m-g085-control,paloma_m2d2_wikipedia,1.000405468912506
268m-g085-control,paloma_manosphere,1.3190859929430832
268m-g085-control,paloma_mc4_en,1.0139076361336807
268m-g085-control,paloma_programming,1.8712366482109133
268m-g085-control,paloma_ptb,1.1349226873262064
268m-g085-control,paloma_reddit_100,1.1662930841649004
268m-g085-control,paloma_redpajama,1.3253990153780693
268m-g085-control,paloma_twitteraae,2.3884912104902893
268m-g085-control,paloma_wikitext_103,0.9754973590258951
268m-g085-ai-r0.05,c4,0.9154194202336616
268m-g085-ai-r0.05,cosmopedia,0.5778468655062756
268m-g085-ai-r0.05,fw22,0.8948756552526071
268m-g085-ai-r0.05,fw26,0.7733287360697245
268m-g085-ai-r0.05,fw26_ai,0.5773887332313986
268m-g085-ai-r0.05,fw26_human,0.8263173294809397
268m-g085-ai-r0.05,paloma,1.2808153962238187
268m-g085-ai-r0.05,paloma_4chan,1.399781506856683
268m-g085-ai-r0.05,paloma_c4,0.9344257794931683
268m-g085-ai-r0.05,paloma_c4_100_domains,0.9084789535454745
268m-g085-ai-r0.05,paloma_dolma,1.162288129865155
268m-g085-ai-r0.05,paloma_falcon_refinedweb,1.030143151108212
268m-g085-ai-r0.05,paloma_gab,1.7680983290889731
268m-g085-ai-r0.05,paloma_m2d2_s2orc,1.0936662528337147
268m-g085-ai-r0.05,paloma_m2d2_wikipedia,0.9950280320077217
268m-g085-ai-r0.05,paloma_manosphere,1.3095641564059342
268m-g085-ai-r0.05,paloma_mc4_en,1.0140530730570125
268m-g085-ai-r0.05,paloma_programming,1.8729600739419567
268m-g085-ai-r0.05,paloma_ptb,1.1371525282960582
268m-g085-ai-r0.05,paloma_reddit_100,1.1627741870003117
268m-g085-ai-r0.05,paloma_redpajama,1.3223633871449718
268m-g085-ai-r0.05,paloma_twitteraae,2.3998555584102688
268m-g085-ai-r0.05,paloma_wikitext_103,0.9824132405254821
268m-g085-ai-r0.1,c4,0.9159029239502549
268m-g085-ai-r0.1,cosmopedia,0.5688914906381897
268m-g085-ai-r0.1,fw22,0.895420641968843
268m-g085-ai-r0.1,fw26,0.7705319364212707
268m-g085-ai-r0.1,fw26_ai,0.5630110341410715
268m-g085-ai-r0.1,fw26_human,0.826657278056626
268m-g085-ai-r0.1,paloma,1.2968807487002243
268m-g085-ai-r0.1,paloma_4chan,1.4074046867820817
268m-g085-ai-r0.1,paloma_c4,0.9372889789310909
268m-g085-ai-r0.1,paloma_c4_100_domains,0.9110403516794592
268m-g085-ai-r0.1,paloma_dolma,1.1824877311931723
268m-g085-ai-r0.1,paloma_falcon_refinedweb,1.038289462075385
268m-g085-ai-r0.1,paloma_gab,1.7800717600302085
268m-g085-ai-r0.1,paloma_m2d2_s2orc,1.1192088113755825
268m-g085-ai-r0.1,paloma_m2d2_wikipedia,1.0332380589632058
268m-g085-ai-r0.1,paloma_manosphere,1.3356448333665143
268m-g085-ai-r0.1,paloma_mc4_en,1.022849641624485
268m-g085-ai-r0.1,paloma_programming,1.9068744469647614
268m-g085-ai-r0.1,paloma_ptb,1.163828070822363
268m-g085-ai-r0.1,paloma_reddit_100,1.1710768574299824
268m-g085-ai-r0.1,paloma_redpajama,1.3445539156106252
268m-g085-ai-r0.1,paloma_twitteraae,2.4036971755762746
268m-g085-ai-r0.1,paloma_wikitext_103,0.9925371967783986
268m-g085-ai-r0.25,c4,0.9177323217727416
268m-g085-ai-r0.25,cosmopedia,0.5591462300156763
268m-g085-ai-r0.25,fw22,0.8970358548064097
268m-g085-ai-r0.25,fw26,0.7672682315771585
268m-g085-ai-r0.25,fw26_ai,0.5416102059206881
268m-g085-ai-r0.25,fw26_human,0.8282595223852615
268m-g085-ai-r0.25,paloma,1.286855246694722
268m-g085-ai-r0.25,paloma_4chan,1.3705652575688358
268m-g085-ai-r0.25,paloma_c4,0.9358904541267256
268m-g085-ai-r0.25,paloma_c4_100_domains,0.9114235836373541
268m-g085-ai-r0.25,paloma_dolma,1.1739107607384167
268m-g085-ai-r0.25,paloma_falcon_refinedweb,1.035659009620511
268m-g085-ai-r0.25,paloma_gab,1.7952779189847219
268m-g085-ai-r0.25,paloma_m2d2_s2orc,1.0946933482666803
268m-g085-ai-r0.25,paloma_m2d2_wikipedia,0.9998645879844871
268m-g085-ai-r0.25,paloma_manosphere,1.326172098599896
268m-g085-ai-r0.25,paloma_mc4_en,1.0157079520999144
268m-g085-ai-r0.25,paloma_programming,1.8915961036105597
268m-g085-ai-r0.25,paloma_ptb,1.1337892017489999
268m-g085-ai-r0.25,paloma_reddit_100,1.1701158235094036
268m-g085-ai-r0.25,paloma_redpajama,1.3391680184919323
268m-g085-ai-r0.25,paloma_twitteraae,2.4179812777990843
268m-g085-ai-r0.25,paloma_wikitext_103,0.977868550328032
268m-g085-ai-r0.5,c4,0.9204735406954004
268m-g085-ai-r0.5,cosmopedia,0.5467629453550622
268m-g085-ai-r0.5,fw22,0.8998666917215985
268m-g085-ai-r0.5,fw26,0.7658448453827044
268m-g085-ai-r0.5,fw26_ai,0.524375089238273
268m-g085-ai-r0.5,fw26_human,0.8311168602814124
268m-g085-ai-r0.5,paloma,1.2924884947591484
268m-g085-ai-r0.5,paloma_4chan,1.3851350986472313
268m-g085-ai-r0.5,paloma_c4,0.9388457336485172
268m-g085-ai-r0.5,paloma_c4_100_domains,0.9152435030765883
268m-g085-ai-r0.5,paloma_dolma,1.1804330643703307
268m-g085-ai-r0.5,paloma_falcon_refinedweb,1.0355924229219862
268m-g085-ai-r0.5,paloma_gab,1.804877501600077
268m-g085-ai-r0.5,paloma_m2d2_s2orc,1.099290800493627
268m-g085-ai-r0.5,paloma_m2d2_wikipedia,1.0068339385300755
268m-g085-ai-r0.5,paloma_manosphere,1.3283635485063812
268m-g085-ai-r0.5,paloma_mc4_en,1.0206877368442526
268m-g085-ai-r0.5,paloma_programming,1.894412479583928
268m-g085-ai-r0.5,paloma_ptb,1.1453979948318356
268m-g085-ai-r0.5,paloma_reddit_100,1.1813312009265302
268m-g085-ai-r0.5,paloma_redpajama,1.3398958946264286
268m-g085-ai-r0.5,paloma_twitteraae,2.4222077232863226
268m-g085-ai-r0.5,paloma_wikitext_103,0.9812672742522646
268m-g085-ai-r1,c4,0.9264041918441106
268m-g085-ai-r1,cosmopedia,0.5364241568975514
268m-g085-ai-r1,fw22,0.9056953696873182
268m-g085-ai-r1,fw26,0.7670498348219674
268m-g085-ai-r1,fw26_ai,0.5089060995840969
268m-g085-ai-r1,fw26_human,0.8368353161575689
268m-g085-ai-r1,paloma,1.3097498046784395
268m-g085-ai-r1,paloma_4chan,1.5074144203419269
268m-g085-ai-r1,paloma_c4,0.9435877406642051
268m-g085-ai-r1,paloma_c4_100_domains,0.921348147400371
268m-g085-ai-r1,paloma_dolma,1.185729063983683
268m-g085-ai-r1,paloma_falcon_refinedweb,1.042253120060146
268m-g085-ai-r1,paloma_gab,1.8304316803072205
268m-g085-ai-r1,paloma_m2d2_s2orc,1.0977993750018316
268m-g085-ai-r1,paloma_m2d2_wikipedia,1.004325478375608
268m-g085-ai-r1,paloma_manosphere,1.3519131642162505
268m-g085-ai-r1,paloma_mc4_en,1.0210393854305884
268m-g085-ai-r1,paloma_programming,1.9194260737136064
268m-g085-ai-r1,paloma_ptb,1.1530268522054774
268m-g085-ai-r1,paloma_reddit_100,1.1923770412720145
268m-g085-ai-r1,paloma_redpajama,1.3490134489568184
268m-g085-ai-r1,paloma_twitteraae,2.45213159484115
268m-g085-ai-r1,paloma_wikitext_103,0.9841802880841358
268m-g085-human-r0.25,c4,0.9116076444809453
268m-g085-human-r0.25,cosmopedia,0.6127181942165632
268m-g085-human-r0.25,fw22,0.8909327330610594
268m-g085-human-r0.25,fw26,0.77807415075265
268m-g085-human-r0.25,fw26_ai,0.6139194845372135
268m-g085-human-r0.25,fw26_human,0.822598248642344
268m-g085-human-r0.25,paloma,1.2841066231394107
268m-g085-human-r0.25,paloma_4chan,1.4728387444654356
268m-g085-human-r0.25,paloma_c4,0.9301372908030138
268m-g085-human-r0.25,paloma_c4_100_domains,0.9036595134777194
268m-g085-human-r0.25,paloma_dolma,1.1660989335813212
268m-g085-human-r0.25,paloma_falcon_refinedweb,1.0264251617799864
268m-g085-human-r0.25,paloma_gab,1.769939530276328
268m-g085-human-r0.25,paloma_m2d2_s2orc,1.0860790610462319
268m-g085-human-r0.25,paloma_m2d2_wikipedia,0.9999620557575251
268m-g085-human-r0.25,paloma_manosphere,1.327519647223957
268m-g085-human-r0.25,paloma_mc4_en,1.0090984828427356
268m-g085-human-r0.25,paloma_programming,1.8746306512074165
268m-g085-human-r0.25,paloma_ptb,1.1260318124760313
268m-g085-human-r0.25,paloma_reddit_100,1.1646394468932646
268m-g085-human-r0.25,paloma_redpajama,1.3259694914432845
268m-g085-human-r0.25,paloma_twitteraae,2.393112667006838
268m-g085-human-r0.25,paloma_wikitext_103,0.9695634799494852
268m-g086-control,c4,0.9115144709165898
268m-g086-control,cosmopedia,0.6111663082936079
268m-g086-control,fw22,0.8907152362502787
268m-g086-control,fw26,0.7776390720633264
268m-g086-control,fw26_ai,0.6131768483248092
268m-g086-control,fw26_human,0.8222758407005819
268m-g086-control,paloma,1.2794602566112667
268m-g086-control,paloma_4chan,1.452502284023067
268m-g086-control,paloma_c4,0.9303370526945637
268m-g086-control,paloma_c4_100_domains,0.903833761821668
268m-g086-control,paloma_dolma,1.1573115551133333
268m-g086-control,paloma_falcon_refinedweb,1.027471174922134
268m-g086-control,paloma_gab,1.7677557063931086
268m-g086-control,paloma_m2d2_s2orc,1.0885486852296242
268m-g086-control,paloma_m2d2_wikipedia,0.9977791065111361
268m-g086-control,paloma_manosphere,1.3033492758355851
268m-g086-control,paloma_mc4_en,1.0096056144008678
268m-g086-control,paloma_programming,1.8595633431113763
268m-g086-control,paloma_ptb,1.1303309070723337
268m-g086-control,paloma_reddit_100,1.159753699440687
268m-g086-control,paloma_redpajama,1.3169226908999365
268m-g086-control,paloma_twitteraae,2.394062872747044
268m-g086-control,paloma_wikitext_103,0.9722363755638023
268m-g086-ai-r0.05,c4,0.9116768707947533
268m-g086-ai-r0.05,cosmopedia,0.5744598937167846
268m-g086-ai-r0.05,fw22,0.8909822239861896
268m-g086-ai-r0.05,fw26,0.7692473884527868
268m-g086-ai-r0.05,fw26_ai,0.5737994008462107
268m-g086-ai-r0.05,fw26_human,0.8221091749501009
268m-g086-ai-r0.05,paloma,1.2763214135547323
268m-g086-ai-r0.05,paloma_4chan,1.3648761131261578
268m-g086-ai-r0.05,paloma_c4,0.9297150478195894
268m-g086-ai-r0.05,paloma_c4_100_domains,0.904276776010734
268m-g086-ai-r0.05,paloma_dolma,1.1615537313563173
268m-g086-ai-r0.05,paloma_falcon_refinedweb,1.024751333097386
268m-g086-ai-r0.05,paloma_gab,1.7669278533861172
268m-g086-ai-r0.05,paloma_m2d2_s2orc,1.0869217803553575
268m-g086-ai-r0.05,paloma_m2d2_wikipedia,0.9888095686565559
268m-g086-ai-r0.05,paloma_manosphere,1.3139410947784718
268m-g086-ai-r0.05,paloma_mc4_en,1.0093081258015277
268m-g086-ai-r0.05,paloma_programming,1.8732776404409026
268m-g086-ai-r0.05,paloma_ptb,1.1421545590287754
268m-g086-ai-r0.05,paloma_reddit_100,1.1613746234319655
268m-g086-ai-r0.05,paloma_redpajama,1.321141222439659
268m-g086-ai-r0.05,paloma_twitteraae,2.4011736955609027
268m-g086-ai-r0.05,paloma_wikitext_103,0.9709394515852963
268m-g086-ai-r0.1,c4,0.9121450116310783
268m-g086-ai-r0.1,cosmopedia,0.5641776965921328
268m-g086-ai-r0.1,fw22,0.8914291867886566
268m-g086-ai-r0.1,fw26,0.7664088563341669
268m-g086-ai-r0.1,fw26_ai,0.5591340099222698
268m-g086-ai-r0.1,fw26_human,0.8224528503725276
268m-g086-ai-r0.1,paloma,1.283001624024111
268m-g086-ai-r0.1,paloma_4chan,1.4651034421784705
268m-g086-ai-r0.1,paloma_c4,0.9298695283615508
268m-g086-ai-r0.1,paloma_c4_100_domains,0.9042950509892168
268m-g086-ai-r0.1,paloma_dolma,1.1616242716943905
268m-g086-ai-r0.1,paloma_falcon_refinedweb,1.025739869649079
268m-g086-ai-r0.1,paloma_gab,1.778560905122525
268m-g086-ai-r0.1,paloma_m2d2_s2orc,1.082360025162625
268m-g086-ai-r0.1,paloma_m2d2_wikipedia,0.9847318419104872
268m-g086-ai-r0.1,paloma_manosphere,1.321701148659986
268m-g086-ai-r0.1,paloma_mc4_en,1.0063845803895026
268m-g086-ai-r0.1,paloma_programming,1.8886294508574162
268m-g086-ai-r0.1,paloma_ptb,1.1294436732772442
268m-g086-ai-r0.1,paloma_reddit_100,1.16441710210892
268m-g086-ai-r0.1,paloma_redpajama,1.3199625560600008
268m-g086-ai-r0.1,paloma_twitteraae,2.4032986764189577
268m-g086-ai-r0.1,paloma_wikitext_103,0.9619038615454046
268m-g086-ai-r0.25,c4,0.9139130774989417
268m-g086-ai-r0.25,cosmopedia,0.55201195283981
268m-g086-ai-r0.25,fw22,0.8929615853883609
268m-g086-ai-r0.25,fw26,0.7629719522421675
268m-g086-ai-r0.25,fw26_ai,0.5375773248728413
268m-g086-ai-r0.25,fw26_human,0.8239445953496417
268m-g086-ai-r0.25,paloma,1.2864025147758533
268m-g086-ai-r0.25,paloma_4chan,1.4420858491028283
268m-g086-ai-r0.25,paloma_c4,0.9346803393305777
268m-g086-ai-r0.25,paloma_c4_100_domains,0.9092190062507016
268m-g086-ai-r0.25,paloma_dolma,1.1694007737783492
268m-g086-ai-r0.25,paloma_falcon_refinedweb,1.0308496923481467
268m-g086-ai-r0.25,paloma_gab,1.778087998401709
268m-g086-ai-r0.25,paloma_m2d2_s2orc,1.1058312443392566
268m-g086-ai-r0.25,paloma_m2d2_wikipedia,1.0062107553788504
268m-g086-ai-r0.25,paloma_manosphere,1.310246748814364
268m-g086-ai-r0.25,paloma_mc4_en,1.0177166278394718
268m-g086-ai-r0.25,paloma_programming,1.841163557302647
268m-g086-ai-r0.25,paloma_ptb,1.1509468147554924
268m-g086-ai-r0.25,paloma_reddit_100,1.1684018485583045
268m-g086-ai-r0.25,paloma_redpajama,1.3291483796782164
268m-g086-ai-r0.25,paloma_twitteraae,2.402188077600989
268m-g086-ai-r0.25,paloma_wikitext_103,0.9862625229337472
268m-g086-ai-r0.5,c4,0.917189984789921
268m-g086-ai-r0.5,cosmopedia,0.5439064622326505
268m-g086-ai-r0.5,fw22,0.8961693593203187
268m-g086-ai-r0.5,fw26,0.7620343578716952
268m-g086-ai-r0.5,fw26_ai,0.5212195566399409
268m-g086-ai-r0.5,fw26_human,0.8271770805095037
268m-g086-ai-r0.5,paloma,1.2960739165386674
268m-g086-ai-r0.5,paloma_4chan,1.475557219477788
268m-g086-ai-r0.5,paloma_c4,0.9357996164136914
268m-g086-ai-r0.5,paloma_c4_100_domains,0.9117597461141087
268m-g086-ai-r0.5,paloma_dolma,1.1790232234557754
268m-g086-ai-r0.5,paloma_falcon_refinedweb,1.0312861572655105
268m-g086-ai-r0.5,paloma_gab,1.7990264967079983
268m-g086-ai-r0.5,paloma_m2d2_s2orc,1.097807979093002
268m-g086-ai-r0.5,paloma_m2d2_wikipedia,0.9995382707777323
268m-g086-ai-r0.5,paloma_manosphere,1.342490256081486
268m-g086-ai-r0.5,paloma_mc4_en,1.017071792936184
268m-g086-ai-r0.5,paloma_programming,1.8826242788302892
268m-g086-ai-r0.5,paloma_ptb,1.1437589241371413
268m-g086-ai-r0.5,paloma_reddit_100,1.176357301039443
268m-g086-ai-r0.5,paloma_redpajama,1.3432901404543187
268m-g086-ai-r0.5,paloma_twitteraae,2.4224616523154046
268m-g086-ai-r0.5,paloma_wikitext_103,0.9793296095188063
268m-g086-ai-r1,c4,0.9232872546031582
268m-g086-ai-r1,cosmopedia,0.5355453785515019
268m-g086-ai-r1,fw22,0.902488630797888
268m-g086-ai-r1,fw26,0.7638815127891532
268m-g086-ai-r1,fw26_ai,0.5059698785377055
268m-g086-ai-r1,fw26_human,0.8336341585514864
268m-g086-ai-r1,paloma,1.3116905708769426
268m-g086-ai-r1,paloma_4chan,1.4501250343414593
268m-g086-ai-r1,paloma_c4,0.942059228923742
268m-g086-ai-r1,paloma_c4_100_domains,0.9193251608413994
268m-g086-ai-r1,paloma_dolma,1.1931450722894013
268m-g086-ai-r1,paloma_falcon_refinedweb,1.0398381743492109
268m-g086-ai-r1,paloma_gab,1.8262864431661292
268m-g086-ai-r1,paloma_m2d2_s2orc,1.1112618735417472
268m-g086-ai-r1,paloma_m2d2_wikipedia,1.0149947288299095
268m-g086-ai-r1,paloma_manosphere,1.351152356543245
268m-g086-ai-r1,paloma_mc4_en,1.0273575360819889
268m-g086-ai-r1,paloma_programming,1.9360893050587507
268m-g086-ai-r1,paloma_ptb,1.181568884282787
268m-g086-ai-r1,paloma_reddit_100,1.1849016312532088
268m-g086-ai-r1,paloma_redpajama,1.3590617067212964
268m-g086-ai-r1,paloma_twitteraae,2.4556561107111237
268m-g086-ai-r1,paloma_wikitext_103,0.9942258870956803
268m-g086-human-r0.25,c4,0.9083919639761939
268m-g086-human-r0.25,cosmopedia,0.6099758636354844
268m-g086-human-r0.25,fw22,0.8874195838942319
268m-g086-human-r0.25,fw26,0.7739131535078316
268m-g086-human-r0.25,fw26_ai,0.609884485339495
268m-g086-human-r0.25,fw26_human,0.8184179756816354
268m-g086-human-r0.25,paloma,1.273288904130423
268m-g086-human-r0.25,paloma_4chan,1.449498907743087
268m-g086-human-r0.25,paloma_c4,0.9269447099981474
268m-g086-human-r0.25,paloma_c4_100_domains,0.9000119485746219
268m-g086-human-r0.25,paloma_dolma,1.152466776643206
268m-g086-human-r0.25,paloma_falcon_refinedweb,1.0226288941576867
268m-g086-human-r0.25,paloma_gab,1.7651597716196745
268m-g086-human-r0.25,paloma_m2d2_s2orc,1.0827342434018656
268m-g086-human-r0.25,paloma_m2d2_wikipedia,0.9963725523493595
268m-g086-human-r0.25,paloma_manosphere,1.318924441795171
268m-g086-human-r0.25,paloma_mc4_en,1.0029818806381525
268m-g086-human-r0.25,paloma_programming,1.7969598768207278
268m-g086-human-r0.25,paloma_ptb,1.1297967765396084
268m-g086-human-r0.25,paloma_reddit_100,1.1591051346319092
268m-g086-human-r0.25,paloma_redpajama,1.3152113776983925
268m-g086-human-r0.25,paloma_twitteraae,2.3844822317460457
268m-g086-human-r0.25,paloma_wikitext_103,0.9693429417291095
268m-g087-control,c4,0.9110379173911309
268m-g087-control,cosmopedia,0.6115110627311844
268m-g087-control,fw22,0.8902418273338963
268m-g087-control,fw26,0.7773489717656982
268m-g087-control,fw26_ai,0.6134601876522001
268m-g087-control,fw26_human,0.8218255582064616
268m-g087-control,paloma,1.2810019108023365
268m-g087-control,paloma_4chan,1.4536466392532388
268m-g087-control,paloma_c4,0.9290197293379311
268m-g087-control,paloma_c4_100_domains,0.9029153676409991
268m-g087-control,paloma_dolma,1.1606098049989042
268m-g087-control,paloma_falcon_refinedweb,1.0257770397629904
268m-g087-control,paloma_gab,1.768994458509698
268m-g087-control,paloma_m2d2_s2orc,1.083661049078938
268m-g087-control,paloma_m2d2_wikipedia,0.9955677349727003
268m-g087-control,paloma_manosphere,1.3252288083999564
268m-g087-control,paloma_mc4_en,1.0077449746890177
268m-g087-control,paloma_programming,1.8722166958852984
268m-g087-control,paloma_ptb,1.1263079629375155
268m-g087-control,paloma_reddit_100,1.1626790455527076
268m-g087-control,paloma_redpajama,1.3208817938290276
268m-g087-control,paloma_twitteraae,2.3878033291370433
268m-g087-control,paloma_wikitext_103,0.9729761388514154
268m-g087-ai-r0.05,c4,0.9111804504585904
268m-g087-ai-r0.05,cosmopedia,0.5780840217134715
268m-g087-ai-r0.05,fw22,0.8903762686952654
268m-g087-ai-r0.05,fw26,0.7686790355187009
268m-g087-ai-r0.05,fw26_ai,0.5729861395222368
268m-g087-ai-r0.05,fw26_human,0.8216218040991862
268m-g087-ai-r0.05,paloma,1.2723180670577112
268m-g087-ai-r0.05,paloma_4chan,1.3737235108064325
268m-g087-ai-r0.05,paloma_c4,0.929453043839461
268m-g087-ai-r0.05,paloma_c4_100_domains,0.9034144670311611
268m-g087-ai-r0.05,paloma_dolma,1.1572809622765952
268m-g087-ai-r0.05,paloma_falcon_refinedweb,1.024302370195601
268m-g087-ai-r0.05,paloma_gab,1.761581131200049
268m-g087-ai-r0.05,paloma_m2d2_s2orc,1.084197751748953
268m-g087-ai-r0.05,paloma_m2d2_wikipedia,0.9897048829399372
268m-g087-ai-r0.05,paloma_manosphere,1.3048708047509594
268m-g087-ai-r0.05,paloma_mc4_en,1.0065026826393215
268m-g087-ai-r0.05,paloma_programming,1.8542181514385079
268m-g087-ai-r0.05,paloma_ptb,1.1383776693250547
268m-g087-ai-r0.05,paloma_reddit_100,1.1623494966697996
268m-g087-ai-r0.05,paloma_redpajama,1.3104782197520155
268m-g087-ai-r0.05,paloma_twitteraae,2.3841723132398807
268m-g087-ai-r0.05,paloma_wikitext_103,0.9724616150696498
268m-g087-ai-r0.1,c4,0.9118660346210559
268m-g087-ai-r0.1,cosmopedia,0.5661037341885772
268m-g087-ai-r0.1,fw22,0.8909319703237577
268m-g087-ai-r0.1,fw26,0.7660279389894982
268m-g087-ai-r0.1,fw26_ai,0.5590722728608198
268m-g087-ai-r0.1,fw26_human,0.8219750726505096
268m-g087-ai-r0.1,paloma,1.2835707820302318
268m-g087-ai-r0.1,paloma_4chan,1.5031304532778884
268m-g087-ai-r0.1,paloma_c4,0.9306117000218574
268m-g087-ai-r0.1,paloma_c4_100_domains,0.9050461885130894
268m-g087-ai-r0.1,paloma_dolma,1.1637236529928947
268m-g087-ai-r0.1,paloma_falcon_refinedweb,1.0301369772987252
268m-g087-ai-r0.1,paloma_gab,1.7773815488540754
268m-g087-ai-r0.1,paloma_m2d2_s2orc,1.0911284468354965
268m-g087-ai-r0.1,paloma_m2d2_wikipedia,0.995787114802355
268m-g087-ai-r0.1,paloma_manosphere,1.3180073430593797
268m-g087-ai-r0.1,paloma_mc4_en,1.006660152132554
268m-g087-ai-r0.1,paloma_programming,1.8195983763686612
268m-g087-ai-r0.1,paloma_ptb,1.1297252931812527
268m-g087-ai-r0.1,paloma_reddit_100,1.1659061344448505
268m-g087-ai-r0.1,paloma_redpajama,1.325873288766751
268m-g087-ai-r0.1,paloma_twitteraae,2.400189126377845
268m-g087-ai-r0.1,paloma_wikitext_103,0.9742267155560321
268m-g087-ai-r0.25,c4,0.9131771488186685
268m-g087-ai-r0.25,cosmopedia,0.5517265236052901
268m-g087-ai-r0.25,fw22,0.8923102231225364
268m-g087-ai-r0.25,fw26,0.762290093665929
268m-g087-ai-r0.25,fw26_ai,0.536866583598611
268m-g087-ai-r0.25,fw26_human,0.8232080347537328
268m-g087-ai-r0.25,paloma,1.2805611597493316
268m-g087-ai-r0.25,paloma_4chan,1.367163295935515
268m-g087-ai-r0.25,paloma_c4,0.9336179831358831
268m-g087-ai-r0.25,paloma_c4_100_domains,0.9079007087493979
268m-g087-ai-r0.25,paloma_dolma,1.170260095952381
268m-g087-ai-r0.25,paloma_falcon_refinedweb,1.0291673417800455
268m-g087-ai-r0.25,paloma_gab,1.7757854208886172
268m-g087-ai-r0.25,paloma_m2d2_s2orc,1.1035098729142805
268m-g087-ai-r0.25,paloma_m2d2_wikipedia,0.9996296440693069
268m-g087-ai-r0.25,paloma_manosphere,1.3081975254460136
268m-g087-ai-r0.25,paloma_mc4_en,1.0131716051750952
268m-g087-ai-r0.25,paloma_programming,1.834859480683221
268m-g087-ai-r0.25,paloma_ptb,1.1579238499066216
268m-g087-ai-r0.25,paloma_reddit_100,1.1652889086727922
268m-g087-ai-r0.25,paloma_redpajama,1.3324372803506281
268m-g087-ai-r0.25,paloma_twitteraae,2.4039451035178483
268m-g087-ai-r0.25,paloma_wikitext_103,0.9861204388116549
268m-g087-ai-r0.5,c4,0.9167176056046586
268m-g087-ai-r0.5,cosmopedia,0.550248803251441
268m-g087-ai-r0.5,fw22,0.8956072654287288
268m-g087-ai-r0.5,fw26,0.761628636354119
268m-g087-ai-r0.5,fw26_ai,0.5209054899253177
268m-g087-ai-r0.5,fw26_human,0.8267380049253897
268m-g087-ai-r0.5,paloma,1.3035607680452388
268m-g087-ai-r0.5,paloma_4chan,1.4094507758030967
268m-g087-ai-r0.5,paloma_c4,0.9370064969662187
268m-g087-ai-r0.5,paloma_c4_100_domains,0.9119638623793183
268m-g087-ai-r0.5,paloma_dolma,1.1928914584993748
268m-g087-ai-r0.5,paloma_falcon_refinedweb,1.0342866996865108
268m-g087-ai-r0.5,paloma_gab,1.8100878550584263
268m-g087-ai-r0.5,paloma_m2d2_s2orc,1.11513399784921
268m-g087-ai-r0.5,paloma_m2d2_wikipedia,1.0189461706106695
268m-g087-ai-r0.5,paloma_manosphere,1.3486925052167944
268m-g087-ai-r0.5,paloma_mc4_en,1.0217767723156188
268m-g087-ai-r0.5,paloma_programming,1.9234968540865625
268m-g087-ai-r0.5,paloma_ptb,1.1739299197176758
268m-g087-ai-r0.5,paloma_reddit_100,1.18492540192426
268m-g087-ai-r0.5,paloma_redpajama,1.358797611023805
268m-g087-ai-r0.5,paloma_twitteraae,2.4237106359078258
268m-g087-ai-r0.5,paloma_wikitext_103,0.9918752716784525
268m-g087-ai-r1,c4,0.9227026219277953
268m-g087-ai-r1,cosmopedia,0.5321485944975044
268m-g087-ai-r1,fw22,0.9017603121543672
268m-g087-ai-r1,fw26,0.7630269661619661
268m-g087-ai-r1,fw26_ai,0.5050332348590386
268m-g087-ai-r1,fw26_human,0.8328129126337512
268m-g087-ai-r1,paloma,1.2929808353795633
268m-g087-ai-r1,paloma_4chan,1.354978668632361
268m-g087-ai-r1,paloma_c4,0.9409738830906742
268m-g087-ai-r1,paloma_c4_100_domains,0.9180005697153409
268m-g087-ai-r1,paloma_dolma,1.1829182566110936
268m-g087-ai-r1,paloma_falcon_refinedweb,1.0333759969120413
268m-g087-ai-r1,paloma_gab,1.8222003938335374
268m-g087-ai-r1,paloma_m2d2_s2orc,1.1003885207473219
268m-g087-ai-r1,paloma_m2d2_wikipedia,0.9950767209408253
268m-g087-ai-r1,paloma_manosphere,1.3173400193237832
268m-g087-ai-r1,paloma_mc4_en,1.0210263171677332
268m-g087-ai-r1,paloma_programming,1.8954799743692783
268m-g087-ai-r1,paloma_ptb,1.1456334064044125
268m-g087-ai-r1,paloma_reddit_100,1.1858044553953602
268m-g087-ai-r1,paloma_redpajama,1.3465803724273222
268m-g087-ai-r1,paloma_twitteraae,2.4464356099891225
268m-g087-ai-r1,paloma_wikitext_103,0.9814802005128037
268m-g087-human-r0.25,c4,0.9082866962028613
268m-g087-human-r0.25,cosmopedia,0.6087651998755328
268m-g087-human-r0.25,fw22,0.8871921192046194
268m-g087-human-r0.25,fw26,0.7739294085260353
268m-g087-human-r0.25,fw26_ai,0.610181268709253
268m-g087-human-r0.25,fw26_human,0.8183443218858658
268m-g087-human-r0.25,paloma,1.2750201994588741
268m-g087-human-r0.25,paloma_4chan,1.4195812689832268
268m-g087-human-r0.25,paloma_c4,0.9278738065453083
268m-g087-human-r0.25,paloma_c4_100_domains,0.9003445754620056
268m-g087-human-r0.25,paloma_dolma,1.158470111721412
268m-g087-human-r0.25,paloma_falcon_refinedweb,1.0240604301849234
268m-g087-human-r0.25,paloma_gab,1.7628660202105708
268m-g087-human-r0.25,paloma_m2d2_s2orc,1.0865653014558705
268m-g087-human-r0.25,paloma_m2d2_wikipedia,0.9911439878975238
268m-g087-human-r0.25,paloma_manosphere,1.312614409237607
268m-g087-human-r0.25,paloma_mc4_en,1.0059899023979606
268m-g087-human-r0.25,paloma_programming,1.840817624612081
268m-g087-human-r0.25,paloma_ptb,1.1325354448222589
268m-g087-human-r0.25,paloma_reddit_100,1.1580970742412238
268m-g087-human-r0.25,paloma_redpajama,1.3179380588056036
268m-g087-human-r0.25,paloma_twitteraae,2.388055958280648
268m-g087-human-r0.25,paloma_wikitext_103,0.9733692164837616
268m-g088-control,c4,0.9087194104704734
268m-g088-control,cosmopedia,0.6085704261283953
268m-g088-control,fw22,0.887681218963697
268m-g088-control,fw26,0.774248038757686
268m-g088-control,fw26_ai,0.6104048240420403
268m-g088-control,fw26_human,0.8186909333102435
268m-g088-control,paloma,1.276024620934849
268m-g088-control,paloma_4chan,1.402101828635582
268m-g088-control,paloma_c4,0.9275115255017298
268m-g088-control,paloma_c4_100_domains,0.9007173228769368
268m-g088-control,paloma_dolma,1.1577123714972248
268m-g088-control,paloma_falcon_refinedweb,1.0241898616166574
268m-g088-control,paloma_gab,1.7673810993024468
268m-g088-control,paloma_m2d2_s2orc,1.0870127963786897
268m-g088-control,paloma_m2d2_wikipedia,1.000130554575545
268m-g088-control,paloma_manosphere,1.3218686044910726
268m-g088-control,paloma_mc4_en,1.006832364143456
268m-g088-control,paloma_programming,1.847972313720025
268m-g088-control,paloma_ptb,1.1296742638463588
268m-g088-control,paloma_reddit_100,1.158363176726703
268m-g088-control,paloma_redpajama,1.3197069406946818
268m-g088-control,paloma_twitteraae,2.3955355370456637
268m-g088-control,paloma_wikitext_103,0.9696833739048107
268m-g088-ai-r0.05,c4,0.9086180450393145
268m-g088-ai-r0.05,cosmopedia,0.5782645563701917
268m-g088-ai-r0.05,fw22,0.8876016785130548
268m-g088-ai-r0.05,fw26,0.7654874452247798
268m-g088-ai-r0.05,fw26_ai,0.5700686765956504
268m-g088-ai-r0.05,fw26_human,0.8183090841407064
268m-g088-ai-r0.05,paloma,1.2823952929077982
268m-g088-ai-r0.05,paloma_4chan,1.5080589604374564
268m-g088-ai-r0.05,paloma_c4,0.9267812752966023
268m-g088-ai-r0.05,paloma_c4_100_domains,0.9005775959527886
268m-g088-ai-r0.05,paloma_dolma,1.1583737243045635
268m-g088-ai-r0.05,paloma_falcon_refinedweb,1.0207050752963382
268m-g088-ai-r0.05,paloma_gab,1.7610298942143718
268m-g088-ai-r0.05,paloma_m2d2_s2orc,1.081475178033718
268m-g088-ai-r0.05,paloma_m2d2_wikipedia,0.9860277052250007
268m-g088-ai-r0.05,paloma_manosphere,1.3103582982960824
268m-g088-ai-r0.05,paloma_mc4_en,1.004042772279236
268m-g088-ai-r0.05,paloma_programming,1.8979718773684653
268m-g088-ai-r0.05,paloma_ptb,1.133095033636426
268m-g088-ai-r0.05,paloma_reddit_100,1.1581798411851578
268m-g088-ai-r0.05,paloma_redpajama,1.3156556902090346
268m-g088-ai-r0.05,paloma_twitteraae,2.3902510806082895
268m-g088-ai-r0.05,paloma_wikitext_103,0.9657406841812389
268m-g088-ai-r0.1,c4,0.9095083371360323
268m-g088-ai-r0.1,cosmopedia,0.5633812217490232
268m-g088-ai-r0.1,fw22,0.8883104098679406
268m-g088-ai-r0.1,fw26,0.7628722883741011
268m-g088-ai-r0.1,fw26_ai,0.5558049610998733
268m-g088-ai-r0.1,fw26_human,0.8188541165076559
268m-g088-ai-r0.1,paloma,1.2918314491988878
268m-g088-ai-r0.1,paloma_4chan,1.545517703196457
268m-g088-ai-r0.1,paloma_c4,0.9273392209440593
268m-g088-ai-r0.1,paloma_c4_100_domains,0.9014704026219171
268m-g088-ai-r0.1,paloma_dolma,1.1673605879730893
268m-g088-ai-r0.1,paloma_falcon_refinedweb,1.0274778628947938
268m-g088-ai-r0.1,paloma_gab,1.7801353895130525
268m-g088-ai-r0.1,paloma_m2d2_s2orc,1.0837403221101711
268m-g088-ai-r0.1,paloma_m2d2_wikipedia,0.9956141459720937
268m-g088-ai-r0.1,paloma_manosphere,1.3479530307815764
268m-g088-ai-r0.1,paloma_mc4_en,1.0046267920889287
268m-g088-ai-r0.1,paloma_programming,1.8987882336061377
268m-g088-ai-r0.1,paloma_ptb,1.1299791147845955
268m-g088-ai-r0.1,paloma_reddit_100,1.1678902134835705
268m-g088-ai-r0.1,paloma_redpajama,1.3307172900977184
268m-g088-ai-r0.1,paloma_twitteraae,2.3924424838297265
268m-g088-ai-r0.1,paloma_wikitext_103,0.968250393284318
268m-g088-ai-r0.25,c4,0.911070386568223
268m-g088-ai-r0.25,cosmopedia,0.5541717417223964
268m-g088-ai-r0.25,fw22,0.8898147423417873
268m-g088-ai-r0.25,fw26,0.7595851669192597
268m-g088-ai-r0.25,fw26_ai,0.5342072706239966
268m-g088-ai-r0.25,fw26_human,0.8205198426117443
268m-g088-ai-r0.25,paloma,1.2896915461612117
268m-g088-ai-r0.25,paloma_4chan,1.5030165022481405
268m-g088-ai-r0.25,paloma_c4,0.9296029743989161
268m-g088-ai-r0.25,paloma_c4_100_domains,0.904676516225702
268m-g088-ai-r0.25,paloma_dolma,1.1676495725753557
268m-g088-ai-r0.25,paloma_falcon_refinedweb,1.0272180841179959
268m-g088-ai-r0.25,paloma_gab,1.7832296945975967
268m-g088-ai-r0.25,paloma_m2d2_s2orc,1.104118027347832
268m-g088-ai-r0.25,paloma_m2d2_wikipedia,1.0148548399651525
268m-g088-ai-r0.25,paloma_manosphere,1.3146629768485625
268m-g088-ai-r0.25,paloma_mc4_en,1.0106480591034455
268m-g088-ai-r0.25,paloma_programming,1.8443637735322183
268m-g088-ai-r0.25,paloma_ptb,1.1641113259205285
268m-g088-ai-r0.25,paloma_reddit_100,1.167955780344569
268m-g088-ai-r0.25,paloma_redpajama,1.3232952234362938
268m-g088-ai-r0.25,paloma_twitteraae,2.4006973429137712
268m-g088-ai-r0.25,paloma_wikitext_103,0.9749640450033059
268m-g088-ai-r0.5,c4,0.9144854458491877
268m-g088-ai-r0.5,cosmopedia,0.5445817536092471
268m-g088-ai-r0.5,fw22,0.8933929474883862
268m-g088-ai-r0.5,fw26,0.758962101600005
268m-g088-ai-r0.5,fw26_ai,0.5180956356953168
268m-g088-ai-r0.5,fw26_human,0.8240887811068744
268m-g088-ai-r0.5,paloma,1.303134292003782
268m-g088-ai-r0.5,paloma_4chan,1.40338436768236
268m-g088-ai-r0.5,paloma_c4,0.9334199967356575
268m-g088-ai-r0.5,paloma_c4_100_domains,0.9090711065558263
268m-g088-ai-r0.5,paloma_dolma,1.1911086403752886
268m-g088-ai-r0.5,paloma_falcon_refinedweb,1.0307812884262224
268m-g088-ai-r0.5,paloma_gab,1.7991511859142366
268m-g088-ai-r0.5,paloma_m2d2_s2orc,1.1139665713567781
268m-g088-ai-r0.5,paloma_m2d2_wikipedia,1.0193814243860377
268m-g088-ai-r0.5,paloma_manosphere,1.3439661941688181
268m-g088-ai-r0.5,paloma_mc4_en,1.0192051084342477
268m-g088-ai-r0.5,paloma_programming,1.9794087694209217
268m-g088-ai-r0.5,paloma_ptb,1.160146022379738
268m-g088-ai-r0.5,paloma_reddit_100,1.1772519755433615
268m-g088-ai-r0.5,paloma_redpajama,1.3548979269211987
268m-g088-ai-r0.5,paloma_twitteraae,2.4283967568022633
268m-g088-ai-r0.5,paloma_wikitext_103,0.9866113369575557
268m-g088-ai-r1,c4,0.9209753844029565
268m-g088-ai-r1,cosmopedia,0.5312994933123804
268m-g088-ai-r1,fw22,0.9000503985004252
268m-g088-ai-r1,fw26,0.7610743035231305
268m-g088-ai-r1,fw26_ai,0.5030179736064527
268m-g088-ai-r1,fw26_human,0.8308172942955184
268m-g088-ai-r1,paloma,1.2964486272820137
268m-g088-ai-r1,paloma_4chan,1.429511987610958
268m-g088-ai-r1,paloma_c4,0.9397449767667276
268m-g088-ai-r1,paloma_c4_100_domains,0.9164147881437398
268m-g088-ai-r1,paloma_dolma,1.1769676995432237
268m-g088-ai-r1,paloma_falcon_refinedweb,1.034695518624558
268m-g088-ai-r1,paloma_gab,1.8127822689386597
268m-g088-ai-r1,paloma_m2d2_s2orc,1.1053230361033282
268m-g088-ai-r1,paloma_m2d2_wikipedia,1.0064040053876917
268m-g088-ai-r1,paloma_manosphere,1.3454780202508008
268m-g088-ai-r1,paloma_mc4_en,1.0202396435947627
268m-g088-ai-r1,paloma_programming,1.8403035193967645
268m-g088-ai-r1,paloma_ptb,1.1635010460875
268m-g088-ai-r1,paloma_reddit_100,1.1815559986322324
268m-g088-ai-r1,paloma_redpajama,1.335256736182384
268m-g088-ai-r1,paloma_twitteraae,2.450894093775371
268m-g088-ai-r1,paloma_wikitext_103,0.9841046974735168
268m-g088-human-r0.1,c4,0.9072296611801489
268m-g088-human-r0.1,cosmopedia,0.6059208009978183
268m-g088-human-r0.1,fw22,0.8861510795237253
268m-g088-human-r0.1,fw26,0.7728371352072055
268m-g088-human-r0.1,fw26_ai,0.6093669246201813
268m-g088-human-r0.1,fw26_human,0.8172141658736711
268m-g088-human-r0.1,paloma,1.267882280831301
268m-g088-human-r0.1,paloma_4chan,1.446237072773491
268m-g088-human-r0.1,paloma_c4,0.925422552349708
268m-g088-human-r0.1,paloma_c4_100_domains,0.8991766661546694
268m-g088-human-r0.1,paloma_dolma,1.1470203658000369
268m-g088-human-r0.1,paloma_falcon_refinedweb,1.0229297819972618
268m-g088-human-r0.1,paloma_gab,1.7615286057250008
268m-g088-human-r0.1,paloma_m2d2_s2orc,1.0787743055503647
268m-g088-human-r0.1,paloma_m2d2_wikipedia,0.9907593333585617
268m-g088-human-r0.1,paloma_manosphere,1.3089530088664274
268m-g088-human-r0.1,paloma_mc4_en,1.0018888199928813
268m-g088-human-r0.1,paloma_programming,1.7830405755323264
268m-g088-human-r0.1,paloma_ptb,1.117235496956925
268m-g088-human-r0.1,paloma_reddit_100,1.1552394389076228
268m-g088-human-r0.1,paloma_redpajama,1.3089575692607156
268m-g088-human-r0.1,paloma_twitteraae,2.377928784889199
268m-g088-human-r0.1,paloma_wikitext_103,0.9610241151856247
477m-g089-control,c4,0.9509198997922154
477m-g089-control,cosmopedia,0.6548033894043805
477m-g089-control,fw22,0.9328781180772588
477m-g089-control,fw26,0.8211558949688565
477m-g089-control,fw26_ai,0.659064149889178
477m-g089-control,fw26_human,0.8651652052280686
477m-g089-control,paloma,1.3067023836219072
477m-g089-control,paloma_4chan,1.326768829044555
477m-g089-control,paloma_c4,0.9684860322885053
477m-g089-control,paloma_c4_100_domains,0.946540524139011
477m-g089-control,paloma_dolma,1.1966014671720588
477m-g089-control,paloma_falcon_refinedweb,1.0601446561880596
477m-g089-control,paloma_gab,1.8217213682346038
477m-g089-control,paloma_m2d2_s2orc,1.1192652623712893
477m-g089-control,paloma_m2d2_wikipedia,1.0182923009665048
477m-g089-control,paloma_manosphere,1.3349849299086944
477m-g089-control,paloma_mc4_en,1.0495375704369145
477m-g089-control,paloma_programming,1.8959236498474035
477m-g089-control,paloma_ptb,1.1601512239887368
477m-g089-control,paloma_reddit_100,1.201714564738518
477m-g089-control,paloma_redpajama,1.3541640822319667
477m-g089-control,paloma_twitteraae,2.4407106085111003
477m-g089-control,paloma_wikitext_103,1.0122310678825899
477m-g089-ai-r0.0025,c4,0.9507899150984408
477m-g089-ai-r0.0025,cosmopedia,0.647760283228438
477m-g089-ai-r0.0025,fw22,0.9327711272497726
477m-g089-ai-r0.0025,fw26,0.8198129506318179
477m-g089-ai-r0.0025,fw26_ai,0.6532858330501331
477m-g089-ai-r0.0025,fw26_human,0.8650395895214752
477m-g089-ai-r0.0025,paloma,1.3062561483727615
477m-g089-ai-r0.0025,paloma_4chan,1.3052256430152245
477m-g089-ai-r0.0025,paloma_c4,0.9686298455346466
477m-g089-ai-r0.0025,paloma_c4_100_domains,0.9464531853976156
477m-g089-ai-r0.0025,paloma_dolma,1.1986015641762544
477m-g089-ai-r0.0025,paloma_falcon_refinedweb,1.0602753980618882
477m-g089-ai-r0.0025,paloma_gab,1.819473968241969
477m-g089-ai-r0.0025,paloma_m2d2_s2orc,1.12005995957376
477m-g089-ai-r0.0025,paloma_m2d2_wikipedia,1.0196860497216689
477m-g089-ai-r0.0025,paloma_manosphere,1.3409308838351701
477m-g089-ai-r0.0025,paloma_mc4_en,1.050893528576006
477m-g089-ai-r0.0025,paloma_programming,1.900975214267689
477m-g089-ai-r0.0025,paloma_ptb,1.1629395260526476
477m-g089-ai-r0.0025,paloma_reddit_100,1.1997091563169477
477m-g089-ai-r0.0025,paloma_redpajama,1.354209365535352
477m-g089-ai-r0.0025,paloma_twitteraae,2.4394049002447504
477m-g089-ai-r0.0025,paloma_wikitext_103,1.0126301854125943
477m-g089-ai-r0.025,c4,0.9502122030356012
477m-g089-ai-r0.025,cosmopedia,0.6285348713540861
477m-g089-ai-r0.025,fw22,0.9321291849545144
477m-g089-ai-r0.025,fw26,0.8142924290938625
477m-g089-ai-r0.025,fw26_ai,0.6302699417366868
477m-g089-ai-r0.025,fw26_human,0.8641578259414247
477m-g089-ai-r0.025,paloma,1.3047180745506988
477m-g089-ai-r0.025,paloma_4chan,1.2983451492327758
477m-g089-ai-r0.025,paloma_c4,0.9677854073423428
477m-g089-ai-r0.025,paloma_c4_100_domains,0.9458991672541083
477m-g089-ai-r0.025,paloma_dolma,1.1969599053815778
477m-g089-ai-r0.025,paloma_falcon_refinedweb,1.0586133065498502
477m-g089-ai-r0.025,paloma_gab,1.822402224501041
477m-g089-ai-r0.025,paloma_m2d2_s2orc,1.1193385800823759
477m-g089-ai-r0.025,paloma_m2d2_wikipedia,1.0174607512227152
477m-g089-ai-r0.025,paloma_manosphere,1.3377304312298888
477m-g089-ai-r0.025,paloma_mc4_en,1.0482269446477142
477m-g089-ai-r0.025,paloma_programming,1.8928165511247625
477m-g089-ai-r0.025,paloma_ptb,1.1560677353806117
477m-g089-ai-r0.025,paloma_reddit_100,1.202901566770525
477m-g089-ai-r0.025,paloma_redpajama,1.3547982037837705
477m-g089-ai-r0.025,paloma_twitteraae,2.4486153236940256
477m-g089-ai-r0.025,paloma_wikitext_103,1.007527944613095
477m-g089-ai-r0.05,c4,0.9488815513045227
477m-g089-ai-r0.05,cosmopedia,0.6184211298608637
477m-g089-ai-r0.05,fw22,0.9307408213716238
477m-g089-ai-r0.05,fw26,0.8104558067118991
477m-g089-ai-r0.05,fw26_ai,0.6172874794875369
477m-g089-ai-r0.05,fw26_human,0.8627593889571784
477m-g089-ai-r0.05,paloma,1.3040274166714145
477m-g089-ai-r0.05,paloma_4chan,1.3089125921145004
477m-g089-ai-r0.05,paloma_c4,0.9665347964067015
477m-g089-ai-r0.05,paloma_c4_100_domains,0.9447458763516285
477m-g089-ai-r0.05,paloma_dolma,1.1938647513839726
477m-g089-ai-r0.05,paloma_falcon_refinedweb,1.0574498423469958
477m-g089-ai-r0.05,paloma_gab,1.8200465930546232
477m-g089-ai-r0.05,paloma_m2d2_s2orc,1.1168249985676584
477m-g089-ai-r0.05,paloma_m2d2_wikipedia,1.0175731609285008
477m-g089-ai-r0.05,paloma_manosphere,1.3404718042168413
477m-g089-ai-r0.05,paloma_mc4_en,1.0466779314368029
477m-g089-ai-r0.05,paloma_programming,1.8844830810821405
477m-g089-ai-r0.05,paloma_ptb,1.164592665055691
477m-g089-ai-r0.05,paloma_reddit_100,1.1984400829606887
477m-g089-ai-r0.05,paloma_redpajama,1.3503385713279292
477m-g089-ai-r0.05,paloma_twitteraae,2.4466698790966204
477m-g089-ai-r0.05,paloma_wikitext_103,1.0068120404113383
477m-g089-ai-r0.1,c4,0.948026789066906
477m-g089-ai-r0.1,cosmopedia,0.6051334177015854
477m-g089-ai-r0.1,fw22,0.9295267204130235
477m-g089-ai-r0.1,fw26,0.8057999327276989
477m-g089-ai-r0.1,fw26_ai,0.6003400606236184
477m-g089-ai-r0.1,fw26_human,0.8614003220624747
477m-g089-ai-r0.1,paloma,1.3052531767956257
477m-g089-ai-r0.1,paloma_4chan,1.3176881006153571
477m-g089-ai-r0.1,paloma_c4,0.9659046548907758
477m-g089-ai-r0.1,paloma_c4_100_domains,0.9440559647061524
477m-g089-ai-r0.1,paloma_dolma,1.1972145907927716
477m-g089-ai-r0.1,paloma_falcon_refinedweb,1.0570707022103607
477m-g089-ai-r0.1,paloma_gab,1.8174554727319676
477m-g089-ai-r0.1,paloma_m2d2_s2orc,1.1150587855568903
477m-g089-ai-r0.1,paloma_m2d2_wikipedia,1.018305878644187
477m-g089-ai-r0.1,paloma_manosphere,1.3374871183130392
477m-g089-ai-r0.1,paloma_mc4_en,1.047950631985857
477m-g089-ai-r0.1,paloma_programming,1.9061567248902114
477m-g089-ai-r0.1,paloma_ptb,1.155201688627054
477m-g089-ai-r0.1,paloma_reddit_100,1.197238678499884
477m-g089-ai-r0.1,paloma_redpajama,1.3547384318779496
477m-g089-ai-r0.1,paloma_twitteraae,2.44617524897786
477m-g089-ai-r0.1,paloma_wikitext_103,1.006348155409693
477m-g089-ai-r0.25,c4,0.9449017055008213
477m-g089-ai-r0.25,cosmopedia,0.5805214902755307
477m-g089-ai-r0.25,fw22,0.9263046454314776
477m-g089-ai-r0.25,fw26,0.7971436357488495
477m-g089-ai-r0.25,fw26_ai,0.5724867982832507
477m-g089-ai-r0.25,fw26_human,0.857940237046225
477m-g089-ai-r0.25,paloma,1.3106018518450169
477m-g089-ai-r0.25,paloma_4chan,1.3347947246222083
477m-g089-ai-r0.25,paloma_c4,0.9634900172469124
477m-g089-ai-r0.25,paloma_c4_100_domains,0.9421006284090699
477m-g089-ai-r0.25,paloma_dolma,1.2029725963683524
477m-g089-ai-r0.25,paloma_falcon_refinedweb,1.0578347253364382
477m-g089-ai-r0.25,paloma_gab,1.825936816040373
477m-g089-ai-r0.25,paloma_m2d2_s2orc,1.1215883269020515
477m-g089-ai-r0.25,paloma_m2d2_wikipedia,1.0235257379424882
477m-g089-ai-r0.25,paloma_manosphere,1.344685519190443
477m-g089-ai-r0.25,paloma_mc4_en,1.048350881416638
477m-g089-ai-r0.25,paloma_programming,1.9163972468197616
477m-g089-ai-r0.25,paloma_ptb,1.1685652705841818
477m-g089-ai-r0.25,paloma_reddit_100,1.1994602786320079
477m-g089-ai-r0.25,paloma_redpajama,1.3670393921254198
477m-g089-ai-r0.25,paloma_twitteraae,2.445619236386621
477m-g089-ai-r0.25,paloma_wikitext_103,1.007268231497299
477m-g089-ai-r0.5,c4,0.9423205201674283
477m-g089-ai-r0.5,cosmopedia,0.5639290156056782
477m-g089-ai-r0.5,fw22,0.9234191948294704
477m-g089-ai-r0.5,fw26,0.7897651514335302
477m-g089-ai-r0.5,fw26_ai,0.5485593509235437
477m-g089-ai-r0.5,fw26_human,0.8550124711751228
477m-g089-ai-r0.5,paloma,1.3075317513656413
477m-g089-ai-r0.5,paloma_4chan,1.3144428852248475
477m-g089-ai-r0.5,paloma_c4,0.9609958888873141
477m-g089-ai-r0.5,paloma_c4_100_domains,0.9397958714794162
477m-g089-ai-r0.5,paloma_dolma,1.1987842182830608
477m-g089-ai-r0.5,paloma_falcon_refinedweb,1.0538528468948243
477m-g089-ai-r0.5,paloma_gab,1.8319975049859014
477m-g089-ai-r0.5,paloma_m2d2_s2orc,1.1184068274249366
477m-g089-ai-r0.5,paloma_m2d2_wikipedia,1.0148509462610669
477m-g089-ai-r0.5,paloma_manosphere,1.3392149529577957
477m-g089-ai-r0.5,paloma_mc4_en,1.0452451901741817
477m-g089-ai-r0.5,paloma_programming,1.9209732686561578
477m-g089-ai-r0.5,paloma_ptb,1.1645692507669454
477m-g089-ai-r0.5,paloma_reddit_100,1.1968291507376099
477m-g089-ai-r0.5,paloma_redpajama,1.3614892933626588
477m-g089-ai-r0.5,paloma_twitteraae,2.4525155456917638
477m-g089-ai-r0.5,paloma_wikitext_103,1.0065443800617815
477m-g089-ai-r1,c4,0.9405318926262479
477m-g089-ai-r1,cosmopedia,0.5447074280179593
477m-g089-ai-r1,fw22,0.9211017013185376
477m-g089-ai-r1,fw26,0.7830598307045238
477m-g089-ai-r1,fw26_ai,0.5247261011349124
477m-g089-ai-r1,fw26_human,0.8529086275061982
477m-g089-ai-r1,paloma,1.3082317992390171
477m-g089-ai-r1,paloma_4chan,1.312600989661587
477m-g089-ai-r1,paloma_c4,0.9588335006852566
477m-g089-ai-r1,paloma_c4_100_domains,0.938760018821627
477m-g089-ai-r1,paloma_dolma,1.200345073483472
477m-g089-ai-r1,paloma_falcon_refinedweb,1.0521981791351434
477m-g089-ai-r1,paloma_gab,1.834233335046363
477m-g089-ai-r1,paloma_m2d2_s2orc,1.1191632939845118
477m-g089-ai-r1,paloma_m2d2_wikipedia,1.0157333163589852
477m-g089-ai-r1,paloma_manosphere,1.3382317622337347
477m-g089-ai-r1,paloma_mc4_en,1.045167094768793
477m-g089-ai-r1,paloma_programming,1.9210005048170427
477m-g089-ai-r1,paloma_ptb,1.1664870656793727
477m-g089-ai-r1,paloma_reddit_100,1.1958358048801605
477m-g089-ai-r1,paloma_redpajama,1.3674490526443481
477m-g089-ai-r1,paloma_twitteraae,2.458099065091022
477m-g089-ai-r1,paloma_wikitext_103,1.0075707305328552
477m-g089-human-r0.0025,c4,0.9508400298733849
477m-g089-human-r0.0025,cosmopedia,0.655760574719162
477m-g089-human-r0.0025,fw22,0.9328974740477867
477m-g089-human-r0.0025,fw26,0.8211222480366471
477m-g089-human-r0.0025,fw26_ai,0.6588225172170364
477m-g089-human-r0.0025,fw26_human,0.8652079038810843
477m-g089-human-r0.0025,paloma,1.3106983568533104
477m-g089-human-r0.0025,paloma_4chan,1.3225473508035943
477m-g089-human-r0.0025,paloma_c4,0.9691316941719154
477m-g089-human-r0.0025,paloma_c4_100_domains,0.9471106853662655
477m-g089-human-r0.0025,paloma_dolma,1.2030108921511167
477m-g089-human-r0.0025,paloma_falcon_refinedweb,1.061760505270072
477m-g089-human-r0.0025,paloma_gab,1.8198992508805527
477m-g089-human-r0.0025,paloma_m2d2_s2orc,1.1253892664907672
477m-g089-human-r0.0025,paloma_m2d2_wikipedia,1.0229162163582717
477m-g089-human-r0.0025,paloma_manosphere,1.3417442123574896
477m-g089-human-r0.0025,paloma_mc4_en,1.053331644873499
477m-g089-human-r0.0025,paloma_programming,1.909292625406264
477m-g089-human-r0.0025,paloma_ptb,1.165873022080483
477m-g089-human-r0.0025,paloma_reddit_100,1.202684896719132
477m-g089-human-r0.0025,paloma_redpajama,1.3606870998160088
477m-g089-human-r0.0025,paloma_twitteraae,2.4514135796112306
477m-g089-human-r0.0025,paloma_wikitext_103,1.0143807672962997
477m-g089-human-r0.025,c4,0.9494971243027289
477m-g089-human-r0.025,cosmopedia,0.6533443663931807
477m-g089-human-r0.025,fw22,0.931540439542299
477m-g089-human-r0.025,fw26,0.8197145803260389
477m-g089-human-r0.025,fw26_ai,0.6573975853809586
477m-g089-human-r0.025,fw26_human,0.8638304276421689
477m-g089-human-r0.025,paloma,1.3029702585951584
477m-g089-human-r0.025,paloma_4chan,1.2947724770019515
477m-g089-human-r0.025,paloma_c4,0.9667393651464925
477m-g089-human-r0.025,paloma_c4_100_domains,0.9448491655880624
477m-g089-human-r0.025,paloma_dolma,1.1957929316964782
477m-g089-human-r0.025,paloma_falcon_refinedweb,1.0581571245820778
477m-g089-human-r0.025,paloma_gab,1.8153690180546695
477m-g089-human-r0.025,paloma_m2d2_s2orc,1.1186748453769033
477m-g089-human-r0.025,paloma_m2d2_wikipedia,1.0178186296943106
477m-g089-human-r0.025,paloma_manosphere,1.3350255041766468
477m-g089-human-r0.025,paloma_mc4_en,1.0482685140376018
477m-g089-human-r0.025,paloma_programming,1.9017024905437494
477m-g089-human-r0.025,paloma_ptb,1.154197919055288
477m-g089-human-r0.025,paloma_reddit_100,1.1985702616639806
477m-g089-human-r0.025,paloma_redpajama,1.3526374867939843
477m-g089-human-r0.025,paloma_twitteraae,2.437561736478408
477m-g089-human-r0.025,paloma_wikitext_103,1.0073866676319314
477m-g089-human-r0.05,c4,0.9480568781830485
477m-g089-human-r0.05,cosmopedia,0.6454860047407391
477m-g089-human-r0.05,fw22,0.9299663512323986
477m-g089-human-r0.05,fw26,0.8181358894843639
477m-g089-human-r0.05,fw26_ai,0.655806750590839
477m-g089-human-r0.05,fw26_human,0.8622251142187978
477m-g089-human-r0.05,paloma,1.3035014148116146
477m-g089-human-r0.05,paloma_4chan,1.3021899595118676
477m-g089-human-r0.05,paloma_c4,0.9661893396034132
477m-g089-human-r0.05,paloma_c4_100_domains,0.9434891269572303
477m-g089-human-r0.05,paloma_dolma,1.1952758520607976
477m-g089-human-r0.05,paloma_falcon_refinedweb,1.0586028795004319
477m-g089-human-r0.05,paloma_gab,1.8141693335269922
477m-g089-human-r0.05,paloma_m2d2_s2orc,1.1196104099168842
477m-g089-human-r0.05,paloma_m2d2_wikipedia,1.017324418022518
477m-g089-human-r0.05,paloma_manosphere,1.3331005346252602
477m-g089-human-r0.05,paloma_mc4_en,1.0492706746140734
477m-g089-human-r0.05,paloma_programming,1.8967472372279348
477m-g089-human-r0.05,paloma_ptb,1.1653203405519783
477m-g089-human-r0.05,paloma_reddit_100,1.195975580135075
477m-g089-human-r0.05,paloma_redpajama,1.3526436009455842
477m-g089-human-r0.05,paloma_twitteraae,2.439033912277018
477m-g089-human-r0.05,paloma_wikitext_103,1.0070794375087768
477m-g090-control,c4,0.9485850739291946
477m-g090-control,cosmopedia,0.6468713610482146
477m-g090-control,fw22,0.9303221051325604
477m-g090-control,fw26,0.8189254324790465
477m-g090-control,fw26_ai,0.6570791367344375
477m-g090-control,fw26_human,0.8629017069375388
477m-g090-control,paloma,1.3258534335337882
477m-g090-control,paloma_4chan,1.3756966376819382
477m-g090-control,paloma_c4,0.9725232301299945
477m-g090-control,paloma_c4_100_domains,0.9481955190080976
477m-g090-control,paloma_dolma,1.2182486901720788
477m-g090-control,paloma_falcon_refinedweb,1.0698557020148691
477m-g090-control,paloma_gab,1.8166422256443473
477m-g090-control,paloma_m2d2_s2orc,1.1559743152887998
477m-g090-control,paloma_m2d2_wikipedia,1.057372184252543
477m-g090-control,paloma_manosphere,1.3471569802095475
477m-g090-control,paloma_mc4_en,1.0647045386334086
477m-g090-control,paloma_programming,1.9400220639702177
477m-g090-control,paloma_ptb,1.1959154998581922
477m-g090-control,paloma_reddit_100,1.1964021095083468
477m-g090-control,paloma_redpajama,1.3788579281342497
477m-g090-control,paloma_twitteraae,2.4318233141302303
477m-g090-control,paloma_wikitext_103,1.0442639979037491
477m-g090-ai-r0.0025,c4,0.9485025183037651
477m-g090-ai-r0.0025,cosmopedia,0.646723212644172
477m-g090-ai-r0.0025,fw22,0.9302027135816312
477m-g090-ai-r0.0025,fw26,0.8175354284311004
477m-g090-ai-r0.0025,fw26_ai,0.6507049360086428
477m-g090-ai-r0.0025,fw26_human,0.8628292611764643
477m-g090-ai-r0.0025,paloma,1.3282331717836477
477m-g090-ai-r0.0025,paloma_4chan,1.3592904540628985
477m-g090-ai-r0.0025,paloma_c4,0.9735496784028491
477m-g090-ai-r0.0025,paloma_c4_100_domains,0.948567428715246
477m-g090-ai-r0.0025,paloma_dolma,1.2230097044630104
477m-g090-ai-r0.0025,paloma_falcon_refinedweb,1.0703934392645675
477m-g090-ai-r0.0025,paloma_gab,1.816924754871748
477m-g090-ai-r0.0025,paloma_m2d2_s2orc,1.1669135195715807
477m-g090-ai-r0.0025,paloma_m2d2_wikipedia,1.0660144804049294
477m-g090-ai-r0.0025,paloma_manosphere,1.3548579580981708
477m-g090-ai-r0.0025,paloma_mc4_en,1.065549568481768
477m-g090-ai-r0.0025,paloma_programming,1.937552921486173
477m-g090-ai-r0.0025,paloma_ptb,1.2089783329589767
477m-g090-ai-r0.0025,paloma_reddit_100,1.1989400584954293
477m-g090-ai-r0.0025,paloma_redpajama,1.3799431999499774
477m-g090-ai-r0.0025,paloma_twitteraae,2.4302672842824613
477m-g090-ai-r0.0025,paloma_wikitext_103,1.050977965028577
477m-g090-ai-r0.025,c4,0.9477221443953667
477m-g090-ai-r0.025,cosmopedia,0.6245564487237488
477m-g090-ai-r0.025,fw22,0.9292172145874092
477m-g090-ai-r0.025,fw26,0.8116603452998328
477m-g090-ai-r0.025,fw26_ai,0.6277594767942866
477m-g090-ai-r0.025,fw26_human,0.8614937225983627
477m-g090-ai-r0.025,paloma,1.3085541648827768
477m-g090-ai-r0.025,paloma_4chan,1.3048018338199099
477m-g090-ai-r0.025,paloma_c4,0.9666599752536609
477m-g090-ai-r0.025,paloma_c4_100_domains,0.9441718791899745
477m-g090-ai-r0.025,paloma_dolma,1.2015136250357439
477m-g090-ai-r0.025,paloma_falcon_refinedweb,1.0609690523250386
477m-g090-ai-r0.025,paloma_gab,1.814723030465176
477m-g090-ai-r0.025,paloma_m2d2_s2orc,1.1276474076724605
477m-g090-ai-r0.025,paloma_m2d2_wikipedia,1.025040853718093
477m-g090-ai-r0.025,paloma_manosphere,1.3368958411646417
477m-g090-ai-r0.025,paloma_mc4_en,1.0527730159945052
477m-g090-ai-r0.025,paloma_programming,1.9222958594832233
477m-g090-ai-r0.025,paloma_ptb,1.1688255765781463
477m-g090-ai-r0.025,paloma_reddit_100,1.1933929021599683
477m-g090-ai-r0.025,paloma_redpajama,1.363036053014016
477m-g090-ai-r0.025,paloma_twitteraae,2.4343022126675224
477m-g090-ai-r0.025,paloma_wikitext_103,1.0198175195823487
477m-g090-ai-r0.05,c4,0.9470303460640344
477m-g090-ai-r0.05,cosmopedia,0.6162571414987268
477m-g090-ai-r0.05,fw22,0.9285100072937779
477m-g090-ai-r0.05,fw26,0.8081380378582239
477m-g090-ai-r0.05,fw26_ai,0.6146443795611964
477m-g090-ai-r0.05,fw26_human,0.8605565998830651
477m-g090-ai-r0.05,paloma,1.309743751662948
477m-g090-ai-r0.05,paloma_4chan,1.3239215969729947
477m-g090-ai-r0.05,paloma_c4,0.9661248681653344
477m-g090-ai-r0.05,paloma_c4_100_domains,0.9438029536414086
477m-g090-ai-r0.05,paloma_dolma,1.2019671409763066
477m-g090-ai-r0.05,paloma_falcon_refinedweb,1.0600827415702534
477m-g090-ai-r0.05,paloma_gab,1.8153848469200113
477m-g090-ai-r0.05,paloma_m2d2_s2orc,1.129016103536047
477m-g090-ai-r0.05,paloma_m2d2_wikipedia,1.02655599108771
477m-g090-ai-r0.05,paloma_manosphere,1.3342474102544877
477m-g090-ai-r0.05,paloma_mc4_en,1.0527039491298713
477m-g090-ai-r0.05,paloma_programming,1.9098626081994912
477m-g090-ai-r0.05,paloma_ptb,1.1759520205471043
477m-g090-ai-r0.05,paloma_reddit_100,1.1949116145773584
477m-g090-ai-r0.05,paloma_redpajama,1.364312086109093
477m-g090-ai-r0.05,paloma_twitteraae,2.4383820126228146
477m-g090-ai-r0.05,paloma_wikitext_103,1.0186720822968782
477m-g090-ai-r0.1,c4,0.9461069057341713
477m-g090-ai-r0.1,cosmopedia,0.6053163980073809
477m-g090-ai-r0.1,fw22,0.927499182186142
477m-g090-ai-r0.1,fw26,0.8038862460025525
477m-g090-ai-r0.1,fw26_ai,0.5981506686989716
477m-g090-ai-r0.1,fw26_human,0.8595621616929723
477m-g090-ai-r0.1,paloma,1.3023986766332711
477m-g090-ai-r0.1,paloma_4chan,1.3253113960735925
477m-g090-ai-r0.1,paloma_c4,0.963391202425782
477m-g090-ai-r0.1,paloma_c4_100_domains,0.9418592411239487
477m-g090-ai-r0.1,paloma_dolma,1.195611621269212
477m-g090-ai-r0.1,paloma_falcon_refinedweb,1.0542717634262995
477m-g090-ai-r0.1,paloma_gab,1.818576469888097
477m-g090-ai-r0.1,paloma_m2d2_s2orc,1.1135833671054565
477m-g090-ai-r0.1,paloma_m2d2_wikipedia,1.0122388015224328
477m-g090-ai-r0.1,paloma_manosphere,1.3324143295711266
477m-g090-ai-r0.1,paloma_mc4_en,1.0444910214262413
477m-g090-ai-r0.1,paloma_programming,1.887943676499178
477m-g090-ai-r0.1,paloma_ptb,1.1551148682752275
477m-g090-ai-r0.1,paloma_reddit_100,1.2003684177999612
477m-g090-ai-r0.1,paloma_redpajama,1.3501198107588954
477m-g090-ai-r0.1,paloma_twitteraae,2.434399669553243
477m-g090-ai-r0.1,paloma_wikitext_103,1.008683169413644
477m-g090-ai-r0.25,c4,0.942856768494854
477m-g090-ai-r0.25,cosmopedia,0.5755816613139415
477m-g090-ai-r0.25,fw22,0.9238776808227388
477m-g090-ai-r0.25,fw26,0.7949433489648179
477m-g090-ai-r0.25,fw26_ai,0.5696801539455436
477m-g090-ai-r0.25,fw26_human,0.855850670874672
477m-g090-ai-r0.25,paloma,1.3059068753280823
477m-g090-ai-r0.25,paloma_4chan,1.315860242743062
477m-g090-ai-r0.25,paloma_c4,0.9616389453517951
477m-g090-ai-r0.25,paloma_c4_100_domains,0.9399794498314552
477m-g090-ai-r0.25,paloma_dolma,1.2011477895545046
477m-g090-ai-r0.25,paloma_falcon_refinedweb,1.0551159423283623
477m-g090-ai-r0.25,paloma_gab,1.8168523560745604
477m-g090-ai-r0.25,paloma_m2d2_s2orc,1.1229661668649222
477m-g090-ai-r0.25,paloma_m2d2_wikipedia,1.021052013632121
477m-g090-ai-r0.25,paloma_manosphere,1.3320620045636629
477m-g090-ai-r0.25,paloma_mc4_en,1.046085635609079
477m-g090-ai-r0.25,paloma_programming,1.9077164638283177
477m-g090-ai-r0.25,paloma_ptb,1.1684960426660425
477m-g090-ai-r0.25,paloma_reddit_100,1.1923403192817106
477m-g090-ai-r0.25,paloma_redpajama,1.361509428767489
477m-g090-ai-r0.25,paloma_twitteraae,2.442783764737351
477m-g090-ai-r0.25,paloma_wikitext_103,1.0089034394148804
477m-g090-ai-r0.5,c4,0.9406791653140296
477m-g090-ai-r0.5,cosmopedia,0.560440188965808
477m-g090-ai-r0.5,fw22,0.9216115627021656
477m-g090-ai-r0.5,fw26,0.7880672180551153
477m-g090-ai-r0.5,fw26_ai,0.5468444086103976
477m-g090-ai-r0.5,fw26_human,0.8533214455009255
477m-g090-ai-r0.5,paloma,1.3083687035467682
477m-g090-ai-r0.5,paloma_4chan,1.3283731189182826
477m-g090-ai-r0.5,paloma_c4,0.9600908075025634
477m-g090-ai-r0.5,paloma_c4_100_domains,0.9387486433459256
477m-g090-ai-r0.5,paloma_dolma,1.2005203181053838
477m-g090-ai-r0.5,paloma_falcon_refinedweb,1.0546488808507886
477m-g090-ai-r0.5,paloma_gab,1.8250497782453974
477m-g090-ai-r0.5,paloma_m2d2_s2orc,1.1253343331081749
477m-g090-ai-r0.5,paloma_m2d2_wikipedia,1.0212311405459158
477m-g090-ai-r0.5,paloma_manosphere,1.3412014406016608
477m-g090-ai-r0.5,paloma_mc4_en,1.047217505124171
477m-g090-ai-r0.5,paloma_programming,1.9231765988482326
477m-g090-ai-r0.5,paloma_ptb,1.1572472319382308
477m-g090-ai-r0.5,paloma_reddit_100,1.1946257975621768
477m-g090-ai-r0.5,paloma_redpajama,1.3605166528333204
477m-g090-ai-r0.5,paloma_twitteraae,2.44632596520415
477m-g090-ai-r0.5,paloma_wikitext_103,1.0095910440139164
477m-g090-ai-r1,c4,0.9387259243503621
477m-g090-ai-r1,cosmopedia,0.5434281738941307
477m-g090-ai-r1,fw22,0.9191932016194325
477m-g090-ai-r1,fw26,0.781298623020819
477m-g090-ai-r1,fw26_ai,0.5227802306117603
477m-g090-ai-r1,fw26_human,0.8512312116265056
477m-g090-ai-r1,paloma,1.309828621951027
477m-g090-ai-r1,paloma_4chan,1.3309501404444883
477m-g090-ai-r1,paloma_c4,0.9571463064144535
477m-g090-ai-r1,paloma_c4_100_domains,0.9369553558067186
477m-g090-ai-r1,paloma_dolma,1.19887654310518
477m-g090-ai-r1,paloma_falcon_refinedweb,1.051251446023272
477m-g090-ai-r1,paloma_gab,1.8374148971726088
477m-g090-ai-r1,paloma_m2d2_s2orc,1.1170667745985678
477m-g090-ai-r1,paloma_m2d2_wikipedia,1.013714616297923
477m-g090-ai-r1,paloma_manosphere,1.3405277143270575
477m-g090-ai-r1,paloma_mc4_en,1.0418382196615334
477m-g090-ai-r1,paloma_programming,1.9297979297110703
477m-g090-ai-r1,paloma_ptb,1.1591194164757819
477m-g090-ai-r1,paloma_reddit_100,1.196174302449297
477m-g090-ai-r1,paloma_redpajama,1.367132908251246
477m-g090-ai-r1,paloma_twitteraae,2.47073766156751
477m-g090-ai-r1,paloma_wikitext_103,1.008553718909721
477m-g090-human-r0.0025,c4,0.9482954713117173
477m-g090-human-r0.0025,cosmopedia,0.6498244421446338
477m-g090-human-r0.0025,fw22,0.9299451241449362
477m-g090-human-r0.0025,fw26,0.8184507105928562
477m-g090-human-r0.0025,fw26_ai,0.6564166301266802
477m-g090-human-r0.0025,fw26_human,0.862456738701483
477m-g090-human-r0.0025,paloma,1.3257421763493706
477m-g090-human-r0.0025,paloma_4chan,1.3383437929529238
477m-g090-human-r0.0025,paloma_c4,0.9735234800368056
477m-g090-human-r0.0025,paloma_c4_100_domains,0.9484351245293077
477m-g090-human-r0.0025,paloma_dolma,1.2194797345967983
477m-g090-human-r0.0025,paloma_falcon_refinedweb,1.0727256206719331
477m-g090-human-r0.0025,paloma_gab,1.816161748212971
477m-g090-human-r0.0025,paloma_m2d2_s2orc,1.1671352611354895
477m-g090-human-r0.0025,paloma_m2d2_wikipedia,1.066421201097488
477m-g090-human-r0.0025,paloma_manosphere,1.353359031426747
477m-g090-human-r0.0025,paloma_mc4_en,1.0652240453368034
477m-g090-human-r0.0025,paloma_programming,1.923919628284856
477m-g090-human-r0.0025,paloma_ptb,1.2040718624089242
477m-g090-human-r0.0025,paloma_reddit_100,1.194810516469824
477m-g090-human-r0.0025,paloma_redpajama,1.3795281369448922
477m-g090-human-r0.0025,paloma_twitteraae,2.4335597771878685
477m-g090-human-r0.0025,paloma_wikitext_103,1.0551758602962962
477m-g090-human-r0.025,c4,0.9479643783537262
477m-g090-human-r0.025,cosmopedia,0.6485320491812835
477m-g090-human-r0.025,fw22,0.9296910454669642
477m-g090-human-r0.025,fw26,0.8180242889840371
477m-g090-human-r0.025,fw26_ai,0.6557370057558229
477m-g090-human-r0.025,fw26_human,0.862139874385164
477m-g090-human-r0.025,paloma,1.3087078127737348
477m-g090-human-r0.025,paloma_4chan,1.3225535284256094
477m-g090-human-r0.025,paloma_c4,0.9659493275026976
477m-g090-human-r0.025,paloma_c4_100_domains,0.9438149988123761
477m-g090-human-r0.025,paloma_dolma,1.2003367597471601
477m-g090-human-r0.025,paloma_falcon_refinedweb,1.0591274892207252
477m-g090-human-r0.025,paloma_gab,1.818586408649678
477m-g090-human-r0.025,paloma_m2d2_s2orc,1.1213844517732514
477m-g090-human-r0.025,paloma_m2d2_wikipedia,1.0194762104338388
477m-g090-human-r0.025,paloma_manosphere,1.3446618463509512
477m-g090-human-r0.025,paloma_mc4_en,1.049587370641512
477m-g090-human-r0.025,paloma_programming,1.9250951661444524
477m-g090-human-r0.025,paloma_ptb,1.1615729689220886
477m-g090-human-r0.025,paloma_reddit_100,1.200301572164107
477m-g090-human-r0.025,paloma_redpajama,1.361704736324001
477m-g090-human-r0.025,paloma_twitteraae,2.433957972296021
477m-g090-human-r0.025,paloma_wikitext_103,1.0112141969712867
477m-g090-human-r0.05,c4,0.9468566711009739
477m-g090-human-r0.05,cosmopedia,0.6462545743290274
477m-g090-human-r0.05,fw22,0.9286179200958777
477m-g090-human-r0.05,fw26,0.8168827107881768
477m-g090-human-r0.05,fw26_ai,0.6547385038218235
477m-g090-human-r0.05,fw26_human,0.8609346386186176
477m-g090-human-r0.05,paloma,1.3028192329896613
477m-g090-human-r0.05,paloma_4chan,1.3063989247793977
477m-g090-human-r0.05,paloma_c4,0.9654154191986893
477m-g090-human-r0.05,paloma_c4_100_domains,0.9427514468915379
477m-g090-human-r0.05,paloma_dolma,1.1972146538523232
477m-g090-human-r0.05,paloma_falcon_refinedweb,1.0567108488093564
477m-g090-human-r0.05,paloma_gab,1.809488359088753
477m-g090-human-r0.05,paloma_m2d2_s2orc,1.1207000216564962
477m-g090-human-r0.05,paloma_m2d2_wikipedia,1.0164449755528544
477m-g090-human-r0.05,paloma_manosphere,1.3247112262774996
477m-g090-human-r0.05,paloma_mc4_en,1.0495243036951085
477m-g090-human-r0.05,paloma_programming,1.8995137764129024
477m-g090-human-r0.05,paloma_ptb,1.1644324583178265
477m-g090-human-r0.05,paloma_reddit_100,1.1944348834029588
477m-g090-human-r0.05,paloma_redpajama,1.3537657448236597
477m-g090-human-r0.05,paloma_twitteraae,2.4350346131840186
477m-g090-human-r0.05,paloma_wikitext_103,1.008566071891198
477m-g091-control,c4,0.897291282395895
477m-g091-control,cosmopedia,0.5925513050236669
477m-g091-control,fw22,0.8761780991304753
477m-g091-control,fw26,0.763202450612967
477m-g091-control,fw26_ai,0.5996335292158973
477m-g091-control,fw26_human,0.8075310207293027
477m-g091-control,paloma,1.250560843765763
477m-g091-control,paloma_4chan,1.2618494771440798
477m-g091-control,paloma_c4,0.9158233542784289
477m-g091-control,paloma_c4_100_domains,0.8883874580258542
477m-g091-control,paloma_dolma,1.1440373089888443
477m-g091-control,paloma_falcon_refinedweb,1.009542802228422
477m-g091-control,paloma_gab,1.735653115956801
477m-g091-control,paloma_m2d2_s2orc,1.0754957849134483
477m-g091-control,paloma_m2d2_wikipedia,0.9711484663119913
477m-g091-control,paloma_manosphere,1.2809976304635888
477m-g091-control,paloma_mc4_en,0.9966623868765746
477m-g091-control,paloma_programming,1.8507918129687548
477m-g091-control,paloma_ptb,1.108303883217843
477m-g091-control,paloma_reddit_100,1.1427685492674988
477m-g091-control,paloma_redpajama,1.299823320583237
477m-g091-control,paloma_twitteraae,2.3726352897514067
477m-g091-control,paloma_wikitext_103,0.9550528592754332
477m-g091-ai-r0.0025,c4,0.8971426151313695
477m-g091-ai-r0.0025,cosmopedia,0.5894530108075539
477m-g091-ai-r0.0025,fw22,0.8760317536022512
477m-g091-ai-r0.0025,fw26,0.7616260327892342
477m-g091-ai-r0.0025,fw26_ai,0.5921304463768646
477m-g091-ai-r0.0025,fw26_human,0.8075144144813579
477m-g091-ai-r0.0025,paloma,1.2552792537552113
477m-g091-ai-r0.0025,paloma_4chan,1.3104309578256454
477m-g091-ai-r0.0025,paloma_c4,0.916072244068434
477m-g091-ai-r0.0025,paloma_c4_100_domains,0.8886151544215266
477m-g091-ai-r0.0025,paloma_dolma,1.1478765978995638
477m-g091-ai-r0.0025,paloma_falcon_refinedweb,1.0081843572885152
477m-g091-ai-r0.0025,paloma_gab,1.7386406585076801
477m-g091-ai-r0.0025,paloma_m2d2_s2orc,1.0753018752264558
477m-g091-ai-r0.0025,paloma_m2d2_wikipedia,0.9746297104684766
477m-g091-ai-r0.0025,paloma_manosphere,1.28844494554832
477m-g091-ai-r0.0025,paloma_mc4_en,0.9959064158843394
477m-g091-ai-r0.0025,paloma_programming,1.8545282413976327
477m-g091-ai-r0.0025,paloma_ptb,1.1057913369133783
477m-g091-ai-r0.0025,paloma_reddit_100,1.1475685419812898
477m-g091-ai-r0.0025,paloma_redpajama,1.3061137445816589
477m-g091-ai-r0.0025,paloma_twitteraae,2.3717102764111813
477m-g091-ai-r0.0025,paloma_wikitext_103,0.9546530016592847
477m-g091-ai-r0.025,c4,0.897096674383621
477m-g091-ai-r0.025,cosmopedia,0.5676050772467216
477m-g091-ai-r0.025,fw22,0.8756686257896459
477m-g091-ai-r0.025,fw26,0.7566429842540647
477m-g091-ai-r0.025,fw26_ai,0.569873103084981
477m-g091-ai-r0.025,fw26_human,0.8071298541993596
477m-g091-ai-r0.025,paloma,1.2577145325788632
477m-g091-ai-r0.025,paloma_4chan,1.3050095169560243
477m-g091-ai-r0.025,paloma_c4,0.9154851443151938
477m-g091-ai-r0.025,paloma_c4_100_domains,0.8887396839099422
477m-g091-ai-r0.025,paloma_dolma,1.1471908768652461
477m-g091-ai-r0.025,paloma_falcon_refinedweb,1.009238580672942
477m-g091-ai-r0.025,paloma_gab,1.7426261290730434
477m-g091-ai-r0.025,paloma_m2d2_s2orc,1.0743783634419863
477m-g091-ai-r0.025,paloma_m2d2_wikipedia,0.9729432253773509
477m-g091-ai-r0.025,paloma_manosphere,1.2867285756920863
477m-g091-ai-r0.025,paloma_mc4_en,0.994186318494051
477m-g091-ai-r0.025,paloma_programming,1.8718749313835426
477m-g091-ai-r0.025,paloma_ptb,1.1333175891997702
477m-g091-ai-r0.025,paloma_reddit_100,1.1460807957542969
477m-g091-ai-r0.025,paloma_redpajama,1.3089331967704882
477m-g091-ai-r0.025,paloma_twitteraae,2.3694983856964433
477m-g091-ai-r0.025,paloma_wikitext_103,0.9572012076594036
477m-g091-ai-r0.05,c4,0.8967022783460946
477m-g091-ai-r0.05,cosmopedia,0.5618233435078458
477m-g091-ai-r0.05,fw22,0.8754823784376121
477m-g091-ai-r0.05,fw26,0.7538045310489336
477m-g091-ai-r0.05,fw26_ai,0.5577445165738917
477m-g091-ai-r0.05,fw26_human,0.8067923522919661
477m-g091-ai-r0.05,paloma,1.253108856103888
477m-g091-ai-r0.05,paloma_4chan,1.2753430343981573
477m-g091-ai-r0.05,paloma_c4,0.9149030146657418
477m-g091-ai-r0.05,paloma_c4_100_domains,0.887656154911344
477m-g091-ai-r0.05,paloma_dolma,1.1492490653147578
477m-g091-ai-r0.05,paloma_falcon_refinedweb,1.0066269661040124
477m-g091-ai-r0.05,paloma_gab,1.7431464694715122
477m-g091-ai-r0.05,paloma_m2d2_s2orc,1.0691538468139001
477m-g091-ai-r0.05,paloma_m2d2_wikipedia,0.9664061436873624
477m-g091-ai-r0.05,paloma_manosphere,1.2851254959874152
477m-g091-ai-r0.05,paloma_mc4_en,0.9916047384588164
477m-g091-ai-r0.05,paloma_programming,1.860606711487933
477m-g091-ai-r0.05,paloma_ptb,1.1106064621346705
477m-g091-ai-r0.05,paloma_reddit_100,1.1486711702480583
477m-g091-ai-r0.05,paloma_redpajama,1.3144743470598412
477m-g091-ai-r0.05,paloma_twitteraae,2.376874282412026
477m-g091-ai-r0.05,paloma_wikitext_103,0.9492937945066579
477m-g091-ai-r0.1,c4,0.8967291906567916
477m-g091-ai-r0.1,cosmopedia,0.546094374596192
477m-g091-ai-r0.1,fw22,0.8755313437539821
477m-g091-ai-r0.1,fw26,0.7507088436603583
477m-g091-ai-r0.1,fw26_ai,0.5433056489860073
477m-g091-ai-r0.1,fw26_human,0.8067587330545759
477m-g091-ai-r0.1,paloma,1.253049463628468
477m-g091-ai-r0.1,paloma_4chan,1.335131927063473
477m-g091-ai-r0.1,paloma_c4,0.915486367529677
477m-g091-ai-r0.1,paloma_c4_100_domains,0.8886114035897138
477m-g091-ai-r0.1,paloma_dolma,1.1407416381103865
477m-g091-ai-r0.1,paloma_falcon_refinedweb,1.007101035060762
477m-g091-ai-r0.1,paloma_gab,1.7369911549042318
477m-g091-ai-r0.1,paloma_m2d2_s2orc,1.0731623774980066
477m-g091-ai-r0.1,paloma_m2d2_wikipedia,0.9696827146877246
477m-g091-ai-r0.1,paloma_manosphere,1.2748637529069127
477m-g091-ai-r0.1,paloma_mc4_en,0.9935125560630528
477m-g091-ai-r0.1,paloma_programming,1.8356547509786865
477m-g091-ai-r0.1,paloma_ptb,1.1043119654825
477m-g091-ai-r0.1,paloma_reddit_100,1.1416483113811646
477m-g091-ai-r0.1,paloma_redpajama,1.3016722347346115
477m-g091-ai-r0.1,paloma_twitteraae,2.376085496175724
477m-g091-ai-r0.1,paloma_wikitext_103,0.9541337318888574
477m-g091-ai-r0.25,c4,0.8969037678457448
477m-g091-ai-r0.25,cosmopedia,0.5320775968334547
477m-g091-ai-r0.25,fw22,0.8755119067514492
477m-g091-ai-r0.25,fw26,0.7457428715786545
477m-g091-ai-r0.25,fw26_ai,0.5201846780878185
477m-g091-ai-r0.25,fw26_human,0.8067236537768998
477m-g091-ai-r0.25,paloma,1.2531755884333997
477m-g091-ai-r0.25,paloma_4chan,1.2926422417152694
477m-g091-ai-r0.25,paloma_c4,0.9151896603838453
477m-g091-ai-r0.25,paloma_c4_100_domains,0.8892305707676885
477m-g091-ai-r0.25,paloma_dolma,1.142828428514542
477m-g091-ai-r0.25,paloma_falcon_refinedweb,1.0084974659715005
477m-g091-ai-r0.25,paloma_gab,1.7528927613244871
477m-g091-ai-r0.25,paloma_m2d2_s2orc,1.070421920597559
477m-g091-ai-r0.25,paloma_m2d2_wikipedia,0.9703170667553476
477m-g091-ai-r0.25,paloma_manosphere,1.2790802178703025
477m-g091-ai-r0.25,paloma_mc4_en,0.994871580580699
477m-g091-ai-r0.25,paloma_programming,1.8426652992172832
477m-g091-ai-r0.25,paloma_ptb,1.106824610462474
477m-g091-ai-r0.25,paloma_reddit_100,1.1464772154510667
477m-g091-ai-r0.25,paloma_redpajama,1.307169251794758
477m-g091-ai-r0.25,paloma_twitteraae,2.3782682283819634
477m-g091-ai-r0.25,paloma_wikitext_103,0.9534328951456095
477m-g091-ai-r0.5,c4,0.898384159965884
477m-g091-ai-r0.5,cosmopedia,0.5214337070333998
477m-g091-ai-r0.5,fw22,0.8769654998419509
477m-g091-ai-r0.5,fw26,0.7431134692959214
477m-g091-ai-r0.5,fw26_ai,0.502471995664777
477m-g091-ai-r0.5,fw26_human,0.8081645428815459
477m-g091-ai-r0.5,paloma,1.261655988684739
477m-g091-ai-r0.5,paloma_4chan,1.3363671430028476
477m-g091-ai-r0.5,paloma_c4,0.9163261695746705
477m-g091-ai-r0.5,paloma_c4_100_domains,0.8910114963354402
477m-g091-ai-r0.5,paloma_dolma,1.1491139155553893
477m-g091-ai-r0.5,paloma_falcon_refinedweb,1.009865216558749
477m-g091-ai-r0.5,paloma_gab,1.7654195310815881
477m-g091-ai-r0.5,paloma_m2d2_s2orc,1.0705561425113308
477m-g091-ai-r0.5,paloma_m2d2_wikipedia,0.9661713609649137
477m-g091-ai-r0.5,paloma_manosphere,1.3060907470547027
477m-g091-ai-r0.5,paloma_mc4_en,0.994883050273994
477m-g091-ai-r0.5,paloma_programming,1.8587615728494848
477m-g091-ai-r0.5,paloma_ptb,1.1085550687754326
477m-g091-ai-r0.5,paloma_reddit_100,1.154789492462503
477m-g091-ai-r0.5,paloma_redpajama,1.309048638066842
477m-g091-ai-r0.5,paloma_twitteraae,2.399072867604109
477m-g091-ai-r0.5,paloma_wikitext_103,0.9504634062838248
477m-g091-ai-r1,c4,0.9017200894193009
477m-g091-ai-r1,cosmopedia,0.508837397404904
477m-g091-ai-r1,fw22,0.8803019068993626
477m-g091-ai-r1,fw26,0.7424079788375981
477m-g091-ai-r1,fw26_ai,0.4853896052188142
477m-g091-ai-r1,fw26_human,0.8118965237693856
477m-g091-ai-r1,paloma,1.2575705412451725
477m-g091-ai-r1,paloma_4chan,1.275824558337981
477m-g091-ai-r1,paloma_c4,0.9191872528949684
477m-g091-ai-r1,paloma_c4_100_domains,0.8945320124605264
477m-g091-ai-r1,paloma_dolma,1.1448326353524874
477m-g091-ai-r1,paloma_falcon_refinedweb,1.012139707782906
477m-g091-ai-r1,paloma_gab,1.7754968941642868
477m-g091-ai-r1,paloma_m2d2_s2orc,1.0726372015041192
477m-g091-ai-r1,paloma_m2d2_wikipedia,0.9631745336268507
477m-g091-ai-r1,paloma_manosphere,1.2881004883722262
477m-g091-ai-r1,paloma_mc4_en,0.9968845752291534
477m-g091-ai-r1,paloma_programming,1.8378373740269982
477m-g091-ai-r1,paloma_ptb,1.1106509365964359
477m-g091-ai-r1,paloma_reddit_100,1.15428867251436
477m-g091-ai-r1,paloma_redpajama,1.3087555248370168
477m-g091-ai-r1,paloma_twitteraae,2.4195927280828453
477m-g091-ai-r1,paloma_wikitext_103,0.9471935641395991
477m-g091-human-r0.0025,c4,0.8972826315128656
477m-g091-human-r0.0025,cosmopedia,0.591967453638724
477m-g091-human-r0.0025,fw22,0.8761315694854147
477m-g091-human-r0.0025,fw26,0.7632885589617594
477m-g091-human-r0.0025,fw26_ai,0.5994623047033135
477m-g091-human-r0.0025,fw26_human,0.8076891272454902
477m-g091-human-r0.0025,paloma,1.2561434802776692
477m-g091-human-r0.0025,paloma_4chan,1.3110072509595656
477m-g091-human-r0.0025,paloma_c4,0.9160710324098066
477m-g091-human-r0.0025,paloma_c4_100_domains,0.8888343099088405
477m-g091-human-r0.0025,paloma_dolma,1.148267697717481
477m-g091-human-r0.0025,paloma_falcon_refinedweb,1.0088827791152455
477m-g091-human-r0.0025,paloma_gab,1.7395423818897664
477m-g091-human-r0.0025,paloma_m2d2_s2orc,1.0762207866099256
477m-g091-human-r0.0025,paloma_m2d2_wikipedia,0.9772019276902622
477m-g091-human-r0.0025,paloma_manosphere,1.287412855127469
477m-g091-human-r0.0025,paloma_mc4_en,0.9958755144782677
477m-g091-human-r0.0025,paloma_programming,1.860997454409604
477m-g091-human-r0.0025,paloma_ptb,1.1103211207543051
477m-g091-human-r0.0025,paloma_reddit_100,1.1462163103827783
477m-g091-human-r0.0025,paloma_redpajama,1.3037684434248589
477m-g091-human-r0.0025,paloma_twitteraae,2.368938329663295
477m-g091-human-r0.0025,paloma_wikitext_103,0.9587374899012355
477m-g091-human-r0.025,c4,0.8967660949040607
477m-g091-human-r0.025,cosmopedia,0.5923235510004479
477m-g091-human-r0.025,fw22,0.8755117104529879
477m-g091-human-r0.025,fw26,0.7626454088056931
477m-g091-human-r0.025,fw26_ai,0.5988025621140604
477m-g091-human-r0.025,fw26_human,0.807058210229023
477m-g091-human-r0.025,paloma,1.251764080622035
477m-g091-human-r0.025,paloma_4chan,1.3127265582852805
477m-g091-human-r0.025,paloma_c4,0.9156406626350528
477m-g091-human-r0.025,paloma_c4_100_domains,0.8880566447518717
477m-g091-human-r0.025,paloma_dolma,1.1410276884261237
477m-g091-human-r0.025,paloma_falcon_refinedweb,1.0072441361880309
477m-g091-human-r0.025,paloma_gab,1.7347213237142192
477m-g091-human-r0.025,paloma_m2d2_s2orc,1.0720448052498706
477m-g091-human-r0.025,paloma_m2d2_wikipedia,0.9683193746952276
477m-g091-human-r0.025,paloma_manosphere,1.2704472699566787
477m-g091-human-r0.025,paloma_mc4_en,0.9933576622931678
477m-g091-human-r0.025,paloma_programming,1.836037296189691
477m-g091-human-r0.025,paloma_ptb,1.1200752371542688
477m-g091-human-r0.025,paloma_reddit_100,1.1433456754668958
477m-g091-human-r0.025,paloma_redpajama,1.2947917174150165
477m-g091-human-r0.025,paloma_twitteraae,2.3753376597471734
477m-g091-human-r0.025,paloma_wikitext_103,0.9550515777839892
477m-g091-human-r0.05,c4,0.8958722954726545
477m-g091-human-r0.05,cosmopedia,0.5939055588327059
477m-g091-human-r0.05,fw22,0.8746826467279069
477m-g091-human-r0.05,fw26,0.7618941496843495
477m-g091-human-r0.05,fw26_ai,0.5983676052498084
477m-g091-human-r0.05,fw26_human,0.8062295685815808
477m-g091-human-r0.05,paloma,1.255123327519527
477m-g091-human-r0.05,paloma_4chan,1.3189918595692354
477m-g091-human-r0.05,paloma_c4,0.9147826692687587
477m-g091-human-r0.05,paloma_c4_100_domains,0.8869311319418286
477m-g091-human-r0.05,paloma_dolma,1.1416128919967818
477m-g091-human-r0.05,paloma_falcon_refinedweb,1.0062400629700303
477m-g091-human-r0.05,paloma_gab,1.735157507748653
477m-g091-human-r0.05,paloma_m2d2_s2orc,1.0702971724444916
477m-g091-human-r0.05,paloma_m2d2_wikipedia,0.9720030078492967
477m-g091-human-r0.05,paloma_manosphere,1.2812582252151143
477m-g091-human-r0.05,paloma_mc4_en,0.9948324414322054
477m-g091-human-r0.05,paloma_programming,1.888515225590672
477m-g091-human-r0.05,paloma_ptb,1.1163129514259487
477m-g091-human-r0.05,paloma_reddit_100,1.1442072168970625
477m-g091-human-r0.05,paloma_redpajama,1.2922898589332161
477m-g091-human-r0.05,paloma_twitteraae,2.3652273527415364
477m-g091-human-r0.05,paloma_wikitext_103,0.9533136642876009
477m-g092-control,c4,0.8965204022826958
477m-g092-control,cosmopedia,0.5927684209074434
477m-g092-control,fw22,0.8751028124348093
477m-g092-control,fw26,0.7626986701884276
477m-g092-control,fw26_ai,0.5991644166238864
477m-g092-control,fw26_human,0.8070004111423156
477m-g092-control,paloma,1.2537278977866648
477m-g092-control,paloma_4chan,1.3324066608865603
477m-g092-control,paloma_c4,0.9152136929188173
477m-g092-control,paloma_c4_100_domains,0.8875695828840625
477m-g092-control,paloma_dolma,1.1438178033894124
477m-g092-control,paloma_falcon_refinedweb,1.0069927258822537
477m-g092-control,paloma_gab,1.735856229037495
477m-g092-control,paloma_m2d2_s2orc,1.06925902527663
477m-g092-control,paloma_m2d2_wikipedia,0.9663528616418585
477m-g092-control,paloma_manosphere,1.2751480404136293
477m-g092-control,paloma_mc4_en,0.994449499158102
477m-g092-control,paloma_programming,1.8738616094176381
477m-g092-control,paloma_ptb,1.0989027995977365
477m-g092-control,paloma_reddit_100,1.1431214118486843
477m-g092-control,paloma_redpajama,1.2990258203666
477m-g092-control,paloma_twitteraae,2.3667132618135316
477m-g092-control,paloma_wikitext_103,0.9509553400536249
477m-g092-ai-r0.0025,c4,0.8963968078209501
477m-g092-ai-r0.0025,cosmopedia,0.5871999219016506
477m-g092-ai-r0.0025,fw22,0.8748777114927497
477m-g092-ai-r0.0025,fw26,0.7609420315570423
477m-g092-ai-r0.0025,fw26_ai,0.5916263556344111
477m-g092-ai-r0.0025,fw26_human,0.8067761433322025
477m-g092-ai-r0.0025,paloma,1.2520802979938537
477m-g092-ai-r0.0025,paloma_4chan,1.3109126658959278
477m-g092-ai-r0.0025,paloma_c4,0.9153852395209244
477m-g092-ai-r0.0025,paloma_c4_100_domains,0.887812778224929
477m-g092-ai-r0.0025,paloma_dolma,1.142927145264719
477m-g092-ai-r0.0025,paloma_falcon_refinedweb,1.0080880768643663
477m-g092-ai-r0.0025,paloma_gab,1.7331855502082127
477m-g092-ai-r0.0025,paloma_m2d2_s2orc,1.0741205506041256
477m-g092-ai-r0.0025,paloma_m2d2_wikipedia,0.9710191916489422
477m-g092-ai-r0.0025,paloma_manosphere,1.2746859870249119
477m-g092-ai-r0.0025,paloma_mc4_en,0.9941015213931992
477m-g092-ai-r0.0025,paloma_programming,1.8442194373374812
477m-g092-ai-r0.0025,paloma_ptb,1.106934408111504
477m-g092-ai-r0.0025,paloma_reddit_100,1.1416419041750576
477m-g092-ai-r0.0025,paloma_redpajama,1.2992354105695831
477m-g092-ai-r0.0025,paloma_twitteraae,2.3744441160152583
477m-g092-ai-r0.0025,paloma_wikitext_103,0.9545707850425175
477m-g092-ai-r0.025,c4,0.896130909252106
477m-g092-ai-r0.025,cosmopedia,0.5711871506719621
477m-g092-ai-r0.025,fw22,0.8745710361339102
477m-g092-ai-r0.025,fw26,0.7556874817438476
477m-g092-ai-r0.025,fw26_ai,0.5686288533729797
477m-g092-ai-r0.025,fw26_human,0.80622953176339
477m-g092-ai-r0.025,paloma,1.257483038556683
477m-g092-ai-r0.025,paloma_4chan,1.3481439319458177
477m-g092-ai-r0.025,paloma_c4,0.915332354650874
477m-g092-ai-r0.025,paloma_c4_100_domains,0.8877681723233013
477m-g092-ai-r0.025,paloma_dolma,1.145890347518596
477m-g092-ai-r0.025,paloma_falcon_refinedweb,1.0090859065463198
477m-g092-ai-r0.025,paloma_gab,1.7390640551114493
477m-g092-ai-r0.025,paloma_m2d2_s2orc,1.0762402902826311
477m-g092-ai-r0.025,paloma_m2d2_wikipedia,0.9782997363036596
477m-g092-ai-r0.025,paloma_manosphere,1.2961844656851014
477m-g092-ai-r0.025,paloma_mc4_en,0.9956859655215261
477m-g092-ai-r0.025,paloma_programming,1.8430835860997834
477m-g092-ai-r0.025,paloma_ptb,1.1049638299945166
477m-g092-ai-r0.025,paloma_reddit_100,1.148980542245218
477m-g092-ai-r0.025,paloma_redpajama,1.3050442351820493
477m-g092-ai-r0.025,paloma_twitteraae,2.3680504483889533
477m-g092-ai-r0.025,paloma_wikitext_103,0.9579107491071304
477m-g092-ai-r0.05,c4,0.8957987006014196
477m-g092-ai-r0.05,cosmopedia,0.5580912571417279
477m-g092-ai-r0.05,fw22,0.8742680097279102
477m-g092-ai-r0.05,fw26,0.7529998500100618
477m-g092-ai-r0.05,fw26_ai,0.5567552533044126
477m-g092-ai-r0.05,fw26_human,0.8060332311008238
477m-g092-ai-r0.05,paloma,1.2477084022286782
477m-g092-ai-r0.05,paloma_4chan,1.284341864713353
477m-g092-ai-r0.05,paloma_c4,0.9140027640940608
477m-g092-ai-r0.05,paloma_c4_100_domains,0.8869305401451362
477m-g092-ai-r0.05,paloma_dolma,1.1366483731074226
477m-g092-ai-r0.05,paloma_falcon_refinedweb,1.0052608405708752
477m-g092-ai-r0.05,paloma_gab,1.7409970252319382
477m-g092-ai-r0.05,paloma_m2d2_s2orc,1.0678558137717649
477m-g092-ai-r0.05,paloma_m2d2_wikipedia,0.9674388594475091
477m-g092-ai-r0.05,paloma_manosphere,1.281187802795266
477m-g092-ai-r0.05,paloma_mc4_en,0.9907285927916966
477m-g092-ai-r0.05,paloma_programming,1.8277196394485042
477m-g092-ai-r0.05,paloma_ptb,1.0954317193943444
477m-g092-ai-r0.05,paloma_reddit_100,1.1494097956520835
477m-g092-ai-r0.05,paloma_redpajama,1.2926229688040671
477m-g092-ai-r0.05,paloma_twitteraae,2.37473738671351
477m-g092-ai-r0.05,paloma_wikitext_103,0.9480204489773162
477m-g092-ai-r0.1,c4,0.8958897290122089
477m-g092-ai-r0.1,cosmopedia,0.5475480290906614
477m-g092-ai-r0.1,fw22,0.8743631880991825
477m-g092-ai-r0.1,fw26,0.7496884696203643
477m-g092-ai-r0.1,fw26_ai,0.5419747955220835
477m-g092-ai-r0.1,fw26_human,0.8057951768683986
477m-g092-ai-r0.1,paloma,1.2492889176791881
477m-g092-ai-r0.1,paloma_4chan,1.2852073782829248
477m-g092-ai-r0.1,paloma_c4,0.9150449226692382
477m-g092-ai-r0.1,paloma_c4_100_domains,0.8876135344057176
477m-g092-ai-r0.1,paloma_dolma,1.1369066673284998
477m-g092-ai-r0.1,paloma_falcon_refinedweb,1.0065729113304553
477m-g092-ai-r0.1,paloma_gab,1.7371764486527608
477m-g092-ai-r0.1,paloma_m2d2_s2orc,1.0721354285391986
477m-g092-ai-r0.1,paloma_m2d2_wikipedia,0.9757959375802102
477m-g092-ai-r0.1,paloma_manosphere,1.2839150559386086
477m-g092-ai-r0.1,paloma_mc4_en,0.9920384657117879
477m-g092-ai-r0.1,paloma_programming,1.82060312062807
477m-g092-ai-r0.1,paloma_ptb,1.1078604777678183
477m-g092-ai-r0.1,paloma_reddit_100,1.1457023274687268
477m-g092-ai-r0.1,paloma_redpajama,1.2939490933895363
477m-g092-ai-r0.1,paloma_twitteraae,2.375781216862864
477m-g092-ai-r0.1,paloma_wikitext_103,0.9523196963105923
477m-g092-ai-r0.25,c4,0.8960178588610086
477m-g092-ai-r0.25,cosmopedia,0.5366915637960384
477m-g092-ai-r0.25,fw22,0.8743559757796326
477m-g092-ai-r0.25,fw26,0.7449105416129697
477m-g092-ai-r0.25,fw26_ai,0.519443787965054
477m-g092-ai-r0.25,fw26_human,0.8058409747175087
477m-g092-ai-r0.25,paloma,1.256979465110002
477m-g092-ai-r0.25,paloma_4chan,1.316087167060797
477m-g092-ai-r0.25,paloma_c4,0.9142978975494868
477m-g092-ai-r0.25,paloma_c4_100_domains,0.8877766992608027
477m-g092-ai-r0.25,paloma_dolma,1.143564256423637
477m-g092-ai-r0.25,paloma_falcon_refinedweb,1.008430187463538
477m-g092-ai-r0.25,paloma_gab,1.757740540857961
477m-g092-ai-r0.25,paloma_m2d2_s2orc,1.069154164584798
477m-g092-ai-r0.25,paloma_m2d2_wikipedia,0.9716811182492411
477m-g092-ai-r0.25,paloma_manosphere,1.3108793252340623
477m-g092-ai-r0.25,paloma_mc4_en,0.9901416423866057
477m-g092-ai-r0.25,paloma_programming,1.84121277384493
477m-g092-ai-r0.25,paloma_ptb,1.0976256988647568
477m-g092-ai-r0.25,paloma_reddit_100,1.1525959958074343
477m-g092-ai-r0.25,paloma_redpajama,1.3059110755741352
477m-g092-ai-r0.25,paloma_twitteraae,2.3897082174003175
477m-g092-ai-r0.25,paloma_wikitext_103,0.9548646811975275
477m-g092-ai-r0.5,c4,0.8972527427174762
477m-g092-ai-r0.5,cosmopedia,0.5191376337874538
477m-g092-ai-r0.5,fw22,0.8755824038104935
477m-g092-ai-r0.5,fw26,0.7422135623056519
477m-g092-ai-r0.5,fw26_ai,0.5017649949424741
477m-g092-ai-r0.5,fw26_human,0.8072082590343823
477m-g092-ai-r0.5,paloma,1.2579182907989357
477m-g092-ai-r0.5,paloma_4chan,1.331063703581763
477m-g092-ai-r0.5,paloma_c4,0.9155369574377838
477m-g092-ai-r0.5,paloma_c4_100_domains,0.8896466189617808
477m-g092-ai-r0.5,paloma_dolma,1.1485062276538336
477m-g092-ai-r0.5,paloma_falcon_refinedweb,1.0101040244908588
477m-g092-ai-r0.5,paloma_gab,1.759584562883451
477m-g092-ai-r0.5,paloma_m2d2_s2orc,1.0720989810583015
477m-g092-ai-r0.5,paloma_m2d2_wikipedia,0.9688247214252415
477m-g092-ai-r0.5,paloma_manosphere,1.2919872717554792
477m-g092-ai-r0.5,paloma_mc4_en,0.9912827202165805
477m-g092-ai-r0.5,paloma_programming,1.8437464147998872
477m-g092-ai-r0.5,paloma_ptb,1.1076302396112374
477m-g092-ai-r0.5,paloma_reddit_100,1.147071991824821
477m-g092-ai-r0.5,paloma_redpajama,1.3064141730666026
477m-g092-ai-r0.5,paloma_twitteraae,2.390306274468507
477m-g092-ai-r0.5,paloma_wikitext_103,0.9528877695468432
477m-g092-ai-r1,c4,0.9003522961860614
477m-g092-ai-r1,cosmopedia,0.5091467333343753
477m-g092-ai-r1,fw22,0.8787683339637427
477m-g092-ai-r1,fw26,0.7410139370494743
477m-g092-ai-r1,fw26_ai,0.484028575475642
477m-g092-ai-r1,fw26_human,0.810469245703102
477m-g092-ai-r1,paloma,1.2678717599165354
477m-g092-ai-r1,paloma_4chan,1.36678905957882
477m-g092-ai-r1,paloma_c4,0.9190131360068359
477m-g092-ai-r1,paloma_c4_100_domains,0.8939505427642588
477m-g092-ai-r1,paloma_dolma,1.1503789008563494
477m-g092-ai-r1,paloma_falcon_refinedweb,1.014076575460477
477m-g092-ai-r1,paloma_gab,1.7757302383295712
477m-g092-ai-r1,paloma_m2d2_s2orc,1.079770853795678
477m-g092-ai-r1,paloma_m2d2_wikipedia,0.9788141203952166
477m-g092-ai-r1,paloma_manosphere,1.3027750743385833
477m-g092-ai-r1,paloma_mc4_en,0.9985744736833739
477m-g092-ai-r1,paloma_programming,1.8545904794303363
477m-g092-ai-r1,paloma_ptb,1.1089062831066157
477m-g092-ai-r1,paloma_reddit_100,1.1546837352235464
477m-g092-ai-r1,paloma_redpajama,1.3124972533264379
477m-g092-ai-r1,paloma_twitteraae,2.4213293694655817
477m-g092-ai-r1,paloma_wikitext_103,0.9540680629028868
477m-g092-human-r0.0025,c4,0.8964659975136205
477m-g092-human-r0.0025,cosmopedia,0.5892940653743459
477m-g092-human-r0.0025,fw22,0.8749401603148761
477m-g092-human-r0.0025,fw26,0.7623818706336682
477m-g092-human-r0.0025,fw26_ai,0.5983795116759631
477m-g092-human-r0.0025,fw26_human,0.8068330341539446
477m-g092-human-r0.0025,paloma,1.2491480075856125
477m-g092-human-r0.0025,paloma_4chan,1.297121382552393
477m-g092-human-r0.0025,paloma_c4,0.9157933265034119
477m-g092-human-r0.0025,paloma_c4_100_domains,0.8876651017243916
477m-g092-human-r0.0025,paloma_dolma,1.1413694511772865
477m-g092-human-r0.0025,paloma_falcon_refinedweb,1.006881690627933
477m-g092-human-r0.0025,paloma_gab,1.73180889965097
477m-g092-human-r0.0025,paloma_m2d2_s2orc,1.0735866421895959
477m-g092-human-r0.0025,paloma_m2d2_wikipedia,0.9690560977381922
477m-g092-human-r0.0025,paloma_manosphere,1.2665722243367095
477m-g092-human-r0.0025,paloma_mc4_en,0.9949013667983203
477m-g092-human-r0.0025,paloma_programming,1.8441044992704905
477m-g092-human-r0.0025,paloma_ptb,1.101833335360288
477m-g092-human-r0.0025,paloma_reddit_100,1.1432559976140362
477m-g092-human-r0.0025,paloma_redpajama,1.2962250954632795
477m-g092-human-r0.0025,paloma_twitteraae,2.3637905609968644
477m-g092-human-r0.0025,paloma_wikitext_103,0.9524024493656383
477m-g092-human-r0.025,c4,0.8956109182058114
477m-g092-human-r0.025,cosmopedia,0.593376192777559
477m-g092-human-r0.025,fw22,0.8743331626006023
477m-g092-human-r0.025,fw26,0.7616876845326181
477m-g092-human-r0.025,fw26_ai,0.5977790762856281
477m-g092-human-r0.025,fw26_human,0.8061319949027739
477m-g092-human-r0.025,paloma,1.243529156744389
477m-g092-human-r0.025,paloma_4chan,1.299590222695536
477m-g092-human-r0.025,paloma_c4,0.9134779127889974
477m-g092-human-r0.025,paloma_c4_100_domains,0.8862575315425438
477m-g092-human-r0.025,paloma_dolma,1.1336971334155899
477m-g092-human-r0.025,paloma_falcon_refinedweb,1.0040593717018054
477m-g092-human-r0.025,paloma_gab,1.7337411279513673
477m-g092-human-r0.025,paloma_m2d2_s2orc,1.064738360843271
477m-g092-human-r0.025,paloma_m2d2_wikipedia,0.9644104507383674
477m-g092-human-r0.025,paloma_manosphere,1.2772387452288416
477m-g092-human-r0.025,paloma_mc4_en,0.987483911901146
477m-g092-human-r0.025,paloma_programming,1.7916846655435217
477m-g092-human-r0.025,paloma_ptb,1.1016613016577894
477m-g092-human-r0.025,paloma_reddit_100,1.144766770947897
477m-g092-human-r0.025,paloma_redpajama,1.2846429972093831
477m-g092-human-r0.025,paloma_twitteraae,2.365420591909497
477m-g092-human-r0.025,paloma_wikitext_103,0.9435954118346682
477m-g092-human-r0.05,c4,0.8952084688045026
477m-g092-human-r0.05,cosmopedia,0.5992708607384022
477m-g092-human-r0.05,fw22,0.8738421033117635
477m-g092-human-r0.05,fw26,0.7610833035291639
477m-g092-human-r0.05,fw26_ai,0.597172795160741
477m-g092-human-r0.05,fw26_human,0.8055120827938067
477m-g092-human-r0.05,paloma,1.253094047720733
477m-g092-human-r0.05,paloma_4chan,1.3357710242536212
477m-g092-human-r0.05,paloma_c4,0.9141531994660362
477m-g092-human-r0.05,paloma_c4_100_domains,0.8861738754428269
477m-g092-human-r0.05,paloma_dolma,1.1447401797250438
477m-g092-human-r0.05,paloma_falcon_refinedweb,1.0050740307596298
477m-g092-human-r0.05,paloma_gab,1.7387891301500278
477m-g092-human-r0.05,paloma_m2d2_s2orc,1.072861574986131
477m-g092-human-r0.05,paloma_m2d2_wikipedia,0.9725220939050422
477m-g092-human-r0.05,paloma_manosphere,1.2904323871590972
477m-g092-human-r0.05,paloma_mc4_en,0.9917893702987238
477m-g092-human-r0.05,paloma_programming,1.8255823902323312
477m-g092-human-r0.05,paloma_ptb,1.0971576809233718
477m-g092-human-r0.05,paloma_reddit_100,1.1492838359414221
477m-g092-human-r0.05,paloma_redpajama,1.3041183915310772
477m-g092-human-r0.05,paloma_twitteraae,2.3685792202496465
477m-g092-human-r0.05,paloma_wikitext_103,0.9524763785076992
477m-g093-control,c4,0.8817066913434912
477m-g093-control,cosmopedia,0.5826954067180581
477m-g093-control,fw22,0.8593575303658023
477m-g093-control,fw26,0.7464534819363953
477m-g093-control,fw26_ai,0.5835168280836871
477m-g093-control,fw26_human,0.7906368020410313
477m-g093-control,paloma,1.2344955936812818
477m-g093-control,paloma_4chan,1.3132761105317943
477m-g093-control,paloma_c4,0.9002038829988265
477m-g093-control,paloma_c4_100_domains,0.8713703292657727
477m-g093-control,paloma_dolma,1.1225873818731575
477m-g093-control,paloma_falcon_refinedweb,0.992085322282158
477m-g093-control,paloma_gab,1.7135191045467946
477m-g093-control,paloma_m2d2_s2orc,1.054175916415324
477m-g093-control,paloma_m2d2_wikipedia,0.9563345230065238
477m-g093-control,paloma_manosphere,1.2749162488304076
477m-g093-control,paloma_mc4_en,0.9779006178028625
477m-g093-control,paloma_programming,1.8035069426117025
477m-g093-control,paloma_ptb,1.0829512127644074
477m-g093-control,paloma_reddit_100,1.1301956778008948
477m-g093-control,paloma_redpajama,1.2760579199992867
477m-g093-control,paloma_twitteraae,2.3512330432751885
477m-g093-control,paloma_wikitext_103,0.931615264895406
477m-g093-ai-r0.05,c4,0.8817238650920688
477m-g093-ai-r0.05,cosmopedia,0.5430973997742898
477m-g093-ai-r0.05,fw22,0.8591594876747803
477m-g093-ai-r0.05,fw26,0.7369553366325188
477m-g093-ai-r0.05,fw26_ai,0.5407533083154107
477m-g093-ai-r0.05,fw26_human,0.7899927148094066
477m-g093-ai-r0.05,paloma,1.2353374984189933
477m-g093-ai-r0.05,paloma_4chan,1.3566119094102982
477m-g093-ai-r0.05,paloma_c4,0.9000902862216429
477m-g093-ai-r0.05,paloma_c4_100_domains,0.8715225327793189
477m-g093-ai-r0.05,paloma_dolma,1.12085855205472
477m-g093-ai-r0.05,paloma_falcon_refinedweb,0.9892995949561343
477m-g093-ai-r0.05,paloma_gab,1.7169544402452446
477m-g093-ai-r0.05,paloma_m2d2_s2orc,1.051721886136698
477m-g093-ai-r0.05,paloma_m2d2_wikipedia,0.9484308061444154
477m-g093-ai-r0.05,paloma_manosphere,1.2750214450616142
477m-g093-ai-r0.05,paloma_mc4_en,0.9751006165316797
477m-g093-ai-r0.05,paloma_programming,1.7930108685101482
477m-g093-ai-r0.05,paloma_ptb,1.0808359199645412
477m-g093-ai-r0.05,paloma_reddit_100,1.1289072471076016
477m-g093-ai-r0.05,paloma_redpajama,1.2759063910521635
477m-g093-ai-r0.05,paloma_twitteraae,2.3539405414263936
477m-g093-ai-r0.05,paloma_wikitext_103,0.927186937101279
477m-g093-ai-r0.25,c4,0.883008240851138
477m-g093-ai-r0.25,cosmopedia,0.5205626303886806
477m-g093-ai-r0.25,fw22,0.8607451519405087
477m-g093-ai-r0.25,fw26,0.7305982903353845
477m-g093-ai-r0.25,fw26_ai,0.5055386018778096
477m-g093-ai-r0.25,fw26_human,0.7914421944935625
477m-g093-ai-r0.25,paloma,1.240084276495695
477m-g093-ai-r0.25,paloma_4chan,1.3168304062720728
477m-g093-ai-r0.25,paloma_c4,0.9007208594147061
477m-g093-ai-r0.25,paloma_c4_100_domains,0.8732161728778156
477m-g093-ai-r0.25,paloma_dolma,1.1227158253426763
477m-g093-ai-r0.25,paloma_falcon_refinedweb,0.9968262678079151
477m-g093-ai-r0.25,paloma_gab,1.7343617031344511
477m-g093-ai-r0.25,paloma_m2d2_s2orc,1.0494986651083678
477m-g093-ai-r0.25,paloma_m2d2_wikipedia,0.9453837610396958
477m-g093-ai-r0.25,paloma_manosphere,1.2911730217398307
477m-g093-ai-r0.25,paloma_mc4_en,0.9797805032184201
477m-g093-ai-r0.25,paloma_programming,1.8331251842298346
477m-g093-ai-r0.25,paloma_ptb,1.1013003466441722
477m-g093-ai-r0.25,paloma_reddit_100,1.1298523080525
477m-g093-ai-r0.25,paloma_redpajama,1.273341690383829
477m-g093-ai-r0.25,paloma_twitteraae,2.3648358121422124
477m-g093-ai-r0.25,paloma_wikitext_103,0.9283858965226185
477m-g093-ai-r1,c4,0.8899191878980025
477m-g093-ai-r1,cosmopedia,0.4950251386256426
477m-g093-ai-r1,fw22,0.8676045135084536
477m-g093-ai-r1,fw26,0.7296001020104266
477m-g093-ai-r1,fw26_ai,0.47285401174621416
477m-g093-ai-r1,fw26_human,0.7990051591406608
477m-g093-ai-r1,paloma,1.254651542627824
477m-g093-ai-r1,paloma_4chan,1.4049205211630136
477m-g093-ai-r1,paloma_c4,0.907668421415537
477m-g093-ai-r1,paloma_c4_100_domains,0.8815649776789135
477m-g093-ai-r1,paloma_dolma,1.1297207309171424
477m-g093-ai-r1,paloma_falcon_refinedweb,1.0006049009492752
477m-g093-ai-r1,paloma_gab,1.7603089365052236
477m-g093-ai-r1,paloma_m2d2_s2orc,1.0564443003683606
477m-g093-ai-r1,paloma_m2d2_wikipedia,0.9580790674152453
477m-g093-ai-r1,paloma_manosphere,1.3023120192771227
477m-g093-ai-r1,paloma_mc4_en,0.9803933878600289
477m-g093-ai-r1,paloma_programming,1.8203103867504322
477m-g093-ai-r1,paloma_ptb,1.088572319546997
477m-g093-ai-r1,paloma_reddit_100,1.1419255449885213
477m-g093-ai-r1,paloma_redpajama,1.2905424385180384
477m-g093-ai-r1,paloma_twitteraae,2.410763044792846
477m-g093-ai-r1,paloma_wikitext_103,0.9402936838984876
477m-g094-control,c4,0.8811120953711639
477m-g094-control,cosmopedia,0.5831474230364706
477m-g094-control,fw22,0.858850800178192
477m-g094-control,fw26,0.745464143333694
477m-g094-control,fw26_ai,0.5819670855008203
477m-g094-control,fw26_human,0.7897990804804206
477m-g094-control,paloma,1.2343174424021441
477m-g094-control,paloma_4chan,1.3999821011957925
477m-g094-control,paloma_c4,0.8984492493739005
477m-g094-control,paloma_c4_100_domains,0.8699082126238908
477m-g094-control,paloma_dolma,1.1149361483190843
477m-g094-control,paloma_falcon_refinedweb,0.9923092305550499
477m-g094-control,paloma_gab,1.719985470342007
477m-g094-control,paloma_m2d2_s2orc,1.045593098379496
477m-g094-control,paloma_m2d2_wikipedia,0.949550890425499
477m-g094-control,paloma_manosphere,1.2774150035422402
477m-g094-control,paloma_mc4_en,0.9708108594471219
477m-g094-control,paloma_programming,1.7506877594875305
477m-g094-control,paloma_ptb,1.0815408719006494
477m-g094-control,paloma_reddit_100,1.1312152046546273
477m-g094-control,paloma_redpajama,1.2706602812199836
477m-g094-control,paloma_twitteraae,2.3481301072729712
477m-g094-control,paloma_wikitext_103,0.9279045896944629
477m-g094-ai-r0.05,c4,0.8808192791706027
477m-g094-ai-r0.05,cosmopedia,0.5425838481912735
477m-g094-ai-r0.05,fw22,0.8583602699529665
477m-g094-ai-r0.05,fw26,0.7361074904955109
477m-g094-ai-r0.05,fw26_ai,0.5397520508414915
477m-g094-ai-r0.05,fw26_human,0.7891678159300842
477m-g094-ai-r0.05,paloma,1.2307967074729167
477m-g094-ai-r0.05,paloma_4chan,1.2903411268191802
477m-g094-ai-r0.05,paloma_c4,0.8981650038613402
477m-g094-ai-r0.05,paloma_c4_100_domains,0.870054278755358
477m-g094-ai-r0.05,paloma_dolma,1.1180574902068086
477m-g094-ai-r0.05,paloma_falcon_refinedweb,0.990944438010801
477m-g094-ai-r0.05,paloma_gab,1.7185420428788123
477m-g094-ai-r0.05,paloma_m2d2_s2orc,1.0478854814816472
477m-g094-ai-r0.05,paloma_m2d2_wikipedia,0.9431514019527061
477m-g094-ai-r0.05,paloma_manosphere,1.2760881213875366
477m-g094-ai-r0.05,paloma_mc4_en,0.9722714527101546
477m-g094-ai-r0.05,paloma_programming,1.8118657453649454
477m-g094-ai-r0.05,paloma_ptb,1.0759306758101062
477m-g094-ai-r0.05,paloma_reddit_100,1.1288081082605583
477m-g094-ai-r0.05,paloma_redpajama,1.2706838438389296
477m-g094-ai-r0.05,paloma_twitteraae,2.353185708773515
477m-g094-ai-r0.05,paloma_wikitext_103,0.9267723994542677
477m-g094-ai-r0.1,c4,0.8813509619063609
477m-g094-ai-r0.1,cosmopedia,0.5327818872327162
477m-g094-ai-r0.1,fw22,0.8589147884513721
477m-g094-ai-r0.1,fw26,0.7336990885328534
477m-g094-ai-r0.1,fw26_ai,0.5263099864782912
477m-g094-ai-r0.1,fw26_human,0.789694232721199
477m-g094-ai-r0.1,paloma,1.234324989469937
477m-g094-ai-r0.1,paloma_4chan,1.3361417366331454
477m-g094-ai-r0.1,paloma_c4,0.8991543256512364
477m-g094-ai-r0.1,paloma_c4_100_domains,0.8709467350835243
477m-g094-ai-r0.1,paloma_dolma,1.1171197153127757
477m-g094-ai-r0.1,paloma_falcon_refinedweb,0.9921751400411047
477m-g094-ai-r0.1,paloma_gab,1.728702338792619
477m-g094-ai-r0.1,paloma_m2d2_s2orc,1.0492088922117802
477m-g094-ai-r0.1,paloma_m2d2_wikipedia,0.9515975024977099
477m-g094-ai-r0.1,paloma_manosphere,1.281924719795022
477m-g094-ai-r0.1,paloma_mc4_en,0.9739479747915257
477m-g094-ai-r0.1,paloma_programming,1.7806838204239623
477m-g094-ai-r0.1,paloma_ptb,1.0791990624205592
477m-g094-ai-r0.1,paloma_reddit_100,1.1303616750608667
477m-g094-ai-r0.1,paloma_redpajama,1.27424366170351
477m-g094-ai-r0.1,paloma_twitteraae,2.356326911828997
477m-g094-ai-r0.1,paloma_wikitext_103,0.927465619270658
477m-g094-ai-r0.25,c4,0.8820293365562168
477m-g094-ai-r0.25,cosmopedia,0.5225133783587992
477m-g094-ai-r0.25,fw22,0.8596446256597904
477m-g094-ai-r0.25,fw26,0.7296867337413288
477m-g094-ai-r0.25,fw26_ai,0.5050638450423106
477m-g094-ai-r0.25,fw26_human,0.7903728700933917
477m-g094-ai-r0.25,paloma,1.238402118812815
477m-g094-ai-r0.25,paloma_4chan,1.386856074203927
477m-g094-ai-r0.25,paloma_c4,0.900441883062176
477m-g094-ai-r0.25,paloma_c4_100_domains,0.8725772364046661
477m-g094-ai-r0.25,paloma_dolma,1.1181758794596577
477m-g094-ai-r0.25,paloma_falcon_refinedweb,0.9951099115402627
477m-g094-ai-r0.25,paloma_gab,1.7333112367450763
477m-g094-ai-r0.25,paloma_m2d2_s2orc,1.0546063319462
477m-g094-ai-r0.25,paloma_m2d2_wikipedia,0.9549612348223072
477m-g094-ai-r0.25,paloma_manosphere,1.277966053385395
477m-g094-ai-r0.25,paloma_mc4_en,0.9749713660344057
477m-g094-ai-r0.25,paloma_programming,1.7467880249475363
477m-g094-ai-r0.25,paloma_ptb,1.0870119214263476
477m-g094-ai-r0.25,paloma_reddit_100,1.130282280810957
477m-g094-ai-r0.25,paloma_redpajama,1.278488497948635
477m-g094-ai-r0.25,paloma_twitteraae,2.3666808083155937
477m-g094-ai-r0.25,paloma_wikitext_103,0.9362051599518925
477m-g094-ai-r0.5,c4,0.8853633981751102
477m-g094-ai-r0.5,cosmopedia,0.5046226024672901
477m-g094-ai-r0.5,fw22,0.8629321102724159
477m-g094-ai-r0.5,fw26,0.7290848679119153
477m-g094-ai-r0.5,fw26_ai,0.4888681394634733
477m-g094-ai-r0.5,fw26_human,0.7940537490736905
477m-g094-ai-r0.5,paloma,1.2481724193121955
477m-g094-ai-r0.5,paloma_4chan,1.3243803449228233
477m-g094-ai-r0.5,paloma_c4,0.9026285689634408
477m-g094-ai-r0.5,paloma_c4_100_domains,0.876403255436851
477m-g094-ai-r0.5,paloma_dolma,1.139612497621034
477m-g094-ai-r0.5,paloma_falcon_refinedweb,0.9955867872117122
477m-g094-ai-r0.5,paloma_gab,1.7419059790285825
477m-g094-ai-r0.5,paloma_m2d2_s2orc,1.0509907922360078
477m-g094-ai-r0.5,paloma_m2d2_wikipedia,0.9487558601972608
477m-g094-ai-r0.5,paloma_manosphere,1.2809485399773473
477m-g094-ai-r0.5,paloma_mc4_en,0.9786989521007885
477m-g094-ai-r0.5,paloma_programming,1.896766984971002
477m-g094-ai-r0.5,paloma_ptb,1.0816565195977406
477m-g094-ai-r0.5,paloma_reddit_100,1.13086351311546
477m-g094-ai-r0.5,paloma_redpajama,1.3020483155199358
477m-g094-ai-r0.5,paloma_twitteraae,2.3821688053670815
477m-g094-ai-r0.5,paloma_wikitext_103,0.9373429927280579
477m-g094-ai-r1,c4,0.8894054324611556
477m-g094-ai-r1,cosmopedia,0.5005977644788238
477m-g094-ai-r1,fw22,0.8670568414292656
477m-g094-ai-r1,fw26,0.7290403603173922
477m-g094-ai-r1,fw26_ai,0.4723030214649558
477m-g094-ai-r1,fw26_human,0.7984569852864515
477m-g094-ai-r1,paloma,1.2467545982525507
477m-g094-ai-r1,paloma_4chan,1.3303902613224396
477m-g094-ai-r1,paloma_c4,0.9059099856038215
477m-g094-ai-r1,paloma_c4_100_domains,0.8804661564893232
477m-g094-ai-r1,paloma_dolma,1.127523353406611
477m-g094-ai-r1,paloma_falcon_refinedweb,0.9984869926312315
477m-g094-ai-r1,paloma_gab,1.76327700541145
477m-g094-ai-r1,paloma_m2d2_s2orc,1.0533300197544722
477m-g094-ai-r1,paloma_m2d2_wikipedia,0.9492730417068816
477m-g094-ai-r1,paloma_manosphere,1.3054974722424866
477m-g094-ai-r1,paloma_mc4_en,0.980631675695879
477m-g094-ai-r1,paloma_programming,1.8042033368571888
477m-g094-ai-r1,paloma_ptb,1.082175425909006
477m-g094-ai-r1,paloma_reddit_100,1.1456819479063882
477m-g094-ai-r1,paloma_redpajama,1.2813220112892225
477m-g094-ai-r1,paloma_twitteraae,2.40919598306135
477m-g094-ai-r1,paloma_wikitext_103,0.9307089027530588
477m-g095-control,c4,0.8750281857001638
477m-g095-control,cosmopedia,0.5764148402324548
477m-g095-control,fw22,0.8522274213967748
477m-g095-control,fw26,0.7384354179135479
477m-g095-control,fw26_ai,0.5751673486154874
477m-g095-control,fw26_human,0.7826898166974482
477m-g095-control,paloma,1.2261896560874626
477m-g095-control,paloma_4chan,1.311283273573819
477m-g095-control,paloma_c4,0.892624876462381
477m-g095-control,paloma_c4_100_domains,0.86366752891304
477m-g095-control,paloma_dolma,1.1133179543921654
477m-g095-control,paloma_falcon_refinedweb,0.9858990894318895
477m-g095-control,paloma_gab,1.7106362098720946
477m-g095-control,paloma_m2d2_s2orc,1.0411227388541118
477m-g095-control,paloma_m2d2_wikipedia,0.9433023981155475
477m-g095-control,paloma_manosphere,1.2639667246799131
477m-g095-control,paloma_mc4_en,0.9688881810345323
477m-g095-control,paloma_programming,1.7840954758780379
477m-g095-control,paloma_ptb,1.0785090245828814
477m-g095-control,paloma_reddit_100,1.1236537562465378
477m-g095-control,paloma_redpajama,1.2738267336889304
477m-g095-control,paloma_twitteraae,2.3457005946833496
477m-g095-control,paloma_wikitext_103,0.9185399369901691
477m-g095-ai-r0.25,c4,0.876444937795001
477m-g095-ai-r0.25,cosmopedia,0.5197623102714296
477m-g095-ai-r0.25,fw22,0.8536579451780137
477m-g095-ai-r0.25,fw26,0.7230624006880355
477m-g095-ai-r0.25,fw26_ai,0.4986502488236172
477m-g095-ai-r0.25,fw26_human,0.7837007939671646
477m-g095-ai-r0.25,paloma,1.2246028656912955
477m-g095-ai-r0.25,paloma_4chan,1.308309246470425
477m-g095-ai-r0.25,paloma_c4,0.8939719342769383
477m-g095-ai-r0.25,paloma_c4_100_domains,0.866077566854039
477m-g095-ai-r0.25,paloma_dolma,1.1098359941479998
477m-g095-ai-r0.25,paloma_falcon_refinedweb,0.9862928954150885
477m-g095-ai-r0.25,paloma_gab,1.7227040337498836
477m-g095-ai-r0.25,paloma_m2d2_s2orc,1.0419394390769898
477m-g095-ai-r0.25,paloma_m2d2_wikipedia,0.9426745099694036
477m-g095-ai-r0.25,paloma_manosphere,1.279525917333446
477m-g095-ai-r0.25,paloma_mc4_en,0.968721912134622
477m-g095-ai-r0.25,paloma_programming,1.7416227737663166
477m-g095-ai-r0.25,paloma_ptb,1.0645951293094762
477m-g095-ai-r0.25,paloma_reddit_100,1.1262192144920788
477m-g095-ai-r0.25,paloma_redpajama,1.2649752005728434
477m-g095-ai-r0.25,paloma_twitteraae,2.3588278382349794
477m-g095-ai-r0.25,paloma_wikitext_103,0.9173522452561962
477m-g095-ai-r0.5,c4,0.880020015954176
477m-g095-ai-r0.5,cosmopedia,0.5070055952043675
477m-g095-ai-r0.5,fw22,0.8572149546449044
477m-g095-ai-r0.5,fw26,0.7229277272761698
477m-g095-ai-r0.5,fw26_ai,0.48318840711480404
477m-g095-ai-r0.5,fw26_human,0.7877423586228484
477m-g095-ai-r0.5,paloma,1.231220482534121
477m-g095-ai-r0.5,paloma_4chan,1.3251179338563017
477m-g095-ai-r0.5,paloma_c4,0.8969542414719299
477m-g095-ai-r0.5,paloma_c4_100_domains,0.8699934173389702
477m-g095-ai-r0.5,paloma_dolma,1.1135855320561145
477m-g095-ai-r0.5,paloma_falcon_refinedweb,0.988573118579726
477m-g095-ai-r0.5,paloma_gab,1.7273137183223461
477m-g095-ai-r0.5,paloma_m2d2_s2orc,1.0433413514224383
477m-g095-ai-r0.5,paloma_m2d2_wikipedia,0.9337316371433378
477m-g095-ai-r0.5,paloma_manosphere,1.2791892153189817
477m-g095-ai-r0.5,paloma_mc4_en,0.9690882410624114
477m-g095-ai-r0.5,paloma_programming,1.7943465024599157
477m-g095-ai-r0.5,paloma_ptb,1.0734875970643039
477m-g095-ai-r0.5,paloma_reddit_100,1.1262683212332967
477m-g095-ai-r0.5,paloma_redpajama,1.261468945424568
477m-g095-ai-r0.5,paloma_twitteraae,2.3783936032101463
477m-g095-ai-r0.5,paloma_wikitext_103,0.9186743445811505
477m-g095-ai-r1,c4,0.8848386227493253
477m-g095-ai-r1,cosmopedia,0.5000435839915187
477m-g095-ai-r1,fw22,0.8621662714550582
477m-g095-ai-r1,fw26,0.7237278077360099
477m-g095-ai-r1,fw26_ai,0.46728752934517714
477m-g095-ai-r1,fw26_human,0.7930667812447733
477m-g095-ai-r1,paloma,1.2501179534155875
477m-g095-ai-r1,paloma_4chan,1.3751970906195812
477m-g095-ai-r1,paloma_c4,0.9015542523804153
477m-g095-ai-r1,paloma_c4_100_domains,0.8753477956190677
477m-g095-ai-r1,paloma_dolma,1.1269170592488662
477m-g095-ai-r1,paloma_falcon_refinedweb,0.9955426954729621
477m-g095-ai-r1,paloma_gab,1.7559514823711826
477m-g095-ai-r1,paloma_m2d2_s2orc,1.0493496151942792
477m-g095-ai-r1,paloma_m2d2_wikipedia,0.9494647878229369
477m-g095-ai-r1,paloma_manosphere,1.32928179310298
477m-g095-ai-r1,paloma_mc4_en,0.9755413717753529
477m-g095-ai-r1,paloma_programming,1.8235404110788662
477m-g095-ai-r1,paloma_ptb,1.0826518453651968
477m-g095-ai-r1,paloma_reddit_100,1.1416733555183527
477m-g095-ai-r1,paloma_redpajama,1.284469826357886
477m-g095-ai-r1,paloma_twitteraae,2.4090524456900546
477m-g095-ai-r1,paloma_wikitext_103,0.9263514270314207
477m-g096-control,c4,0.8704790563293161
477m-g096-control,cosmopedia,0.5669040151328086
477m-g096-control,fw22,0.8474290295681555
477m-g096-control,fw26,0.7332173949880736
477m-g096-control,fw26_ai,0.57069023662831
477m-g096-control,fw26_human,0.7772524577578002
477m-g096-control,paloma,1.212166612878148
477m-g096-control,paloma_4chan,1.3014099698016512
477m-g096-control,paloma_c4,0.8880863829584686
477m-g096-control,paloma_c4_100_domains,0.8583044784413676
477m-g096-control,paloma_dolma,1.093741848018204
477m-g096-control,paloma_falcon_refinedweb,0.97937934040283
477m-g096-control,paloma_gab,1.704525961617328
477m-g096-control,paloma_m2d2_s2orc,1.0361849624953379
477m-g096-control,paloma_m2d2_wikipedia,0.937634895771575
477m-g096-control,paloma_manosphere,1.2779804173317266
477m-g096-control,paloma_mc4_en,0.9590599859064572
477m-g096-control,paloma_programming,1.6650719652043373
477m-g096-control,paloma_ptb,1.069933206537922
477m-g096-control,paloma_reddit_100,1.1166374358729563
477m-g096-control,paloma_redpajama,1.256165936445985
477m-g096-control,paloma_twitteraae,2.339324803985216
477m-g096-control,paloma_wikitext_103,0.9112242152590074
477m-g096-ai-r0.05,c4,0.8707220125378913
477m-g096-ai-r0.05,cosmopedia,0.5327187899920328
477m-g096-ai-r0.05,fw22,0.8476169198597919
477m-g096-ai-r0.05,fw26,0.7245609210341205
477m-g096-ai-r0.05,fw26_ai,0.5290432746027813
477m-g096-ai-r0.05,fw26_human,0.7773886579479569
477m-g096-ai-r0.05,paloma,1.2041337192573045
477m-g096-ai-r0.05,paloma_4chan,1.253183989976971
477m-g096-ai-r0.05,paloma_c4,0.8885575078324646
477m-g096-ai-r0.05,paloma_c4_100_domains,0.8592637473718584
477m-g096-ai-r0.05,paloma_dolma,1.0933700158322595
477m-g096-ai-r0.05,paloma_falcon_refinedweb,0.9785873312500692
477m-g096-ai-r0.05,paloma_gab,1.6912852761197763
477m-g096-ai-r0.05,paloma_m2d2_s2orc,1.034405609055717
477m-g096-ai-r0.05,paloma_m2d2_wikipedia,0.93103853555568
477m-g096-ai-r0.05,paloma_manosphere,1.234830929385455
477m-g096-ai-r0.05,paloma_mc4_en,0.960162420265737
477m-g096-ai-r0.05,paloma_programming,1.6793304713089439
477m-g096-ai-r0.05,paloma_ptb,1.0546430275480247
477m-g096-ai-r0.05,paloma_reddit_100,1.114334540939778
477m-g096-ai-r0.05,paloma_redpajama,1.248839037949572
477m-g096-ai-r0.05,paloma_twitteraae,2.3367436339395438
477m-g096-ai-r0.05,paloma_wikitext_103,0.9075634337850195
477m-g096-ai-r0.25,c4,0.8725036330782237
477m-g096-ai-r0.25,cosmopedia,0.5120604924109589
477m-g096-ai-r0.25,fw22,0.8496019677928321
477m-g096-ai-r0.25,fw26,0.7190173122718856
477m-g096-ai-r0.25,fw26_ai,0.4950447462818176
477m-g096-ai-r0.25,fw26_human,0.7795059661287951
477m-g096-ai-r0.25,paloma,1.2254742714845395
477m-g096-ai-r0.25,paloma_4chan,1.428785946771203
477m-g096-ai-r0.25,paloma_c4,0.8904497592912465
477m-g096-ai-r0.25,paloma_c4_100_domains,0.8620438034248324
477m-g096-ai-r0.25,paloma_dolma,1.1000013022641733
477m-g096-ai-r0.25,paloma_falcon_refinedweb,0.9843987214948436
477m-g096-ai-r0.25,paloma_gab,1.7162907652106278
477m-g096-ai-r0.25,paloma_m2d2_s2orc,1.0405253487502089
477m-g096-ai-r0.25,paloma_m2d2_wikipedia,0.9411790296659641
477m-g096-ai-r0.25,paloma_manosphere,1.280186035254616
477m-g096-ai-r0.25,paloma_mc4_en,0.9629953506843142
477m-g096-ai-r0.25,paloma_programming,1.6732401813579891
477m-g096-ai-r0.25,paloma_ptb,1.0679512102548394
477m-g096-ai-r0.25,paloma_reddit_100,1.1218204445444142
477m-g096-ai-r0.25,paloma_redpajama,1.2587506449616797
477m-g096-ai-r0.25,paloma_twitteraae,2.362366869434672
477m-g096-ai-r0.25,paloma_wikitext_103,0.9166029303870067
477m-g096-ai-r0.5,c4,0.8754941447617848
477m-g096-ai-r0.5,cosmopedia,0.5031795002942318
477m-g096-ai-r0.5,fw22,0.8523543365180944
477m-g096-ai-r0.5,fw26,0.7178619947154009
477m-g096-ai-r0.5,fw26_ai,0.47885067258110103
477m-g096-ai-r0.5,fw26_human,0.7824531043388179
477m-g096-ai-r0.5,paloma,1.2241048176830842
477m-g096-ai-r0.5,paloma_4chan,1.3957141992886144
477m-g096-ai-r0.5,paloma_c4,0.892888062009378
477m-g096-ai-r0.5,paloma_c4_100_domains,0.8650534629172372
477m-g096-ai-r0.5,paloma_dolma,1.099543117736997
477m-g096-ai-r0.5,paloma_falcon_refinedweb,0.9843802935433019
477m-g096-ai-r0.5,paloma_gab,1.7221740381093813
477m-g096-ai-r0.5,paloma_m2d2_s2orc,1.0425141782515497
477m-g096-ai-r0.5,paloma_m2d2_wikipedia,0.939426021097217
477m-g096-ai-r0.5,paloma_manosphere,1.263818019533004
477m-g096-ai-r0.5,paloma_mc4_en,0.9645420114173995
477m-g096-ai-r0.5,paloma_programming,1.6715143575937867
477m-g096-ai-r0.5,paloma_ptb,1.0729948961490516
477m-g096-ai-r0.5,paloma_reddit_100,1.1230307350272035
477m-g096-ai-r0.5,paloma_redpajama,1.2579621816170252
477m-g096-ai-r0.5,paloma_twitteraae,2.3719880031166083
477m-g096-ai-r0.5,paloma_wikitext_103,0.918133505521594
973m-g097-control,c4,0.8949191228479904
973m-g097-control,cosmopedia,0.591791573264157
973m-g097-control,fw22,0.8736098577338636
973m-g097-control,fw26,0.7611643939084618
973m-g097-control,fw26_ai,0.5984316898816481
973m-g097-control,fw26_human,0.8053055742878189
973m-g097-control,paloma,1.2413213881110856
973m-g097-control,paloma_4chan,1.2787503168601706
973m-g097-control,paloma_c4,0.9127903685287317
973m-g097-control,paloma_c4_100_domains,0.8851834159820359
973m-g097-control,paloma_dolma,1.1302552275776618
973m-g097-control,paloma_falcon_refinedweb,1.0024434800938125
973m-g097-control,paloma_gab,1.7303379286693261
973m-g097-control,paloma_m2d2_s2orc,1.0600019098668234
973m-g097-control,paloma_m2d2_wikipedia,0.9574834959758719
973m-g097-control,paloma_manosphere,1.2745278127591395
973m-g097-control,paloma_mc4_en,0.9886671273665909
973m-g097-control,paloma_programming,1.8325226694248868
973m-g097-control,paloma_ptb,1.078309559088752
973m-g097-control,paloma_reddit_100,1.1415634718510395
973m-g097-control,paloma_redpajama,1.2838662731850345
973m-g097-control,paloma_twitteraae,2.367276805409842
973m-g097-control,paloma_wikitext_103,0.9371623471376513
973m-g098-control,c4,0.8509850868366857
973m-g098-control,cosmopedia,0.5466062431678383
973m-g098-control,fw22,0.8271000381895283
973m-g098-control,fw26,0.7128394605202187
973m-g098-control,fw26_ai,0.5501551656351293
973m-g098-control,fw26_human,0.7568790255104877
973m-g098-control,paloma,1.1911003189097884
973m-g098-control,paloma_4chan,1.2605574941904976
973m-g098-control,paloma_c4,0.8673926766003424
973m-g098-control,paloma_c4_100_domains,0.8368192932652646
973m-g098-control,paloma_dolma,1.0790639306670977
973m-g098-control,paloma_falcon_refinedweb,0.9572767808470064
973m-g098-control,paloma_gab,1.6699652130317808
973m-g098-control,paloma_m2d2_s2orc,1.0069106054478154
973m-g098-control,paloma_m2d2_wikipedia,0.9108898125842093
973m-g098-control,paloma_manosphere,1.2390897479638747
973m-g098-control,paloma_mc4_en,0.9359634982040848
973m-g098-control,paloma_programming,1.756374744034436
973m-g098-control,paloma_ptb,1.0231200083298249
973m-g098-control,paloma_reddit_100,1.0968490143741143
973m-g098-control,paloma_redpajama,1.2237785647426251
973m-g098-control,paloma_twitteraae,2.315579335820858
973m-g098-control,paloma_wikitext_103,0.8779743824527827
973m-g098-ai-r0.05,c4,0.8507818495384635
973m-g098-ai-r0.05,cosmopedia,0.5115706907209338
973m-g098-ai-r0.05,fw22,0.826841626026722
973m-g098-ai-r0.05,fw26,0.7033833637272947
973m-g098-ai-r0.05,fw26_ai,0.5075486857077879
973m-g098-ai-r0.05,fw26_human,0.7562500717991721
973m-g098-ai-r0.05,paloma,1.1961180028711547
973m-g098-ai-r0.05,paloma_4chan,1.298762694833398
973m-g098-ai-r0.05,paloma_c4,0.8673511648639901
973m-g098-ai-r0.05,paloma_c4_100_domains,0.8368231760701745
973m-g098-ai-r0.05,paloma_dolma,1.0807227443486582
973m-g098-ai-r0.05,paloma_falcon_refinedweb,0.9550041460824835
973m-g098-ai-r0.05,paloma_gab,1.6666122835593598
973m-g098-ai-r0.05,paloma_m2d2_s2orc,1.0094842287351917
973m-g098-ai-r0.05,paloma_m2d2_wikipedia,0.9095048741013856
973m-g098-ai-r0.05,paloma_manosphere,1.258883640975931
973m-g098-ai-r0.05,paloma_mc4_en,0.9372980434779404
973m-g098-ai-r0.05,paloma_programming,1.7721175338596509
973m-g098-ai-r0.05,paloma_ptb,1.0254198948148945
973m-g098-ai-r0.05,paloma_reddit_100,1.096830646179985
973m-g098-ai-r0.05,paloma_redpajama,1.227307277772907
973m-g098-ai-r0.05,paloma_twitteraae,2.313209130053512
973m-g098-ai-r0.05,paloma_wikitext_103,0.8825565662090105
973m-g098-ai-r0.1,c4,0.85046060641451
973m-g098-ai-r0.1,cosmopedia,0.5016550110910787
973m-g098-ai-r0.1,fw22,0.8264915440528233
973m-g098-ai-r0.1,fw26,0.7002074164852081
973m-g098-ai-r0.1,fw26_ai,0.4933942910838985
973m-g098-ai-r0.1,fw26_human,0.755983235692341
973m-g098-ai-r0.1,paloma,1.1977111152563102
973m-g098-ai-r0.1,paloma_4chan,1.3585843036000207
973m-g098-ai-r0.1,paloma_c4,0.8670501538986477
973m-g098-ai-r0.1,paloma_c4_100_domains,0.8365746747872796
973m-g098-ai-r0.1,paloma_dolma,1.077383562162259
973m-g098-ai-r0.1,paloma_falcon_refinedweb,0.9580371811607509
973m-g098-ai-r0.1,paloma_gab,1.669924426796043
973m-g098-ai-r0.1,paloma_m2d2_s2orc,1.0076107843282955
973m-g098-ai-r0.1,paloma_m2d2_wikipedia,0.9127123166373329
973m-g098-ai-r0.1,paloma_manosphere,1.2463428147338982
973m-g098-ai-r0.1,paloma_mc4_en,0.936308559748592
973m-g098-ai-r0.1,paloma_programming,1.7652467926734432
973m-g098-ai-r0.1,paloma_ptb,1.0195078362444012
973m-g098-ai-r0.1,paloma_reddit_100,1.0934660331259825
973m-g098-ai-r0.1,paloma_redpajama,1.2256554036758618
973m-g098-ai-r0.1,paloma_twitteraae,2.3131776328476152
973m-g098-ai-r0.1,paloma_wikitext_103,0.8757953676805373
973m-g098-ai-r0.25,c4,0.8509708008369669
973m-g098-ai-r0.25,cosmopedia,0.49068348095780295
973m-g098-ai-r0.25,fw22,0.8268637881230156
973m-g098-ai-r0.25,fw26,0.6962731680599782
973m-g098-ai-r0.25,fw26_ai,0.47263262493606434
973m-g098-ai-r0.25,fw26_human,0.756649512849575
973m-g098-ai-r0.25,paloma,1.2079830008512609
973m-g098-ai-r0.25,paloma_4chan,1.3729837048609987
973m-g098-ai-r0.25,paloma_c4,0.8678572586108174
973m-g098-ai-r0.25,paloma_c4_100_domains,0.8381370508981199
973m-g098-ai-r0.25,paloma_dolma,1.0916713164224043
973m-g098-ai-r0.25,paloma_falcon_refinedweb,0.9592394546534632
973m-g098-ai-r0.25,paloma_gab,1.680515992702235
973m-g098-ai-r0.25,paloma_m2d2_s2orc,1.011158488431746
973m-g098-ai-r0.25,paloma_m2d2_wikipedia,0.9140762770481171
973m-g098-ai-r0.25,paloma_manosphere,1.264567193394746
973m-g098-ai-r0.25,paloma_mc4_en,0.9373292406973176
973m-g098-ai-r0.25,paloma_programming,1.825524025176925
973m-g098-ai-r0.25,paloma_ptb,1.0208965671715868
973m-g098-ai-r0.25,paloma_reddit_100,1.0989527690408123
973m-g098-ai-r0.25,paloma_redpajama,1.2397477525432719
973m-g098-ai-r0.25,paloma_twitteraae,2.32721244495221
973m-g098-ai-r0.25,paloma_wikitext_103,0.877858477015401
973m-g098-ai-r0.5,c4,0.8526967811925783
973m-g098-ai-r0.5,cosmopedia,0.47930890682403104
973m-g098-ai-r0.5,fw22,0.8287674339108057
973m-g098-ai-r0.5,fw26,0.694553504653242
973m-g098-ai-r0.5,fw26_ai,0.4560330030890886
973m-g098-ai-r0.5,fw26_human,0.7589588251593666
973m-g098-ai-r0.5,paloma,1.2155544988126472
973m-g098-ai-r0.5,paloma_4chan,1.4472527422498773
973m-g098-ai-r0.5,paloma_c4,0.8703275661635402
973m-g098-ai-r0.5,paloma_c4_100_domains,0.8403828036942051
973m-g098-ai-r0.5,paloma_dolma,1.0886075831701476
973m-g098-ai-r0.5,paloma_falcon_refinedweb,0.9624787533334952
973m-g098-ai-r0.5,paloma_gab,1.6946258493301993
973m-g098-ai-r0.5,paloma_m2d2_s2orc,1.0165770701745644
973m-g098-ai-r0.5,paloma_m2d2_wikipedia,0.9232583259488564
973m-g098-ai-r0.5,paloma_manosphere,1.2706112314981832
973m-g098-ai-r0.5,paloma_mc4_en,0.942964286897994
973m-g098-ai-r0.5,paloma_programming,1.7972582229083813
973m-g098-ai-r0.5,paloma_ptb,1.0359384644831726
973m-g098-ai-r0.5,paloma_reddit_100,1.1003687367932786
973m-g098-ai-r0.5,paloma_redpajama,1.23411225068234
973m-g098-ai-r0.5,paloma_twitteraae,2.334744937814309
973m-g098-ai-r0.5,paloma_wikitext_103,0.8893631558598112
973m-g098-ai-r1,c4,0.8553123043200901
973m-g098-ai-r1,cosmopedia,0.4710983643975827
973m-g098-ai-r1,fw22,0.8314402609291156
973m-g098-ai-r1,fw26,0.6938194962526519
973m-g098-ai-r1,fw26_ai,0.4392683076931186
973m-g098-ai-r1,fw26_human,0.7625443445277423
973m-g098-ai-r1,paloma,1.2217043342792862
973m-g098-ai-r1,paloma_4chan,1.4583444808168815
973m-g098-ai-r1,paloma_c4,0.8729049678815307
973m-g098-ai-r1,paloma_c4_100_domains,0.8436720671373205
973m-g098-ai-r1,paloma_dolma,1.0935998685330293
973m-g098-ai-r1,paloma_falcon_refinedweb,0.9645441551446158
973m-g098-ai-r1,paloma_gab,1.698194714036715
973m-g098-ai-r1,paloma_m2d2_s2orc,1.0187768938233994
973m-g098-ai-r1,paloma_m2d2_wikipedia,0.9234980144272285
973m-g098-ai-r1,paloma_manosphere,1.294205003702031
973m-g098-ai-r1,paloma_mc4_en,0.9445487971859713
973m-g098-ai-r1,paloma_programming,1.811264037782837
973m-g098-ai-r1,paloma_ptb,1.0331412957199115
973m-g098-ai-r1,paloma_reddit_100,1.1045385816809863
973m-g098-ai-r1,paloma_redpajama,1.2426587236418136
973m-g098-ai-r1,paloma_twitteraae,2.35800057337398
973m-g098-ai-r1,paloma_wikitext_103,0.8853771735803269
973m-g099-control,c4,0.8376730799547586
973m-g099-control,cosmopedia,0.5383516781240362
973m-g099-control,fw22,0.8126428740051374
973m-g099-control,fw26,0.6925699328773788
973m-g099-control,fw26_ai,0.5363267356734336
973m-g099-control,fw26_human,0.7347335944363697
973m-g099-control,paloma,1.1729222602479048
973m-g099-control,paloma_4chan,1.3711175672592268
973m-g099-control,paloma_c4,0.8539821445429607
973m-g099-control,paloma_c4_100_domains,0.8218658273587267
973m-g099-control,paloma_dolma,1.047114444860194
973m-g099-control,paloma_falcon_refinedweb,0.9437409465067143
973m-g099-control,paloma_gab,1.6544492024423705
973m-g099-control,paloma_m2d2_s2orc,0.989225387237881
973m-g099-control,paloma_m2d2_wikipedia,0.8939520154165466
973m-g099-control,paloma_manosphere,1.218469546534251
973m-g099-control,paloma_mc4_en,0.9164388778808955
973m-g099-control,paloma_programming,1.6036362134231732
973m-g099-control,paloma_ptb,1.0003628984773154
973m-g099-control,paloma_reddit_100,1.0815657859640562
973m-g099-control,paloma_redpajama,1.1985517254850193
973m-g099-control,paloma_twitteraae,2.303632284312578
973m-g099-control,paloma_wikitext_103,0.868651296264569
973m-g099-ai-r0.05,c4,0.8376631127452794
973m-g099-ai-r0.05,cosmopedia,0.5018816861805568
973m-g099-ai-r0.05,fw22,0.8127836357058476
973m-g099-ai-r0.05,fw26,0.6838694469559006
973m-g099-ai-r0.05,fw26_ai,0.4938017100048616
973m-g099-ai-r0.05,fw26_human,0.7349968972407341
973m-g099-ai-r0.05,paloma,1.182095932767873
973m-g099-ai-r0.05,paloma_4chan,1.3337897667547292
973m-g099-ai-r0.05,paloma_c4,0.8552620015658953
973m-g099-ai-r0.05,paloma_c4_100_domains,0.8232309386304336
973m-g099-ai-r0.05,paloma_dolma,1.0631797208972618
973m-g099-ai-r0.05,paloma_falcon_refinedweb,0.9442584812679268
973m-g099-ai-r0.05,paloma_gab,1.648445111843295
973m-g099-ai-r0.05,paloma_m2d2_s2orc,1.0065311094961702
973m-g099-ai-r0.05,paloma_m2d2_wikipedia,0.8975142447029977
973m-g099-ai-r0.05,paloma_manosphere,1.2211346841047113
973m-g099-ai-r0.05,paloma_mc4_en,0.9285444611906666
973m-g099-ai-r0.05,paloma_programming,1.6907133419368123
973m-g099-ai-r0.05,paloma_ptb,1.031050333481379
973m-g099-ai-r0.05,paloma_reddit_100,1.0820686537780413
973m-g099-ai-r0.05,paloma_redpajama,1.217609986165027
973m-g099-ai-r0.05,paloma_twitteraae,2.306215031150865
973m-g099-ai-r0.05,paloma_wikitext_103,0.8639870573197599
973m-g099-ai-r0.1,c4,0.8377879225905952
973m-g099-ai-r0.1,cosmopedia,0.4869534843321762
973m-g099-ai-r0.1,fw22,0.8125808733716581
973m-g099-ai-r0.1,fw26,0.6807539251067667
973m-g099-ai-r0.1,fw26_ai,0.47968240524923245
973m-g099-ai-r0.1,fw26_human,0.7349365131687465
973m-g099-ai-r0.1,paloma,1.1764152181225076
973m-g099-ai-r0.1,paloma_4chan,1.2854544199815092
973m-g099-ai-r0.1,paloma_c4,0.8544715506257534
973m-g099-ai-r0.1,paloma_c4_100_domains,0.8230305301085119
973m-g099-ai-r0.1,paloma_dolma,1.0713773217702731
973m-g099-ai-r0.1,paloma_falcon_refinedweb,0.9424256503521228
973m-g099-ai-r0.1,paloma_gab,1.6474101449874667
973m-g099-ai-r0.1,paloma_m2d2_s2orc,0.9916533708975521
973m-g099-ai-r0.1,paloma_m2d2_wikipedia,0.892993527557232
973m-g099-ai-r0.1,paloma_manosphere,1.2223841010639256
973m-g099-ai-r0.1,paloma_mc4_en,0.9184604895640076
973m-g099-ai-r0.1,paloma_programming,1.6956911805248895
973m-g099-ai-r0.1,paloma_ptb,1.00694198939528
973m-g099-ai-r0.1,paloma_reddit_100,1.0799072367880027
973m-g099-ai-r0.1,paloma_redpajama,1.2164434440336105
973m-g099-ai-r0.1,paloma_twitteraae,2.3066075406608544
973m-g099-ai-r0.1,paloma_wikitext_103,0.8673909916491269
973m-g099-ai-r0.25,c4,0.838525515654627
973m-g099-ai-r0.25,cosmopedia,0.4742533299408274
973m-g099-ai-r0.25,fw22,0.8133282989222189
973m-g099-ai-r0.25,fw26,0.6776605696311273
973m-g099-ai-r0.25,fw26_ai,0.45957437760864617
973m-g099-ai-r0.25,fw26_human,0.7364657741409666
973m-g099-ai-r0.25,paloma,1.1739753012488952
973m-g099-ai-r0.25,paloma_4chan,1.3055844737902194
973m-g099-ai-r0.25,paloma_c4,0.8542229653209158
973m-g099-ai-r0.25,paloma_c4_100_domains,0.8235945799073529
973m-g099-ai-r0.25,paloma_dolma,1.0542597897784947
973m-g099-ai-r0.25,paloma_falcon_refinedweb,0.9431294509129837
973m-g099-ai-r0.25,paloma_gab,1.6520697132250266
973m-g099-ai-r0.25,paloma_m2d2_s2orc,0.9883781312270017
973m-g099-ai-r0.25,paloma_m2d2_wikipedia,0.8950786768506128
973m-g099-ai-r0.25,paloma_manosphere,1.2293462626682032
973m-g099-ai-r0.25,paloma_mc4_en,0.9184845259538041
973m-g099-ai-r0.25,paloma_programming,1.6611581360431589
973m-g099-ai-r0.25,paloma_ptb,1.0059878254117713
973m-g099-ai-r0.25,paloma_reddit_100,1.081124114552574
973m-g099-ai-r0.25,paloma_redpajama,1.1963667669427238
973m-g099-ai-r0.25,paloma_twitteraae,2.314882441698546
973m-g099-ai-r0.25,paloma_wikitext_103,0.8599369656989305
973m-g099-ai-r0.5,c4,0.8409372582703737
973m-g099-ai-r0.5,cosmopedia,0.4672404736870004
973m-g099-ai-r0.5,fw22,0.8160410018529415
973m-g099-ai-r0.5,fw26,0.6773706640061132
973m-g099-ai-r0.5,fw26_ai,0.4438263452743931
973m-g099-ai-r0.5,fw26_human,0.7404095947093247
973m-g099-ai-r0.5,paloma,1.1870965070005537
973m-g099-ai-r0.5,paloma_4chan,1.4234340830703645
973m-g099-ai-r0.5,paloma_c4,0.8586106009273324
973m-g099-ai-r0.5,paloma_c4_100_domains,0.827916394526787
973m-g099-ai-r0.5,paloma_dolma,1.0606530378592018
973m-g099-ai-r0.5,paloma_falcon_refinedweb,0.9501280552379944
973m-g099-ai-r0.5,paloma_gab,1.668278192082626
973m-g099-ai-r0.5,paloma_m2d2_s2orc,1.0023480565313712
973m-g099-ai-r0.5,paloma_m2d2_wikipedia,0.906910176569875
973m-g099-ai-r0.5,paloma_manosphere,1.2403920078466288
973m-g099-ai-r0.5,paloma_mc4_en,0.924170038804979
973m-g099-ai-r0.5,paloma_programming,1.616183755953978
973m-g099-ai-r0.5,paloma_ptb,1.0155111820846041
973m-g099-ai-r0.5,paloma_reddit_100,1.0849535019914573
973m-g099-ai-r0.5,paloma_redpajama,1.2107759512264542
973m-g099-ai-r0.5,paloma_twitteraae,2.3269641343724414
973m-g099-ai-r0.5,paloma_wikitext_103,0.8763149429227622
973m-f17-ai-removed,c4,0.9063761911678915
973m-f17-ai-removed,cosmopedia,0.6102678749262228
973m-f17-ai-removed,fw22,0.8856795836536284
973m-f17-ai-removed,fw26,0.773432361665711
973m-f17-ai-removed,fw26_ai,0.6113760009948404
973m-f17-ai-removed,fw26_human,0.8174118148780923
973m-f17-web-mix,c4,0.9009574038334153
973m-f17-web-mix,cosmopedia,0.5378450102239947
973m-f17-web-mix,fw22,0.8798167196041792
973m-f17-web-mix,fw26,0.7495943854001543
973m-f17-web-mix,fw26_ai,0.5222235482079488
973m-f17-web-mix,fw26_human,0.8110834694015782
973m-f18-ai-removed,c4,0.8575789311391657
973m-f18-ai-removed,cosmopedia,0.5636209591999819
973m-f18-ai-removed,fw22,0.8336581160106942
973m-f18-ai-removed,fw26,0.7198322986774182
973m-f18-ai-removed,fw26_ai,0.5573634396170813
973m-f18-ai-removed,fw26_human,0.7638288354305033
973m-f18-web-mix,c4,0.8566449371921181
973m-f18-web-mix,cosmopedia,0.48942406849029885
973m-f18-web-mix,fw22,0.8328790787129462
973m-f18-web-mix,fw26,0.7018570023928907
973m-f18-web-mix,fw26_ai,0.4749910708556965
973m-f18-web-mix,fw26_human,0.763145277854397
973m-f19-ai-removed,c4,0.8420048171751583
973m-f19-ai-removed,cosmopedia,0.5355900034883688
973m-f19-ai-removed,fw22,0.8174419106349428
973m-f19-ai-removed,fw26,0.7026309245785116
973m-f19-ai-removed,fw26_ai,0.540347379131595
973m-f19-ai-removed,fw26_human,0.7465250106371161
973m-f19-web-mix,c4,0.8431665816091789
973m-f19-web-mix,cosmopedia,0.4793014310955327
973m-f19-web-mix,fw22,0.8185628686017575
973m-f19-web-mix,fw26,0.6867861433687312
973m-f19-web-mix,fw26_ai,0.46085915046526704
973m-f19-web-mix,fw26_human,0.7477760815685064
