period,topic,format,label,documents,tokens
2024,Adult,About (Org.),AI,900,492574
2024,Adult,About (Org.),Human,592,232017
2024,Adult,About (Org.),Mixed,53,47067
2024,Adult,About (Pers.),AI,814,249735
2024,Adult,About (Pers.),Human,2287,576021
2024,Adult,About (Pers.),Mixed,93,195329
2024,Adult,Academic Writing,AI,129,186235
2024,Adult,Academic Writing,Human,33,69241
2024,Adult,Audio Transcript,AI,25,19312
2024,Adult,Audio Transcript,Human,320,829488
2024,Adult,Audio Transcript,Mixed,6,11860
2024,Adult,Comment Section,AI,228,54151
2024,Adult,Comment Section,Human,1590,1861135
2024,Adult,Comment Section,Mixed,16,21534
2024,Adult,Content Listing,AI,1276,1297572
2024,Adult,Content Listing,Human,2729,2138845
2024,Adult,Content Listing,Mixed,181,878370
2024,Adult,Creative Writing,AI,1790,1833756
2024,Adult,Creative Writing,Human,9156,27938236
2024,Adult,Creative Writing,Mixed,169,205074
2024,Adult,Customer Support,AI,133,102679
2024,Adult,Customer Support,Human,287,101769
2024,Adult,Customer Support,Mixed,7,5954
2024,Adult,Documentation,Human,5,14278
2024,Adult,FAQ,AI,175,142048
2024,Adult,FAQ,Human,301,289326
2024,Adult,FAQ,Mixed,34,33732
2024,Adult,Knowledge Article,AI,2261,2283444
2024,Adult,Knowledge Article,Human,313,368577
2024,Adult,Knowledge Article,Mixed,158,185889
2024,Adult,Legal Notices,AI,147,67681
2024,Adult,Legal Notices,Human,387,387909
2024,Adult,Legal Notices,Mixed,16,15577
2024,Adult,Listicle,AI,4802,6241463
2024,Adult,Listicle,Human,9228,16949926
2024,Adult,Listicle,Mixed,692,1096214
2024,Adult,News (Org.),AI,209,136985
2024,Adult,News (Org.),Human,578,261872
2024,Adult,News (Org.),Mixed,20,19269
2024,Adult,News Article,AI,59,22950
2024,Adult,News Article,Human,836,536047
2024,Adult,News Article,Mixed,9,5919
2024,Adult,Nonfiction Writing,AI,5378,6310847
2024,Adult,Nonfiction Writing,Human,1238,1925264
2024,Adult,Nonfiction Writing,Mixed,336,439824
2024,Adult,Personal Blog,AI,1848,1884175
2024,Adult,Personal Blog,Human,5877,5101915
2024,Adult,Personal Blog,Mixed,154,204458
2024,Adult,Product Page,AI,32381,23785812
2024,Adult,Product Page,Human,27431,13588953
2024,Adult,Product Page,Mixed,3499,4044716
2024,Adult,Q&A Forum,AI,22,10625
2024,Adult,Q&A Forum,Human,151,110923
2024,Adult,Q&A Forum,Mixed,2,1124
2024,Adult,Spam / Ads,AI,9197,8477002
2024,Adult,Spam / Ads,Human,37358,68153590
2024,Adult,Spam / Ads,Mixed,4050,5097981
2024,Adult,Structured Data,AI,100,45889
2024,Adult,Structured Data,Human,264,183594
2024,Adult,Structured Data,Mixed,8,15148
2024,Adult,Truncated,AI,969,190403
2024,Adult,Truncated,Human,3513,604730
2024,Adult,Truncated,Mixed,29,9140
2024,Adult,Tutorial,AI,5857,7347163
2024,Adult,Tutorial,Human,2596,2909591
2024,Adult,Tutorial,Mixed,748,1060275
2024,Adult,User Review,AI,377,467574
2024,Adult,User Review,Human,2656,3488783
2024,Adult,User Review,Mixed,100,235062
2024,Art & Design,About (Org.),AI,12886,5609772
2024,Art & Design,About (Org.),Human,27592,11006451
2024,Art & Design,About (Org.),Mixed,1314,1030482
2024,Art & Design,About (Pers.),AI,9586,2947739
2024,Art & Design,About (Pers.),Human,48023,14841235
2024,Art & Design,About (Pers.),Mixed,1176,670528
2024,Art & Design,Academic Writing,AI,2438,1383196
2024,Art & Design,Academic Writing,Human,5712,7829951
2024,Art & Design,Academic Writing,Mixed,124,205976
2024,Art & Design,Audio Transcript,AI,660,718587
2024,Art & Design,Audio Transcript,Human,14074,22994701
2024,Art & Design,Audio Transcript,Mixed,568,880485
2024,Art & Design,Comment Section,AI,266,86425
2024,Art & Design,Comment Section,Human,5725,2437834
2024,Art & Design,Comment Section,Mixed,30,32070
2024,Art & Design,Content Listing,AI,4951,2142975
2024,Art & Design,Content Listing,Human,16064,9803505
2024,Art & Design,Content Listing,Mixed,685,769076
2024,Art & Design,Creative Writing,AI,804,357658
2024,Art & Design,Creative Writing,Human,1798,696147
2024,Art & Design,Creative Writing,Mixed,35,19511
2024,Art & Design,Customer Support,AI,602,185087
2024,Art & Design,Customer Support,Human,3617,1266574
2024,Art & Design,Customer Support,Mixed,65,46273
2024,Art & Design,Documentation,AI,19,16431
2024,Art & Design,Documentation,Human,140,150073
2024,Art & Design,Documentation,Mixed,4,4552
2024,Art & Design,FAQ,AI,927,735686
2024,Art & Design,FAQ,Human,1888,1506178
2024,Art & Design,FAQ,Mixed,158,189266
2024,Art & Design,Knowledge Article,AI,29447,30722210
2024,Art & Design,Knowledge Article,Human,18399,11088698
2024,Art & Design,Knowledge Article,Mixed,1654,2327159
2024,Art & Design,Legal Notices,AI,147,71132
2024,Art & Design,Legal Notices,Human,1012,694755
2024,Art & Design,Legal Notices,Mixed,39,54376
2024,Art & Design,Listicle,AI,24039,30850897
2024,Art & Design,Listicle,Human,12694,13611862
2024,Art & Design,Listicle,Mixed,3138,5218963
2024,Art & Design,News (Org.),AI,6721,3897569
2024,Art & Design,News (Org.),Human,54546,25848728
2024,Art & Design,News (Org.),Mixed,1190,951846
2024,Art & Design,News Article,AI,948,465019
2024,Art & Design,News Article,Human,17624,9828843
2024,Art & Design,News Article,Mixed,319,215256
2024,Art & Design,Nonfiction Writing,AI,49271,62149232
2024,Art & Design,Nonfiction Writing,Human,43720,47798661
2024,Art & Design,Nonfiction Writing,Mixed,4085,4799154
2024,Art & Design,Personal Blog,AI,9249,6383253
2024,Art & Design,Personal Blog,Human,112275,49597831
2024,Art & Design,Personal Blog,Mixed,1439,1464017
2024,Art & Design,Product Page,AI,108140,56562048
2024,Art & Design,Product Page,Human,193108,57648040
2024,Art & Design,Product Page,Mixed,9612,8376532
2024,Art & Design,Q&A Forum,AI,200,104429
2024,Art & Design,Q&A Forum,Human,754,353916
2024,Art & Design,Q&A Forum,Mixed,19,16972
2024,Art & Design,Spam / Ads,AI,175,121659
2024,Art & Design,Spam / Ads,Human,2876,2740039
2024,Art & Design,Spam / Ads,Mixed,44,58092
2024,Art & Design,Structured Data,AI,669,290140
2024,Art & Design,Structured Data,Human,1694,1112861
2024,Art & Design,Structured Data,Mixed,25,26314
2024,Art & Design,Truncated,AI,3129,566104
2024,Art & Design,Truncated,Human,10699,1800230
2024,Art & Design,Truncated,Mixed,82,28917
2024,Art & Design,Tutorial,AI,46273,71272552
2024,Art & Design,Tutorial,Human,22788,22334037
2024,Art & Design,Tutorial,Mixed,4577,6804434
2024,Art & Design,User Review,AI,1370,431281
2024,Art & Design,User Review,Human,3646,2145891
2024,Art & Design,User Review,Mixed,55,54704
2024,Crime & Law,About (Org.),AI,5451,3272238
2024,Crime & Law,About (Org.),Human,20560,9743179
2024,Crime & Law,About (Org.),Mixed,752,768173
2024,Crime & Law,About (Pers.),AI,1328,517103
2024,Crime & Law,About (Pers.),Human,17553,6860495
2024,Crime & Law,About (Pers.),Mixed,266,161787
2024,Crime & Law,Academic Writing,AI,2133,3051091
2024,Crime & Law,Academic Writing,Human,16502,35836238
2024,Crime & Law,Academic Writing,Mixed,478,989139
2024,Crime & Law,Audio Transcript,AI,518,381990
2024,Crime & Law,Audio Transcript,Human,11369,37955080
2024,Crime & Law,Audio Transcript,Mixed,180,257171
2024,Crime & Law,Comment Section,AI,284,124230
2024,Crime & Law,Comment Section,Human,3884,3127994
2024,Crime & Law,Comment Section,Mixed,43,41474
2024,Crime & Law,Content Listing,AI,3359,2476548
2024,Crime & Law,Content Listing,Human,13420,9913432
2024,Crime & Law,Content Listing,Mixed,396,559144
2024,Crime & Law,Creative Writing,AI,246,177152
2024,Crime & Law,Creative Writing,Human,601,898472
2024,Crime & Law,Creative Writing,Mixed,32,34186
2024,Crime & Law,Customer Support,AI,1279,1245388
2024,Crime & Law,Customer Support,Human,11345,6169871
2024,Crime & Law,Customer Support,Mixed,329,359735
2024,Crime & Law,Documentation,AI,140,57653
2024,Crime & Law,Documentation,Human,538,1027466
2024,Crime & Law,Documentation,Mixed,11,11410
2024,Crime & Law,FAQ,AI,2917,3492255
2024,Crime & Law,FAQ,Human,6323,5871853
2024,Crime & Law,FAQ,Mixed,523,729213
2024,Crime & Law,Knowledge Article,AI,51184,66369603
2024,Crime & Law,Knowledge Article,Human,42018,40176699
2024,Crime & Law,Knowledge Article,Mixed,6653,9163514
2024,Crime & Law,Legal Notices,AI,2496,1150508
2024,Crime & Law,Legal Notices,Human,22923,22099734
2024,Crime & Law,Legal Notices,Mixed,391,312038
2024,Crime & Law,Listicle,AI,12592,11662043
2024,Crime & Law,Listicle,Human,7421,7129308
2024,Crime & Law,Listicle,Mixed,1614,1754609
2024,Crime & Law,News (Org.),AI,7797,5090424
2024,Crime & Law,News (Org.),Human,66987,34169220
2024,Crime & Law,News (Org.),Mixed,2268,1934576
2024,Crime & Law,News Article,AI,28540,12482701
2024,Crime & Law,News Article,Human,224691,116563636
2024,Crime & Law,News Article,Mixed,6928,4041759
2024,Crime & Law,Nonfiction Writing,AI,36329,40711992
2024,Crime & Law,Nonfiction Writing,Human,59946,72776266
2024,Crime & Law,Nonfiction Writing,Mixed,6222,7632347
2024,Crime & Law,Personal Blog,AI,2372,1521631
2024,Crime & Law,Personal Blog,Human,28250,20586005
2024,Crime & Law,Personal Blog,Mixed,374,568912
2024,Crime & Law,Product Page,AI,45710,49663427
2024,Crime & Law,Product Page,Human,70008,51110680
2024,Crime & Law,Product Page,Mixed,10158,14103805
2024,Crime & Law,Q&A Forum,AI,1039,639646
2024,Crime & Law,Q&A Forum,Human,2936,1671653
2024,Crime & Law,Q&A Forum,Mixed,188,163999
2024,Crime & Law,Spam / Ads,AI,873,638289
2024,Crime & Law,Spam / Ads,Human,6733,7411959
2024,Crime & Law,Spam / Ads,Mixed,121,125571
2024,Crime & Law,Structured Data,AI,625,279023
2024,Crime & Law,Structured Data,Human,3836,2618659
2024,Crime & Law,Structured Data,Mixed,115,97187
2024,Crime & Law,Truncated,AI,780,194223
2024,Crime & Law,Truncated,Human,8677,2003505
2024,Crime & Law,Truncated,Mixed,94,38938
2024,Crime & Law,Tutorial,AI,31932,40265324
2024,Crime & Law,Tutorial,Human,19090,17187860
2024,Crime & Law,Tutorial,Mixed,4529,6019700
2024,Crime & Law,User Review,AI,606,234468
2024,Crime & Law,User Review,Human,3246,1821224
2024,Crime & Law,User Review,Mixed,85,97848
2024,Education & Jobs,About (Org.),AI,32127,16747846
2024,Education & Jobs,About (Org.),Human,119677,55055467
2024,Education & Jobs,About (Org.),Mixed,3934,3476587
2024,Education & Jobs,About (Pers.),AI,13858,4348823
2024,Education & Jobs,About (Pers.),Human,88357,26246003
2024,Education & Jobs,About (Pers.),Mixed,2342,1526523
2024,Education & Jobs,Academic Writing,AI,6484,7918118
2024,Education & Jobs,Academic Writing,Human,32118,36474582
2024,Education & Jobs,Academic Writing,Mixed,1154,2095401
2024,Education & Jobs,Audio Transcript,AI,1890,2102909
2024,Education & Jobs,Audio Transcript,Human,25373,40828861
2024,Education & Jobs,Audio Transcript,Mixed,1528,2198731
2024,Education & Jobs,Comment Section,AI,1303,490300
2024,Education & Jobs,Comment Section,Human,7393,5654220
2024,Education & Jobs,Comment Section,Mixed,131,181606
2024,Education & Jobs,Content Listing,AI,6478,4969951
2024,Education & Jobs,Content Listing,Human,53354,35511913
2024,Education & Jobs,Content Listing,Mixed,1440,2739995
2024,Education & Jobs,Creative Writing,AI,275,185179
2024,Education & Jobs,Creative Writing,Human,681,588756
2024,Education & Jobs,Creative Writing,Mixed,18,17945
2024,Education & Jobs,Customer Support,AI,3820,2317493
2024,Education & Jobs,Customer Support,Human,58324,28014995
2024,Education & Jobs,Customer Support,Mixed,647,619331
2024,Education & Jobs,Documentation,AI,90,58402
2024,Education & Jobs,Documentation,Human,1030,1467975
2024,Education & Jobs,Documentation,Mixed,18,20576
2024,Education & Jobs,FAQ,AI,4230,3644118
2024,Education & Jobs,FAQ,Human,10932,9756818
2024,Education & Jobs,FAQ,Mixed,671,715108
2024,Education & Jobs,Knowledge Article,AI,55788,81557786
2024,Education & Jobs,Knowledge Article,Human,26392,23620813
2024,Education & Jobs,Knowledge Article,Mixed,6443,9875234
2024,Education & Jobs,Legal Notices,AI,1685,996285
2024,Education & Jobs,Legal Notices,Human,12660,14757025
2024,Education & Jobs,Legal Notices,Mixed,399,427950
2024,Education & Jobs,Listicle,AI,55051,69644735
2024,Education & Jobs,Listicle,Human,36195,40199971
2024,Education & Jobs,Listicle,Mixed,9436,14510987
2024,Education & Jobs,News (Org.),AI,26810,14199061
2024,Education & Jobs,News (Org.),Human,196903,99158572
2024,Education & Jobs,News (Org.),Mixed,5939,5184964
2024,Education & Jobs,News Article,AI,6409,2932651
2024,Education & Jobs,News Article,Human,70717,43612839
2024,Education & Jobs,News Article,Mixed,2003,1304225
2024,Education & Jobs,Nonfiction Writing,AI,57093,76070645
2024,Education & Jobs,Nonfiction Writing,Human,56534,67146341
2024,Education & Jobs,Nonfiction Writing,Mixed,8885,11959103
2024,Education & Jobs,Personal Blog,AI,9139,8281946
2024,Education & Jobs,Personal Blog,Human,74359,58663223
2024,Education & Jobs,Personal Blog,Mixed,2963,3602132
2024,Education & Jobs,Product Page,AI,152216,114997920
2024,Education & Jobs,Product Page,Human,338986,189385132
2024,Education & Jobs,Product Page,Mixed,30593,33515119
2024,Education & Jobs,Q&A Forum,AI,1634,919724
2024,Education & Jobs,Q&A Forum,Human,5534,2780331
2024,Education & Jobs,Q&A Forum,Mixed,431,522200
2024,Education & Jobs,Spam / Ads,AI,1007,512773
2024,Education & Jobs,Spam / Ads,Human,17061,16174622
2024,Education & Jobs,Spam / Ads,Mixed,336,456785
2024,Education & Jobs,Structured Data,AI,905,590855
2024,Education & Jobs,Structured Data,Human,6612,6656598
2024,Education & Jobs,Structured Data,Mixed,134,176810
2024,Education & Jobs,Truncated,AI,2316,465878
2024,Education & Jobs,Truncated,Human,15102,3238326
2024,Education & Jobs,Truncated,Mixed,230,91704
2024,Education & Jobs,Tutorial,AI,123375,183853055
2024,Education & Jobs,Tutorial,Human,84351,84329036
2024,Education & Jobs,Tutorial,Mixed,19014,32207337
2024,Education & Jobs,User Review,AI,1819,1088506
2024,Education & Jobs,User Review,Human,9886,6421611
2024,Education & Jobs,User Review,Mixed,369,543284
2024,Entertainment,About (Org.),AI,10145,5229225
2024,Entertainment,About (Org.),Human,22142,10186059
2024,Entertainment,About (Org.),Mixed,635,499870
2024,Entertainment,About (Pers.),AI,6093,2780383
2024,Entertainment,About (Pers.),Human,33275,14238462
2024,Entertainment,About (Pers.),Mixed,705,564764
2024,Entertainment,Academic Writing,AI,857,1405508
2024,Entertainment,Academic Writing,Human,1288,2268886
2024,Entertainment,Academic Writing,Mixed,49,61394
2024,Entertainment,Audio Transcript,AI,2046,1586012
2024,Entertainment,Audio Transcript,Human,42837,70439993
2024,Entertainment,Audio Transcript,Mixed,855,1166737
2024,Entertainment,Comment Section,AI,961,565321
2024,Entertainment,Comment Section,Human,15058,12110390
2024,Entertainment,Comment Section,Mixed,84,120917
2024,Entertainment,Content Listing,AI,4320,4160557
2024,Entertainment,Content Listing,Human,40396,30159361
2024,Entertainment,Content Listing,Mixed,703,1287842
2024,Entertainment,Creative Writing,AI,2931,2118083
2024,Entertainment,Creative Writing,Human,17749,20131179
2024,Entertainment,Creative Writing,Mixed,750,641766
2024,Entertainment,Customer Support,AI,924,789472
2024,Entertainment,Customer Support,Human,4115,1487234
2024,Entertainment,Customer Support,Mixed,76,73694
2024,Entertainment,Documentation,AI,6,2841
2024,Entertainment,Documentation,Human,18,10152
2024,Entertainment,FAQ,AI,1491,1474497
2024,Entertainment,FAQ,Human,3080,2518063
2024,Entertainment,FAQ,Mixed,165,223110
2024,Entertainment,Knowledge Article,AI,32422,40581774
2024,Entertainment,Knowledge Article,Human,27290,26225100
2024,Entertainment,Knowledge Article,Mixed,2360,2944234
2024,Entertainment,Legal Notices,AI,254,124730
2024,Entertainment,Legal Notices,Human,1071,1082275
2024,Entertainment,Legal Notices,Mixed,41,27043
2024,Entertainment,Listicle,AI,40005,57022199
2024,Entertainment,Listicle,Human,46869,56397423
2024,Entertainment,Listicle,Mixed,3904,6252878
2024,Entertainment,News (Org.),AI,8111,4454634
2024,Entertainment,News (Org.),Human,69626,32682353
2024,Entertainment,News (Org.),Mixed,1311,1000705
2024,Entertainment,News Article,AI,47464,22303668
2024,Entertainment,News Article,Human,236837,116533629
2024,Entertainment,News Article,Mixed,8212,5457393
2024,Entertainment,Nonfiction Writing,AI,140541,164493910
2024,Entertainment,Nonfiction Writing,Human,108616,129703929
2024,Entertainment,Nonfiction Writing,Mixed,11945,13791101
2024,Entertainment,Personal Blog,AI,8810,6215746
2024,Entertainment,Personal Blog,Human,149341,104535757
2024,Entertainment,Personal Blog,Mixed,1177,1327249
2024,Entertainment,Product Page,AI,75359,54895041
2024,Entertainment,Product Page,Human,161117,56253809
2024,Entertainment,Product Page,Mixed,6657,6294950
2024,Entertainment,Q&A Forum,AI,575,432032
2024,Entertainment,Q&A Forum,Human,2492,1417097
2024,Entertainment,Q&A Forum,Mixed,33,41160
2024,Entertainment,Spam / Ads,AI,921,624875
2024,Entertainment,Spam / Ads,Human,8612,10514790
2024,Entertainment,Spam / Ads,Mixed,174,205867
2024,Entertainment,Structured Data,AI,480,354900
2024,Entertainment,Structured Data,Human,5793,4292115
2024,Entertainment,Structured Data,Mixed,118,173741
2024,Entertainment,Truncated,AI,3541,977139
2024,Entertainment,Truncated,Human,31406,5765857
2024,Entertainment,Truncated,Mixed,245,154904
2024,Entertainment,Tutorial,AI,21969,35306016
2024,Entertainment,Tutorial,Human,8874,9277905
2024,Entertainment,Tutorial,Mixed,1948,2996618
2024,Entertainment,User Review,AI,5705,4286751
2024,Entertainment,User Review,Human,48683,38133680
2024,Entertainment,User Review,Mixed,1140,1303801
2024,Fashion & Beauty,About (Org.),AI,20503,8781002
2024,Fashion & Beauty,About (Org.),Human,21542,6850712
2024,Fashion & Beauty,About (Org.),Mixed,1665,1151678
2024,Fashion & Beauty,About (Pers.),AI,2496,937513
2024,Fashion & Beauty,About (Pers.),Human,6078,1872963
2024,Fashion & Beauty,About (Pers.),Mixed,244,140710
2024,Fashion & Beauty,Academic Writing,AI,343,440955
2024,Fashion & Beauty,Academic Writing,Human,301,418231
2024,Fashion & Beauty,Academic Writing,Mixed,51,103475
2024,Fashion & Beauty,Audio Transcript,AI,341,331273
2024,Fashion & Beauty,Audio Transcript,Human,6000,7569060
2024,Fashion & Beauty,Audio Transcript,Mixed,270,407656
2024,Fashion & Beauty,Comment Section,AI,444,278432
2024,Fashion & Beauty,Comment Section,Human,2781,1438404
2024,Fashion & Beauty,Comment Section,Mixed,34,49729
2024,Fashion & Beauty,Content Listing,AI,8350,5888697
2024,Fashion & Beauty,Content Listing,Human,14350,6094180
2024,Fashion & Beauty,Content Listing,Mixed,690,1014013
2024,Fashion & Beauty,Creative Writing,AI,290,161186
2024,Fashion & Beauty,Creative Writing,Human,222,212127
2024,Fashion & Beauty,Creative Writing,Mixed,13,21998
2024,Fashion & Beauty,Customer Support,AI,2489,1428277
2024,Fashion & Beauty,Customer Support,Human,6905,2472459
2024,Fashion & Beauty,Customer Support,Mixed,300,271217
2024,Fashion & Beauty,Documentation,AI,3,1470
2024,Fashion & Beauty,Documentation,Human,2,3007
2024,Fashion & Beauty,FAQ,AI,3482,2633052
2024,Fashion & Beauty,FAQ,Human,4554,3583903
2024,Fashion & Beauty,FAQ,Mixed,538,626221
2024,Fashion & Beauty,Knowledge Article,AI,21023,29853607
2024,Fashion & Beauty,Knowledge Article,Human,4251,3543080
2024,Fashion & Beauty,Knowledge Article,Mixed,1692,2445777
2024,Fashion & Beauty,Legal Notices,AI,371,188338
2024,Fashion & Beauty,Legal Notices,Human,1095,691461
2024,Fashion & Beauty,Legal Notices,Mixed,67,56806
2024,Fashion & Beauty,Listicle,AI,80167,98197079
2024,Fashion & Beauty,Listicle,Human,44885,45048971
2024,Fashion & Beauty,Listicle,Mixed,9728,15371813
2024,Fashion & Beauty,News (Org.),AI,7757,4482915
2024,Fashion & Beauty,News (Org.),Human,14577,6245377
2024,Fashion & Beauty,News (Org.),Mixed,1143,919007
2024,Fashion & Beauty,News Article,AI,3698,1545290
2024,Fashion & Beauty,News Article,Human,17606,8515538
2024,Fashion & Beauty,News Article,Mixed,697,445593
2024,Fashion & Beauty,Nonfiction Writing,AI,53993,66489957
2024,Fashion & Beauty,Nonfiction Writing,Human,14487,14767136
2024,Fashion & Beauty,Nonfiction Writing,Mixed,3757,4453396
2024,Fashion & Beauty,Personal Blog,AI,9999,9895750
2024,Fashion & Beauty,Personal Blog,Human,62414,33268309
2024,Fashion & Beauty,Personal Blog,Mixed,1290,1536101
2024,Fashion & Beauty,Product Page,AI,437018,241961434
2024,Fashion & Beauty,Product Page,Human,466798,128695341
2024,Fashion & Beauty,Product Page,Mixed,32195,28939959
2024,Fashion & Beauty,Q&A Forum,AI,200,123337
2024,Fashion & Beauty,Q&A Forum,Human,660,389519
2024,Fashion & Beauty,Q&A Forum,Mixed,24,32951
2024,Fashion & Beauty,Spam / Ads,AI,2231,1915523
2024,Fashion & Beauty,Spam / Ads,Human,19876,21641271
2024,Fashion & Beauty,Spam / Ads,Mixed,465,976437
2024,Fashion & Beauty,Structured Data,AI,183,149060
2024,Fashion & Beauty,Structured Data,Human,496,458448
2024,Fashion & Beauty,Structured Data,Mixed,11,18701
2024,Fashion & Beauty,Truncated,AI,1125,209744
2024,Fashion & Beauty,Truncated,Human,3690,532328
2024,Fashion & Beauty,Truncated,Mixed,41,17393
2024,Fashion & Beauty,Tutorial,AI,85673,124095645
2024,Fashion & Beauty,Tutorial,Human,29152,26083471
2024,Fashion & Beauty,Tutorial,Mixed,8011,11241908
2024,Fashion & Beauty,User Review,AI,10462,5136745
2024,Fashion & Beauty,User Review,Human,17695,10094999
2024,Fashion & Beauty,User Review,Mixed,1273,1028341
2024,Finance & Business,About (Org.),AI,69275,32125148
2024,Finance & Business,About (Org.),Human,129123,51779699
2024,Finance & Business,About (Org.),Mixed,8805,7182738
2024,Finance & Business,About (Pers.),AI,10402,3803724
2024,Finance & Business,About (Pers.),Human,40019,12500119
2024,Finance & Business,About (Pers.),Mixed,1641,1063707
2024,Finance & Business,Academic Writing,AI,6215,7975560
2024,Finance & Business,Academic Writing,Human,25951,30775318
2024,Finance & Business,Academic Writing,Mixed,1168,2088356
2024,Finance & Business,Audio Transcript,AI,4889,4676077
2024,Finance & Business,Audio Transcript,Human,39117,85806842
2024,Finance & Business,Audio Transcript,Mixed,3921,6523027
2024,Finance & Business,Comment Section,AI,2272,940935
2024,Finance & Business,Comment Section,Human,11307,7458234
2024,Finance & Business,Comment Section,Mixed,271,281868
2024,Finance & Business,Content Listing,AI,17282,13863374
2024,Finance & Business,Content Listing,Human,54292,33371553
2024,Finance & Business,Content Listing,Mixed,3107,7031109
2024,Finance & Business,Creative Writing,AI,277,185811
2024,Finance & Business,Creative Writing,Human,309,313871
2024,Finance & Business,Creative Writing,Mixed,30,29544
2024,Finance & Business,Customer Support,AI,23217,14448253
2024,Finance & Business,Customer Support,Human,73919,30472438
2024,Finance & Business,Customer Support,Mixed,2836,2758090
2024,Finance & Business,Documentation,AI,1575,965503
2024,Finance & Business,Documentation,Human,3549,3680496
2024,Finance & Business,Documentation,Mixed,330,387133
2024,Finance & Business,FAQ,AI,10053,8749236
2024,Finance & Business,FAQ,Human,20271,15632364
2024,Finance & Business,FAQ,Mixed,1593,1992462
2024,Finance & Business,Knowledge Article,AI,201747,286296602
2024,Finance & Business,Knowledge Article,Human,70253,74645436
2024,Finance & Business,Knowledge Article,Mixed,27728,43654445
2024,Finance & Business,Legal Notices,AI,40292,19855835
2024,Finance & Business,Legal Notices,Human,92813,159313730
2024,Finance & Business,Legal Notices,Mixed,6553,6332132
2024,Finance & Business,Listicle,AI,148587,172336001
2024,Finance & Business,Listicle,Human,89696,101224013
2024,Finance & Business,Listicle,Mixed,26931,38973922
2024,Finance & Business,News (Org.),AI,69324,47647549
2024,Finance & Business,News (Org.),Human,245922,146830719
2024,Finance & Business,News (Org.),Mixed,20419,19550488
2024,Finance & Business,News Article,AI,59770,30325092
2024,Finance & Business,News Article,Human,255766,150053524
2024,Finance & Business,News Article,Mixed,20990,14113132
2024,Finance & Business,Nonfiction Writing,AI,239715,303443576
2024,Finance & Business,Nonfiction Writing,Human,163887,201894438
2024,Finance & Business,Nonfiction Writing,Mixed,42386,57811953
2024,Finance & Business,Personal Blog,AI,15775,14834507
2024,Finance & Business,Personal Blog,Human,102667,82118293
2024,Finance & Business,Personal Blog,Mixed,4402,6410353
2024,Finance & Business,Product Page,AI,370488,343122359
2024,Finance & Business,Product Page,Human,299702,164657270
2024,Finance & Business,Product Page,Mixed,57067,70224306
2024,Finance & Business,Q&A Forum,AI,2238,1416710
2024,Finance & Business,Q&A Forum,Human,6294,3536497
2024,Finance & Business,Q&A Forum,Mixed,372,363588
2024,Finance & Business,Spam / Ads,AI,5880,4463500
2024,Finance & Business,Spam / Ads,Human,46728,40123039
2024,Finance & Business,Spam / Ads,Mixed,1439,1610268
2024,Finance & Business,Structured Data,AI,2552,1898663
2024,Finance & Business,Structured Data,Human,8530,5785685
2024,Finance & Business,Structured Data,Mixed,481,648370
2024,Finance & Business,Truncated,AI,6517,1482408
2024,Finance & Business,Truncated,Human,33809,7112196
2024,Finance & Business,Truncated,Mixed,853,330813
2024,Finance & Business,Tutorial,AI,339633,523384497
2024,Finance & Business,Tutorial,Human,141945,161910806
2024,Finance & Business,Tutorial,Mixed,51353,85373890
2024,Finance & Business,User Review,AI,5207,4093955
2024,Finance & Business,User Review,Human,14995,9879896
2024,Finance & Business,User Review,Mixed,1127,1494993
2024,Food & Dining,About (Org.),AI,12657,5520316
2024,Food & Dining,About (Org.),Human,26418,8803904
2024,Food & Dining,About (Org.),Mixed,1063,715785
2024,Food & Dining,About (Pers.),AI,1147,435019
2024,Food & Dining,About (Pers.),Human,4070,1366187
2024,Food & Dining,About (Pers.),Mixed,113,66353
2024,Food & Dining,Academic Writing,AI,463,606027
2024,Food & Dining,Academic Writing,Human,1419,1462048
2024,Food & Dining,Academic Writing,Mixed,152,252362
2024,Food & Dining,Audio Transcript,AI,219,185486
2024,Food & Dining,Audio Transcript,Human,5631,8508140
2024,Food & Dining,Audio Transcript,Mixed,196,274002
2024,Food & Dining,Comment Section,AI,352,132352
2024,Food & Dining,Comment Section,Human,3069,1807589
2024,Food & Dining,Comment Section,Mixed,23,25204
2024,Food & Dining,Content Listing,AI,5509,3125872
2024,Food & Dining,Content Listing,Human,16406,8275450
2024,Food & Dining,Content Listing,Mixed,472,628226
2024,Food & Dining,Creative Writing,AI,286,211657
2024,Food & Dining,Creative Writing,Human,405,292515
2024,Food & Dining,Creative Writing,Mixed,19,14055
2024,Food & Dining,Customer Support,AI,1711,1556238
2024,Food & Dining,Customer Support,Human,5459,1843926
2024,Food & Dining,Customer Support,Mixed,159,205922
2024,Food & Dining,Documentation,AI,5,1877
2024,Food & Dining,Documentation,Human,58,60660
2024,Food & Dining,Documentation,Mixed,2,2148
2024,Food & Dining,FAQ,AI,2429,2646309
2024,Food & Dining,FAQ,Human,3555,3008977
2024,Food & Dining,FAQ,Mixed,373,579857
2024,Food & Dining,Knowledge Article,AI,37259,57676626
2024,Food & Dining,Knowledge Article,Human,10950,9308079
2024,Food & Dining,Knowledge Article,Mixed,3149,5083987
2024,Food & Dining,Legal Notices,AI,252,118144
2024,Food & Dining,Legal Notices,Human,760,571083
2024,Food & Dining,Legal Notices,Mixed,29,19685
2024,Food & Dining,Listicle,AI,55989,81050796
2024,Food & Dining,Listicle,Human,39815,46629388
2024,Food & Dining,Listicle,Mixed,6715,11727195
2024,Food & Dining,News (Org.),AI,6637,3740063
2024,Food & Dining,News (Org.),Human,31373,14751118
2024,Food & Dining,News (Org.),Mixed,1267,1057180
2024,Food & Dining,News Article,AI,2604,1201463
2024,Food & Dining,News Article,Human,40340,21383357
2024,Food & Dining,News Article,Mixed,875,537149
2024,Food & Dining,Nonfiction Writing,AI,31483,44358952
2024,Food & Dining,Nonfiction Writing,Human,24358,29339509
2024,Food & Dining,Nonfiction Writing,Mixed,2831,3537620
2024,Food & Dining,Personal Blog,AI,6985,7498064
2024,Food & Dining,Personal Blog,Human,75589,52476359
2024,Food & Dining,Personal Blog,Mixed,960,1090599
2024,Food & Dining,Product Page,AI,147163,94156990
2024,Food & Dining,Product Page,Human,180859,56785341
2024,Food & Dining,Product Page,Mixed,11913,11583273
2024,Food & Dining,Q&A Forum,AI,237,140932
2024,Food & Dining,Q&A Forum,Human,1289,644013
2024,Food & Dining,Q&A Forum,Mixed,20,17661
2024,Food & Dining,Spam / Ads,AI,344,206161
2024,Food & Dining,Spam / Ads,Human,3466,2957440
2024,Food & Dining,Spam / Ads,Mixed,125,101275
2024,Food & Dining,Structured Data,AI,241,125521
2024,Food & Dining,Structured Data,Human,975,532400
2024,Food & Dining,Structured Data,Mixed,27,30366
2024,Food & Dining,Truncated,AI,981,203411
2024,Food & Dining,Truncated,Human,5545,994329
2024,Food & Dining,Truncated,Mixed,83,32293
2024,Food & Dining,Tutorial,AI,124277,203814912
2024,Food & Dining,Tutorial,Human,128580,99206369
2024,Food & Dining,Tutorial,Mixed,14113,21670251
2024,Food & Dining,User Review,AI,3754,3240523
2024,Food & Dining,User Review,Human,22388,13113719
2024,Food & Dining,User Review,Mixed,662,862508
2024,Games,About (Org.),AI,5665,3771117
2024,Games,About (Org.),Human,3842,1611736
2024,Games,About (Org.),Mixed,389,430974
2024,Games,About (Pers.),AI,715,292720
2024,Games,About (Pers.),Human,2387,793907
2024,Games,About (Pers.),Mixed,57,38306
2024,Games,Academic Writing,AI,1524,1375756
2024,Games,Academic Writing,Human,639,940265
2024,Games,Academic Writing,Mixed,92,83601
2024,Games,Audio Transcript,AI,415,387251
2024,Games,Audio Transcript,Human,3959,6733749
2024,Games,Audio Transcript,Mixed,159,238298
2024,Games,Comment Section,AI,1690,824807
2024,Games,Comment Section,Human,28119,21412099
2024,Games,Comment Section,Mixed,242,317479
2024,Games,Content Listing,AI,4996,5131635
2024,Games,Content Listing,Human,11713,9263465
2024,Games,Content Listing,Mixed,573,2273519
2024,Games,Creative Writing,AI,1152,869531
2024,Games,Creative Writing,Human,7491,13361977
2024,Games,Creative Writing,Mixed,316,359276
2024,Games,Customer Support,AI,4674,5075853
2024,Games,Customer Support,Human,4482,2451133
2024,Games,Customer Support,Mixed,549,795347
2024,Games,Documentation,AI,269,105300
2024,Games,Documentation,Human,1306,1102305
2024,Games,Documentation,Mixed,38,22697
2024,Games,FAQ,AI,2220,2246086
2024,Games,FAQ,Human,3138,2560022
2024,Games,FAQ,Mixed,339,385136
2024,Games,Knowledge Article,AI,38603,44969597
2024,Games,Knowledge Article,Human,31208,24200815
2024,Games,Knowledge Article,Mixed,9684,7517276
2024,Games,Legal Notices,AI,1127,745550
2024,Games,Legal Notices,Human,1591,2810813
2024,Games,Legal Notices,Mixed,189,194397
2024,Games,Listicle,AI,54105,63189906
2024,Games,Listicle,Human,35249,48776827
2024,Games,Listicle,Mixed,6522,8995523
2024,Games,News (Org.),AI,5096,3396511
2024,Games,News (Org.),Human,19935,10402148
2024,Games,News (Org.),Mixed,943,838784
2024,Games,News Article,AI,9709,5436877
2024,Games,News Article,Human,57995,27624040
2024,Games,News Article,Mixed,2124,1485239
2024,Games,Nonfiction Writing,AI,122513,127545017
2024,Games,Nonfiction Writing,Human,25955,30533862
2024,Games,Nonfiction Writing,Mixed,9413,8761360
2024,Games,Personal Blog,AI,6923,7240182
2024,Games,Personal Blog,Human,44475,37869307
2024,Games,Personal Blog,Mixed,1708,2802794
2024,Games,Product Page,AI,204170,212905791
2024,Games,Product Page,Human,129769,111460188
2024,Games,Product Page,Mixed,23207,34705726
2024,Games,Q&A Forum,AI,384,300705
2024,Games,Q&A Forum,Human,3278,1572912
2024,Games,Q&A Forum,Mixed,49,43854
2024,Games,Spam / Ads,AI,11966,11040327
2024,Games,Spam / Ads,Human,215310,270257806
2024,Games,Spam / Ads,Mixed,7485,8086761
2024,Games,Structured Data,AI,480,392293
2024,Games,Structured Data,Human,4274,1962974
2024,Games,Structured Data,Mixed,89,109932
2024,Games,Truncated,AI,1221,436304
2024,Games,Truncated,Human,4405,749020
2024,Games,Truncated,Mixed,80,49354
2024,Games,Tutorial,AI,148811,181457629
2024,Games,Tutorial,Human,74042,62570649
2024,Games,Tutorial,Mixed,26064,24017189
2024,Games,User Review,AI,6091,4965221
2024,Games,User Review,Human,17270,18511523
2024,Games,User Review,Mixed,1236,1277231
2024,Hardware,About (Org.),AI,3639,1732003
2024,Hardware,About (Org.),Human,5505,1883685
2024,Hardware,About (Org.),Mixed,227,169740
2024,Hardware,About (Pers.),AI,132,35266
2024,Hardware,About (Pers.),Human,531,188698
2024,Hardware,About (Pers.),Mixed,8,4882
2024,Hardware,Academic Writing,AI,135,175597
2024,Hardware,Academic Writing,Human,254,267430
2024,Hardware,Academic Writing,Mixed,65,119560
2024,Hardware,Audio Transcript,AI,86,57667
2024,Hardware,Audio Transcript,Human,883,1519151
2024,Hardware,Audio Transcript,Mixed,41,59223
2024,Hardware,Comment Section,AI,608,289063
2024,Hardware,Comment Section,Human,23474,12062955
2024,Hardware,Comment Section,Mixed,65,44528
2024,Hardware,Content Listing,AI,3252,2044379
2024,Hardware,Content Listing,Human,8777,5294460
2024,Hardware,Content Listing,Mixed,308,468561
2024,Hardware,Creative Writing,AI,21,16297
2024,Hardware,Creative Writing,Human,41,48144
2024,Hardware,Creative Writing,Mixed,4,3785
2024,Hardware,Customer Support,AI,8915,14010703
2024,Hardware,Customer Support,Human,12018,5732487
2024,Hardware,Customer Support,Mixed,979,1375086
2024,Hardware,Documentation,AI,248,306801
2024,Hardware,Documentation,Human,3950,3658156
2024,Hardware,Documentation,Mixed,68,97004
2024,Hardware,FAQ,AI,2414,2401587
2024,Hardware,FAQ,Human,3235,2283717
2024,Hardware,FAQ,Mixed,226,303716
2024,Hardware,Knowledge Article,AI,23322,32865572
2024,Hardware,Knowledge Article,Human,6873,6274060
2024,Hardware,Knowledge Article,Mixed,2326,3266833
2024,Hardware,Legal Notices,AI,65,35602
2024,Hardware,Legal Notices,Human,492,453250
2024,Hardware,Legal Notices,Mixed,17,21586
2024,Hardware,Listicle,AI,21031,32553645
2024,Hardware,Listicle,Human,10941,16231148
2024,Hardware,Listicle,Mixed,2684,5496057
2024,Hardware,News (Org.),AI,2530,1494602
2024,Hardware,News (Org.),Human,16105,9859381
2024,Hardware,News (Org.),Mixed,635,541932
2024,Hardware,News Article,AI,8014,4368551
2024,Hardware,News Article,Human,48338,23120059
2024,Hardware,News Article,Mixed,1879,1183348
2024,Hardware,Nonfiction Writing,AI,11723,15260140
2024,Hardware,Nonfiction Writing,Human,11585,17989665
2024,Hardware,Nonfiction Writing,Mixed,1247,1602242
2024,Hardware,Personal Blog,AI,1045,816769
2024,Hardware,Personal Blog,Human,19951,13204167
2024,Hardware,Personal Blog,Mixed,278,275938
2024,Hardware,Product Page,AI,130672,101009917
2024,Hardware,Product Page,Human,146670,67877913
2024,Hardware,Product Page,Mixed,14615,16083858
2024,Hardware,Q&A Forum,AI,264,111819
2024,Hardware,Q&A Forum,Human,5275,1659865
2024,Hardware,Q&A Forum,Mixed,40,35383
2024,Hardware,Spam / Ads,AI,313,167839
2024,Hardware,Spam / Ads,Human,3899,3256093
2024,Hardware,Spam / Ads,Mixed,79,65073
2024,Hardware,Structured Data,AI,156,81911
2024,Hardware,Structured Data,Human,783,601434
2024,Hardware,Structured Data,Mixed,21,51439
2024,Hardware,Truncated,AI,452,136432
2024,Hardware,Truncated,Human,2716,493727
2024,Hardware,Truncated,Mixed,48,31901
2024,Hardware,Tutorial,AI,48471,78647089
2024,Hardware,Tutorial,Human,22565,22501498
2024,Hardware,Tutorial,Mixed,4871,7042039
2024,Hardware,User Review,AI,3405,2799059
2024,Hardware,User Review,Human,11073,13275743
2024,Hardware,User Review,Mixed,627,758646
2024,Health,About (Org.),AI,25238,13567778
2024,Health,About (Org.),Human,72593,33192434
2024,Health,About (Org.),Mixed,3684,3256071
2024,Health,About (Pers.),AI,7734,2990865
2024,Health,About (Pers.),Human,48712,17793944
2024,Health,About (Pers.),Mixed,1723,1148246
2024,Health,Academic Writing,AI,9192,11074746
2024,Health,Academic Writing,Human,80050,92958983
2024,Health,Academic Writing,Mixed,2256,3550474
2024,Health,Audio Transcript,AI,2355,1891788
2024,Health,Audio Transcript,Human,22461,46791453
2024,Health,Audio Transcript,Mixed,1846,4006419
2024,Health,Comment Section,AI,1632,735530
2024,Health,Comment Section,Human,14704,11759887
2024,Health,Comment Section,Mixed,206,221165
2024,Health,Content Listing,AI,10541,7531695
2024,Health,Content Listing,Human,38811,26443891
2024,Health,Content Listing,Mixed,1866,3825650
2024,Health,Creative Writing,AI,638,485779
2024,Health,Creative Writing,Human,6838,36835571
2024,Health,Creative Writing,Mixed,60,63767
2024,Health,Customer Support,AI,7506,6659114
2024,Health,Customer Support,Human,42489,22057087
2024,Health,Customer Support,Mixed,1253,1367625
2024,Health,Documentation,AI,93,77953
2024,Health,Documentation,Human,1026,2168397
2024,Health,Documentation,Mixed,15,18459
2024,Health,FAQ,AI,9862,9756628
2024,Health,FAQ,Human,15638,14183868
2024,Health,FAQ,Mixed,1468,1918028
2024,Health,Knowledge Article,AI,266883,413572767
2024,Health,Knowledge Article,Human,129861,135792158
2024,Health,Knowledge Article,Mixed,32930,51402516
2024,Health,Legal Notices,AI,1430,747506
2024,Health,Legal Notices,Human,6694,7530073
2024,Health,Legal Notices,Mixed,258,287004
2024,Health,Listicle,AI,100548,111584414
2024,Health,Listicle,Human,62355,65493919
2024,Health,Listicle,Mixed,15085,20530185
2024,Health,News (Org.),AI,25585,16279880
2024,Health,News (Org.),Human,134968,77947007
2024,Health,News (Org.),Mixed,6618,6008565
2024,Health,News Article,AI,10651,4931557
2024,Health,News Article,Human,135187,86644294
2024,Health,News Article,Mixed,4270,2843157
2024,Health,Nonfiction Writing,AI,129402,174877710
2024,Health,Nonfiction Writing,Human,94254,120846319
2024,Health,Nonfiction Writing,Mixed,19208,25778457
2024,Health,Personal Blog,AI,24823,24000819
2024,Health,Personal Blog,Human,108128,95872177
2024,Health,Personal Blog,Mixed,5986,7751122
2024,Health,Product Page,AI,286786,283409827
2024,Health,Product Page,Human,302079,181617354
2024,Health,Product Page,Mixed,44563,56160008
2024,Health,Q&A Forum,AI,1843,1371330
2024,Health,Q&A Forum,Human,6652,3694652
2024,Health,Q&A Forum,Mixed,251,255959
2024,Health,Spam / Ads,AI,3504,2195652
2024,Health,Spam / Ads,Human,42003,88130985
2024,Health,Spam / Ads,Mixed,700,913923
2024,Health,Structured Data,AI,791,697937
2024,Health,Structured Data,Human,6526,5320053
2024,Health,Structured Data,Mixed,153,223281
2024,Health,Truncated,AI,4295,985679
2024,Health,Truncated,Human,20545,5068703
2024,Health,Truncated,Mixed,479,200898
2024,Health,Tutorial,AI,159102,228389571
2024,Health,Tutorial,Human,81928,80570667
2024,Health,Tutorial,Mixed,21233,29496248
2024,Health,User Review,AI,4184,4064564
2024,Health,User Review,Human,18334,13013923
2024,Health,User Review,Mixed,637,830662
2024,History,About (Org.),AI,1026,664654
2024,History,About (Org.),Human,9815,5518356
2024,History,About (Org.),Mixed,116,101723
2024,History,About (Pers.),AI,67,25188
2024,History,About (Pers.),Human,1481,684841
2024,History,About (Pers.),Mixed,14,15038
2024,History,Academic Writing,AI,1717,3094542
2024,History,Academic Writing,Human,8622,17767799
2024,History,Academic Writing,Mixed,163,248893
2024,History,Audio Transcript,AI,146,195865
2024,History,Audio Transcript,Human,4850,9531074
2024,History,Audio Transcript,Mixed,49,87405
2024,History,Comment Section,AI,60,30074
2024,History,Comment Section,Human,2206,1649043
2024,History,Comment Section,Mixed,8,7563
2024,History,Content Listing,AI,554,484165
2024,History,Content Listing,Human,8432,6153460
2024,History,Content Listing,Mixed,71,114204
2024,History,Creative Writing,AI,327,262957
2024,History,Creative Writing,Human,1557,3662295
2024,History,Creative Writing,Mixed,21,19638
2024,History,Customer Support,AI,8,6587
2024,History,Customer Support,Human,650,244286
2024,History,Customer Support,Mixed,1,521
2024,History,Documentation,Human,23,40924
2024,History,FAQ,AI,256,239747
2024,History,FAQ,Human,829,797781
2024,History,FAQ,Mixed,19,24706
2024,History,Knowledge Article,AI,26200,31289880
2024,History,Knowledge Article,Human,60593,56041480
2024,History,Knowledge Article,Mixed,2188,2889339
2024,History,Legal Notices,AI,5,1439
2024,History,Legal Notices,Human,341,296950
2024,History,Legal Notices,Mixed,1,133
2024,History,Listicle,AI,5083,6934908
2024,History,Listicle,Human,4865,5925744
2024,History,Listicle,Mixed,393,604081
2024,History,News (Org.),AI,626,332396
2024,History,News (Org.),Human,14033,7060913
2024,History,News (Org.),Mixed,137,121733
2024,History,News Article,AI,1687,790518
2024,History,News Article,Human,17334,14854363
2024,History,News Article,Mixed,447,291342
2024,History,Nonfiction Writing,AI,16533,20366531
2024,History,Nonfiction Writing,Human,38757,61539001
2024,History,Nonfiction Writing,Mixed,1537,1886390
2024,History,Personal Blog,AI,776,550864
2024,History,Personal Blog,Human,22430,19164061
2024,History,Personal Blog,Mixed,141,151717
2024,History,Product Page,AI,2516,1572088
2024,History,Product Page,Human,15041,6507561
2024,History,Product Page,Mixed,338,323992
2024,History,Q&A Forum,AI,250,162179
2024,History,Q&A Forum,Human,1343,696167
2024,History,Q&A Forum,Mixed,63,60299
2024,History,Spam / Ads,AI,19,14025
2024,History,Spam / Ads,Human,891,1121664
2024,History,Spam / Ads,Mixed,6,5952
2024,History,Structured Data,AI,129,68254
2024,History,Structured Data,Human,4656,3450750
2024,History,Structured Data,Mixed,21,18956
2024,History,Truncated,AI,394,112010
2024,History,Truncated,Human,6609,1458935
2024,History,Truncated,Mixed,37,29811
2024,History,Tutorial,AI,870,1200776
2024,History,Tutorial,Human,1273,1339570
2024,History,Tutorial,Mixed,85,112115
2024,History,User Review,AI,107,84222
2024,History,User Review,Human,942,734054
2024,History,User Review,Mixed,8,7025
2024,Home & Hobbies,About (Org.),AI,31819,14035422
2024,Home & Hobbies,About (Org.),Human,53896,19209114
2024,Home & Hobbies,About (Org.),Mixed,2984,2353040
2024,Home & Hobbies,About (Pers.),AI,6082,1752307
2024,Home & Hobbies,About (Pers.),Human,15266,4910052
2024,Home & Hobbies,About (Pers.),Mixed,562,271395
2024,Home & Hobbies,Academic Writing,AI,276,329128
2024,Home & Hobbies,Academic Writing,Human,456,602774
2024,Home & Hobbies,Academic Writing,Mixed,39,47727
2024,Home & Hobbies,Audio Transcript,AI,317,312877
2024,Home & Hobbies,Audio Transcript,Human,4096,6711787
2024,Home & Hobbies,Audio Transcript,Mixed,180,258668
2024,Home & Hobbies,Comment Section,AI,910,415582
2024,Home & Hobbies,Comment Section,Human,17752,9021592
2024,Home & Hobbies,Comment Section,Mixed,115,149038
2024,Home & Hobbies,Content Listing,AI,17577,14494880
2024,Home & Hobbies,Content Listing,Human,37655,22764991
2024,Home & Hobbies,Content Listing,Mixed,2299,6048809
2024,Home & Hobbies,Creative Writing,AI,1470,963885
2024,Home & Hobbies,Creative Writing,Human,1401,928722
2024,Home & Hobbies,Creative Writing,Mixed,99,87487
2024,Home & Hobbies,Customer Support,AI,11251,13696465
2024,Home & Hobbies,Customer Support,Human,23899,11716608
2024,Home & Hobbies,Customer Support,Mixed,1556,2359368
2024,Home & Hobbies,Documentation,AI,12,10993
2024,Home & Hobbies,Documentation,Human,161,229079
2024,Home & Hobbies,Documentation,Mixed,2,2623
2024,Home & Hobbies,FAQ,AI,8455,8275379
2024,Home & Hobbies,FAQ,Human,11475,9995833
2024,Home & Hobbies,FAQ,Mixed,1926,2589355
2024,Home & Hobbies,Knowledge Article,AI,76379,120852667
2024,Home & Hobbies,Knowledge Article,Human,23096,23759616
2024,Home & Hobbies,Knowledge Article,Mixed,7114,11267561
2024,Home & Hobbies,Legal Notices,AI,417,214121
2024,Home & Hobbies,Legal Notices,Human,2267,2109769
2024,Home & Hobbies,Legal Notices,Mixed,69,69822
2024,Home & Hobbies,Listicle,AI,165854,209142096
2024,Home & Hobbies,Listicle,Human,82280,92695604
2024,Home & Hobbies,Listicle,Mixed,21351,33899803
2024,Home & Hobbies,News (Org.),AI,18145,12623200
2024,Home & Hobbies,News (Org.),Human,45349,20825752
2024,Home & Hobbies,News (Org.),Mixed,3064,2632530
2024,Home & Hobbies,News Article,AI,2068,945264
2024,Home & Hobbies,News Article,Human,27787,15607752
2024,Home & Hobbies,News Article,Mixed,704,463936
2024,Home & Hobbies,Nonfiction Writing,AI,56736,72627195
2024,Home & Hobbies,Nonfiction Writing,Human,21015,23660268
2024,Home & Hobbies,Nonfiction Writing,Mixed,4990,6037226
2024,Home & Hobbies,Personal Blog,AI,14999,16067890
2024,Home & Hobbies,Personal Blog,Human,130283,78597762
2024,Home & Hobbies,Personal Blog,Mixed,2419,3283420
2024,Home & Hobbies,Product Page,AI,698071,529439879
2024,Home & Hobbies,Product Page,Human,773910,298476716
2024,Home & Hobbies,Product Page,Mixed,83215,92256768
2024,Home & Hobbies,Q&A Forum,AI,432,238436
2024,Home & Hobbies,Q&A Forum,Human,5672,2384143
2024,Home & Hobbies,Q&A Forum,Mixed,59,58091
2024,Home & Hobbies,Spam / Ads,AI,2790,2042205
2024,Home & Hobbies,Spam / Ads,Human,17878,14080839
2024,Home & Hobbies,Spam / Ads,Mixed,604,727265
2024,Home & Hobbies,Structured Data,AI,396,328014
2024,Home & Hobbies,Structured Data,Human,2207,1526767
2024,Home & Hobbies,Structured Data,Mixed,76,91981
2024,Home & Hobbies,Truncated,AI,2269,469291
2024,Home & Hobbies,Truncated,Human,9130,1519002
2024,Home & Hobbies,Truncated,Mixed,111,43902
2024,Home & Hobbies,Tutorial,AI,387371,595888767
2024,Home & Hobbies,Tutorial,Human,149349,139719281
2024,Home & Hobbies,Tutorial,Mixed,40683,58920826
2024,Home & Hobbies,User Review,AI,10687,5367595
2024,Home & Hobbies,User Review,Human,28204,19768769
2024,Home & Hobbies,User Review,Mixed,1255,1257660
2024,Industrial,About (Org.),AI,28451,12895879
2024,Industrial,About (Org.),Human,83609,30003962
2024,Industrial,About (Org.),Mixed,3397,2603006
2024,Industrial,About (Pers.),AI,633,198320
2024,Industrial,About (Pers.),Human,2860,828739
2024,Industrial,About (Pers.),Mixed,77,36742
2024,Industrial,Academic Writing,AI,1927,2327803
2024,Industrial,Academic Writing,Human,10880,9769485
2024,Industrial,Academic Writing,Mixed,787,1255358
2024,Industrial,Audio Transcript,AI,451,433220
2024,Industrial,Audio Transcript,Human,5832,8694293
2024,Industrial,Audio Transcript,Mixed,466,645303
2024,Industrial,Comment Section,AI,397,242484
2024,Industrial,Comment Section,Human,1786,954799
2024,Industrial,Comment Section,Mixed,46,52160
2024,Industrial,Content Listing,AI,3689,3237505
2024,Industrial,Content Listing,Human,19463,12328657
2024,Industrial,Content Listing,Mixed,553,849718
2024,Industrial,Creative Writing,AI,56,34728
2024,Industrial,Creative Writing,Human,70,102263
2024,Industrial,Creative Writing,Mixed,2,1187
2024,Industrial,Customer Support,AI,2896,2355832
2024,Industrial,Customer Support,Human,12091,5019741
2024,Industrial,Customer Support,Mixed,342,388294
2024,Industrial,Documentation,AI,249,232623
2024,Industrial,Documentation,Human,3121,3418566
2024,Industrial,Documentation,Mixed,51,66745
2024,Industrial,FAQ,AI,2429,2005679
2024,Industrial,FAQ,Human,3897,2953885
2024,Industrial,FAQ,Mixed,395,584870
2024,Industrial,Knowledge Article,AI,73598,91629518
2024,Industrial,Knowledge Article,Human,27352,24159813
2024,Industrial,Knowledge Article,Mixed,9036,12563567
2024,Industrial,Legal Notices,AI,230,108560
2024,Industrial,Legal Notices,Human,2409,2086305
2024,Industrial,Legal Notices,Mixed,40,34406
2024,Industrial,Listicle,AI,20555,19741094
2024,Industrial,Listicle,Human,6785,6624678
2024,Industrial,Listicle,Mixed,2980,3468537
2024,Industrial,News (Org.),AI,20426,12169308
2024,Industrial,News (Org.),Human,95317,52074319
2024,Industrial,News (Org.),Mixed,5273,4577339
2024,Industrial,News Article,AI,8204,3775115
2024,Industrial,News Article,Human,80863,45787006
2024,Industrial,News Article,Mixed,3233,1967930
2024,Industrial,Nonfiction Writing,AI,28214,30651733
2024,Industrial,Nonfiction Writing,Human,25751,33736638
2024,Industrial,Nonfiction Writing,Mixed,4371,5195220
2024,Industrial,Personal Blog,AI,1040,840812
2024,Industrial,Personal Blog,Human,8173,5802236
2024,Industrial,Personal Blog,Mixed,187,199084
2024,Industrial,Product Page,AI,188587,134953803
2024,Industrial,Product Page,Human,252240,101408287
2024,Industrial,Product Page,Mixed,28852,34697077
2024,Industrial,Q&A Forum,AI,284,113391
2024,Industrial,Q&A Forum,Human,816,521611
2024,Industrial,Q&A Forum,Mixed,33,37552
2024,Industrial,Spam / Ads,AI,633,400034
2024,Industrial,Spam / Ads,Human,3232,2798410
2024,Industrial,Spam / Ads,Mixed,155,159310
2024,Industrial,Structured Data,AI,507,409097
2024,Industrial,Structured Data,Human,1987,1594213
2024,Industrial,Structured Data,Mixed,72,113711
2024,Industrial,Truncated,AI,1031,257523
2024,Industrial,Truncated,Human,7571,1533660
2024,Industrial,Truncated,Mixed,120,52850
2024,Industrial,Tutorial,AI,42885,58836438
2024,Industrial,Tutorial,Human,17864,16776597
2024,Industrial,Tutorial,Mixed,5965,8173311
2024,Industrial,User Review,AI,471,278918
2024,Industrial,User Review,Human,2680,1191806
2024,Industrial,User Review,Mixed,67,71672
2024,Literature,About (Org.),AI,1604,787351
2024,Literature,About (Org.),Human,3696,1665007
2024,Literature,About (Org.),Mixed,90,85022
2024,Literature,About (Pers.),AI,1375,565408
2024,Literature,About (Pers.),Human,15255,5350010
2024,Literature,About (Pers.),Mixed,202,171406
2024,Literature,Academic Writing,AI,4202,7918606
2024,Literature,Academic Writing,Human,14347,30566315
2024,Literature,Academic Writing,Mixed,434,815012
2024,Literature,Audio Transcript,AI,335,640900
2024,Literature,Audio Transcript,Human,11607,22191340
2024,Literature,Audio Transcript,Mixed,170,317482
2024,Literature,Comment Section,AI,257,94196
2024,Literature,Comment Section,Human,3434,3120891
2024,Literature,Comment Section,Mixed,16,28725
2024,Literature,Content Listing,AI,1324,1442203
2024,Literature,Content Listing,Human,11289,9724074
2024,Literature,Content Listing,Mixed,224,430853
2024,Literature,Creative Writing,AI,11815,12098947
2024,Literature,Creative Writing,Human,58160,118201997
2024,Literature,Creative Writing,Mixed,1229,1519722
2024,Literature,Customer Support,AI,99,40584
2024,Literature,Customer Support,Human,952,316347
2024,Literature,Customer Support,Mixed,5,4281
2024,Literature,Documentation,Human,26,29465
2024,Literature,FAQ,AI,407,518715
2024,Literature,FAQ,Human,811,805029
2024,Literature,FAQ,Mixed,44,66927
2024,Literature,Knowledge Article,AI,18214,21390517
2024,Literature,Knowledge Article,Human,9709,10075079
2024,Literature,Knowledge Article,Mixed,1377,2185207
2024,Literature,Legal Notices,AI,48,23819
2024,Literature,Legal Notices,Human,207,145238
2024,Literature,Legal Notices,Mixed,8,6091
2024,Literature,Listicle,AI,8146,13272371
2024,Literature,Listicle,Human,10008,12878400
2024,Literature,Listicle,Mixed,896,1603865
2024,Literature,News (Org.),AI,997,514927
2024,Literature,News (Org.),Human,15574,7169488
2024,Literature,News (Org.),Mixed,227,174135
2024,Literature,News Article,AI,355,172676
2024,Literature,News Article,Human,4772,3163168
2024,Literature,News Article,Mixed,95,64141
2024,Literature,Nonfiction Writing,AI,19818,29205522
2024,Literature,Nonfiction Writing,Human,23287,40459500
2024,Literature,Nonfiction Writing,Mixed,1282,1858713
2024,Literature,Personal Blog,AI,2469,2251323
2024,Literature,Personal Blog,Human,74048,63317313
2024,Literature,Personal Blog,Mixed,542,678675
2024,Literature,Product Page,AI,15668,9847549
2024,Literature,Product Page,Human,77679,36638956
2024,Literature,Product Page,Mixed,2786,2758513
2024,Literature,Q&A Forum,AI,340,291612
2024,Literature,Q&A Forum,Human,2938,1512790
2024,Literature,Q&A Forum,Mixed,77,103387
2024,Literature,Spam / Ads,AI,113,91916
2024,Literature,Spam / Ads,Human,5913,9730211
2024,Literature,Spam / Ads,Mixed,29,43876
2024,Literature,Structured Data,AI,2877,761883
2024,Literature,Structured Data,Human,8528,4938263
2024,Literature,Structured Data,Mixed,156,139566
2024,Literature,Truncated,AI,291,72604
2024,Literature,Truncated,Human,3982,2452828
2024,Literature,Truncated,Mixed,33,18339
2024,Literature,Tutorial,AI,6581,10820016
2024,Literature,Tutorial,Human,3894,4243756
2024,Literature,Tutorial,Mixed,631,1299622
2024,Literature,User Review,AI,3700,3026800
2024,Literature,User Review,Human,35367,24655466
2024,Literature,User Review,Mixed,587,603989
2024,Politics,About (Org.),AI,3818,1965002
2024,Politics,About (Org.),Human,20979,10711059
2024,Politics,About (Org.),Mixed,559,516421
2024,Politics,About (Pers.),AI,882,389893
2024,Politics,About (Pers.),Human,9325,3889897
2024,Politics,About (Pers.),Mixed,241,276847
2024,Politics,Academic Writing,AI,3312,4267794
2024,Politics,Academic Writing,Human,19346,35282595
2024,Politics,Academic Writing,Mixed,701,1098620
2024,Politics,Audio Transcript,AI,1142,996027
2024,Politics,Audio Transcript,Human,42266,105118725
2024,Politics,Audio Transcript,Mixed,577,999211
2024,Politics,Comment Section,AI,208,91261
2024,Politics,Comment Section,Human,12530,15748475
2024,Politics,Comment Section,Mixed,59,70680
2024,Politics,Content Listing,AI,1297,1067323
2024,Politics,Content Listing,Human,33080,29652941
2024,Politics,Content Listing,Mixed,476,874970
2024,Politics,Creative Writing,AI,173,134553
2024,Politics,Creative Writing,Human,1706,1899318
2024,Politics,Creative Writing,Mixed,19,20973
2024,Politics,Customer Support,AI,139,40740
2024,Politics,Customer Support,Human,2549,961703
2024,Politics,Customer Support,Mixed,12,6951
2024,Politics,Documentation,AI,1,1204
2024,Politics,Documentation,Human,89,138533
2024,Politics,Documentation,Mixed,1,1610
2024,Politics,FAQ,AI,382,506758
2024,Politics,FAQ,Human,1227,1115362
2024,Politics,FAQ,Mixed,56,64860
2024,Politics,Knowledge Article,AI,11799,13458360
2024,Politics,Knowledge Article,Human,16185,18365016
2024,Politics,Knowledge Article,Mixed,1675,2185812
2024,Politics,Legal Notices,AI,210,82791
2024,Politics,Legal Notices,Human,4124,3117955
2024,Politics,Legal Notices,Mixed,28,31455
2024,Politics,Listicle,AI,3324,3238856
2024,Politics,Listicle,Human,7035,8181750
2024,Politics,Listicle,Mixed,515,619104
2024,Politics,News (Org.),AI,8407,3967609
2024,Politics,News (Org.),Human,142969,83876677
2024,Politics,News (Org.),Mixed,2406,1935993
2024,Politics,News Article,AI,52185,24384224
2024,Politics,News Article,Human,363232,239447359
2024,Politics,News Article,Mixed,13585,8901146
2024,Politics,Nonfiction Writing,AI,39499,36801974
2024,Politics,Nonfiction Writing,Human,186042,270208579
2024,Politics,Nonfiction Writing,Mixed,8037,8933491
2024,Politics,Personal Blog,AI,2172,1310529
2024,Politics,Personal Blog,Human,118747,108513217
2024,Politics,Personal Blog,Mixed,625,674786
2024,Politics,Product Page,AI,2404,1239269
2024,Politics,Product Page,Human,10350,4227652
2024,Politics,Product Page,Mixed,262,226585
2024,Politics,Q&A Forum,AI,404,236338
2024,Politics,Q&A Forum,Human,1169,894660
2024,Politics,Q&A Forum,Mixed,59,65396
2024,Politics,Spam / Ads,AI,39,22818
2024,Politics,Spam / Ads,Human,1738,2232314
2024,Politics,Spam / Ads,Mixed,16,22114
2024,Politics,Structured Data,AI,180,80777
2024,Politics,Structured Data,Human,2792,1924995
2024,Politics,Structured Data,Mixed,33,55581
2024,Politics,Truncated,AI,1103,255354
2024,Politics,Truncated,Human,16048,3519515
2024,Politics,Truncated,Mixed,127,51324
2024,Politics,Tutorial,AI,1294,1585336
2024,Politics,Tutorial,Human,2064,1791592
2024,Politics,Tutorial,Mixed,189,245082
2024,Politics,User Review,AI,61,53185
2024,Politics,User Review,Human,633,496703
2024,Politics,User Review,Mixed,6,5352
2024,Religion,About (Org.),AI,7692,4714252
2024,Religion,About (Org.),Human,41278,19193752
2024,Religion,About (Org.),Mixed,693,585430
2024,Religion,About (Pers.),AI,1849,731568
2024,Religion,About (Pers.),Human,13348,5545228
2024,Religion,About (Pers.),Mixed,413,341807
2024,Religion,Academic Writing,AI,1632,3170052
2024,Religion,Academic Writing,Human,8396,29149558
2024,Religion,Academic Writing,Mixed,183,382501
2024,Religion,Audio Transcript,AI,1516,1252559
2024,Religion,Audio Transcript,Human,25173,64896172
2024,Religion,Audio Transcript,Mixed,578,1229074
2024,Religion,Comment Section,AI,200,93420
2024,Religion,Comment Section,Human,5646,6336576
2024,Religion,Comment Section,Mixed,28,36504
2024,Religion,Content Listing,AI,1690,1100184
2024,Religion,Content Listing,Human,16739,11010453
2024,Religion,Content Listing,Mixed,296,436068
2024,Religion,Creative Writing,AI,2050,1352392
2024,Religion,Creative Writing,Human,16642,14960551
2024,Religion,Creative Writing,Mixed,225,207414
2024,Religion,Customer Support,AI,437,178736
2024,Religion,Customer Support,Human,7276,2678862
2024,Religion,Customer Support,Mixed,34,23617
2024,Religion,Documentation,AI,5,2732
2024,Religion,Documentation,Human,23,60702
2024,Religion,FAQ,AI,701,713652
2024,Religion,FAQ,Human,2496,2204705
2024,Religion,FAQ,Mixed,80,136387
2024,Religion,Knowledge Article,AI,46040,76045627
2024,Religion,Knowledge Article,Human,30191,36063510
2024,Religion,Knowledge Article,Mixed,4658,7704350
2024,Religion,Legal Notices,AI,267,127753
2024,Religion,Legal Notices,Human,1530,1718261
2024,Religion,Legal Notices,Mixed,33,26374
2024,Religion,Listicle,AI,15178,21953143
2024,Religion,Listicle,Human,10227,11855975
2024,Religion,Listicle,Mixed,2022,3164251
2024,Religion,News (Org.),AI,4492,2099231
2024,Religion,News (Org.),Human,58190,28726642
2024,Religion,News (Org.),Mixed,671,529474
2024,Religion,News Article,AI,2279,1027817
2024,Religion,News Article,Human,27164,18441870
2024,Religion,News Article,Mixed,546,345313
2024,Religion,Nonfiction Writing,AI,51180,86189449
2024,Religion,Nonfiction Writing,Human,88731,143541594
2024,Religion,Nonfiction Writing,Mixed,5865,8983891
2024,Religion,Personal Blog,AI,10919,9515197
2024,Religion,Personal Blog,Human,149213,134869291
2024,Religion,Personal Blog,Mixed,2811,3521075
2024,Religion,Product Page,AI,26911,17479474
2024,Religion,Product Page,Human,64150,26585015
2024,Religion,Product Page,Mixed,3070,3166090
2024,Religion,Q&A Forum,AI,251,196219
2024,Religion,Q&A Forum,Human,4696,4146999
2024,Religion,Q&A Forum,Mixed,53,55951
2024,Religion,Spam / Ads,AI,341,235565
2024,Religion,Spam / Ads,Human,1942,2209396
2024,Religion,Spam / Ads,Mixed,49,44816
2024,Religion,Structured Data,AI,400,722349
2024,Religion,Structured Data,Human,2485,2996485
2024,Religion,Structured Data,Mixed,79,221882
2024,Religion,Truncated,AI,1600,367731
2024,Religion,Truncated,Human,13261,2546663
2024,Religion,Truncated,Mixed,135,54841
2024,Religion,Tutorial,AI,16712,27858904
2024,Religion,Tutorial,Human,12223,13410429
2024,Religion,Tutorial,Mixed,1865,3298043
2024,Religion,User Review,AI,369,311425
2024,Religion,User Review,Human,3768,2925574
2024,Religion,User Review,Mixed,45,37683
2024,Science & Tech.,About (Org.),AI,7690,4698497
2024,Science & Tech.,About (Org.),Human,28667,14527532
2024,Science & Tech.,About (Org.),Mixed,974,830545
2024,Science & Tech.,About (Pers.),AI,1148,513964
2024,Science & Tech.,About (Pers.),Human,11663,4645512
2024,Science & Tech.,About (Pers.),Mixed,183,138358
2024,Science & Tech.,Academic Writing,AI,8963,11663551
2024,Science & Tech.,Academic Writing,Human,140098,116130711
2024,Science & Tech.,Academic Writing,Mixed,2320,3307843
2024,Science & Tech.,Audio Transcript,AI,1217,1399632
2024,Science & Tech.,Audio Transcript,Human,11406,25181220
2024,Science & Tech.,Audio Transcript,Mixed,769,1391055
2024,Science & Tech.,Comment Section,AI,996,487059
2024,Science & Tech.,Comment Section,Human,7074,5856400
2024,Science & Tech.,Comment Section,Mixed,102,106068
2024,Science & Tech.,Content Listing,AI,4450,3634381
2024,Science & Tech.,Content Listing,Human,26336,24319884
2024,Science & Tech.,Content Listing,Mixed,783,1452288
2024,Science & Tech.,Creative Writing,AI,768,937202
2024,Science & Tech.,Creative Writing,Human,769,1026724
2024,Science & Tech.,Creative Writing,Mixed,43,41656
2024,Science & Tech.,Customer Support,AI,345,263806
2024,Science & Tech.,Customer Support,Human,3355,1607421
2024,Science & Tech.,Customer Support,Mixed,48,50679
2024,Science & Tech.,Documentation,AI,398,437128
2024,Science & Tech.,Documentation,Human,7260,8066347
2024,Science & Tech.,Documentation,Mixed,145,212681
2024,Science & Tech.,FAQ,AI,1837,1906506
2024,Science & Tech.,FAQ,Human,2676,2639695
2024,Science & Tech.,FAQ,Mixed,242,311161
2024,Science & Tech.,Knowledge Article,AI,123882,181697445
2024,Science & Tech.,Knowledge Article,Human,62311,55578476
2024,Science & Tech.,Knowledge Article,Mixed,12990,19668467
2024,Science & Tech.,Legal Notices,AI,153,91951
2024,Science & Tech.,Legal Notices,Human,880,846435
2024,Science & Tech.,Legal Notices,Mixed,26,20570
2024,Science & Tech.,Listicle,AI,22443,27802921
2024,Science & Tech.,Listicle,Human,10056,11285156
2024,Science & Tech.,Listicle,Mixed,2644,3760918
2024,Science & Tech.,News (Org.),AI,15499,10212809
2024,Science & Tech.,News (Org.),Human,95160,55698331
2024,Science & Tech.,News (Org.),Mixed,4325,4065292
2024,Science & Tech.,News Article,AI,16271,7974835
2024,Science & Tech.,News Article,Human,96883,62844387
2024,Science & Tech.,News Article,Mixed,5122,3475001
2024,Science & Tech.,Nonfiction Writing,AI,74830,97558761
2024,Science & Tech.,Nonfiction Writing,Human,56371,79966609
2024,Science & Tech.,Nonfiction Writing,Mixed,10948,13931165
2024,Science & Tech.,Personal Blog,AI,4796,3915627
2024,Science & Tech.,Personal Blog,Human,45966,35746808
2024,Science & Tech.,Personal Blog,Mixed,1002,1375926
2024,Science & Tech.,Product Page,AI,29945,24517735
2024,Science & Tech.,Product Page,Human,48046,23305292
2024,Science & Tech.,Product Page,Mixed,4539,5325526
2024,Science & Tech.,Q&A Forum,AI,1342,807603
2024,Science & Tech.,Q&A Forum,Human,7006,3113854
2024,Science & Tech.,Q&A Forum,Mixed,234,263311
2024,Science & Tech.,Spam / Ads,AI,288,196041
2024,Science & Tech.,Spam / Ads,Human,7713,12081361
2024,Science & Tech.,Spam / Ads,Mixed,83,86827
2024,Science & Tech.,Structured Data,AI,854,675683
2024,Science & Tech.,Structured Data,Human,6009,5088265
2024,Science & Tech.,Structured Data,Mixed,107,197661
2024,Science & Tech.,Truncated,AI,2090,541593
2024,Science & Tech.,Truncated,Human,15329,5915280
2024,Science & Tech.,Truncated,Mixed,198,91790
2024,Science & Tech.,Tutorial,AI,23437,35107143
2024,Science & Tech.,Tutorial,Human,17308,16591170
2024,Science & Tech.,Tutorial,Mixed,2762,4173734
2024,Science & Tech.,User Review,AI,258,190071
2024,Science & Tech.,User Review,Human,1016,735116
2024,Science & Tech.,User Review,Mixed,38,49711
2024,Social Life,About (Org.),AI,6531,3311541
2024,Social Life,About (Org.),Human,21848,8397579
2024,Social Life,About (Org.),Mixed,631,499159
2024,Social Life,About (Pers.),AI,2935,1001597
2024,Social Life,About (Pers.),Human,12478,4025470
2024,Social Life,About (Pers.),Mixed,286,173984
2024,Social Life,Academic Writing,AI,971,1227038
2024,Social Life,Academic Writing,Human,2148,2355740
2024,Social Life,Academic Writing,Mixed,104,197133
2024,Social Life,Audio Transcript,AI,814,693657
2024,Social Life,Audio Transcript,Human,9087,14823671
2024,Social Life,Audio Transcript,Mixed,359,574659
2024,Social Life,Comment Section,AI,659,381299
2024,Social Life,Comment Section,Human,13859,10778866
2024,Social Life,Comment Section,Mixed,106,144245
2024,Social Life,Content Listing,AI,2667,1608918
2024,Social Life,Content Listing,Human,16307,10971014
2024,Social Life,Content Listing,Mixed,355,560269
2024,Social Life,Creative Writing,AI,3901,3239284
2024,Social Life,Creative Writing,Human,8338,7978877
2024,Social Life,Creative Writing,Mixed,346,519189
2024,Social Life,Customer Support,AI,708,297261
2024,Social Life,Customer Support,Human,5431,1891017
2024,Social Life,Customer Support,Mixed,46,38611
2024,Social Life,Documentation,AI,4,1084
2024,Social Life,Documentation,Human,6,11364
2024,Social Life,FAQ,AI,892,850969
2024,Social Life,FAQ,Human,1682,1536284
2024,Social Life,FAQ,Mixed,135,164241
2024,Social Life,Knowledge Article,AI,19318,25381223
2024,Social Life,Knowledge Article,Human,5854,4953223
2024,Social Life,Knowledge Article,Mixed,1679,2420408
2024,Social Life,Legal Notices,AI,220,106938
2024,Social Life,Legal Notices,Human,696,617315
2024,Social Life,Legal Notices,Mixed,41,35909
2024,Social Life,Listicle,AI,55586,74827093
2024,Social Life,Listicle,Human,60097,69667515
2024,Social Life,Listicle,Mixed,7930,11902370
2024,Social Life,News (Org.),AI,8662,3799222
2024,Social Life,News (Org.),Human,57484,21856152
2024,Social Life,News (Org.),Mixed,1088,789889
2024,Social Life,News Article,AI,3887,1594784
2024,Social Life,News Article,Human,31050,16893154
2024,Social Life,News Article,Mixed,684,426534
2024,Social Life,Nonfiction Writing,AI,55616,74596611
2024,Social Life,Nonfiction Writing,Human,65016,57042789
2024,Social Life,Nonfiction Writing,Mixed,6430,8361623
2024,Social Life,Personal Blog,AI,18383,15824530
2024,Social Life,Personal Blog,Human,204100,145606031
2024,Social Life,Personal Blog,Mixed,3977,4420088
2024,Social Life,Product Page,AI,24646,20551867
2024,Social Life,Product Page,Human,32681,15861906
2024,Social Life,Product Page,Mixed,2715,3114674
2024,Social Life,Q&A Forum,AI,470,274532
2024,Social Life,Q&A Forum,Human,2769,1766396
2024,Social Life,Q&A Forum,Mixed,60,63501
2024,Social Life,Spam / Ads,AI,1925,1949572
2024,Social Life,Spam / Ads,Human,35092,38340263
2024,Social Life,Spam / Ads,Mixed,1174,1381623
2024,Social Life,Structured Data,AI,449,431676
2024,Social Life,Structured Data,Human,3665,2072766
2024,Social Life,Structured Data,Mixed,172,268574
2024,Social Life,Truncated,AI,1423,312981
2024,Social Life,Truncated,Human,6893,1184899
2024,Social Life,Truncated,Mixed,107,38404
2024,Social Life,Tutorial,AI,39161,58244451
2024,Social Life,Tutorial,Human,27900,25113285
2024,Social Life,Tutorial,Mixed,4826,6715814
2024,Social Life,User Review,AI,1190,2424941
2024,Social Life,User Review,Human,4930,4206434
2024,Social Life,User Review,Mixed,225,491188
2024,Software,About (Org.),AI,4998,2750062
2024,Software,About (Org.),Human,5693,1956722
2024,Software,About (Org.),Mixed,420,313106
2024,Software,About (Pers.),AI,269,71155
2024,Software,About (Pers.),Human,1367,277599
2024,Software,About (Pers.),Mixed,21,13795
2024,Software,Academic Writing,AI,520,599910
2024,Software,Academic Writing,Human,970,1152005
2024,Software,Academic Writing,Mixed,96,146939
2024,Software,Audio Transcript,AI,327,305552
2024,Software,Audio Transcript,Human,2887,6399650
2024,Software,Audio Transcript,Mixed,249,342780
2024,Software,Comment Section,AI,1830,777704
2024,Software,Comment Section,Human,45408,18463068
2024,Software,Comment Section,Mixed,256,248581
2024,Software,Content Listing,AI,4694,2907934
2024,Software,Content Listing,Human,17256,10222032
2024,Software,Content Listing,Mixed,801,1310357
2024,Software,Creative Writing,AI,55,37495
2024,Software,Creative Writing,Human,47,42008
2024,Software,Creative Writing,Mixed,3,4067
2024,Software,Customer Support,AI,15157,14733756
2024,Software,Customer Support,Human,75270,30544908
2024,Software,Customer Support,Mixed,2456,2671716
2024,Software,Documentation,AI,2451,1460796
2024,Software,Documentation,Human,24069,15030368
2024,Software,Documentation,Mixed,601,666044
2024,Software,FAQ,AI,3986,3618946
2024,Software,FAQ,Human,8025,5236831
2024,Software,FAQ,Mixed,559,783417
2024,Software,Knowledge Article,AI,58251,81773021
2024,Software,Knowledge Article,Human,14058,12651738
2024,Software,Knowledge Article,Mixed,7278,11610320
2024,Software,Legal Notices,AI,4222,1817865
2024,Software,Legal Notices,Human,8709,7274880
2024,Software,Legal Notices,Mixed,513,489570
2024,Software,Listicle,AI,38658,53489344
2024,Software,Listicle,Human,27432,36101852
2024,Software,Listicle,Mixed,8480,16662716
2024,Software,News (Org.),AI,13860,10177418
2024,Software,News (Org.),Human,42619,23859371
2024,Software,News (Org.),Mixed,4169,4340899
2024,Software,News Article,AI,7396,3540956
2024,Software,News Article,Human,33169,16723304
2024,Software,News Article,Mixed,1933,1238825
2024,Software,Nonfiction Writing,AI,37395,53714370
2024,Software,Nonfiction Writing,Human,17830,23229257
2024,Software,Nonfiction Writing,Mixed,5481,8269609
2024,Software,Personal Blog,AI,3162,3036928
2024,Software,Personal Blog,Human,36867,23079360
2024,Software,Personal Blog,Mixed,810,1459006
2024,Software,Product Page,AI,170385,163062130
2024,Software,Product Page,Human,149828,96217328
2024,Software,Product Page,Mixed,31553,44526360
2024,Software,Q&A Forum,AI,1074,457587
2024,Software,Q&A Forum,Human,22174,8226895
2024,Software,Q&A Forum,Mixed,156,131436
2024,Software,Spam / Ads,AI,2441,2342246
2024,Software,Spam / Ads,Human,20273,21705930
2024,Software,Spam / Ads,Mixed,1330,1899095
2024,Software,Structured Data,AI,1007,760946
2024,Software,Structured Data,Human,2106,1266802
2024,Software,Structured Data,Mixed,151,215568
2024,Software,Truncated,AI,1144,221273
2024,Software,Truncated,Human,7498,1262905
2024,Software,Truncated,Mixed,122,36561
2024,Software,Tutorial,AI,143582,221141065
2024,Software,Tutorial,Human,96800,95674368
2024,Software,Tutorial,Mixed,22012,35275263
2024,Software,User Review,AI,2610,2234902
2024,Software,User Review,Human,7910,6537563
2024,Software,User Review,Mixed,659,984461
2024,Software Dev.,About (Org.),AI,8429,3846997
2024,Software Dev.,About (Org.),Human,10269,3841483
2024,Software Dev.,About (Org.),Mixed,1089,942790
2024,Software Dev.,About (Pers.),AI,2965,919126
2024,Software Dev.,About (Pers.),Human,7555,2296707
2024,Software Dev.,About (Pers.),Mixed,381,259784
2024,Software Dev.,Academic Writing,AI,843,811228
2024,Software Dev.,Academic Writing,Human,8841,5119514
2024,Software Dev.,Academic Writing,Mixed,272,350608
2024,Software Dev.,Audio Transcript,AI,413,402823
2024,Software Dev.,Audio Transcript,Human,3563,9914224
2024,Software Dev.,Audio Transcript,Mixed,269,447524
2024,Software Dev.,Comment Section,AI,954,286636
2024,Software Dev.,Comment Section,Human,32380,14622499
2024,Software Dev.,Comment Section,Mixed,177,142992
2024,Software Dev.,Content Listing,AI,2762,1450746
2024,Software Dev.,Content Listing,Human,12323,6871847
2024,Software Dev.,Content Listing,Mixed,589,856663
2024,Software Dev.,Creative Writing,AI,56,53922
2024,Software Dev.,Creative Writing,Human,47,66589
2024,Software Dev.,Creative Writing,Mixed,3,2525
2024,Software Dev.,Customer Support,AI,1349,781366
2024,Software Dev.,Customer Support,Human,6327,2268875
2024,Software Dev.,Customer Support,Mixed,154,135729
2024,Software Dev.,Documentation,AI,7103,6277305
2024,Software Dev.,Documentation,Human,53974,34725809
2024,Software Dev.,Documentation,Mixed,1551,2064285
2024,Software Dev.,FAQ,AI,1463,1365972
2024,Software Dev.,FAQ,Human,1754,1514161
2024,Software Dev.,FAQ,Mixed,198,277605
2024,Software Dev.,Knowledge Article,AI,25389,32107236
2024,Software Dev.,Knowledge Article,Human,5658,5025225
2024,Software Dev.,Knowledge Article,Mixed,3356,5329380
2024,Software Dev.,Legal Notices,AI,168,115638
2024,Software Dev.,Legal Notices,Human,725,1082033
2024,Software Dev.,Legal Notices,Mixed,51,59818
2024,Software Dev.,Listicle,AI,14748,18729997
2024,Software Dev.,Listicle,Human,6902,8149925
2024,Software Dev.,Listicle,Mixed,2616,4477998
2024,Software Dev.,News (Org.),AI,6691,5106252
2024,Software Dev.,News (Org.),Human,23639,13699557
2024,Software Dev.,News (Org.),Mixed,1945,2166537
2024,Software Dev.,News Article,AI,1150,563859
2024,Software Dev.,News Article,Human,5096,2812955
2024,Software Dev.,News Article,Mixed,422,268560
2024,Software Dev.,Nonfiction Writing,AI,17353,24394549
2024,Software Dev.,Nonfiction Writing,Human,8216,12112216
2024,Software Dev.,Nonfiction Writing,Mixed,3451,5606352
2024,Software Dev.,Personal Blog,AI,2762,2192163
2024,Software Dev.,Personal Blog,Human,35914,25047071
2024,Software Dev.,Personal Blog,Mixed,800,856504
2024,Software Dev.,Product Page,AI,60426,44287836
2024,Software Dev.,Product Page,Human,51161,24951764
2024,Software Dev.,Product Page,Mixed,10542,12685046
2024,Software Dev.,Q&A Forum,AI,1340,522284
2024,Software Dev.,Q&A Forum,Human,20581,6006671
2024,Software Dev.,Q&A Forum,Mixed,255,229090
2024,Software Dev.,Spam / Ads,AI,231,123642
2024,Software Dev.,Spam / Ads,Human,1896,1669841
2024,Software Dev.,Spam / Ads,Mixed,52,55066
2024,Software Dev.,Structured Data,AI,382,292745
2024,Software Dev.,Structured Data,Human,1141,709112
2024,Software Dev.,Structured Data,Mixed,44,73181
2024,Software Dev.,Truncated,AI,725,140416
2024,Software Dev.,Truncated,Human,3377,593324
2024,Software Dev.,Truncated,Mixed,77,21993
2024,Software Dev.,Tutorial,AI,49945,71083915
2024,Software Dev.,Tutorial,Human,36499,36759773
2024,Software Dev.,Tutorial,Mixed,8724,14910941
2024,Software Dev.,User Review,AI,382,202231
2024,Software Dev.,User Review,Human,988,571593
2024,Software Dev.,User Review,Mixed,41,38855
2024,Sports & Fitness,About (Org.),AI,11555,5810934
2024,Sports & Fitness,About (Org.),Human,29302,12068527
2024,Sports & Fitness,About (Org.),Mixed,949,731543
2024,Sports & Fitness,About (Pers.),AI,3021,1256946
2024,Sports & Fitness,About (Pers.),Human,13841,4916562
2024,Sports & Fitness,About (Pers.),Mixed,389,251739
2024,Sports & Fitness,Academic Writing,AI,677,804941
2024,Sports & Fitness,Academic Writing,Human,1794,1966772
2024,Sports & Fitness,Academic Writing,Mixed,80,135788
2024,Sports & Fitness,Audio Transcript,AI,1225,897804
2024,Sports & Fitness,Audio Transcript,Human,23351,32504200
2024,Sports & Fitness,Audio Transcript,Mixed,542,692259
2024,Sports & Fitness,Comment Section,AI,1404,974773
2024,Sports & Fitness,Comment Section,Human,19422,14687761
2024,Sports & Fitness,Comment Section,Mixed,135,151698
2024,Sports & Fitness,Content Listing,AI,5970,4813646
2024,Sports & Fitness,Content Listing,Human,25302,16145389
2024,Sports & Fitness,Content Listing,Mixed,576,924386
2024,Sports & Fitness,Creative Writing,AI,396,279907
2024,Sports & Fitness,Creative Writing,Human,1194,2401363
2024,Sports & Fitness,Creative Writing,Mixed,23,24191
2024,Sports & Fitness,Customer Support,AI,1386,1337826
2024,Sports & Fitness,Customer Support,Human,12577,5299260
2024,Sports & Fitness,Customer Support,Mixed,131,150932
2024,Sports & Fitness,Documentation,AI,5,3481
2024,Sports & Fitness,Documentation,Human,89,137117
2024,Sports & Fitness,FAQ,AI,2343,1969023
2024,Sports & Fitness,FAQ,Human,4774,4137976
2024,Sports & Fitness,FAQ,Mixed,285,386422
2024,Sports & Fitness,Knowledge Article,AI,37453,56439601
2024,Sports & Fitness,Knowledge Article,Human,15630,12064743
2024,Sports & Fitness,Knowledge Article,Mixed,3098,4361139
2024,Sports & Fitness,Legal Notices,AI,480,273214
2024,Sports & Fitness,Legal Notices,Human,3542,4527567
2024,Sports & Fitness,Legal Notices,Mixed,106,117236
2024,Sports & Fitness,Listicle,AI,47072,63345999
2024,Sports & Fitness,Listicle,Human,45882,53647112
2024,Sports & Fitness,Listicle,Mixed,5752,9404980
2024,Sports & Fitness,News (Org.),AI,11076,5545347
2024,Sports & Fitness,News (Org.),Human,97563,45091295
2024,Sports & Fitness,News (Org.),Mixed,1800,1343091
2024,Sports & Fitness,News Article,AI,63882,32289193
2024,Sports & Fitness,News Article,Human,321020,196118665
2024,Sports & Fitness,News Article,Mixed,10851,7314693
2024,Sports & Fitness,Nonfiction Writing,AI,87399,104369802
2024,Sports & Fitness,Nonfiction Writing,Human,70095,89378584
2024,Sports & Fitness,Nonfiction Writing,Mixed,7983,9400759
2024,Sports & Fitness,Personal Blog,AI,8224,6662189
2024,Sports & Fitness,Personal Blog,Human,125376,98204518
2024,Sports & Fitness,Personal Blog,Mixed,1244,1397428
2024,Sports & Fitness,Product Page,AI,116700,92474253
2024,Sports & Fitness,Product Page,Human,175903,63364759
2024,Sports & Fitness,Product Page,Mixed,10435,10936571
2024,Sports & Fitness,Q&A Forum,AI,464,266366
2024,Sports & Fitness,Q&A Forum,Human,3010,1877734
2024,Sports & Fitness,Q&A Forum,Mixed,49,42899
2024,Sports & Fitness,Spam / Ads,AI,734,1328676
2024,Sports & Fitness,Spam / Ads,Human,9660,10991813
2024,Sports & Fitness,Spam / Ads,Mixed,825,4438472
2024,Sports & Fitness,Structured Data,AI,282,188342
2024,Sports & Fitness,Structured Data,Human,2906,2213127
2024,Sports & Fitness,Structured Data,Mixed,45,61032
2024,Sports & Fitness,Truncated,AI,2340,585812
2024,Sports & Fitness,Truncated,Human,21349,4250902
2024,Sports & Fitness,Truncated,Mixed,157,76349
2024,Sports & Fitness,Tutorial,AI,84853,146950625
2024,Sports & Fitness,Tutorial,Human,42940,43783823
2024,Sports & Fitness,Tutorial,Mixed,7717,12029782
2024,Sports & Fitness,User Review,AI,2374,2551011
2024,Sports & Fitness,User Review,Human,11724,10164228
2024,Sports & Fitness,User Review,Mixed,302,400228
2024,Transportation,About (Org.),AI,12315,5796869
2024,Transportation,About (Org.),Human,26878,9766989
2024,Transportation,About (Org.),Mixed,1134,841195
2024,Transportation,About (Pers.),AI,454,142896
2024,Transportation,About (Pers.),Human,2132,664509
2024,Transportation,About (Pers.),Mixed,49,30759
2024,Transportation,Academic Writing,AI,769,847457
2024,Transportation,Academic Writing,Human,4579,4246738
2024,Transportation,Academic Writing,Mixed,234,381297
2024,Transportation,Audio Transcript,AI,295,237052
2024,Transportation,Audio Transcript,Human,4210,7131048
2024,Transportation,Audio Transcript,Mixed,238,335287
2024,Transportation,Comment Section,AI,1170,770124
2024,Transportation,Comment Section,Human,13131,6734564
2024,Transportation,Comment Section,Mixed,103,96279
2024,Transportation,Content Listing,AI,3672,2762851
2024,Transportation,Content Listing,Human,16687,9734041
2024,Transportation,Content Listing,Mixed,492,675515
2024,Transportation,Creative Writing,AI,124,66473
2024,Transportation,Creative Writing,Human,333,328435
2024,Transportation,Creative Writing,Mixed,15,13193
2024,Transportation,Customer Support,AI,9641,9129231
2024,Transportation,Customer Support,Human,26593,12391063
2024,Transportation,Customer Support,Mixed,1478,1677781
2024,Transportation,Documentation,AI,178,108434
2024,Transportation,Documentation,Human,1040,1228117
2024,Transportation,Documentation,Mixed,10,12141
2024,Transportation,FAQ,AI,3013,2635904
2024,Transportation,FAQ,Human,5781,4633959
2024,Transportation,FAQ,Mixed,507,667338
2024,Transportation,Knowledge Article,AI,43810,58586542
2024,Transportation,Knowledge Article,Human,17578,15977159
2024,Transportation,Knowledge Article,Mixed,4714,6592342
2024,Transportation,Legal Notices,AI,567,302029
2024,Transportation,Legal Notices,Human,3392,4645079
2024,Transportation,Legal Notices,Mixed,159,156185
2024,Transportation,Listicle,AI,34204,40455056
2024,Transportation,Listicle,Human,14489,16267786
2024,Transportation,Listicle,Mixed,3957,5553603
2024,Transportation,News (Org.),AI,11542,7338060
2024,Transportation,News (Org.),Human,63518,34706463
2024,Transportation,News (Org.),Mixed,3047,2725018
2024,Transportation,News Article,AI,18692,8825354
2024,Transportation,News Article,Human,132906,69001328
2024,Transportation,News Article,Mixed,5405,3404189
2024,Transportation,Nonfiction Writing,AI,34997,42275298
2024,Transportation,Nonfiction Writing,Human,31618,42151913
2024,Transportation,Nonfiction Writing,Mixed,4421,5296785
2024,Transportation,Personal Blog,AI,2177,1760040
2024,Transportation,Personal Blog,Human,31644,22268956
2024,Transportation,Personal Blog,Mixed,351,495114
2024,Transportation,Product Page,AI,182027,160189880
2024,Transportation,Product Page,Human,176006,88088356
2024,Transportation,Product Page,Mixed,22918,25616517
2024,Transportation,Q&A Forum,AI,489,227012
2024,Transportation,Q&A Forum,Human,2622,1063435
2024,Transportation,Q&A Forum,Mixed,48,41396
2024,Transportation,Spam / Ads,AI,657,436622
2024,Transportation,Spam / Ads,Human,6156,4969544
2024,Transportation,Spam / Ads,Mixed,189,225024
2024,Transportation,Structured Data,AI,389,235933
2024,Transportation,Structured Data,Human,3147,1691829
2024,Transportation,Structured Data,Mixed,60,58436
2024,Transportation,Truncated,AI,1047,262097
2024,Transportation,Truncated,Human,9738,1980549
2024,Transportation,Truncated,Mixed,105,46096
2024,Transportation,Tutorial,AI,82699,120846318
2024,Transportation,Tutorial,Human,28929,29006241
2024,Transportation,Tutorial,Mixed,8906,12381357
2024,Transportation,User Review,AI,1781,1487662
2024,Transportation,User Review,Human,8516,6204876
2024,Transportation,User Review,Mixed,277,377535
2024,Travel,About (Org.),AI,11295,5666157
2024,Travel,About (Org.),Human,22465,8852427
2024,Travel,About (Org.),Mixed,1049,866356
2024,Travel,About (Pers.),AI,1302,430281
2024,Travel,About (Pers.),Human,4217,1514032
2024,Travel,About (Pers.),Mixed,145,83490
2024,Travel,Academic Writing,AI,291,266231
2024,Travel,Academic Writing,Human,970,921805
2024,Travel,Academic Writing,Mixed,47,58241
2024,Travel,Audio Transcript,AI,266,258336
2024,Travel,Audio Transcript,Human,3105,4618232
2024,Travel,Audio Transcript,Mixed,172,257355
2024,Travel,Comment Section,AI,298,145763
2024,Travel,Comment Section,Human,3598,2157050
2024,Travel,Comment Section,Mixed,34,37671
2024,Travel,Content Listing,AI,7093,7188805
2024,Travel,Content Listing,Human,25064,16276111
2024,Travel,Content Listing,Mixed,1075,2254181
2024,Travel,Creative Writing,AI,471,348229
2024,Travel,Creative Writing,Human,819,818662
2024,Travel,Creative Writing,Mixed,22,41424
2024,Travel,Customer Support,AI,1758,1077430
2024,Travel,Customer Support,Human,12029,5159258
2024,Travel,Customer Support,Mixed,193,232096
2024,Travel,Documentation,AI,4,4931
2024,Travel,Documentation,Human,15,9787
2024,Travel,FAQ,AI,1929,1876185
2024,Travel,FAQ,Human,4726,4036755
2024,Travel,FAQ,Mixed,277,346495
2024,Travel,Knowledge Article,AI,50624,66949746
2024,Travel,Knowledge Article,Human,34511,24813891
2024,Travel,Knowledge Article,Mixed,3539,4987159
2024,Travel,Legal Notices,AI,834,448678
2024,Travel,Legal Notices,Human,3854,5857681
2024,Travel,Legal Notices,Mixed,176,195948
2024,Travel,Listicle,AI,88902,135115922
2024,Travel,Listicle,Human,62399,84038663
2024,Travel,Listicle,Mixed,8521,14379493
2024,Travel,News (Org.),AI,6921,4384569
2024,Travel,News (Org.),Human,27882,15301523
2024,Travel,News (Org.),Mixed,1499,1301519
2024,Travel,News Article,AI,3650,1811986
2024,Travel,News Article,Human,28658,16027863
2024,Travel,News Article,Mixed,1190,817442
2024,Travel,Nonfiction Writing,AI,36331,50811317
2024,Travel,Nonfiction Writing,Human,20277,25296769
2024,Travel,Nonfiction Writing,Mixed,2769,3624443
2024,Travel,Personal Blog,AI,9734,10632968
2024,Travel,Personal Blog,Human,93286,86650766
2024,Travel,Personal Blog,Mixed,1513,2028800
2024,Travel,Product Page,AI,142063,141713107
2024,Travel,Product Page,Human,200306,109156876
2024,Travel,Product Page,Mixed,15975,23474892
2024,Travel,Q&A Forum,AI,224,123427
2024,Travel,Q&A Forum,Human,3508,1190128
2024,Travel,Q&A Forum,Mixed,35,19944
2024,Travel,Spam / Ads,AI,338,209340
2024,Travel,Spam / Ads,Human,5475,4261974
2024,Travel,Spam / Ads,Mixed,92,110702
2024,Travel,Structured Data,AI,123,68178
2024,Travel,Structured Data,Human,1142,530820
2024,Travel,Structured Data,Mixed,15,22061
2024,Travel,Truncated,AI,1490,375426
2024,Travel,Truncated,Human,6333,1156335
2024,Travel,Truncated,Mixed,68,35262
2024,Travel,Tutorial,AI,51948,83073866
2024,Travel,Tutorial,Human,20373,26848036
2024,Travel,Tutorial,Mixed,4358,7030750
2024,Travel,User Review,AI,2364,1916819
2024,Travel,User Review,Human,13579,10994004
2024,Travel,User Review,Mixed,350,762360
2025,Adult,About (Org.),AI,1088,582507
2025,Adult,About (Org.),Human,1134,473985
2025,Adult,About (Org.),Mixed,96,78256
2025,Adult,About (Pers.),AI,2522,1353187
2025,Adult,About (Pers.),Human,5132,1251868
2025,Adult,About (Pers.),Mixed,141,89173
2025,Adult,Academic Writing,AI,316,567766
2025,Adult,Academic Writing,Human,95,161155
2025,Adult,Academic Writing,Mixed,15,10777
2025,Adult,Audio Transcript,AI,35,33310
2025,Adult,Audio Transcript,Human,627,1282114
2025,Adult,Audio Transcript,Mixed,11,25937
2025,Adult,Comment Section,AI,359,152226
2025,Adult,Comment Section,Human,3152,2647336
2025,Adult,Comment Section,Mixed,50,144957
2025,Adult,Content Listing,AI,2716,1080048
2025,Adult,Content Listing,Human,6657,5251635
2025,Adult,Content Listing,Mixed,316,721574
2025,Adult,Creative Writing,AI,2529,2587088
2025,Adult,Creative Writing,Human,16167,44167995
2025,Adult,Creative Writing,Mixed,291,444406
2025,Adult,Customer Support,AI,238,149552
2025,Adult,Customer Support,Human,618,216442
2025,Adult,Customer Support,Mixed,21,12183
2025,Adult,Documentation,AI,3,1204
2025,Adult,Documentation,Human,6,3063
2025,Adult,FAQ,AI,356,284522
2025,Adult,FAQ,Human,701,543358
2025,Adult,FAQ,Mixed,42,44368
2025,Adult,Knowledge Article,AI,3112,4088487
2025,Adult,Knowledge Article,Human,556,463872
2025,Adult,Knowledge Article,Mixed,176,245283
2025,Adult,Legal Notices,AI,264,133901
2025,Adult,Legal Notices,Human,1005,765735
2025,Adult,Legal Notices,Mixed,39,38323
2025,Adult,Listicle,AI,6351,9116632
2025,Adult,Listicle,Human,14314,25009620
2025,Adult,Listicle,Mixed,1196,2023256
2025,Adult,News (Org.),AI,301,185214
2025,Adult,News (Org.),Human,1147,538621
2025,Adult,News (Org.),Mixed,45,34287
2025,Adult,News Article,AI,132,54683
2025,Adult,News Article,Human,1537,1059098
2025,Adult,News Article,Mixed,38,28215
2025,Adult,Nonfiction Writing,AI,8978,11025927
2025,Adult,Nonfiction Writing,Human,2450,3896004
2025,Adult,Nonfiction Writing,Mixed,680,898968
2025,Adult,Personal Blog,AI,1683,1457472
2025,Adult,Personal Blog,Human,10703,9022923
2025,Adult,Personal Blog,Mixed,268,349041
2025,Adult,Product Page,AI,51011,35785798
2025,Adult,Product Page,Human,56958,27340650
2025,Adult,Product Page,Mixed,4723,5261032
2025,Adult,Q&A Forum,AI,35,16236
2025,Adult,Q&A Forum,Human,206,146674
2025,Adult,Q&A Forum,Mixed,3,2480
2025,Adult,Spam / Ads,AI,10319,9360115
2025,Adult,Spam / Ads,Human,67630,97767269
2025,Adult,Spam / Ads,Mixed,4208,5180195
2025,Adult,Structured Data,AI,99,39378
2025,Adult,Structured Data,Human,672,613935
2025,Adult,Structured Data,Mixed,12,15669
2025,Adult,Truncated,AI,4123,801853
2025,Adult,Truncated,Human,7793,1611062
2025,Adult,Truncated,Mixed,96,21162
2025,Adult,Tutorial,AI,9573,12882409
2025,Adult,Tutorial,Human,4369,4786355
2025,Adult,Tutorial,Mixed,1105,1599120
2025,Adult,User Review,AI,2097,1359661
2025,Adult,User Review,Human,4838,6056633
2025,Adult,User Review,Mixed,172,327347
2025,Art & Design,About (Org.),AI,22381,9541024
2025,Art & Design,About (Org.),Human,55026,21740062
2025,Art & Design,About (Org.),Mixed,2565,2055027
2025,Art & Design,About (Pers.),AI,17922,5374043
2025,Art & Design,About (Pers.),Human,97391,29977868
2025,Art & Design,About (Pers.),Mixed,2141,1213090
2025,Art & Design,Academic Writing,AI,3158,2869350
2025,Art & Design,Academic Writing,Human,12262,14672227
2025,Art & Design,Academic Writing,Mixed,298,457140
2025,Art & Design,Audio Transcript,AI,1727,2283137
2025,Art & Design,Audio Transcript,Human,28488,47478292
2025,Art & Design,Audio Transcript,Mixed,1301,2088729
2025,Art & Design,Comment Section,AI,631,270121
2025,Art & Design,Comment Section,Human,13281,5789006
2025,Art & Design,Comment Section,Mixed,50,47316
2025,Art & Design,Content Listing,AI,7838,3499765
2025,Art & Design,Content Listing,Human,36082,19822410
2025,Art & Design,Content Listing,Mixed,1064,1855948
2025,Art & Design,Creative Writing,AI,1365,495159
2025,Art & Design,Creative Writing,Human,4222,1500503
2025,Art & Design,Creative Writing,Mixed,78,61833
2025,Art & Design,Customer Support,AI,1102,362970
2025,Art & Design,Customer Support,Human,7105,2398133
2025,Art & Design,Customer Support,Mixed,103,87865
2025,Art & Design,Documentation,AI,34,26061
2025,Art & Design,Documentation,Human,300,259150
2025,Art & Design,Documentation,Mixed,9,7340
2025,Art & Design,FAQ,AI,1597,1392188
2025,Art & Design,FAQ,Human,3669,2815688
2025,Art & Design,FAQ,Mixed,250,289844
2025,Art & Design,Knowledge Article,AI,52812,56343367
2025,Art & Design,Knowledge Article,Human,37269,21631336
2025,Art & Design,Knowledge Article,Mixed,2832,3966273
2025,Art & Design,Legal Notices,AI,340,158435
2025,Art & Design,Legal Notices,Human,2705,1602342
2025,Art & Design,Legal Notices,Mixed,70,87610
2025,Art & Design,Listicle,AI,39178,54805130
2025,Art & Design,Listicle,Human,23743,25432431
2025,Art & Design,Listicle,Mixed,4908,7652867
2025,Art & Design,News (Org.),AI,12238,6910590
2025,Art & Design,News (Org.),Human,113204,53610282
2025,Art & Design,News (Org.),Mixed,2427,2036342
2025,Art & Design,News Article,AI,1930,952001
2025,Art & Design,News Article,Human,33849,19162330
2025,Art & Design,News Article,Mixed,647,457062
2025,Art & Design,Nonfiction Writing,AI,80519,102788114
2025,Art & Design,Nonfiction Writing,Human,88807,96326354
2025,Art & Design,Nonfiction Writing,Mixed,7241,8506820
2025,Art & Design,Personal Blog,AI,16882,12456982
2025,Art & Design,Personal Blog,Human,250005,103336085
2025,Art & Design,Personal Blog,Mixed,2655,2708607
2025,Art & Design,Product Page,AI,206131,104374578
2025,Art & Design,Product Page,Human,411349,121109121
2025,Art & Design,Product Page,Mixed,18780,15794460
2025,Art & Design,Q&A Forum,AI,261,170152
2025,Art & Design,Q&A Forum,Human,770,329138
2025,Art & Design,Q&A Forum,Mixed,41,45630
2025,Art & Design,Spam / Ads,AI,219,133710
2025,Art & Design,Spam / Ads,Human,4705,4212342
2025,Art & Design,Spam / Ads,Mixed,86,101953
2025,Art & Design,Structured Data,AI,4776,6105426
2025,Art & Design,Structured Data,Human,3760,2062980
2025,Art & Design,Structured Data,Mixed,232,222251
2025,Art & Design,Truncated,AI,5252,895681
2025,Art & Design,Truncated,Human,22548,3749938
2025,Art & Design,Truncated,Mixed,205,58901
2025,Art & Design,Tutorial,AI,75235,117560703
2025,Art & Design,Tutorial,Human,44652,41990909
2025,Art & Design,Tutorial,Mixed,7077,10509633
2025,Art & Design,User Review,AI,1692,718896
2025,Art & Design,User Review,Human,7546,4173338
2025,Art & Design,User Review,Mixed,135,135493
2025,Crime & Law,About (Org.),AI,9696,5516007
2025,Crime & Law,About (Org.),Human,40169,18678910
2025,Crime & Law,About (Org.),Mixed,1783,1693719
2025,Crime & Law,About (Pers.),AI,2531,1043072
2025,Crime & Law,About (Pers.),Human,34869,13533480
2025,Crime & Law,About (Pers.),Mixed,454,268499
2025,Crime & Law,Academic Writing,AI,3932,6782885
2025,Crime & Law,Academic Writing,Human,34414,72736006
2025,Crime & Law,Academic Writing,Mixed,879,1778177
2025,Crime & Law,Audio Transcript,AI,906,845634
2025,Crime & Law,Audio Transcript,Human,24593,85585683
2025,Crime & Law,Audio Transcript,Mixed,694,1102063
2025,Crime & Law,Comment Section,AI,477,192269
2025,Crime & Law,Comment Section,Human,7181,6330478
2025,Crime & Law,Comment Section,Mixed,90,87880
2025,Crime & Law,Content Listing,AI,3807,2879219
2025,Crime & Law,Content Listing,Human,26474,18628091
2025,Crime & Law,Content Listing,Mixed,678,1016857
2025,Crime & Law,Creative Writing,AI,318,333737
2025,Crime & Law,Creative Writing,Human,1250,1939006
2025,Crime & Law,Creative Writing,Mixed,41,60393
2025,Crime & Law,Customer Support,AI,2367,2033552
2025,Crime & Law,Customer Support,Human,23058,12505978
2025,Crime & Law,Customer Support,Mixed,650,795210
2025,Crime & Law,Documentation,AI,232,110547
2025,Crime & Law,Documentation,Human,1166,1949252
2025,Crime & Law,Documentation,Mixed,16,21456
2025,Crime & Law,FAQ,AI,3922,4380574
2025,Crime & Law,FAQ,Human,11916,10940603
2025,Crime & Law,FAQ,Mixed,904,1200222
2025,Crime & Law,Knowledge Article,AI,79541,115144417
2025,Crime & Law,Knowledge Article,Human,84836,79855550
2025,Crime & Law,Knowledge Article,Mixed,11202,16009180
2025,Crime & Law,Legal Notices,AI,4869,2299478
2025,Crime & Law,Legal Notices,Human,53672,49441601
2025,Crime & Law,Legal Notices,Mixed,882,783047
2025,Crime & Law,Listicle,AI,16404,16980082
2025,Crime & Law,Listicle,Human,13805,12803417
2025,Crime & Law,Listicle,Mixed,2443,2871127
2025,Crime & Law,News (Org.),AI,15456,10228478
2025,Crime & Law,News (Org.),Human,138451,70830956
2025,Crime & Law,News (Org.),Mixed,4976,4174571
2025,Crime & Law,News Article,AI,57826,26669878
2025,Crime & Law,News Article,Human,432641,223122986
2025,Crime & Law,News Article,Mixed,13649,8514521
2025,Crime & Law,Nonfiction Writing,AI,60584,75160629
2025,Crime & Law,Nonfiction Writing,Human,121157,146896004
2025,Crime & Law,Nonfiction Writing,Mixed,10856,13755361
2025,Crime & Law,Personal Blog,AI,2822,2019762
2025,Crime & Law,Personal Blog,Human,58054,41256029
2025,Crime & Law,Personal Blog,Mixed,546,641061
2025,Crime & Law,Product Page,AI,82651,94846053
2025,Crime & Law,Product Page,Human,137754,100859446
2025,Crime & Law,Product Page,Mixed,21410,31230844
2025,Crime & Law,Q&A Forum,AI,1262,774641
2025,Crime & Law,Q&A Forum,Human,4869,2661271
2025,Crime & Law,Q&A Forum,Mixed,302,307143
2025,Crime & Law,Spam / Ads,AI,814,573806
2025,Crime & Law,Spam / Ads,Human,9412,8808867
2025,Crime & Law,Spam / Ads,Mixed,204,223108
2025,Crime & Law,Structured Data,AI,787,361319
2025,Crime & Law,Structured Data,Human,7952,5669921
2025,Crime & Law,Structured Data,Mixed,200,205805
2025,Crime & Law,Truncated,AI,1182,265421
2025,Crime & Law,Truncated,Human,17230,3850540
2025,Crime & Law,Truncated,Mixed,172,62503
2025,Crime & Law,Tutorial,AI,52209,70469568
2025,Crime & Law,Tutorial,Human,37330,34241882
2025,Crime & Law,Tutorial,Mixed,7966,10758583
2025,Crime & Law,User Review,AI,1300,511006
2025,Crime & Law,User Review,Human,6406,3675175
2025,Crime & Law,User Review,Mixed,234,146105
2025,Education & Jobs,About (Org.),AI,57077,28404981
2025,Education & Jobs,About (Org.),Human,237882,107578854
2025,Education & Jobs,About (Org.),Mixed,7711,6907875
2025,Education & Jobs,About (Pers.),AI,26837,8587240
2025,Education & Jobs,About (Pers.),Human,179375,52854536
2025,Education & Jobs,About (Pers.),Mixed,4327,2836530
2025,Education & Jobs,Academic Writing,AI,9881,12032264
2025,Education & Jobs,Academic Writing,Human,69249,66635592
2025,Education & Jobs,Academic Writing,Mixed,2015,3422370
2025,Education & Jobs,Audio Transcript,AI,3634,3826084
2025,Education & Jobs,Audio Transcript,Human,50886,85198313
2025,Education & Jobs,Audio Transcript,Mixed,2983,4879394
2025,Education & Jobs,Comment Section,AI,2411,980725
2025,Education & Jobs,Comment Section,Human,15210,10866485
2025,Education & Jobs,Comment Section,Mixed,272,348739
2025,Education & Jobs,Content Listing,AI,13372,8472756
2025,Education & Jobs,Content Listing,Human,110208,68025357
2025,Education & Jobs,Content Listing,Mixed,3785,8049099
2025,Education & Jobs,Creative Writing,AI,439,315071
2025,Education & Jobs,Creative Writing,Human,1168,910474
2025,Education & Jobs,Creative Writing,Mixed,42,40626
2025,Education & Jobs,Customer Support,AI,6595,3810204
2025,Education & Jobs,Customer Support,Human,120270,57763126
2025,Education & Jobs,Customer Support,Mixed,1205,1154281
2025,Education & Jobs,Documentation,AI,211,194160
2025,Education & Jobs,Documentation,Human,2155,3022843
2025,Education & Jobs,Documentation,Mixed,37,61422
2025,Education & Jobs,FAQ,AI,6749,5579125
2025,Education & Jobs,FAQ,Human,20103,17891445
2025,Education & Jobs,FAQ,Mixed,1383,1522540
2025,Education & Jobs,Knowledge Article,AI,87120,132963288
2025,Education & Jobs,Knowledge Article,Human,50754,43977895
2025,Education & Jobs,Knowledge Article,Mixed,9985,15129551
2025,Education & Jobs,Legal Notices,AI,3489,2130377
2025,Education & Jobs,Legal Notices,Human,26872,29892101
2025,Education & Jobs,Legal Notices,Mixed,749,985202
2025,Education & Jobs,Listicle,AI,83839,112462443
2025,Education & Jobs,Listicle,Human,66806,74026422
2025,Education & Jobs,Listicle,Mixed,14254,22088659
2025,Education & Jobs,News (Org.),AI,55252,28375548
2025,Education & Jobs,News (Org.),Human,411153,207184303
2025,Education & Jobs,News (Org.),Mixed,12194,11312584
2025,Education & Jobs,News Article,AI,14319,6909085
2025,Education & Jobs,News Article,Human,142273,89026117
2025,Education & Jobs,News Article,Mixed,4182,2886546
2025,Education & Jobs,Nonfiction Writing,AI,99292,133118298
2025,Education & Jobs,Nonfiction Writing,Human,113884,134107002
2025,Education & Jobs,Nonfiction Writing,Mixed,15957,21603656
2025,Education & Jobs,Personal Blog,AI,16725,15299473
2025,Education & Jobs,Personal Blog,Human,145714,111727076
2025,Education & Jobs,Personal Blog,Mixed,5625,7313941
2025,Education & Jobs,Product Page,AI,278258,214813028
2025,Education & Jobs,Product Page,Human,685738,378825244
2025,Education & Jobs,Product Page,Mixed,61278,67710791
2025,Education & Jobs,Q&A Forum,AI,2617,1627370
2025,Education & Jobs,Q&A Forum,Human,9715,5383560
2025,Education & Jobs,Q&A Forum,Mixed,1140,1457103
2025,Education & Jobs,Spam / Ads,AI,1166,499891
2025,Education & Jobs,Spam / Ads,Human,26686,24211760
2025,Education & Jobs,Spam / Ads,Mixed,561,725529
2025,Education & Jobs,Structured Data,AI,1477,1047166
2025,Education & Jobs,Structured Data,Human,14304,12924626
2025,Education & Jobs,Structured Data,Mixed,389,712191
2025,Education & Jobs,Truncated,AI,4254,860731
2025,Education & Jobs,Truncated,Human,32638,6555017
2025,Education & Jobs,Truncated,Mixed,465,171171
2025,Education & Jobs,Tutorial,AI,190918,311816267
2025,Education & Jobs,Tutorial,Human,153185,148455543
2025,Education & Jobs,Tutorial,Mixed,29689,48260311
2025,Education & Jobs,User Review,AI,3072,1816341
2025,Education & Jobs,User Review,Human,20282,12491006
2025,Education & Jobs,User Review,Mixed,620,774595
2025,Entertainment,About (Org.),AI,16910,8786960
2025,Entertainment,About (Org.),Human,42741,19323661
2025,Entertainment,About (Org.),Mixed,1174,978545
2025,Entertainment,About (Pers.),AI,11002,5088768
2025,Entertainment,About (Pers.),Human,66097,27257491
2025,Entertainment,About (Pers.),Mixed,1417,1170510
2025,Entertainment,Academic Writing,AI,2229,5596524
2025,Entertainment,Academic Writing,Human,2625,4159382
2025,Entertainment,Academic Writing,Mixed,91,134688
2025,Entertainment,Audio Transcript,AI,3409,2885364
2025,Entertainment,Audio Transcript,Human,83597,139742974
2025,Entertainment,Audio Transcript,Mixed,1818,2840914
2025,Entertainment,Comment Section,AI,1217,614982
2025,Entertainment,Comment Section,Human,28694,21986438
2025,Entertainment,Comment Section,Mixed,165,330218
2025,Entertainment,Content Listing,AI,7649,7158859
2025,Entertainment,Content Listing,Human,79092,54988794
2025,Entertainment,Content Listing,Mixed,1459,2595835
2025,Entertainment,Creative Writing,AI,4302,2850643
2025,Entertainment,Creative Writing,Human,31685,33934172
2025,Entertainment,Creative Writing,Mixed,727,841332
2025,Entertainment,Customer Support,AI,1540,1245273
2025,Entertainment,Customer Support,Human,8277,2972171
2025,Entertainment,Customer Support,Mixed,345,262393
2025,Entertainment,Documentation,AI,19,16289
2025,Entertainment,Documentation,Human,41,65527
2025,Entertainment,Documentation,Mixed,1,1015
2025,Entertainment,FAQ,AI,2168,2447980
2025,Entertainment,FAQ,Human,4883,3975913
2025,Entertainment,FAQ,Mixed,231,277685
2025,Entertainment,Knowledge Article,AI,54282,72288242
2025,Entertainment,Knowledge Article,Human,50864,42911090
2025,Entertainment,Knowledge Article,Mixed,3357,4183945
2025,Entertainment,Legal Notices,AI,463,219499
2025,Entertainment,Legal Notices,Human,2447,2254696
2025,Entertainment,Legal Notices,Mixed,78,81350
2025,Entertainment,Listicle,AI,54741,86026471
2025,Entertainment,Listicle,Human,87089,104173057
2025,Entertainment,Listicle,Mixed,5982,9436717
2025,Entertainment,News (Org.),AI,14328,8030067
2025,Entertainment,News (Org.),Human,143164,67936301
2025,Entertainment,News (Org.),Mixed,2625,2077322
2025,Entertainment,News Article,AI,80603,40019808
2025,Entertainment,News Article,Human,440187,214146190
2025,Entertainment,News Article,Mixed,13713,9274782
2025,Entertainment,Nonfiction Writing,AI,238161,303532818
2025,Entertainment,Nonfiction Writing,Human,206943,248355676
2025,Entertainment,Nonfiction Writing,Mixed,18590,21846881
2025,Entertainment,Personal Blog,AI,14967,10980361
2025,Entertainment,Personal Blog,Human,309727,210160967
2025,Entertainment,Personal Blog,Mixed,2049,2220068
2025,Entertainment,Product Page,AI,129306,95792707
2025,Entertainment,Product Page,Human,333965,114957007
2025,Entertainment,Product Page,Mixed,11607,10646783
2025,Entertainment,Q&A Forum,AI,546,375875
2025,Entertainment,Q&A Forum,Human,3265,2246120
2025,Entertainment,Q&A Forum,Mixed,95,124719
2025,Entertainment,Spam / Ads,AI,1009,681509
2025,Entertainment,Spam / Ads,Human,12219,12553232
2025,Entertainment,Spam / Ads,Mixed,355,528950
2025,Entertainment,Structured Data,AI,826,775743
2025,Entertainment,Structured Data,Human,11302,7816362
2025,Entertainment,Structured Data,Mixed,147,281803
2025,Entertainment,Truncated,AI,5837,1464512
2025,Entertainment,Truncated,Human,62204,11274486
2025,Entertainment,Truncated,Mixed,392,233397
2025,Entertainment,Tutorial,AI,34089,54416801
2025,Entertainment,Tutorial,Human,16219,16079310
2025,Entertainment,Tutorial,Mixed,3041,4511282
2025,Entertainment,User Review,AI,9874,6184506
2025,Entertainment,User Review,Human,101726,76649956
2025,Entertainment,User Review,Mixed,2194,2531305
2025,Fashion & Beauty,About (Org.),AI,35844,15409157
2025,Fashion & Beauty,About (Org.),Human,42167,13657368
2025,Fashion & Beauty,About (Org.),Mixed,2853,1973102
2025,Fashion & Beauty,About (Pers.),AI,4447,1638355
2025,Fashion & Beauty,About (Pers.),Human,11826,3541961
2025,Fashion & Beauty,About (Pers.),Mixed,523,278086
2025,Fashion & Beauty,Academic Writing,AI,647,1261342
2025,Fashion & Beauty,Academic Writing,Human,785,876414
2025,Fashion & Beauty,Academic Writing,Mixed,81,185932
2025,Fashion & Beauty,Audio Transcript,AI,700,739628
2025,Fashion & Beauty,Audio Transcript,Human,11448,14502244
2025,Fashion & Beauty,Audio Transcript,Mixed,650,926533
2025,Fashion & Beauty,Comment Section,AI,1133,636875
2025,Fashion & Beauty,Comment Section,Human,5076,2685699
2025,Fashion & Beauty,Comment Section,Mixed,102,112662
2025,Fashion & Beauty,Content Listing,AI,16247,10303191
2025,Fashion & Beauty,Content Listing,Human,33455,11784912
2025,Fashion & Beauty,Content Listing,Mixed,1388,2065666
2025,Fashion & Beauty,Creative Writing,AI,565,516919
2025,Fashion & Beauty,Creative Writing,Human,475,538172
2025,Fashion & Beauty,Creative Writing,Mixed,218,255427
2025,Fashion & Beauty,Customer Support,AI,4272,2261273
2025,Fashion & Beauty,Customer Support,Human,15814,5640430
2025,Fashion & Beauty,Customer Support,Mixed,571,454558
2025,Fashion & Beauty,Documentation,AI,5,6410
2025,Fashion & Beauty,Documentation,Human,19,30912
2025,Fashion & Beauty,Documentation,Mixed,2,4938
2025,Fashion & Beauty,FAQ,AI,5837,4138865
2025,Fashion & Beauty,FAQ,Human,9213,7152250
2025,Fashion & Beauty,FAQ,Mixed,982,1160614
2025,Fashion & Beauty,Knowledge Article,AI,31911,48779517
2025,Fashion & Beauty,Knowledge Article,Human,7781,6404466
2025,Fashion & Beauty,Knowledge Article,Mixed,2614,3924999
2025,Fashion & Beauty,Legal Notices,AI,706,338187
2025,Fashion & Beauty,Legal Notices,Human,2471,1579783
2025,Fashion & Beauty,Legal Notices,Mixed,151,140479
2025,Fashion & Beauty,Listicle,AI,130165,180705437
2025,Fashion & Beauty,Listicle,Human,82460,81989359
2025,Fashion & Beauty,Listicle,Mixed,15470,24587801
2025,Fashion & Beauty,News (Org.),AI,13946,8457908
2025,Fashion & Beauty,News (Org.),Human,28703,12245475
2025,Fashion & Beauty,News (Org.),Mixed,2169,1779205
2025,Fashion & Beauty,News Article,AI,6407,2836988
2025,Fashion & Beauty,News Article,Human,31996,15464588
2025,Fashion & Beauty,News Article,Mixed,1282,859833
2025,Fashion & Beauty,Nonfiction Writing,AI,85498,110113895
2025,Fashion & Beauty,Nonfiction Writing,Human,27507,28583361
2025,Fashion & Beauty,Nonfiction Writing,Mixed,6207,7339838
2025,Fashion & Beauty,Personal Blog,AI,20253,18911418
2025,Fashion & Beauty,Personal Blog,Human,124866,64264321
2025,Fashion & Beauty,Personal Blog,Mixed,3086,3389896
2025,Fashion & Beauty,Product Page,AI,857527,452839158
2025,Fashion & Beauty,Product Page,Human,1007768,271177930
2025,Fashion & Beauty,Product Page,Mixed,65679,56339224
2025,Fashion & Beauty,Q&A Forum,AI,315,168674
2025,Fashion & Beauty,Q&A Forum,Human,948,456058
2025,Fashion & Beauty,Q&A Forum,Mixed,33,34131
2025,Fashion & Beauty,Spam / Ads,AI,3202,2309439
2025,Fashion & Beauty,Spam / Ads,Human,28859,30239389
2025,Fashion & Beauty,Spam / Ads,Mixed,1179,2908968
2025,Fashion & Beauty,Structured Data,AI,266,228318
2025,Fashion & Beauty,Structured Data,Human,927,722468
2025,Fashion & Beauty,Structured Data,Mixed,24,36962
2025,Fashion & Beauty,Truncated,AI,1844,340327
2025,Fashion & Beauty,Truncated,Human,7980,1126254
2025,Fashion & Beauty,Truncated,Mixed,89,27449
2025,Fashion & Beauty,Tutorial,AI,134473,196968523
2025,Fashion & Beauty,Tutorial,Human,55057,49000236
2025,Fashion & Beauty,Tutorial,Mixed,13447,18852607
2025,Fashion & Beauty,User Review,AI,36827,12231971
2025,Fashion & Beauty,User Review,Human,39650,19858634
2025,Fashion & Beauty,User Review,Mixed,3949,1791644
2025,Finance & Business,About (Org.),AI,122029,56149175
2025,Finance & Business,About (Org.),Human,248238,98064851
2025,Finance & Business,About (Org.),Mixed,15528,12948495
2025,Finance & Business,About (Pers.),AI,20557,7827431
2025,Finance & Business,About (Pers.),Human,79613,24059736
2025,Finance & Business,About (Pers.),Mixed,3281,2115770
2025,Finance & Business,Academic Writing,AI,11117,15145913
2025,Finance & Business,Academic Writing,Human,56298,60027930
2025,Finance & Business,Academic Writing,Mixed,2327,4115809
2025,Finance & Business,Audio Transcript,AI,9972,9691658
2025,Finance & Business,Audio Transcript,Human,75743,170944805
2025,Finance & Business,Audio Transcript,Mixed,7188,12840895
2025,Finance & Business,Comment Section,AI,4206,1802169
2025,Finance & Business,Comment Section,Human,24854,15470883
2025,Finance & Business,Comment Section,Mixed,595,685526
2025,Finance & Business,Content Listing,AI,27634,18749301
2025,Finance & Business,Content Listing,Human,100915,62646501
2025,Finance & Business,Content Listing,Mixed,6072,10630147
2025,Finance & Business,Creative Writing,AI,425,349007
2025,Finance & Business,Creative Writing,Human,689,730541
2025,Finance & Business,Creative Writing,Mixed,71,79169
2025,Finance & Business,Customer Support,AI,39810,24220938
2025,Finance & Business,Customer Support,Human,148532,60776945
2025,Finance & Business,Customer Support,Mixed,5226,5479766
2025,Finance & Business,Documentation,AI,3158,2342106
2025,Finance & Business,Documentation,Human,7433,7997411
2025,Finance & Business,Documentation,Mixed,597,762609
2025,Finance & Business,FAQ,AI,18125,14381916
2025,Finance & Business,FAQ,Human,39269,30381975
2025,Finance & Business,FAQ,Mixed,2685,3250250
2025,Finance & Business,Knowledge Article,AI,320323,490079151
2025,Finance & Business,Knowledge Article,Human,132536,140681986
2025,Finance & Business,Knowledge Article,Mixed,44130,70696479
2025,Finance & Business,Legal Notices,AI,75682,40588987
2025,Finance & Business,Legal Notices,Human,201095,340049472
2025,Finance & Business,Legal Notices,Mixed,14408,15008453
2025,Finance & Business,Listicle,AI,224510,277682947
2025,Finance & Business,Listicle,Human,164604,185803263
2025,Finance & Business,Listicle,Mixed,41134,60024382
2025,Finance & Business,News (Org.),AI,134890,96970432
2025,Finance & Business,News (Org.),Human,502663,302904203
2025,Finance & Business,News (Org.),Mixed,40329,39132638
2025,Finance & Business,News Article,AI,115234,61924248
2025,Finance & Business,News Article,Human,494956,290265079
2025,Finance & Business,News Article,Mixed,38905,27721007
2025,Finance & Business,Nonfiction Writing,AI,416329,557518972
2025,Finance & Business,Nonfiction Writing,Human,319201,398763855
2025,Finance & Business,Nonfiction Writing,Mixed,71159,95611224
2025,Finance & Business,Personal Blog,AI,27737,25893412
2025,Finance & Business,Personal Blog,Human,199599,156205792
2025,Finance & Business,Personal Blog,Mixed,7533,10272168
2025,Finance & Business,Product Page,AI,644244,593366262
2025,Finance & Business,Product Page,Human,572566,305492562
2025,Finance & Business,Product Page,Mixed,101623,123014215
2025,Finance & Business,Q&A Forum,AI,3009,2327812
2025,Finance & Business,Q&A Forum,Human,10750,5983417
2025,Finance & Business,Q&A Forum,Mixed,535,636356
2025,Finance & Business,Spam / Ads,AI,5972,3768201
2025,Finance & Business,Spam / Ads,Human,73250,60172755
2025,Finance & Business,Spam / Ads,Mixed,2417,2372575
2025,Finance & Business,Structured Data,AI,4543,3640901
2025,Finance & Business,Structured Data,Human,19903,12394958
2025,Finance & Business,Structured Data,Mixed,944,1384940
2025,Finance & Business,Truncated,AI,12181,2693678
2025,Finance & Business,Truncated,Human,64714,13442762
2025,Finance & Business,Truncated,Mixed,1686,700342
2025,Finance & Business,Tutorial,AI,533544,873496543
2025,Finance & Business,Tutorial,Human,257684,295101448
2025,Finance & Business,Tutorial,Mixed,80918,136049889
2025,Finance & Business,User Review,AI,10420,8288950
2025,Finance & Business,User Review,Human,28438,17115628
2025,Finance & Business,User Review,Mixed,1823,2296737
2025,Food & Dining,About (Org.),AI,22538,10610016
2025,Food & Dining,About (Org.),Human,51088,17027600
2025,Food & Dining,About (Org.),Mixed,1973,1339045
2025,Food & Dining,About (Pers.),AI,2260,872266
2025,Food & Dining,About (Pers.),Human,7884,2640006
2025,Food & Dining,About (Pers.),Mixed,218,138849
2025,Food & Dining,Academic Writing,AI,959,1819469
2025,Food & Dining,Academic Writing,Human,3147,2769091
2025,Food & Dining,Academic Writing,Mixed,275,516585
2025,Food & Dining,Audio Transcript,AI,536,528589
2025,Food & Dining,Audio Transcript,Human,10887,16387984
2025,Food & Dining,Audio Transcript,Mixed,417,601175
2025,Food & Dining,Comment Section,AI,698,184455
2025,Food & Dining,Comment Section,Human,6595,4162255
2025,Food & Dining,Comment Section,Mixed,26,29280
2025,Food & Dining,Content Listing,AI,9739,4930771
2025,Food & Dining,Content Listing,Human,34236,16477852
2025,Food & Dining,Content Listing,Mixed,1174,1719976
2025,Food & Dining,Creative Writing,AI,359,319754
2025,Food & Dining,Creative Writing,Human,871,723094
2025,Food & Dining,Creative Writing,Mixed,23,18511
2025,Food & Dining,Customer Support,AI,2789,2779360
2025,Food & Dining,Customer Support,Human,10936,3561190
2025,Food & Dining,Customer Support,Mixed,249,271682
2025,Food & Dining,Documentation,AI,12,8783
2025,Food & Dining,Documentation,Human,122,101795
2025,Food & Dining,Documentation,Mixed,1,548
2025,Food & Dining,FAQ,AI,3754,4210074
2025,Food & Dining,FAQ,Human,6326,4964484
2025,Food & Dining,FAQ,Mixed,584,806619
2025,Food & Dining,Knowledge Article,AI,58068,100122987
2025,Food & Dining,Knowledge Article,Human,20799,16955590
2025,Food & Dining,Knowledge Article,Mixed,4653,7388591
2025,Food & Dining,Legal Notices,AI,535,269723
2025,Food & Dining,Legal Notices,Human,1963,1583835
2025,Food & Dining,Legal Notices,Mixed,81,78269
2025,Food & Dining,Listicle,AI,81575,131572711
2025,Food & Dining,Listicle,Human,74457,85860606
2025,Food & Dining,Listicle,Mixed,10404,17879531
2025,Food & Dining,News (Org.),AI,11978,7112406
2025,Food & Dining,News (Org.),Human,62807,29569773
2025,Food & Dining,News (Org.),Mixed,2553,2194173
2025,Food & Dining,News Article,AI,5103,2522597
2025,Food & Dining,News Article,Human,72266,38181239
2025,Food & Dining,News Article,Mixed,1687,1147133
2025,Food & Dining,Nonfiction Writing,AI,53160,79442331
2025,Food & Dining,Nonfiction Writing,Human,46418,56035856
2025,Food & Dining,Nonfiction Writing,Mixed,4675,5986205
2025,Food & Dining,Personal Blog,AI,11675,12891064
2025,Food & Dining,Personal Blog,Human,155805,104899160
2025,Food & Dining,Personal Blog,Mixed,1701,2003716
2025,Food & Dining,Product Page,AI,261594,165319248
2025,Food & Dining,Product Page,Human,370952,114647352
2025,Food & Dining,Product Page,Mixed,22586,21805867
2025,Food & Dining,Q&A Forum,AI,295,202709
2025,Food & Dining,Q&A Forum,Human,1691,809396
2025,Food & Dining,Q&A Forum,Mixed,45,38757
2025,Food & Dining,Spam / Ads,AI,471,266272
2025,Food & Dining,Spam / Ads,Human,5380,4298516
2025,Food & Dining,Spam / Ads,Mixed,164,142965
2025,Food & Dining,Structured Data,AI,324,244334
2025,Food & Dining,Structured Data,Human,1935,1075681
2025,Food & Dining,Structured Data,Mixed,79,91086
2025,Food & Dining,Truncated,AI,1545,320100
2025,Food & Dining,Truncated,Human,11342,1829709
2025,Food & Dining,Truncated,Mixed,132,43714
2025,Food & Dining,Tutorial,AI,251749,464801488
2025,Food & Dining,Tutorial,Human,249537,187174645
2025,Food & Dining,Tutorial,Mixed,25759,40736868
2025,Food & Dining,User Review,AI,6617,5413324
2025,Food & Dining,User Review,Human,45517,26046664
2025,Food & Dining,User Review,Mixed,1035,1168779
2025,Games,About (Org.),AI,11352,7862552
2025,Games,About (Org.),Human,7728,3230556
2025,Games,About (Org.),Mixed,759,719276
2025,Games,About (Pers.),AI,1951,794440
2025,Games,About (Pers.),Human,4999,1682659
2025,Games,About (Pers.),Mixed,158,103051
2025,Games,Academic Writing,AI,2162,2374680
2025,Games,Academic Writing,Human,1237,1843736
2025,Games,Academic Writing,Mixed,129,134029
2025,Games,Audio Transcript,AI,741,751748
2025,Games,Audio Transcript,Human,7271,13112306
2025,Games,Audio Transcript,Mixed,289,448740
2025,Games,Comment Section,AI,4711,2548812
2025,Games,Comment Section,Human,56507,39732710
2025,Games,Comment Section,Mixed,529,722545
2025,Games,Content Listing,AI,7446,6022369
2025,Games,Content Listing,Human,25521,21378508
2025,Games,Content Listing,Mixed,1033,2041891
2025,Games,Creative Writing,AI,1675,1278881
2025,Games,Creative Writing,Human,12771,24965127
2025,Games,Creative Writing,Mixed,184,303017
2025,Games,Customer Support,AI,10799,11894964
2025,Games,Customer Support,Human,9554,4871640
2025,Games,Customer Support,Mixed,955,1211408
2025,Games,Documentation,AI,476,256664
2025,Games,Documentation,Human,2861,2454052
2025,Games,Documentation,Mixed,56,41791
2025,Games,FAQ,AI,3718,3441152
2025,Games,FAQ,Human,5629,4328088
2025,Games,FAQ,Mixed,598,694029
2025,Games,Knowledge Article,AI,71564,84036440
2025,Games,Knowledge Article,Human,51168,39131148
2025,Games,Knowledge Article,Mixed,12098,9770420
2025,Games,Legal Notices,AI,2680,1873020
2025,Games,Legal Notices,Human,3340,6321598
2025,Games,Legal Notices,Mixed,491,532816
2025,Games,Listicle,AI,105524,120803235
2025,Games,Listicle,Human,74930,113610140
2025,Games,Listicle,Mixed,13950,23257678
2025,Games,News (Org.),AI,8824,5917669
2025,Games,News (Org.),Human,40893,21272267
2025,Games,News (Org.),Mixed,1591,1509495
2025,Games,News Article,AI,15928,9149710
2025,Games,News Article,Human,109952,53513750
2025,Games,News Article,Mixed,3371,2337030
2025,Games,Nonfiction Writing,AI,258888,274568188
2025,Games,Nonfiction Writing,Human,45532,58223622
2025,Games,Nonfiction Writing,Mixed,18241,18101263
2025,Games,Personal Blog,AI,13036,11912105
2025,Games,Personal Blog,Human,90158,70476358
2025,Games,Personal Blog,Mixed,2395,2578412
2025,Games,Product Page,AI,415504,424427351
2025,Games,Product Page,Human,280042,254548675
2025,Games,Product Page,Mixed,46212,74764558
2025,Games,Q&A Forum,AI,809,525399
2025,Games,Q&A Forum,Human,3490,1516654
2025,Games,Q&A Forum,Mixed,109,79687
2025,Games,Spam / Ads,AI,15731,13925490
2025,Games,Spam / Ads,Human,621416,679904173
2025,Games,Spam / Ads,Mixed,23932,32427934
2025,Games,Structured Data,AI,635,575236
2025,Games,Structured Data,Human,9384,3727608
2025,Games,Structured Data,Mixed,88,117220
2025,Games,Truncated,AI,2129,745935
2025,Games,Truncated,Human,8788,1502891
2025,Games,Truncated,Mixed,132,75668
2025,Games,Tutorial,AI,297008,366152302
2025,Games,Tutorial,Human,121152,115459024
2025,Games,Tutorial,Mixed,37600,37332976
2025,Games,User Review,AI,11730,9564113
2025,Games,User Review,Human,33235,34966135
2025,Games,User Review,Mixed,1989,2091707
2025,Hardware,About (Org.),AI,5879,2788966
2025,Hardware,About (Org.),Human,10682,3674755
2025,Hardware,About (Org.),Mixed,445,327844
2025,Hardware,About (Pers.),AI,205,64252
2025,Hardware,About (Pers.),Human,1089,366968
2025,Hardware,About (Pers.),Mixed,13,8114
2025,Hardware,Academic Writing,AI,391,902324
2025,Hardware,Academic Writing,Human,529,516051
2025,Hardware,Academic Writing,Mixed,131,256703
2025,Hardware,Audio Transcript,AI,155,140409
2025,Hardware,Audio Transcript,Human,1814,2826029
2025,Hardware,Audio Transcript,Mixed,68,121817
2025,Hardware,Comment Section,AI,1131,523903
2025,Hardware,Comment Section,Human,49697,26578317
2025,Hardware,Comment Section,Mixed,171,178057
2025,Hardware,Content Listing,AI,5703,2932976
2025,Hardware,Content Listing,Human,17532,9067927
2025,Hardware,Content Listing,Mixed,744,1123707
2025,Hardware,Creative Writing,AI,56,39468
2025,Hardware,Creative Writing,Human,87,79613
2025,Hardware,Creative Writing,Mixed,7,6608
2025,Hardware,Customer Support,AI,12652,19249681
2025,Hardware,Customer Support,Human,24866,11163442
2025,Hardware,Customer Support,Mixed,1355,1716227
2025,Hardware,Documentation,AI,735,974790
2025,Hardware,Documentation,Human,8068,7135980
2025,Hardware,Documentation,Mixed,139,202349
2025,Hardware,FAQ,AI,3250,2998556
2025,Hardware,FAQ,Human,6565,4432143
2025,Hardware,FAQ,Mixed,382,456986
2025,Hardware,Knowledge Article,AI,35436,53779245
2025,Hardware,Knowledge Article,Human,12571,10996144
2025,Hardware,Knowledge Article,Mixed,3540,5179724
2025,Hardware,Legal Notices,AI,107,50695
2025,Hardware,Legal Notices,Human,1279,1012210
2025,Hardware,Legal Notices,Mixed,43,43460
2025,Hardware,Listicle,AI,30404,51772003
2025,Hardware,Listicle,Human,18890,26913512
2025,Hardware,Listicle,Mixed,3944,8025248
2025,Hardware,News (Org.),AI,4557,2784117
2025,Hardware,News (Org.),Human,33427,20534517
2025,Hardware,News (Org.),Mixed,1258,1077806
2025,Hardware,News Article,AI,12960,7482478
2025,Hardware,News Article,Human,93163,44732860
2025,Hardware,News Article,Mixed,3159,2054370
2025,Hardware,Nonfiction Writing,AI,19299,26877065
2025,Hardware,Nonfiction Writing,Human,22653,35364105
2025,Hardware,Nonfiction Writing,Mixed,1976,2585764
2025,Hardware,Personal Blog,AI,1837,1627106
2025,Hardware,Personal Blog,Human,40676,26881878
2025,Hardware,Personal Blog,Mixed,410,441901
2025,Hardware,Product Page,AI,234177,180345906
2025,Hardware,Product Page,Human,307662,137182999
2025,Hardware,Product Page,Mixed,27891,30436879
2025,Hardware,Q&A Forum,AI,801,304381
2025,Hardware,Q&A Forum,Human,9127,2567944
2025,Hardware,Q&A Forum,Mixed,145,119817
2025,Hardware,Spam / Ads,AI,523,290647
2025,Hardware,Spam / Ads,Human,5733,4147629
2025,Hardware,Spam / Ads,Mixed,136,110055
2025,Hardware,Structured Data,AI,266,181798
2025,Hardware,Structured Data,Human,1573,905173
2025,Hardware,Structured Data,Mixed,42,27979
2025,Hardware,Truncated,AI,852,280489
2025,Hardware,Truncated,Human,5808,993930
2025,Hardware,Truncated,Mixed,113,78726
2025,Hardware,Tutorial,AI,71051,118678841
2025,Hardware,Tutorial,Human,42860,42161741
2025,Hardware,Tutorial,Mixed,7177,10071964
2025,Hardware,User Review,AI,7893,5849161
2025,Hardware,User Review,Human,22857,26392345
2025,Hardware,User Review,Mixed,1073,1074005
2025,Health,About (Org.),AI,44683,23603541
2025,Health,About (Org.),Human,141099,63954262
2025,Health,About (Org.),Mixed,7234,6541050
2025,Health,About (Pers.),AI,16035,6213465
2025,Health,About (Pers.),Human,97460,35656326
2025,Health,About (Pers.),Mixed,3409,2471390
2025,Health,Academic Writing,AI,15996,22538564
2025,Health,Academic Writing,Human,169294,167110017
2025,Health,Academic Writing,Mixed,4539,8081094
2025,Health,Audio Transcript,AI,4475,3794044
2025,Health,Audio Transcript,Human,45785,100514917
2025,Health,Audio Transcript,Mixed,2924,6247011
2025,Health,Comment Section,AI,2555,1307429
2025,Health,Comment Section,Human,27526,22532760
2025,Health,Comment Section,Mixed,364,476327
2025,Health,Content Listing,AI,18565,12176755
2025,Health,Content Listing,Human,78669,50445740
2025,Health,Content Listing,Mixed,3844,7208475
2025,Health,Creative Writing,AI,699,593447
2025,Health,Creative Writing,Human,6831,29432465
2025,Health,Creative Writing,Mixed,97,147934
2025,Health,Customer Support,AI,13625,11628539
2025,Health,Customer Support,Human,84963,43843124
2025,Health,Customer Support,Mixed,2462,2648414
2025,Health,Documentation,AI,238,195372
2025,Health,Documentation,Human,2107,3956841
2025,Health,Documentation,Mixed,48,66854
2025,Health,FAQ,AI,14701,13454761
2025,Health,FAQ,Human,28787,25761525
2025,Health,FAQ,Mixed,2533,3250401
2025,Health,Knowledge Article,AI,400502,631313736
2025,Health,Knowledge Article,Human,242396,240625390
2025,Health,Knowledge Article,Mixed,54568,87730383
2025,Health,Legal Notices,AI,3063,1663742
2025,Health,Legal Notices,Human,14407,15654648
2025,Health,Legal Notices,Mixed,603,642095
2025,Health,Listicle,AI,153160,182574264
2025,Health,Listicle,Human,116126,119706739
2025,Health,Listicle,Mixed,24110,32615679
2025,Health,News (Org.),AI,49471,32592311
2025,Health,News (Org.),Human,275730,160536870
2025,Health,News (Org.),Mixed,12787,11839410
2025,Health,News Article,AI,21963,11092275
2025,Health,News Article,Human,258483,165285606
2025,Health,News Article,Mixed,9208,6639270
2025,Health,Nonfiction Writing,AI,211408,287885761
2025,Health,Nonfiction Writing,Human,182241,232936504
2025,Health,Nonfiction Writing,Mixed,32934,45393816
2025,Health,Personal Blog,AI,43122,43056609
2025,Health,Personal Blog,Human,211392,184164397
2025,Health,Personal Blog,Mixed,10124,13107148
2025,Health,Product Page,AI,514537,497487408
2025,Health,Product Page,Human,593281,339531762
2025,Health,Product Page,Mixed,85450,107233791
2025,Health,Q&A Forum,AI,2585,1552471
2025,Health,Q&A Forum,Human,12590,6616134
2025,Health,Q&A Forum,Mixed,421,428321
2025,Health,Spam / Ads,AI,5630,3513827
2025,Health,Spam / Ads,Human,58515,108989524
2025,Health,Spam / Ads,Mixed,1340,1987783
2025,Health,Structured Data,AI,1216,967592
2025,Health,Structured Data,Human,13003,9945701
2025,Health,Structured Data,Mixed,253,438763
2025,Health,Truncated,AI,7898,1789242
2025,Health,Truncated,Human,41335,9167144
2025,Health,Truncated,Mixed,855,391907
2025,Health,Tutorial,AI,257263,378004241
2025,Health,Tutorial,Human,155378,149076765
2025,Health,Tutorial,Mixed,34724,49207774
2025,Health,User Review,AI,7284,7138689
2025,Health,User Review,Human,37007,24096114
2025,Health,User Review,Mixed,1229,1666981
2025,History,About (Org.),AI,1904,1218838
2025,History,About (Org.),Human,19398,11059016
2025,History,About (Org.),Mixed,216,220355
2025,History,About (Pers.),AI,95,41754
2025,History,About (Pers.),Human,2780,1258965
2025,History,About (Pers.),Mixed,23,15601
2025,History,Academic Writing,AI,3673,6810090
2025,History,Academic Writing,Human,18371,38013007
2025,History,Academic Writing,Mixed,329,519768
2025,History,Audio Transcript,AI,207,233097
2025,History,Audio Transcript,Human,10791,18135948
2025,History,Audio Transcript,Mixed,97,190604
2025,History,Comment Section,AI,109,49428
2025,History,Comment Section,Human,4407,3354830
2025,History,Comment Section,Mixed,12,19154
2025,History,Content Listing,AI,896,637889
2025,History,Content Listing,Human,16559,11256155
2025,History,Content Listing,Mixed,142,203490
2025,History,Creative Writing,AI,386,294435
2025,History,Creative Writing,Human,3086,6718806
2025,History,Creative Writing,Mixed,36,35291
2025,History,Customer Support,AI,29,13184
2025,History,Customer Support,Human,1344,522244
2025,History,Customer Support,Mixed,3,1616
2025,History,Documentation,Human,66,118617
2025,History,FAQ,AI,315,314921
2025,History,FAQ,Human,832,737868
2025,History,FAQ,Mixed,37,44916
2025,History,Knowledge Article,AI,41146,50657147
2025,History,Knowledge Article,Human,116052,104571989
2025,History,Knowledge Article,Mixed,3973,5295544
2025,History,Legal Notices,AI,21,8739
2025,History,Legal Notices,Human,763,543027
2025,History,Legal Notices,Mixed,3,2691
2025,History,Listicle,AI,7349,10509553
2025,History,Listicle,Human,9093,10870971
2025,History,Listicle,Mixed,579,956162
2025,History,News (Org.),AI,1158,623564
2025,History,News (Org.),Human,29997,15203043
2025,History,News (Org.),Mixed,294,236285
2025,History,News Article,AI,3217,1613396
2025,History,News Article,Human,33416,29470333
2025,History,News Article,Mixed,870,592554
2025,History,Nonfiction Writing,AI,26239,32962988
2025,History,Nonfiction Writing,Human,77096,122230135
2025,History,Nonfiction Writing,Mixed,2610,3268081
2025,History,Personal Blog,AI,1427,1072555
2025,History,Personal Blog,Human,47539,39264345
2025,History,Personal Blog,Mixed,251,350170
2025,History,Product Page,AI,4229,2867802
2025,History,Product Page,Human,30933,13854473
2025,History,Product Page,Mixed,653,768305
2025,History,Q&A Forum,AI,402,212749
2025,History,Q&A Forum,Human,2558,1021222
2025,History,Q&A Forum,Mixed,93,138681
2025,History,Spam / Ads,AI,23,12376
2025,History,Spam / Ads,Human,1542,2148095
2025,History,Spam / Ads,Mixed,21,36611
2025,History,Structured Data,AI,347,318986
2025,History,Structured Data,Human,9703,6059489
2025,History,Structured Data,Mixed,65,56447
2025,History,Truncated,AI,795,189986
2025,History,Truncated,Human,13471,3153112
2025,History,Truncated,Mixed,53,28054
2025,History,Tutorial,AI,1341,1937140
2025,History,Tutorial,Human,2411,2672318
2025,History,Tutorial,Mixed,133,237535
2025,History,User Review,AI,176,142432
2025,History,User Review,Human,1857,1424335
2025,History,User Review,Mixed,21,24436
2025,Home & Hobbies,About (Org.),AI,54896,23916265
2025,Home & Hobbies,About (Org.),Human,109071,38329936
2025,Home & Hobbies,About (Org.),Mixed,5727,4680243
2025,Home & Hobbies,About (Pers.),AI,10136,2851994
2025,Home & Hobbies,About (Pers.),Human,30046,9686734
2025,Home & Hobbies,About (Pers.),Mixed,991,503046
2025,Home & Hobbies,Academic Writing,AI,508,771614
2025,Home & Hobbies,Academic Writing,Human,962,1234194
2025,Home & Hobbies,Academic Writing,Mixed,55,80893
2025,Home & Hobbies,Audio Transcript,AI,549,531376
2025,Home & Hobbies,Audio Transcript,Human,8206,13404800
2025,Home & Hobbies,Audio Transcript,Mixed,362,631230
2025,Home & Hobbies,Comment Section,AI,1981,1025363
2025,Home & Hobbies,Comment Section,Human,36408,19018147
2025,Home & Hobbies,Comment Section,Mixed,205,236210
2025,Home & Hobbies,Content Listing,AI,32037,22190809
2025,Home & Hobbies,Content Listing,Human,89109,68094566
2025,Home & Hobbies,Content Listing,Mixed,5126,12486717
2025,Home & Hobbies,Creative Writing,AI,1654,1105077
2025,Home & Hobbies,Creative Writing,Human,2472,1653269
2025,Home & Hobbies,Creative Writing,Mixed,123,95275
2025,Home & Hobbies,Customer Support,AI,20649,26854644
2025,Home & Hobbies,Customer Support,Human,48352,22750493
2025,Home & Hobbies,Customer Support,Mixed,2703,3872412
2025,Home & Hobbies,Documentation,AI,22,26564
2025,Home & Hobbies,Documentation,Human,358,437507
2025,Home & Hobbies,Documentation,Mixed,3,3882
2025,Home & Hobbies,FAQ,AI,13347,12260607
2025,Home & Hobbies,FAQ,Human,21223,17428809
2025,Home & Hobbies,FAQ,Mixed,2663,3625126
2025,Home & Hobbies,Knowledge Article,AI,113077,183891440
2025,Home & Hobbies,Knowledge Article,Human,45390,45993376
2025,Home & Hobbies,Knowledge Article,Mixed,10711,17028773
2025,Home & Hobbies,Legal Notices,AI,886,494475
2025,Home & Hobbies,Legal Notices,Human,5448,5039840
2025,Home & Hobbies,Legal Notices,Mixed,187,234609
2025,Home & Hobbies,Listicle,AI,277240,404414342
2025,Home & Hobbies,Listicle,Human,152523,166231335
2025,Home & Hobbies,Listicle,Mixed,33741,53507752
2025,Home & Hobbies,News (Org.),AI,34118,24209600
2025,Home & Hobbies,News (Org.),Human,93401,41839188
2025,Home & Hobbies,News (Org.),Mixed,5736,5015643
2025,Home & Hobbies,News Article,AI,4304,2164989
2025,Home & Hobbies,News Article,Human,52942,29894325
2025,Home & Hobbies,News Article,Mixed,1424,967013
2025,Home & Hobbies,Nonfiction Writing,AI,95487,126846366
2025,Home & Hobbies,Nonfiction Writing,Human,41063,46436554
2025,Home & Hobbies,Nonfiction Writing,Mixed,8298,9718471
2025,Home & Hobbies,Personal Blog,AI,25864,28467621
2025,Home & Hobbies,Personal Blog,Human,278586,157499970
2025,Home & Hobbies,Personal Blog,Mixed,4163,5239880
2025,Home & Hobbies,Product Page,AI,1324097,1007468542
2025,Home & Hobbies,Product Page,Human,1629747,608810131
2025,Home & Hobbies,Product Page,Mixed,160521,178235322
2025,Home & Hobbies,Q&A Forum,AI,604,319944
2025,Home & Hobbies,Q&A Forum,Human,10366,4050592
2025,Home & Hobbies,Q&A Forum,Mixed,85,96118
2025,Home & Hobbies,Spam / Ads,AI,4574,2998867
2025,Home & Hobbies,Spam / Ads,Human,34150,30916200
2025,Home & Hobbies,Spam / Ads,Mixed,1084,1269970
2025,Home & Hobbies,Structured Data,AI,750,553739
2025,Home & Hobbies,Structured Data,Human,5385,3437801
2025,Home & Hobbies,Structured Data,Mixed,136,211982
2025,Home & Hobbies,Truncated,AI,3907,728255
2025,Home & Hobbies,Truncated,Human,18429,2986669
2025,Home & Hobbies,Truncated,Mixed,231,74951
2025,Home & Hobbies,Tutorial,AI,629661,987086119
2025,Home & Hobbies,Tutorial,Human,283466,260396357
2025,Home & Hobbies,Tutorial,Mixed,65725,91357072
2025,Home & Hobbies,User Review,AI,35117,13874904
2025,Home & Hobbies,User Review,Human,57953,37477884
2025,Home & Hobbies,User Review,Mixed,3872,2517541
2025,Industrial,About (Org.),AI,47028,20689874
2025,Industrial,About (Org.),Human,164648,58507630
2025,Industrial,About (Org.),Mixed,6380,4940955
2025,Industrial,About (Pers.),AI,1270,389526
2025,Industrial,About (Pers.),Human,5930,1706566
2025,Industrial,About (Pers.),Mixed,121,55918
2025,Industrial,Academic Writing,AI,4469,7947577
2025,Industrial,Academic Writing,Human,24772,20919733
2025,Industrial,Academic Writing,Mixed,1638,2954242
2025,Industrial,Audio Transcript,AI,1204,1811251
2025,Industrial,Audio Transcript,Human,11531,17992969
2025,Industrial,Audio Transcript,Mixed,879,1263781
2025,Industrial,Comment Section,AI,946,651895
2025,Industrial,Comment Section,Human,3379,2007886
2025,Industrial,Comment Section,Mixed,124,126280
2025,Industrial,Content Listing,AI,7545,5253996
2025,Industrial,Content Listing,Human,39861,23459851
2025,Industrial,Content Listing,Mixed,1354,2007841
2025,Industrial,Creative Writing,AI,48,28308
2025,Industrial,Creative Writing,Human,170,195978
2025,Industrial,Creative Writing,Mixed,5,5968
2025,Industrial,Customer Support,AI,4838,3745891
2025,Industrial,Customer Support,Human,24793,10356910
2025,Industrial,Customer Support,Mixed,734,690607
2025,Industrial,Documentation,AI,645,858700
2025,Industrial,Documentation,Human,6554,7111389
2025,Industrial,Documentation,Mixed,124,168305
2025,Industrial,FAQ,AI,4200,3321883
2025,Industrial,FAQ,Human,7493,5855762
2025,Industrial,FAQ,Mixed,644,744647
2025,Industrial,Knowledge Article,AI,129776,179803619
2025,Industrial,Knowledge Article,Human,54103,47280377
2025,Industrial,Knowledge Article,Mixed,16198,24250578
2025,Industrial,Legal Notices,AI,475,227858
2025,Industrial,Legal Notices,Human,5376,4436752
2025,Industrial,Legal Notices,Mixed,84,130685
2025,Industrial,Listicle,AI,32735,35068219
2025,Industrial,Listicle,Human,13103,12707253
2025,Industrial,Listicle,Mixed,4518,5386974
2025,Industrial,News (Org.),AI,41850,25386497
2025,Industrial,News (Org.),Human,196972,108642843
2025,Industrial,News (Org.),Mixed,10686,9573027
2025,Industrial,News Article,AI,18416,9057726
2025,Industrial,News Article,Human,156376,88972431
2025,Industrial,News Article,Mixed,6618,4328869
2025,Industrial,Nonfiction Writing,AI,51613,59638984
2025,Industrial,Nonfiction Writing,Human,50132,66596537
2025,Industrial,Nonfiction Writing,Mixed,8288,10168456
2025,Industrial,Personal Blog,AI,1727,1511409
2025,Industrial,Personal Blog,Human,17135,11569100
2025,Industrial,Personal Blog,Mixed,314,381540
2025,Industrial,Product Page,AI,358055,257162919
2025,Industrial,Product Page,Human,516520,200296124
2025,Industrial,Product Page,Mixed,54881,62956993
2025,Industrial,Q&A Forum,AI,526,310022
2025,Industrial,Q&A Forum,Human,1769,1041934
2025,Industrial,Q&A Forum,Mixed,71,71531
2025,Industrial,Spam / Ads,AI,831,479337
2025,Industrial,Spam / Ads,Human,3930,2888015
2025,Industrial,Spam / Ads,Mixed,221,231988
2025,Industrial,Structured Data,AI,1143,1737072
2025,Industrial,Structured Data,Human,3857,2653810
2025,Industrial,Structured Data,Mixed,95,197710
2025,Industrial,Truncated,AI,1944,447718
2025,Industrial,Truncated,Human,16406,3211090
2025,Industrial,Truncated,Mixed,216,112461
2025,Industrial,Tutorial,AI,75264,108585547
2025,Industrial,Tutorial,Human,34784,32706062
2025,Industrial,Tutorial,Mixed,10258,14063673
2025,Industrial,User Review,AI,960,588140
2025,Industrial,User Review,Human,5386,2364342
2025,Industrial,User Review,Mixed,127,116780
2025,Literature,About (Org.),AI,2448,1299790
2025,Literature,About (Org.),Human,7492,3450038
2025,Literature,About (Org.),Mixed,149,129762
2025,Literature,About (Pers.),AI,2723,1090185
2025,Literature,About (Pers.),Human,30974,10902683
2025,Literature,About (Pers.),Mixed,372,310125
2025,Literature,Academic Writing,AI,6904,12565171
2025,Literature,Academic Writing,Human,28219,54348364
2025,Literature,Academic Writing,Mixed,700,1232243
2025,Literature,Audio Transcript,AI,646,955061
2025,Literature,Audio Transcript,Human,23436,44264733
2025,Literature,Audio Transcript,Mixed,359,857289
2025,Literature,Comment Section,AI,397,174135
2025,Literature,Comment Section,Human,6377,5390300
2025,Literature,Comment Section,Mixed,38,61568
2025,Literature,Content Listing,AI,2413,2369877
2025,Literature,Content Listing,Human,21697,16660172
2025,Literature,Content Listing,Mixed,555,1013942
2025,Literature,Creative Writing,AI,18092,19729778
2025,Literature,Creative Writing,Human,118833,239262859
2025,Literature,Creative Writing,Mixed,2006,3409459
2025,Literature,Customer Support,AI,153,48256
2025,Literature,Customer Support,Human,1796,588034
2025,Literature,Customer Support,Mixed,9,11069
2025,Literature,Documentation,AI,3,1346
2025,Literature,Documentation,Human,46,33164
2025,Literature,FAQ,AI,469,422530
2025,Literature,FAQ,Human,1097,885901
2025,Literature,FAQ,Mixed,47,72995
2025,Literature,Knowledge Article,AI,26716,36248536
2025,Literature,Knowledge Article,Human,18443,18345315
2025,Literature,Knowledge Article,Mixed,1832,2685694
2025,Literature,Legal Notices,AI,95,42273
2025,Literature,Legal Notices,Human,561,336047
2025,Literature,Legal Notices,Mixed,4,3378
2025,Literature,Listicle,AI,12225,20277476
2025,Literature,Listicle,Human,20033,24420879
2025,Literature,Listicle,Mixed,1420,2515853
2025,Literature,News (Org.),AI,1817,1015246
2025,Literature,News (Org.),Human,32061,14461932
2025,Literature,News (Org.),Mixed,455,375893
2025,Literature,News Article,AI,669,328942
2025,Literature,News Article,Human,9122,6042837
2025,Literature,News Article,Mixed,194,140319
2025,Literature,Nonfiction Writing,AI,34045,54498574
2025,Literature,Nonfiction Writing,Human,45440,80958671
2025,Literature,Nonfiction Writing,Mixed,2152,3086954
2025,Literature,Personal Blog,AI,4286,4260183
2025,Literature,Personal Blog,Human,157791,128143833
2025,Literature,Personal Blog,Mixed,1053,1324828
2025,Literature,Product Page,AI,29267,20509539
2025,Literature,Product Page,Human,168211,74375177
2025,Literature,Product Page,Mixed,4069,3939974
2025,Literature,Q&A Forum,AI,577,575768
2025,Literature,Q&A Forum,Human,2390,1270801
2025,Literature,Q&A Forum,Mixed,164,200717
2025,Literature,Spam / Ads,AI,98,58837
2025,Literature,Spam / Ads,Human,7637,11702108
2025,Literature,Spam / Ads,Mixed,40,59189
2025,Literature,Structured Data,AI,3982,1166279
2025,Literature,Structured Data,Human,15129,7800068
2025,Literature,Structured Data,Mixed,246,166857
2025,Literature,Truncated,AI,566,157955
2025,Literature,Truncated,Human,8308,3910917
2025,Literature,Truncated,Mixed,63,32283
2025,Literature,Tutorial,AI,10089,16496704
2025,Literature,Tutorial,Human,7223,8114476
2025,Literature,Tutorial,Mixed,974,1638051
2025,Literature,User Review,AI,7611,6556174
2025,Literature,User Review,Human,74752,52037310
2025,Literature,User Review,Mixed,1056,1136844
2025,Politics,About (Org.),AI,7214,3880801
2025,Politics,About (Org.),Human,41215,20635449
2025,Politics,About (Org.),Mixed,1074,963365
2025,Politics,About (Pers.),AI,1845,823385
2025,Politics,About (Pers.),Human,18520,7503946
2025,Politics,About (Pers.),Mixed,389,457862
2025,Politics,Academic Writing,AI,7059,11361914
2025,Politics,Academic Writing,Human,40609,70297645
2025,Politics,Academic Writing,Mixed,1352,2409175
2025,Politics,Audio Transcript,AI,2113,1841890
2025,Politics,Audio Transcript,Human,89680,206457725
2025,Politics,Audio Transcript,Mixed,1211,2438453
2025,Politics,Comment Section,AI,493,220721
2025,Politics,Comment Section,Human,26532,32755833
2025,Politics,Comment Section,Mixed,149,219177
2025,Politics,Content Listing,AI,2564,1608361
2025,Politics,Content Listing,Human,66789,58976932
2025,Politics,Content Listing,Mixed,1077,1968640
2025,Politics,Creative Writing,AI,343,323370
2025,Politics,Creative Writing,Human,3476,3591062
2025,Politics,Creative Writing,Mixed,52,44255
2025,Politics,Customer Support,AI,261,83286
2025,Politics,Customer Support,Human,5408,2007051
2025,Politics,Customer Support,Mixed,38,29982
2025,Politics,Documentation,AI,18,14462
2025,Politics,Documentation,Human,205,286562
2025,Politics,Documentation,Mixed,3,2234
2025,Politics,FAQ,AI,612,600689
2025,Politics,FAQ,Human,2121,2186768
2025,Politics,FAQ,Mixed,86,97663
2025,Politics,Knowledge Article,AI,22063,29236651
2025,Politics,Knowledge Article,Human,31550,35526811
2025,Politics,Knowledge Article,Mixed,2795,3480527
2025,Politics,Legal Notices,AI,421,181006
2025,Politics,Legal Notices,Human,9395,6708713
2025,Politics,Legal Notices,Mixed,67,67825
2025,Politics,Listicle,AI,5153,5440183
2025,Politics,Listicle,Human,14010,15750460
2025,Politics,Listicle,Mixed,885,1036246
2025,Politics,News (Org.),AI,17968,8784831
2025,Politics,News (Org.),Human,296023,171625172
2025,Politics,News (Org.),Mixed,5327,4294088
2025,Politics,News Article,AI,115782,57769662
2025,Politics,News Article,Human,721002,477799344
2025,Politics,News Article,Mixed,30175,20794683
2025,Politics,Nonfiction Writing,AI,80905,84658387
2025,Politics,Nonfiction Writing,Human,379256,550748333
2025,Politics,Nonfiction Writing,Mixed,16704,19433067
2025,Politics,Personal Blog,AI,3837,2587660
2025,Politics,Personal Blog,Human,251390,221744225
2025,Politics,Personal Blog,Mixed,1226,1535796
2025,Politics,Product Page,AI,4892,2675993
2025,Politics,Product Page,Human,20581,9371534
2025,Politics,Product Page,Mixed,488,484645
2025,Politics,Q&A Forum,AI,682,397209
2025,Politics,Q&A Forum,Human,2023,1507541
2025,Politics,Q&A Forum,Mixed,107,117173
2025,Politics,Spam / Ads,AI,76,51071
2025,Politics,Spam / Ads,Human,3361,3787579
2025,Politics,Spam / Ads,Mixed,27,32574
2025,Politics,Structured Data,AI,264,167668
2025,Politics,Structured Data,Human,5966,4069732
2025,Politics,Structured Data,Mixed,78,119249
2025,Politics,Truncated,AI,2063,444268
2025,Politics,Truncated,Human,35734,7406939
2025,Politics,Truncated,Mixed,288,112653
2025,Politics,Tutorial,AI,2280,2903826
2025,Politics,Tutorial,Human,3753,3378408
2025,Politics,Tutorial,Mixed,343,444574
2025,Politics,User Review,AI,114,81325
2025,Politics,User Review,Human,1259,861017
2025,Politics,User Review,Mixed,17,29156
2025,Religion,About (Org.),AI,12293,6955066
2025,Religion,About (Org.),Human,82335,37398281
2025,Religion,About (Org.),Mixed,1526,1400335
2025,Religion,About (Pers.),AI,3242,1448936
2025,Religion,About (Pers.),Human,26291,10922887
2025,Religion,About (Pers.),Mixed,779,689996
2025,Religion,Academic Writing,AI,3438,6747857
2025,Religion,Academic Writing,Human,17527,59051479
2025,Religion,Academic Writing,Mixed,360,877707
2025,Religion,Audio Transcript,AI,3331,2714926
2025,Religion,Audio Transcript,Human,51218,131361498
2025,Religion,Audio Transcript,Mixed,1267,3217563
2025,Religion,Comment Section,AI,406,252377
2025,Religion,Comment Section,Human,11193,12680429
2025,Religion,Comment Section,Mixed,106,143034
2025,Religion,Content Listing,AI,3202,1966555
2025,Religion,Content Listing,Human,33739,20916837
2025,Religion,Content Listing,Mixed,636,1111152
2025,Religion,Creative Writing,AI,3470,2178716
2025,Religion,Creative Writing,Human,33688,30433974
2025,Religion,Creative Writing,Mixed,479,538066
2025,Religion,Customer Support,AI,746,308249
2025,Religion,Customer Support,Human,14463,5133726
2025,Religion,Customer Support,Mixed,81,70875
2025,Religion,Documentation,AI,4,1367
2025,Religion,Documentation,Human,48,143879
2025,Religion,Documentation,Mixed,1,492
2025,Religion,FAQ,AI,1072,1024105
2025,Religion,FAQ,Human,4459,4264353
2025,Religion,FAQ,Mixed,159,268913
2025,Religion,Knowledge Article,AI,75418,126727873
2025,Religion,Knowledge Article,Human,59021,69440240
2025,Religion,Knowledge Article,Mixed,7244,11590355
2025,Religion,Legal Notices,AI,689,353759
2025,Religion,Legal Notices,Human,3082,3050122
2025,Religion,Legal Notices,Mixed,106,102547
2025,Religion,Listicle,AI,24571,37796258
2025,Religion,Listicle,Human,19048,21704404
2025,Religion,Listicle,Mixed,3141,4660518
2025,Religion,News (Org.),AI,9254,4187771
2025,Religion,News (Org.),Human,120882,59033601
2025,Religion,News (Org.),Mixed,1608,1408460
2025,Religion,News Article,AI,5820,2777670
2025,Religion,News Article,Human,57250,39213706
2025,Religion,News Article,Mixed,1378,974486
2025,Religion,Nonfiction Writing,AI,85215,140162332
2025,Religion,Nonfiction Writing,Human,180510,290318849
2025,Religion,Nonfiction Writing,Mixed,9778,14975829
2025,Religion,Personal Blog,AI,22553,19064379
2025,Religion,Personal Blog,Human,304664,267956847
2025,Religion,Personal Blog,Mixed,5808,7338124
2025,Religion,Product Page,AI,54414,36528098
2025,Religion,Product Page,Human,135113,54858329
2025,Religion,Product Page,Mixed,6249,6708211
2025,Religion,Q&A Forum,AI,443,378117
2025,Religion,Q&A Forum,Human,7327,6005863
2025,Religion,Q&A Forum,Mixed,73,89257
2025,Religion,Spam / Ads,AI,751,536797
2025,Religion,Spam / Ads,Human,3536,3788064
2025,Religion,Spam / Ads,Mixed,161,195486
2025,Religion,Structured Data,AI,670,1006579
2025,Religion,Structured Data,Human,4680,5596710
2025,Religion,Structured Data,Mixed,156,416536
2025,Religion,Truncated,AI,3527,784169
2025,Religion,Truncated,Human,27597,5096845
2025,Religion,Truncated,Mixed,274,130492
2025,Religion,Tutorial,AI,30135,45371399
2025,Religion,Tutorial,Human,23867,25862760
2025,Religion,Tutorial,Mixed,2991,5020517
2025,Religion,User Review,AI,648,565329
2025,Religion,User Review,Human,7526,5621762
2025,Religion,User Review,Mixed,115,121521
2025,Science & Tech.,About (Org.),AI,14459,9338303
2025,Science & Tech.,About (Org.),Human,56633,27991360
2025,Science & Tech.,About (Org.),Mixed,1929,1730612
2025,Science & Tech.,About (Pers.),AI,2845,1484464
2025,Science & Tech.,About (Pers.),Human,23501,9214224
2025,Science & Tech.,About (Pers.),Mixed,491,431484
2025,Science & Tech.,Academic Writing,AI,17239,23803762
2025,Science & Tech.,Academic Writing,Human,323700,232586963
2025,Science & Tech.,Academic Writing,Mixed,4355,6821230
2025,Science & Tech.,Audio Transcript,AI,2277,2730563
2025,Science & Tech.,Audio Transcript,Human,23339,51840086
2025,Science & Tech.,Audio Transcript,Mixed,1491,2977777
2025,Science & Tech.,Comment Section,AI,1236,656590
2025,Science & Tech.,Comment Section,Human,13705,12253730
2025,Science & Tech.,Comment Section,Mixed,198,300589
2025,Science & Tech.,Content Listing,AI,7806,5577508
2025,Science & Tech.,Content Listing,Human,53191,46658942
2025,Science & Tech.,Content Listing,Mixed,1610,2791921
2025,Science & Tech.,Creative Writing,AI,819,996059
2025,Science & Tech.,Creative Writing,Human,1556,2355310
2025,Science & Tech.,Creative Writing,Mixed,65,81953
2025,Science & Tech.,Customer Support,AI,576,427903
2025,Science & Tech.,Customer Support,Human,6967,3283737
2025,Science & Tech.,Customer Support,Mixed,119,120504
2025,Science & Tech.,Documentation,AI,1006,1279001
2025,Science & Tech.,Documentation,Human,14911,15625169
2025,Science & Tech.,Documentation,Mixed,334,568832
2025,Science & Tech.,FAQ,AI,2911,2891583
2025,Science & Tech.,FAQ,Human,4317,4307206
2025,Science & Tech.,FAQ,Mixed,414,565781
2025,Science & Tech.,Knowledge Article,AI,199383,305134649
2025,Science & Tech.,Knowledge Article,Human,122279,106739813
2025,Science & Tech.,Knowledge Article,Mixed,21664,33567672
2025,Science & Tech.,Legal Notices,AI,272,160627
2025,Science & Tech.,Legal Notices,Human,1873,1694940
2025,Science & Tech.,Legal Notices,Mixed,68,74772
2025,Science & Tech.,Listicle,AI,32251,42126852
2025,Science & Tech.,Listicle,Human,18838,21180918
2025,Science & Tech.,Listicle,Mixed,4084,5864336
2025,Science & Tech.,News (Org.),AI,30451,20098355
2025,Science & Tech.,News (Org.),Human,200065,117547956
2025,Science & Tech.,News (Org.),Mixed,8963,8595748
2025,Science & Tech.,News Article,AI,32144,16850340
2025,Science & Tech.,News Article,Human,194261,126482727
2025,Science & Tech.,News Article,Mixed,9859,7073439
2025,Science & Tech.,Nonfiction Writing,AI,129982,174293249
2025,Science & Tech.,Nonfiction Writing,Human,112239,161231031
2025,Science & Tech.,Nonfiction Writing,Mixed,18934,25495824
2025,Science & Tech.,Personal Blog,AI,8345,6875251
2025,Science & Tech.,Personal Blog,Human,95529,72794856
2025,Science & Tech.,Personal Blog,Mixed,1795,2305643
2025,Science & Tech.,Product Page,AI,56784,46176905
2025,Science & Tech.,Product Page,Human,98110,45316980
2025,Science & Tech.,Product Page,Mixed,8801,10232385
2025,Science & Tech.,Q&A Forum,AI,1580,965035
2025,Science & Tech.,Q&A Forum,Human,9323,4031954
2025,Science & Tech.,Q&A Forum,Mixed,357,362013
2025,Science & Tech.,Spam / Ads,AI,352,276111
2025,Science & Tech.,Spam / Ads,Human,11241,16815658
2025,Science & Tech.,Spam / Ads,Mixed,162,188704
2025,Science & Tech.,Structured Data,AI,1164,926173
2025,Science & Tech.,Structured Data,Human,13253,9911809
2025,Science & Tech.,Structured Data,Mixed,205,385299
2025,Science & Tech.,Truncated,AI,3851,910769
2025,Science & Tech.,Truncated,Human,32732,11045444
2025,Science & Tech.,Truncated,Mixed,441,188048
2025,Science & Tech.,Tutorial,AI,38717,61479737
2025,Science & Tech.,Tutorial,Human,33620,32515841
2025,Science & Tech.,Tutorial,Mixed,4518,7109132
2025,Science & Tech.,User Review,AI,363,265017
2025,Science & Tech.,User Review,Human,1968,1362530
2025,Science & Tech.,User Review,Mixed,53,50911
2025,Social Life,About (Org.),AI,11784,5742520
2025,Social Life,About (Org.),Human,43558,16559121
2025,Social Life,About (Org.),Mixed,1243,1028738
2025,Social Life,About (Pers.),AI,4784,1526988
2025,Social Life,About (Pers.),Human,24638,7709861
2025,Social Life,About (Pers.),Mixed,549,366460
2025,Social Life,Academic Writing,AI,1756,3139269
2025,Social Life,Academic Writing,Human,4075,4326220
2025,Social Life,Academic Writing,Mixed,143,178108
2025,Social Life,Audio Transcript,AI,1503,1287153
2025,Social Life,Audio Transcript,Human,17357,29044659
2025,Social Life,Audio Transcript,Mixed,694,1634017
2025,Social Life,Comment Section,AI,1220,784666
2025,Social Life,Comment Section,Human,28672,21312654
2025,Social Life,Comment Section,Mixed,222,297705
2025,Social Life,Content Listing,AI,4363,2551340
2025,Social Life,Content Listing,Human,34150,21245772
2025,Social Life,Content Listing,Mixed,775,1150805
2025,Social Life,Creative Writing,AI,7186,6430957
2025,Social Life,Creative Writing,Human,16417,15298584
2025,Social Life,Creative Writing,Mixed,724,1015430
2025,Social Life,Customer Support,AI,1326,541418
2025,Social Life,Customer Support,Human,10642,3589507
2025,Social Life,Customer Support,Mixed,88,70148
2025,Social Life,Documentation,AI,4,1989
2025,Social Life,Documentation,Human,14,8375
2025,Social Life,FAQ,AI,1024,844131
2025,Social Life,FAQ,Human,2846,2368190
2025,Social Life,FAQ,Mixed,189,246132
2025,Social Life,Knowledge Article,AI,30059,39932628
2025,Social Life,Knowledge Article,Human,10691,9016272
2025,Social Life,Knowledge Article,Mixed,2153,3000423
2025,Social Life,Legal Notices,AI,412,207269
2025,Social Life,Legal Notices,Human,1419,1117881
2025,Social Life,Legal Notices,Mixed,76,74547
2025,Social Life,Listicle,AI,79215,111922235
2025,Social Life,Listicle,Human,102108,118048966
2025,Social Life,Listicle,Mixed,12051,18349720
2025,Social Life,News (Org.),AI,16808,7112717
2025,Social Life,News (Org.),Human,119400,44861482
2025,Social Life,News (Org.),Mixed,2247,1702085
2025,Social Life,News Article,AI,7451,3241915
2025,Social Life,News Article,Human,60771,32793626
2025,Social Life,News Article,Mixed,1367,870111
2025,Social Life,Nonfiction Writing,AI,90054,124652816
2025,Social Life,Nonfiction Writing,Human,129303,107061351
2025,Social Life,Nonfiction Writing,Mixed,10017,12712648
2025,Social Life,Personal Blog,AI,32494,27888073
2025,Social Life,Personal Blog,Human,405705,277256223
2025,Social Life,Personal Blog,Mixed,7089,7953213
2025,Social Life,Product Page,AI,45979,35752119
2025,Social Life,Product Page,Human,64150,29526918
2025,Social Life,Product Page,Mixed,5553,6237249
2025,Social Life,Q&A Forum,AI,531,304813
2025,Social Life,Q&A Forum,Human,4449,2984106
2025,Social Life,Q&A Forum,Mixed,114,113068
2025,Social Life,Spam / Ads,AI,2698,2969794
2025,Social Life,Spam / Ads,Human,53614,57844782
2025,Social Life,Spam / Ads,Mixed,2082,2597386
2025,Social Life,Structured Data,AI,726,778076
2025,Social Life,Structured Data,Human,6303,3489487
2025,Social Life,Structured Data,Mixed,341,375527
2025,Social Life,Truncated,AI,2520,535614
2025,Social Life,Truncated,Human,14097,2365063
2025,Social Life,Truncated,Mixed,194,77866
2025,Social Life,Tutorial,AI,60547,91735653
2025,Social Life,Tutorial,Human,45354,41503591
2025,Social Life,Tutorial,Mixed,7199,9895401
2025,Social Life,User Review,AI,1573,2907394
2025,Social Life,User Review,Human,9230,7304240
2025,Social Life,User Review,Mixed,288,532463
2025,Software,About (Org.),AI,9023,5235835
2025,Software,About (Org.),Human,10899,3815326
2025,Software,About (Org.),Mixed,773,606902
2025,Software,About (Pers.),AI,498,162124
2025,Software,About (Pers.),Human,3176,640414
2025,Software,About (Pers.),Mixed,72,99631
2025,Software,Academic Writing,AI,842,1165504
2025,Software,Academic Writing,Human,1939,1920781
2025,Software,Academic Writing,Mixed,149,261026
2025,Software,Audio Transcript,AI,673,670478
2025,Software,Audio Transcript,Human,5470,12380405
2025,Software,Audio Transcript,Mixed,446,775679
2025,Software,Comment Section,AI,3770,1670711
2025,Software,Comment Section,Human,107003,41420058
2025,Software,Comment Section,Mixed,507,562219
2025,Software,Content Listing,AI,8113,5202059
2025,Software,Content Listing,Human,34978,16806362
2025,Software,Content Listing,Mixed,1583,2542614
2025,Software,Creative Writing,AI,82,76591
2025,Software,Creative Writing,Human,80,72439
2025,Software,Creative Writing,Mixed,11,6160
2025,Software,Customer Support,AI,24489,20926658
2025,Software,Customer Support,Human,161971,64253183
2025,Software,Customer Support,Mixed,3999,3941487
2025,Software,Documentation,AI,5177,3455672
2025,Software,Documentation,Human,53869,31946855
2025,Software,Documentation,Mixed,1309,1387770
2025,Software,FAQ,AI,6444,5544692
2025,Software,FAQ,Human,15730,9583208
2025,Software,FAQ,Mixed,860,1129391
2025,Software,Knowledge Article,AI,89002,133736149
2025,Software,Knowledge Article,Human,25284,22533325
2025,Software,Knowledge Article,Mixed,11435,19029853
2025,Software,Legal Notices,AI,8647,3883858
2025,Software,Legal Notices,Human,23306,17403641
2025,Software,Legal Notices,Mixed,1263,1246861
2025,Software,Listicle,AI,59211,88926437
2025,Software,Listicle,Human,49010,66615589
2025,Software,Listicle,Mixed,12640,25271939
2025,Software,News (Org.),AI,25967,19786562
2025,Software,News (Org.),Human,86423,48111551
2025,Software,News (Org.),Mixed,7665,8047378
2025,Software,News Article,AI,12872,6397925
2025,Software,News Article,Human,62016,30968829
2025,Software,News Article,Mixed,3460,2241908
2025,Software,Nonfiction Writing,AI,62174,92981751
2025,Software,Nonfiction Writing,Human,32291,41971127
2025,Software,Nonfiction Writing,Mixed,8679,13267441
2025,Software,Personal Blog,AI,5582,5769233
2025,Software,Personal Blog,Human,72286,44621822
2025,Software,Personal Blog,Mixed,1692,3221034
2025,Software,Product Page,AI,308899,293629765
2025,Software,Product Page,Human,284437,177156049
2025,Software,Product Page,Mixed,56078,73615217
2025,Software,Q&A Forum,AI,1493,753753
2025,Software,Q&A Forum,Human,37325,11145410
2025,Software,Q&A Forum,Mixed,290,278589
2025,Software,Spam / Ads,AI,2684,2462466
2025,Software,Spam / Ads,Human,23989,23102368
2025,Software,Spam / Ads,Mixed,1243,1751716
2025,Software,Structured Data,AI,1725,1053783
2025,Software,Structured Data,Human,4074,2184193
2025,Software,Structured Data,Mixed,280,465494
2025,Software,Truncated,AI,2210,410958
2025,Software,Truncated,Human,17256,2744803
2025,Software,Truncated,Mixed,241,76029
2025,Software,Tutorial,AI,220231,349979873
2025,Software,Tutorial,Human,177612,171504117
2025,Software,Tutorial,Mixed,34056,55367881
2025,Software,User Review,AI,4393,4001962
2025,Software,User Review,Human,14552,11298016
2025,Software,User Review,Mixed,929,1336688
2025,Software Dev.,About (Org.),AI,14176,6553625
2025,Software Dev.,About (Org.),Human,19746,7308346
2025,Software Dev.,About (Org.),Mixed,1855,1659147
2025,Software Dev.,About (Pers.),AI,5030,1586100
2025,Software Dev.,About (Pers.),Human,14166,4264801
2025,Software Dev.,About (Pers.),Mixed,679,497835
2025,Software Dev.,Academic Writing,AI,1347,1386952
2025,Software Dev.,Academic Writing,Human,19779,10711812
2025,Software Dev.,Academic Writing,Mixed,411,532104
2025,Software Dev.,Audio Transcript,AI,848,939321
2025,Software Dev.,Audio Transcript,Human,6956,20088857
2025,Software Dev.,Audio Transcript,Mixed,521,1117230
2025,Software Dev.,Comment Section,AI,1944,617571
2025,Software Dev.,Comment Section,Human,71146,31468257
2025,Software Dev.,Comment Section,Mixed,314,296667
2025,Software Dev.,Content Listing,AI,5276,2935614
2025,Software Dev.,Content Listing,Human,25108,12870518
2025,Software Dev.,Content Listing,Mixed,1047,1445929
2025,Software Dev.,Creative Writing,AI,85,58680
2025,Software Dev.,Creative Writing,Human,111,102812
2025,Software Dev.,Creative Writing,Mixed,6,7740
2025,Software Dev.,Customer Support,AI,2207,1266992
2025,Software Dev.,Customer Support,Human,13872,4824535
2025,Software Dev.,Customer Support,Mixed,302,267403
2025,Software Dev.,Documentation,AI,13808,12460572
2025,Software Dev.,Documentation,Human,117765,73644382
2025,Software Dev.,Documentation,Mixed,3277,4445018
2025,Software Dev.,FAQ,AI,2726,2483339
2025,Software Dev.,FAQ,Human,3259,2706403
2025,Software Dev.,FAQ,Mixed,325,418403
2025,Software Dev.,Knowledge Article,AI,37746,50536901
2025,Software Dev.,Knowledge Article,Human,10266,9206259
2025,Software Dev.,Knowledge Article,Mixed,4822,7775483
2025,Software Dev.,Legal Notices,AI,357,255649
2025,Software Dev.,Legal Notices,Human,1532,1907469
2025,Software Dev.,Legal Notices,Mixed,93,114326
2025,Software Dev.,Listicle,AI,23022,31383398
2025,Software Dev.,Listicle,Human,12877,15049322
2025,Software Dev.,Listicle,Mixed,3849,6543044
2025,Software Dev.,News (Org.),AI,12256,9773574
2025,Software Dev.,News (Org.),Human,48280,27722500
2025,Software Dev.,News (Org.),Mixed,3695,4187736
2025,Software Dev.,News Article,AI,2158,1090859
2025,Software Dev.,News Article,Human,9518,5258636
2025,Software Dev.,News Article,Mixed,743,487286
2025,Software Dev.,Nonfiction Writing,AI,28878,43600392
2025,Software Dev.,Nonfiction Writing,Human,15600,23018334
2025,Software Dev.,Nonfiction Writing,Mixed,5344,8930941
2025,Software Dev.,Personal Blog,AI,5175,4075560
2025,Software Dev.,Personal Blog,Human,70297,48580500
2025,Software Dev.,Personal Blog,Mixed,1476,1831931
2025,Software Dev.,Product Page,AI,109659,82666540
2025,Software Dev.,Product Page,Human,98220,47426083
2025,Software Dev.,Product Page,Mixed,19372,22908097
2025,Software Dev.,Q&A Forum,AI,1695,770488
2025,Software Dev.,Q&A Forum,Human,31596,9184546
2025,Software Dev.,Q&A Forum,Mixed,509,536804
2025,Software Dev.,Spam / Ads,AI,398,204923
2025,Software Dev.,Spam / Ads,Human,3161,2540908
2025,Software Dev.,Spam / Ads,Mixed,84,88272
2025,Software Dev.,Structured Data,AI,615,438390
2025,Software Dev.,Structured Data,Human,2196,1298809
2025,Software Dev.,Structured Data,Mixed,119,193752
2025,Software Dev.,Truncated,AI,1183,227040
2025,Software Dev.,Truncated,Human,7084,1181421
2025,Software Dev.,Truncated,Mixed,132,38073
2025,Software Dev.,Tutorial,AI,79280,117625094
2025,Software Dev.,Tutorial,Human,71734,72881230
2025,Software Dev.,Tutorial,Mixed,13570,23929582
2025,Software Dev.,User Review,AI,920,376376
2025,Software Dev.,User Review,Human,2123,1185668
2025,Software Dev.,User Review,Mixed,61,82447
2025,Sports & Fitness,About (Org.),AI,19412,9887878
2025,Sports & Fitness,About (Org.),Human,57737,23215714
2025,Sports & Fitness,About (Org.),Mixed,1838,1475423
2025,Sports & Fitness,About (Pers.),AI,5076,2052617
2025,Sports & Fitness,About (Pers.),Human,27149,9591030
2025,Sports & Fitness,About (Pers.),Mixed,790,536873
2025,Sports & Fitness,Academic Writing,AI,1491,2118206
2025,Sports & Fitness,Academic Writing,Human,3770,3635493
2025,Sports & Fitness,Academic Writing,Mixed,177,284772
2025,Sports & Fitness,Audio Transcript,AI,2389,1880448
2025,Sports & Fitness,Audio Transcript,Human,45912,64286425
2025,Sports & Fitness,Audio Transcript,Mixed,1017,1583246
2025,Sports & Fitness,Comment Section,AI,1546,987441
2025,Sports & Fitness,Comment Section,Human,46141,53831735
2025,Sports & Fitness,Comment Section,Mixed,181,197666
2025,Sports & Fitness,Content Listing,AI,9427,7002077
2025,Sports & Fitness,Content Listing,Human,52003,30582417
2025,Sports & Fitness,Content Listing,Mixed,1102,1638075
2025,Sports & Fitness,Creative Writing,AI,810,596459
2025,Sports & Fitness,Creative Writing,Human,2186,3115870
2025,Sports & Fitness,Creative Writing,Mixed,109,145123
2025,Sports & Fitness,Customer Support,AI,2326,1941461
2025,Sports & Fitness,Customer Support,Human,26274,11072917
2025,Sports & Fitness,Customer Support,Mixed,294,284790
2025,Sports & Fitness,Documentation,AI,23,18469
2025,Sports & Fitness,Documentation,Human,197,358521
2025,Sports & Fitness,Documentation,Mixed,3,2123
2025,Sports & Fitness,FAQ,AI,3249,2785426
2025,Sports & Fitness,FAQ,Human,8626,7375439
2025,Sports & Fitness,FAQ,Mixed,480,612646
2025,Sports & Fitness,Knowledge Article,AI,58770,93417071
2025,Sports & Fitness,Knowledge Article,Human,29889,22168084
2025,Sports & Fitness,Knowledge Article,Mixed,4561,6278868
2025,Sports & Fitness,Legal Notices,AI,1026,563823
2025,Sports & Fitness,Legal Notices,Human,7522,9099911
2025,Sports & Fitness,Legal Notices,Mixed,281,316496
2025,Sports & Fitness,Listicle,AI,71267,100120040
2025,Sports & Fitness,Listicle,Human,84522,97881729
2025,Sports & Fitness,Listicle,Mixed,8820,14087240
2025,Sports & Fitness,News (Org.),AI,21760,11071274
2025,Sports & Fitness,News (Org.),Human,202974,93998300
2025,Sports & Fitness,News (Org.),Mixed,3653,2856667
2025,Sports & Fitness,News Article,AI,119412,64835922
2025,Sports & Fitness,News Article,Human,629278,390961325
2025,Sports & Fitness,News Article,Mixed,19834,13941086
2025,Sports & Fitness,Nonfiction Writing,AI,158327,199362938
2025,Sports & Fitness,Nonfiction Writing,Human,138703,176273071
2025,Sports & Fitness,Nonfiction Writing,Mixed,13195,15510233
2025,Sports & Fitness,Personal Blog,AI,16137,13673810
2025,Sports & Fitness,Personal Blog,Human,250444,190606064
2025,Sports & Fitness,Personal Blog,Mixed,2665,2915807
2025,Sports & Fitness,Product Page,AI,201387,152441914
2025,Sports & Fitness,Product Page,Human,375435,131005032
2025,Sports & Fitness,Product Page,Mixed,19535,20713521
2025,Sports & Fitness,Q&A Forum,AI,710,453269
2025,Sports & Fitness,Q&A Forum,Human,5034,3382721
2025,Sports & Fitness,Q&A Forum,Mixed,65,60610
2025,Sports & Fitness,Spam / Ads,AI,902,1610366
2025,Sports & Fitness,Spam / Ads,Human,14959,14433206
2025,Sports & Fitness,Spam / Ads,Mixed,2038,12106843
2025,Sports & Fitness,Structured Data,AI,568,448733
2025,Sports & Fitness,Structured Data,Human,6239,4003308
2025,Sports & Fitness,Structured Data,Mixed,114,164994
2025,Sports & Fitness,Truncated,AI,4016,959956
2025,Sports & Fitness,Truncated,Human,45301,8769458
2025,Sports & Fitness,Truncated,Mixed,348,141158
2025,Sports & Fitness,Tutorial,AI,129447,218286961
2025,Sports & Fitness,Tutorial,Human,81346,80659322
2025,Sports & Fitness,Tutorial,Mixed,12116,17742789
2025,Sports & Fitness,User Review,AI,5649,5769487
2025,Sports & Fitness,User Review,Human,23026,19305113
2025,Sports & Fitness,User Review,Mixed,601,831474
2025,Transportation,About (Org.),AI,22056,9792360
2025,Transportation,About (Org.),Human,53551,19234938
2025,Transportation,About (Org.),Mixed,2242,1711381
2025,Transportation,About (Pers.),AI,918,309688
2025,Transportation,About (Pers.),Human,4326,1319435
2025,Transportation,About (Pers.),Mixed,97,57988
2025,Transportation,Academic Writing,AI,1434,2133950
2025,Transportation,Academic Writing,Human,9936,8241416
2025,Transportation,Academic Writing,Mixed,462,780113
2025,Transportation,Audio Transcript,AI,607,575813
2025,Transportation,Audio Transcript,Human,8701,14549243
2025,Transportation,Audio Transcript,Mixed,489,680028
2025,Transportation,Comment Section,AI,1308,667879
2025,Transportation,Comment Section,Human,26494,14058732
2025,Transportation,Comment Section,Mixed,151,141271
2025,Transportation,Content Listing,AI,6365,4314481
2025,Transportation,Content Listing,Human,34671,19202420
2025,Transportation,Content Listing,Mixed,1020,1528861
2025,Transportation,Creative Writing,AI,155,116768
2025,Transportation,Creative Writing,Human,610,687646
2025,Transportation,Creative Writing,Mixed,18,21718
2025,Transportation,Customer Support,AI,17179,16425930
2025,Transportation,Customer Support,Human,54994,25484086
2025,Transportation,Customer Support,Mixed,2303,2875671
2025,Transportation,Documentation,AI,367,239698
2025,Transportation,Documentation,Human,2352,2780718
2025,Transportation,Documentation,Mixed,45,65099
2025,Transportation,FAQ,AI,5057,4116240
2025,Transportation,FAQ,Human,11325,8245022
2025,Transportation,FAQ,Mixed,745,850776
2025,Transportation,Knowledge Article,AI,74227,109784539
2025,Transportation,Knowledge Article,Human,33939,30494915
2025,Transportation,Knowledge Article,Mixed,7185,10485618
2025,Transportation,Legal Notices,AI,1120,663652
2025,Transportation,Legal Notices,Human,7376,9533839
2025,Transportation,Legal Notices,Mixed,314,381983
2025,Transportation,Listicle,AI,50160,65601562
2025,Transportation,Listicle,Human,27624,30549165
2025,Transportation,Listicle,Mixed,6270,8956018
2025,Transportation,News (Org.),AI,22395,14727315
2025,Transportation,News (Org.),Human,131844,72308161
2025,Transportation,News (Org.),Mixed,6027,5555528
2025,Transportation,News Article,AI,39613,19855738
2025,Transportation,News Article,Human,253943,132427343
2025,Transportation,News Article,Mixed,10062,6487576
2025,Transportation,Nonfiction Writing,AI,61635,78245087
2025,Transportation,Nonfiction Writing,Human,62288,83321555
2025,Transportation,Nonfiction Writing,Mixed,7447,8987467
2025,Transportation,Personal Blog,AI,3696,3388192
2025,Transportation,Personal Blog,Human,65577,44675048
2025,Transportation,Personal Blog,Mixed,648,704656
2025,Transportation,Product Page,AI,332761,300006488
2025,Transportation,Product Page,Human,369749,180229339
2025,Transportation,Product Page,Mixed,44708,50341962
2025,Transportation,Q&A Forum,AI,600,325351
2025,Transportation,Q&A Forum,Human,4085,1541718
2025,Transportation,Q&A Forum,Mixed,67,68401
2025,Transportation,Spam / Ads,AI,958,517094
2025,Transportation,Spam / Ads,Human,9935,8050268
2025,Transportation,Spam / Ads,Mixed,277,235490
2025,Transportation,Structured Data,AI,689,455309
2025,Transportation,Structured Data,Human,7200,3321388
2025,Transportation,Structured Data,Mixed,128,189982
2025,Transportation,Truncated,AI,1829,390907
2025,Transportation,Truncated,Human,20543,4177142
2025,Transportation,Truncated,Mixed,134,62319
2025,Transportation,Tutorial,AI,133245,200108375
2025,Transportation,Tutorial,Human,54666,53701234
2025,Transportation,Tutorial,Mixed,13939,18996592
2025,Transportation,User Review,AI,3423,2979250
2025,Transportation,User Review,Human,19015,13665604
2025,Transportation,User Review,Mixed,483,761324
2025,Travel,About (Org.),AI,19655,9336933
2025,Travel,About (Org.),Human,43717,17020954
2025,Travel,About (Org.),Mixed,1820,1543538
2025,Travel,About (Pers.),AI,2237,702044
2025,Travel,About (Pers.),Human,8911,3094465
2025,Travel,About (Pers.),Mixed,249,149961
2025,Travel,Academic Writing,AI,414,491753
2025,Travel,Academic Writing,Human,2280,1968102
2025,Travel,Academic Writing,Mixed,77,124124
2025,Travel,Audio Transcript,AI,438,471816
2025,Travel,Audio Transcript,Human,6098,9332111
2025,Travel,Audio Transcript,Mixed,388,608853
2025,Travel,Comment Section,AI,859,297018
2025,Travel,Comment Section,Human,7064,4107881
2025,Travel,Comment Section,Mixed,58,88815
2025,Travel,Content Listing,AI,11710,10000867
2025,Travel,Content Listing,Human,53334,34063966
2025,Travel,Content Listing,Mixed,2108,3826584
2025,Travel,Creative Writing,AI,628,499522
2025,Travel,Creative Writing,Human,1564,1951298
2025,Travel,Creative Writing,Mixed,52,46054
2025,Travel,Customer Support,AI,3775,2378700
2025,Travel,Customer Support,Human,25031,10683844
2025,Travel,Customer Support,Mixed,404,430476
2025,Travel,Documentation,AI,7,9950
2025,Travel,Documentation,Human,37,42894
2025,Travel,Documentation,Mixed,1,1521
2025,Travel,FAQ,AI,5425,4494513
2025,Travel,FAQ,Human,8994,7473722
2025,Travel,FAQ,Mixed,465,624666
2025,Travel,Knowledge Article,AI,83176,112830467
2025,Travel,Knowledge Article,Human,65837,46463664
2025,Travel,Knowledge Article,Mixed,6680,9288054
2025,Travel,Legal Notices,AI,1689,1003000
2025,Travel,Legal Notices,Human,8321,12558063
2025,Travel,Legal Notices,Mixed,403,489628
2025,Travel,Listicle,AI,137682,214854870
2025,Travel,Listicle,Human,116478,153848228
2025,Travel,Listicle,Mixed,14532,24167095
2025,Travel,News (Org.),AI,13727,9033158
2025,Travel,News (Org.),Human,56687,31021043
2025,Travel,News (Org.),Mixed,3129,2796206
2025,Travel,News Article,AI,8786,4604268
2025,Travel,News Article,Human,54357,29935584
2025,Travel,News Article,Mixed,2511,1758953
2025,Travel,Nonfiction Writing,AI,63225,87756562
2025,Travel,Nonfiction Writing,Human,38522,49273196
2025,Travel,Nonfiction Writing,Mixed,4839,6381575
2025,Travel,Personal Blog,AI,16390,17698306
2025,Travel,Personal Blog,Human,188323,169015769
2025,Travel,Personal Blog,Mixed,2957,4221557
2025,Travel,Product Page,AI,250934,246987702
2025,Travel,Product Page,Human,409249,223381092
2025,Travel,Product Page,Mixed,32338,44385090
2025,Travel,Q&A Forum,AI,290,120339
2025,Travel,Q&A Forum,Human,7462,2492633
2025,Travel,Q&A Forum,Mixed,57,37464
2025,Travel,Spam / Ads,AI,418,243423
2025,Travel,Spam / Ads,Human,9843,8392314
2025,Travel,Spam / Ads,Mixed,225,244604
2025,Travel,Structured Data,AI,192,339859
2025,Travel,Structured Data,Human,1648,841014
2025,Travel,Structured Data,Mixed,21,39550
2025,Travel,Truncated,AI,3529,1092642
2025,Travel,Truncated,Human,12949,2342258
2025,Travel,Truncated,Mixed,180,103039
2025,Travel,Tutorial,AI,85210,142193311
2025,Travel,Tutorial,Human,38701,50403323
2025,Travel,Tutorial,Mixed,7684,12455405
2025,Travel,User Review,AI,5046,3812056
2025,Travel,User Review,Human,26272,20744211
2025,Travel,User Review,Mixed,774,1183116
2026,Adult,About (Org.),AI,26,11914
2026,Adult,About (Org.),Human,59,24774
2026,Adult,About (Org.),Mixed,3,1662
2026,Adult,About (Pers.),AI,185,117284
2026,Adult,About (Pers.),Human,450,102640
2026,Adult,About (Pers.),Mixed,12,4294
2026,Adult,Academic Writing,AI,22,43673
2026,Adult,Academic Writing,Human,2,4575
2026,Adult,Audio Transcript,AI,1,1431
2026,Adult,Audio Transcript,Human,36,77474
2026,Adult,Comment Section,AI,5,1644
2026,Adult,Comment Section,Human,88,50953
2026,Adult,Comment Section,Mixed,4,5505
2026,Adult,Content Listing,AI,87,36787
2026,Adult,Content Listing,Human,822,1101730
2026,Adult,Content Listing,Mixed,39,27710
2026,Adult,Creative Writing,AI,282,259607
2026,Adult,Creative Writing,Human,777,1759393
2026,Adult,Creative Writing,Mixed,31,46173
2026,Adult,Customer Support,AI,8,4275
2026,Adult,Customer Support,Human,58,16416
2026,Adult,Documentation,AI,1,636
2026,Adult,Documentation,Human,1,317
2026,Adult,FAQ,AI,10,9651
2026,Adult,FAQ,Human,46,23494
2026,Adult,FAQ,Mixed,2,3453
2026,Adult,Knowledge Article,AI,270,407987
2026,Adult,Knowledge Article,Human,44,26907
2026,Adult,Knowledge Article,Mixed,13,13916
2026,Adult,Legal Notices,AI,22,11179
2026,Adult,Legal Notices,Human,190,95965
2026,Adult,Legal Notices,Mixed,3,5280
2026,Adult,Listicle,AI,147,275274
2026,Adult,Listicle,Human,1235,1591690
2026,Adult,Listicle,Mixed,114,158945
2026,Adult,News (Org.),AI,17,5473
2026,Adult,News (Org.),Human,68,30682
2026,Adult,News (Org.),Mixed,4,2300
2026,Adult,News Article,AI,10,5703
2026,Adult,News Article,Human,77,40397
2026,Adult,News Article,Mixed,2,1466
2026,Adult,Nonfiction Writing,AI,668,937352
2026,Adult,Nonfiction Writing,Human,109,142478
2026,Adult,Nonfiction Writing,Mixed,41,59636
2026,Adult,Personal Blog,AI,67,90530
2026,Adult,Personal Blog,Human,573,449694
2026,Adult,Personal Blog,Mixed,18,25774
2026,Adult,Product Page,AI,1469,873375
2026,Adult,Product Page,Human,3782,2032855
2026,Adult,Product Page,Mixed,277,357454
2026,Adult,Q&A Forum,Human,17,14814
2026,Adult,Q&A Forum,Mixed,1,587
2026,Adult,Spam / Ads,AI,286,194915
2026,Adult,Spam / Ads,Human,3812,3268338
2026,Adult,Spam / Ads,Mixed,245,288792
2026,Adult,Structured Data,AI,2,654
2026,Adult,Structured Data,Human,116,225624
2026,Adult,Truncated,AI,58,11535
2026,Adult,Truncated,Human,673,131939
2026,Adult,Truncated,Mixed,11,3245
2026,Adult,Tutorial,AI,205,280369
2026,Adult,Tutorial,Human,201,200656
2026,Adult,Tutorial,Mixed,51,64600
2026,Adult,User Review,AI,90,72112
2026,Adult,User Review,Human,193,221457
2026,Adult,User Review,Mixed,10,14446
2026,Art & Design,About (Org.),AI,574,233108
2026,Art & Design,About (Org.),Human,3139,1148105
2026,Art & Design,About (Org.),Mixed,126,81343
2026,Art & Design,About (Pers.),AI,637,262150
2026,Art & Design,About (Pers.),Human,5816,1706371
2026,Art & Design,About (Pers.),Mixed,146,104603
2026,Art & Design,Academic Writing,AI,263,489377
2026,Art & Design,Academic Writing,Human,754,712731
2026,Art & Design,Academic Writing,Mixed,30,58259
2026,Art & Design,Audio Transcript,AI,195,233248
2026,Art & Design,Audio Transcript,Human,1500,2257537
2026,Art & Design,Audio Transcript,Mixed,107,145530
2026,Art & Design,Comment Section,AI,18,6448
2026,Art & Design,Comment Section,Human,552,183281
2026,Art & Design,Content Listing,AI,198,50422
2026,Art & Design,Content Listing,Human,2054,849945
2026,Art & Design,Content Listing,Mixed,51,48212
2026,Art & Design,Creative Writing,AI,56,27037
2026,Art & Design,Creative Writing,Human,286,101413
2026,Art & Design,Creative Writing,Mixed,6,4204
2026,Art & Design,Customer Support,AI,38,36622
2026,Art & Design,Customer Support,Human,505,163618
2026,Art & Design,Customer Support,Mixed,6,2592
2026,Art & Design,Documentation,AI,7,10383
2026,Art & Design,Documentation,Human,21,18552
2026,Art & Design,Documentation,Mixed,2,1777
2026,Art & Design,FAQ,AI,58,38731
2026,Art & Design,FAQ,Human,178,122546
2026,Art & Design,FAQ,Mixed,14,13004
2026,Art & Design,Knowledge Article,AI,2373,4026908
2026,Art & Design,Knowledge Article,Human,2227,1153926
2026,Art & Design,Knowledge Article,Mixed,181,271471
2026,Art & Design,Legal Notices,AI,21,9724
2026,Art & Design,Legal Notices,Human,472,189642
2026,Art & Design,Legal Notices,Mixed,6,6206
2026,Art & Design,Listicle,AI,573,855141
2026,Art & Design,Listicle,Human,1067,1165271
2026,Art & Design,Listicle,Mixed,124,192758
2026,Art & Design,News (Org.),AI,472,233924
2026,Art & Design,News (Org.),Human,7137,3224375
2026,Art & Design,News (Org.),Mixed,200,171835
2026,Art & Design,News Article,AI,159,98612
2026,Art & Design,News Article,Human,1895,1081349
2026,Art & Design,News Article,Mixed,63,49617
2026,Art & Design,Nonfiction Writing,AI,6584,9233537
2026,Art & Design,Nonfiction Writing,Human,5062,5230615
2026,Art & Design,Nonfiction Writing,Mixed,602,769073
2026,Art & Design,Personal Blog,AI,897,916608
2026,Art & Design,Personal Blog,Human,12356,4763384
2026,Art & Design,Personal Blog,Mixed,211,196315
2026,Art & Design,Product Page,AI,5508,2416730
2026,Art & Design,Product Page,Human,24464,7167504
2026,Art & Design,Product Page,Mixed,927,706513
2026,Art & Design,Q&A Forum,AI,6,1599
2026,Art & Design,Q&A Forum,Human,34,12793
2026,Art & Design,Q&A Forum,Mixed,1,85
2026,Art & Design,Spam / Ads,AI,9,6645
2026,Art & Design,Spam / Ads,Human,221,186399
2026,Art & Design,Spam / Ads,Mixed,2,3730
2026,Art & Design,Structured Data,AI,19,3632
2026,Art & Design,Structured Data,Human,254,98341
2026,Art & Design,Structured Data,Mixed,23,4326
2026,Art & Design,Truncated,AI,158,30146
2026,Art & Design,Truncated,Human,1645,258797
2026,Art & Design,Truncated,Mixed,13,7765
2026,Art & Design,Tutorial,AI,1255,1953025
2026,Art & Design,Tutorial,Human,2081,1745987
2026,Art & Design,Tutorial,Mixed,177,276625
2026,Art & Design,User Review,AI,35,26348
2026,Art & Design,User Review,Human,421,181439
2026,Art & Design,User Review,Mixed,10,7891
2026,Crime & Law,About (Org.),AI,314,174008
2026,Crime & Law,About (Org.),Human,2593,1012240
2026,Crime & Law,About (Org.),Mixed,82,78846
2026,Crime & Law,About (Pers.),AI,161,78417
2026,Crime & Law,About (Pers.),Human,1951,711025
2026,Crime & Law,About (Pers.),Mixed,35,23335
2026,Crime & Law,Academic Writing,AI,339,633105
2026,Crime & Law,Academic Writing,Human,1690,2305071
2026,Crime & Law,Academic Writing,Mixed,110,201672
2026,Crime & Law,Audio Transcript,AI,72,80099
2026,Crime & Law,Audio Transcript,Human,1186,2059000
2026,Crime & Law,Audio Transcript,Mixed,49,109505
2026,Crime & Law,Comment Section,AI,24,15509
2026,Crime & Law,Comment Section,Human,287,158041
2026,Crime & Law,Comment Section,Mixed,7,7989
2026,Crime & Law,Content Listing,AI,150,67874
2026,Crime & Law,Content Listing,Human,1692,882869
2026,Crime & Law,Content Listing,Mixed,58,54690
2026,Crime & Law,Creative Writing,AI,37,85700
2026,Crime & Law,Creative Writing,Human,61,57874
2026,Crime & Law,Creative Writing,Mixed,2,1136
2026,Crime & Law,Customer Support,AI,108,105765
2026,Crime & Law,Customer Support,Human,1585,764458
2026,Crime & Law,Customer Support,Mixed,59,63220
2026,Crime & Law,Documentation,AI,7,21833
2026,Crime & Law,Documentation,Human,75,105395
2026,Crime & Law,Documentation,Mixed,7,2862
2026,Crime & Law,FAQ,AI,104,82176
2026,Crime & Law,FAQ,Human,707,576905
2026,Crime & Law,FAQ,Mixed,43,56876
2026,Crime & Law,Knowledge Article,AI,6477,10917012
2026,Crime & Law,Knowledge Article,Human,4811,4025424
2026,Crime & Law,Knowledge Article,Mixed,915,1384793
2026,Crime & Law,Legal Notices,AI,241,111155
2026,Crime & Law,Legal Notices,Human,4216,3255516
2026,Crime & Law,Legal Notices,Mixed,153,154403
2026,Crime & Law,Listicle,AI,279,309679
2026,Crime & Law,Listicle,Human,723,679740
2026,Crime & Law,Listicle,Mixed,80,98722
2026,Crime & Law,News (Org.),AI,635,370410
2026,Crime & Law,News (Org.),Human,9046,4448389
2026,Crime & Law,News (Org.),Mixed,311,237823
2026,Crime & Law,News Article,AI,3822,2328433
2026,Crime & Law,News Article,Human,26984,13934420
2026,Crime & Law,News Article,Mixed,1400,1066663
2026,Crime & Law,Nonfiction Writing,AI,6451,8974868
2026,Crime & Law,Nonfiction Writing,Human,7007,8312287
2026,Crime & Law,Nonfiction Writing,Mixed,1205,1648816
2026,Crime & Law,Personal Blog,AI,125,119837
2026,Crime & Law,Personal Blog,Human,2673,1757610
2026,Crime & Law,Personal Blog,Mixed,38,46004
2026,Crime & Law,Product Page,AI,2893,3435799
2026,Crime & Law,Product Page,Human,7457,5194614
2026,Crime & Law,Product Page,Mixed,1255,1740152
2026,Crime & Law,Q&A Forum,AI,30,20293
2026,Crime & Law,Q&A Forum,Human,190,107275
2026,Crime & Law,Q&A Forum,Mixed,10,11607
2026,Crime & Law,Spam / Ads,AI,16,11073
2026,Crime & Law,Spam / Ads,Human,305,324130
2026,Crime & Law,Spam / Ads,Mixed,10,8680
2026,Crime & Law,Structured Data,AI,37,14358
2026,Crime & Law,Structured Data,Human,577,260231
2026,Crime & Law,Structured Data,Mixed,16,12304
2026,Crime & Law,Truncated,AI,52,11750
2026,Crime & Law,Truncated,Human,1414,285408
2026,Crime & Law,Truncated,Mixed,12,3699
2026,Crime & Law,Tutorial,AI,981,1365963
2026,Crime & Law,Tutorial,Human,2029,1724567
2026,Crime & Law,Tutorial,Mixed,329,404327
2026,Crime & Law,User Review,AI,34,22176
2026,Crime & Law,User Review,Human,366,168302
2026,Crime & Law,User Review,Mixed,7,9827
2026,Education & Jobs,About (Org.),AI,1918,786182
2026,Education & Jobs,About (Org.),Human,14425,5833729
2026,Education & Jobs,About (Org.),Mixed,462,388958
2026,Education & Jobs,About (Pers.),AI,1476,629982
2026,Education & Jobs,About (Pers.),Human,11729,3281315
2026,Education & Jobs,About (Pers.),Mixed,290,198680
2026,Education & Jobs,Academic Writing,AI,611,968263
2026,Education & Jobs,Academic Writing,Human,4196,2942805
2026,Education & Jobs,Academic Writing,Mixed,180,283947
2026,Education & Jobs,Audio Transcript,AI,239,258818
2026,Education & Jobs,Audio Transcript,Human,3235,4709964
2026,Education & Jobs,Audio Transcript,Mixed,328,537570
2026,Education & Jobs,Comment Section,AI,70,26690
2026,Education & Jobs,Comment Section,Human,590,262342
2026,Education & Jobs,Comment Section,Mixed,39,45376
2026,Education & Jobs,Content Listing,AI,584,238028
2026,Education & Jobs,Content Listing,Human,7092,3001024
2026,Education & Jobs,Content Listing,Mixed,194,211865
2026,Education & Jobs,Creative Writing,AI,29,36562
2026,Education & Jobs,Creative Writing,Human,69,62940
2026,Education & Jobs,Creative Writing,Mixed,5,3270
2026,Education & Jobs,Customer Support,AI,284,148072
2026,Education & Jobs,Customer Support,Human,7223,2909912
2026,Education & Jobs,Customer Support,Mixed,118,102687
2026,Education & Jobs,Documentation,AI,9,8332
2026,Education & Jobs,Documentation,Human,104,118254
2026,Education & Jobs,Documentation,Mixed,2,3042
2026,Education & Jobs,FAQ,AI,305,149794
2026,Education & Jobs,FAQ,Human,1158,852207
2026,Education & Jobs,FAQ,Mixed,78,110307
2026,Education & Jobs,Knowledge Article,AI,5758,10282674
2026,Education & Jobs,Knowledge Article,Human,2763,1952457
2026,Education & Jobs,Knowledge Article,Mixed,690,1117186
2026,Education & Jobs,Legal Notices,AI,169,99236
2026,Education & Jobs,Legal Notices,Human,2026,1730530
2026,Education & Jobs,Legal Notices,Mixed,76,91202
2026,Education & Jobs,Listicle,AI,1227,1489581
2026,Education & Jobs,Listicle,Human,3301,3466359
2026,Education & Jobs,Listicle,Mixed,427,609385
2026,Education & Jobs,News (Org.),AI,2504,1148740
2026,Education & Jobs,News (Org.),Human,26019,12425912
2026,Education & Jobs,News (Org.),Mixed,1031,855156
2026,Education & Jobs,News Article,AI,1095,721494
2026,Education & Jobs,News Article,Human,7360,4338474
2026,Education & Jobs,News Article,Mixed,467,366105
2026,Education & Jobs,Nonfiction Writing,AI,8668,12725386
2026,Education & Jobs,Nonfiction Writing,Human,6559,7584896
2026,Education & Jobs,Nonfiction Writing,Mixed,1438,2009510
2026,Education & Jobs,Personal Blog,AI,1050,1165148
2026,Education & Jobs,Personal Blog,Human,7501,5739453
2026,Education & Jobs,Personal Blog,Mixed,414,527697
2026,Education & Jobs,Product Page,AI,8315,5234946
2026,Education & Jobs,Product Page,Human,43057,21547899
2026,Education & Jobs,Product Page,Mixed,3405,3288758
2026,Education & Jobs,Q&A Forum,AI,130,71939
2026,Education & Jobs,Q&A Forum,Human,485,361039
2026,Education & Jobs,Q&A Forum,Mixed,67,88219
2026,Education & Jobs,Spam / Ads,AI,23,12445
2026,Education & Jobs,Spam / Ads,Human,1008,877407
2026,Education & Jobs,Spam / Ads,Mixed,37,41809
2026,Education & Jobs,Structured Data,AI,63,30577
2026,Education & Jobs,Structured Data,Human,1173,556917
2026,Education & Jobs,Structured Data,Mixed,19,17662
2026,Education & Jobs,Truncated,AI,140,26386
2026,Education & Jobs,Truncated,Human,2845,480032
2026,Education & Jobs,Truncated,Mixed,18,7053
2026,Education & Jobs,Tutorial,AI,3375,5346819
2026,Education & Jobs,Tutorial,Human,7475,6930275
2026,Education & Jobs,Tutorial,Mixed,801,1170083
2026,Education & Jobs,User Review,AI,205,143403
2026,Education & Jobs,User Review,Human,1154,607540
2026,Education & Jobs,User Review,Mixed,54,51736
2026,Entertainment,About (Org.),AI,510,192055
2026,Entertainment,About (Org.),Human,2714,1078478
2026,Entertainment,About (Org.),Mixed,77,66452
2026,Entertainment,About (Pers.),AI,480,316420
2026,Entertainment,About (Pers.),Human,4464,1730676
2026,Entertainment,About (Pers.),Mixed,88,60596
2026,Entertainment,Academic Writing,AI,151,414810
2026,Entertainment,Academic Writing,Human,156,148110
2026,Entertainment,Academic Writing,Mixed,6,13503
2026,Entertainment,Audio Transcript,AI,237,272352
2026,Entertainment,Audio Transcript,Human,4977,7677604
2026,Entertainment,Audio Transcript,Mixed,170,270644
2026,Entertainment,Comment Section,AI,23,8996
2026,Entertainment,Comment Section,Human,929,490111
2026,Entertainment,Comment Section,Mixed,1,1779
2026,Entertainment,Content Listing,AI,284,158677
2026,Entertainment,Content Listing,Human,5005,2621327
2026,Entertainment,Content Listing,Mixed,159,214141
2026,Entertainment,Creative Writing,AI,184,170076
2026,Entertainment,Creative Writing,Human,1696,1100239
2026,Entertainment,Creative Writing,Mixed,41,98657
2026,Entertainment,Customer Support,AI,51,20403
2026,Entertainment,Customer Support,Human,735,249552
2026,Entertainment,Customer Support,Mixed,8,6559
2026,Entertainment,FAQ,AI,48,44016
2026,Entertainment,FAQ,Human,313,208243
2026,Entertainment,FAQ,Mixed,15,12927
2026,Entertainment,Knowledge Article,AI,3008,4845050
2026,Entertainment,Knowledge Article,Human,2074,1272456
2026,Entertainment,Knowledge Article,Mixed,231,281991
2026,Entertainment,Legal Notices,AI,38,11830
2026,Entertainment,Legal Notices,Human,468,442747
2026,Entertainment,Legal Notices,Mixed,5,9449
2026,Entertainment,Listicle,AI,949,1384374
2026,Entertainment,Listicle,Human,4601,4845516
2026,Entertainment,Listicle,Mixed,241,350101
2026,Entertainment,News (Org.),AI,695,323754
2026,Entertainment,News (Org.),Human,9323,4372441
2026,Entertainment,News (Org.),Mixed,278,230574
2026,Entertainment,News Article,AI,3617,2440848
2026,Entertainment,News Article,Human,24810,11927818
2026,Entertainment,News Article,Mixed,1173,862993
2026,Entertainment,Nonfiction Writing,AI,17604,24289965
2026,Entertainment,Nonfiction Writing,Human,11539,13152615
2026,Entertainment,Nonfiction Writing,Mixed,1458,1756887
2026,Entertainment,Personal Blog,AI,602,563832
2026,Entertainment,Personal Blog,Human,14580,9212622
2026,Entertainment,Personal Blog,Mixed,138,163873
2026,Entertainment,Product Page,AI,4095,2369386
2026,Entertainment,Product Page,Human,21966,7083292
2026,Entertainment,Product Page,Mixed,691,510383
2026,Entertainment,Q&A Forum,AI,10,3759
2026,Entertainment,Q&A Forum,Human,124,71341
2026,Entertainment,Q&A Forum,Mixed,7,19102
2026,Entertainment,Spam / Ads,AI,34,16471
2026,Entertainment,Spam / Ads,Human,571,524540
2026,Entertainment,Spam / Ads,Mixed,28,35151
2026,Entertainment,Structured Data,AI,32,13227
2026,Entertainment,Structured Data,Human,644,277848
2026,Entertainment,Structured Data,Mixed,15,13166
2026,Entertainment,Truncated,AI,212,46489
2026,Entertainment,Truncated,Human,4789,812891
2026,Entertainment,Truncated,Mixed,33,11236
2026,Entertainment,Tutorial,AI,638,1018754
2026,Entertainment,Tutorial,Human,884,750198
2026,Entertainment,Tutorial,Mixed,94,128857
2026,Entertainment,User Review,AI,439,420529
2026,Entertainment,User Review,Human,5133,3681424
2026,Entertainment,User Review,Mixed,125,126517
2026,Fashion & Beauty,About (Org.),AI,564,222445
2026,Fashion & Beauty,About (Org.),Human,1571,459431
2026,Fashion & Beauty,About (Org.),Mixed,67,42988
2026,Fashion & Beauty,About (Pers.),AI,162,89382
2026,Fashion & Beauty,About (Pers.),Human,575,157974
2026,Fashion & Beauty,About (Pers.),Mixed,25,18915
2026,Fashion & Beauty,Academic Writing,AI,41,85033
2026,Fashion & Beauty,Academic Writing,Human,30,21808
2026,Fashion & Beauty,Academic Writing,Mixed,9,28363
2026,Fashion & Beauty,Audio Transcript,AI,50,71221
2026,Fashion & Beauty,Audio Transcript,Human,511,641040
2026,Fashion & Beauty,Audio Transcript,Mixed,57,79777
2026,Fashion & Beauty,Comment Section,AI,31,9838
2026,Fashion & Beauty,Comment Section,Human,152,61803
2026,Fashion & Beauty,Comment Section,Mixed,1,199
2026,Fashion & Beauty,Content Listing,AI,244,92448
2026,Fashion & Beauty,Content Listing,Human,1135,344340
2026,Fashion & Beauty,Content Listing,Mixed,39,36981
2026,Fashion & Beauty,Creative Writing,AI,24,22538
2026,Fashion & Beauty,Creative Writing,Human,31,13078
2026,Fashion & Beauty,Creative Writing,Mixed,1,142
2026,Fashion & Beauty,Customer Support,AI,120,108313
2026,Fashion & Beauty,Customer Support,Human,831,268573
2026,Fashion & Beauty,Customer Support,Mixed,29,24478
2026,Fashion & Beauty,Documentation,Human,3,1839
2026,Fashion & Beauty,FAQ,AI,66,46129
2026,Fashion & Beauty,FAQ,Human,385,267027
2026,Fashion & Beauty,FAQ,Mixed,31,25040
2026,Fashion & Beauty,Knowledge Article,AI,1980,3763860
2026,Fashion & Beauty,Knowledge Article,Human,293,215879
2026,Fashion & Beauty,Knowledge Article,Mixed,111,192684
2026,Fashion & Beauty,Legal Notices,AI,15,5514
2026,Fashion & Beauty,Legal Notices,Human,242,167158
2026,Fashion & Beauty,Legal Notices,Mixed,4,3331
2026,Fashion & Beauty,Listicle,AI,1746,3073467
2026,Fashion & Beauty,Listicle,Human,3266,3007846
2026,Fashion & Beauty,Listicle,Mixed,388,555282
2026,Fashion & Beauty,News (Org.),AI,265,167268
2026,Fashion & Beauty,News (Org.),Human,1211,569090
2026,Fashion & Beauty,News (Org.),Mixed,150,127021
2026,Fashion & Beauty,News Article,AI,291,190485
2026,Fashion & Beauty,News Article,Human,1700,817108
2026,Fashion & Beauty,News Article,Mixed,100,76673
2026,Fashion & Beauty,Nonfiction Writing,AI,6042,8966775
2026,Fashion & Beauty,Nonfiction Writing,Human,1425,1436235
2026,Fashion & Beauty,Nonfiction Writing,Mixed,425,576002
2026,Fashion & Beauty,Personal Blog,AI,779,890232
2026,Fashion & Beauty,Personal Blog,Human,4418,2253195
2026,Fashion & Beauty,Personal Blog,Mixed,135,153391
2026,Fashion & Beauty,Product Page,AI,10439,5915293
2026,Fashion & Beauty,Product Page,Human,30991,8793028
2026,Fashion & Beauty,Product Page,Mixed,1735,1355342
2026,Fashion & Beauty,Q&A Forum,AI,13,3032
2026,Fashion & Beauty,Q&A Forum,Human,46,19920
2026,Fashion & Beauty,Q&A Forum,Mixed,2,1680
2026,Fashion & Beauty,Spam / Ads,AI,47,29472
2026,Fashion & Beauty,Spam / Ads,Human,1358,1085698
2026,Fashion & Beauty,Spam / Ads,Mixed,183,222736
2026,Fashion & Beauty,Structured Data,AI,5,4979
2026,Fashion & Beauty,Structured Data,Human,30,20535
2026,Fashion & Beauty,Structured Data,Mixed,1,520
2026,Fashion & Beauty,Truncated,AI,41,7451
2026,Fashion & Beauty,Truncated,Human,535,66282
2026,Fashion & Beauty,Truncated,Mixed,5,1559
2026,Fashion & Beauty,Tutorial,AI,1894,3076262
2026,Fashion & Beauty,Tutorial,Human,1926,1624593
2026,Fashion & Beauty,Tutorial,Mixed,271,366751
2026,Fashion & Beauty,User Review,AI,407,441184
2026,Fashion & Beauty,User Review,Human,1075,600539
2026,Fashion & Beauty,User Review,Mixed,45,47437
2026,Finance & Business,About (Org.),AI,3421,1417084
2026,Finance & Business,About (Org.),Human,15532,5510098
2026,Finance & Business,About (Org.),Mixed,659,492383
2026,Finance & Business,About (Pers.),AI,1184,565388
2026,Finance & Business,About (Pers.),Human,5753,1629945
2026,Finance & Business,About (Pers.),Mixed,240,206883
2026,Finance & Business,Academic Writing,AI,1037,1574545
2026,Finance & Business,Academic Writing,Human,3308,2814539
2026,Finance & Business,Academic Writing,Mixed,226,532800
2026,Finance & Business,Audio Transcript,AI,841,1036002
2026,Finance & Business,Audio Transcript,Human,4713,8922685
2026,Finance & Business,Audio Transcript,Mixed,676,1232632
2026,Finance & Business,Comment Section,AI,98,31471
2026,Finance & Business,Comment Section,Human,762,327834
2026,Finance & Business,Comment Section,Mixed,17,21872
2026,Finance & Business,Content Listing,AI,1097,479239
2026,Finance & Business,Content Listing,Human,7231,2977644
2026,Finance & Business,Content Listing,Mixed,383,399985
2026,Finance & Business,Creative Writing,AI,19,21335
2026,Finance & Business,Creative Writing,Human,61,45497
2026,Finance & Business,Creative Writing,Mixed,1,1252
2026,Finance & Business,Customer Support,AI,1307,790350
2026,Finance & Business,Customer Support,Human,9913,3784749
2026,Finance & Business,Customer Support,Mixed,300,268729
2026,Finance & Business,Documentation,AI,157,186374
2026,Finance & Business,Documentation,Human,381,318027
2026,Finance & Business,Documentation,Mixed,20,22503
2026,Finance & Business,FAQ,AI,545,369897
2026,Finance & Business,FAQ,Human,2436,1608422
2026,Finance & Business,FAQ,Mixed,130,158159
2026,Finance & Business,Knowledge Article,AI,23086,38195249
2026,Finance & Business,Knowledge Article,Human,8413,7908498
2026,Finance & Business,Knowledge Article,Mixed,3004,4732168
2026,Finance & Business,Legal Notices,AI,2754,1535075
2026,Finance & Business,Legal Notices,Human,22125,32565710
2026,Finance & Business,Legal Notices,Mixed,977,1269449
2026,Finance & Business,Listicle,AI,3550,4271736
2026,Finance & Business,Listicle,Human,8843,9399255
2026,Finance & Business,Listicle,Mixed,1118,1483274
2026,Finance & Business,News (Org.),AI,5216,3588154
2026,Finance & Business,News (Org.),Human,35131,21425098
2026,Finance & Business,News (Org.),Mixed,3556,3348074
2026,Finance & Business,News Article,AI,8232,6115872
2026,Finance & Business,News Article,Human,28316,16415456
2026,Finance & Business,News Article,Mixed,3284,2744669
2026,Finance & Business,Nonfiction Writing,AI,44429,64317030
2026,Finance & Business,Nonfiction Writing,Human,18792,22898555
2026,Finance & Business,Nonfiction Writing,Mixed,6830,9535605
2026,Finance & Business,Personal Blog,AI,2060,2464031
2026,Finance & Business,Personal Blog,Human,10225,7601793
2026,Finance & Business,Personal Blog,Mixed,603,738363
2026,Finance & Business,Product Page,AI,19213,16098274
2026,Finance & Business,Product Page,Human,39744,18769376
2026,Finance & Business,Product Page,Mixed,4781,5331571
2026,Finance & Business,Q&A Forum,AI,76,32143
2026,Finance & Business,Q&A Forum,Human,511,271449
2026,Finance & Business,Q&A Forum,Mixed,16,16547
2026,Finance & Business,Spam / Ads,AI,145,109845
2026,Finance & Business,Spam / Ads,Human,3064,2341020
2026,Finance & Business,Spam / Ads,Mixed,85,105034
2026,Finance & Business,Structured Data,AI,254,117188
2026,Finance & Business,Structured Data,Human,2089,862477
2026,Finance & Business,Structured Data,Mixed,77,64138
2026,Finance & Business,Truncated,AI,419,83582
2026,Finance & Business,Truncated,Human,4846,912300
2026,Finance & Business,Truncated,Mixed,65,24979
2026,Finance & Business,Tutorial,AI,10134,16418443
2026,Finance & Business,Tutorial,Human,14230,14906207
2026,Finance & Business,Tutorial,Mixed,2380,3610758
2026,Finance & Business,User Review,AI,407,388087
2026,Finance & Business,User Review,Human,1733,941257
2026,Finance & Business,User Review,Mixed,144,202848
2026,Food & Dining,About (Org.),AI,602,214698
2026,Food & Dining,About (Org.),Human,2889,896807
2026,Food & Dining,About (Org.),Mixed,92,61144
2026,Food & Dining,About (Pers.),AI,81,46364
2026,Food & Dining,About (Pers.),Human,446,143524
2026,Food & Dining,About (Pers.),Mixed,14,12144
2026,Food & Dining,Academic Writing,AI,86,245639
2026,Food & Dining,Academic Writing,Human,182,122998
2026,Food & Dining,Academic Writing,Mixed,22,43801
2026,Food & Dining,Audio Transcript,AI,47,51095
2026,Food & Dining,Audio Transcript,Human,575,924947
2026,Food & Dining,Audio Transcript,Mixed,33,105639
2026,Food & Dining,Comment Section,AI,23,5593
2026,Food & Dining,Comment Section,Human,182,78014
2026,Food & Dining,Comment Section,Mixed,1,1089
2026,Food & Dining,Content Listing,AI,238,68495
2026,Food & Dining,Content Listing,Human,1850,627128
2026,Food & Dining,Content Listing,Mixed,44,35359
2026,Food & Dining,Creative Writing,AI,13,22283
2026,Food & Dining,Creative Writing,Human,44,32033
2026,Food & Dining,Customer Support,AI,87,94851
2026,Food & Dining,Customer Support,Human,728,217847
2026,Food & Dining,Customer Support,Mixed,19,12122
2026,Food & Dining,Documentation,AI,2,2328
2026,Food & Dining,Documentation,Human,13,10136
2026,Food & Dining,FAQ,AI,77,77420
2026,Food & Dining,FAQ,Human,345,272989
2026,Food & Dining,FAQ,Mixed,25,29392
2026,Food & Dining,Knowledge Article,AI,4477,9198099
2026,Food & Dining,Knowledge Article,Human,1134,840237
2026,Food & Dining,Knowledge Article,Mixed,242,394198
2026,Food & Dining,Legal Notices,AI,23,9870
2026,Food & Dining,Legal Notices,Human,384,263468
2026,Food & Dining,Legal Notices,Mixed,9,10116
2026,Food & Dining,Listicle,AI,1500,2564942
2026,Food & Dining,Listicle,Human,3569,3746177
2026,Food & Dining,Listicle,Mixed,440,650772
2026,Food & Dining,News (Org.),AI,430,212106
2026,Food & Dining,News (Org.),Human,3746,1731856
2026,Food & Dining,News (Org.),Mixed,233,204537
2026,Food & Dining,News Article,AI,340,229267
2026,Food & Dining,News Article,Human,3761,1981446
2026,Food & Dining,News Article,Mixed,170,137409
2026,Food & Dining,Nonfiction Writing,AI,4089,6438960
2026,Food & Dining,Nonfiction Writing,Human,2475,3064025
2026,Food & Dining,Nonfiction Writing,Mixed,409,533335
2026,Food & Dining,Personal Blog,AI,566,774327
2026,Food & Dining,Personal Blog,Human,6780,4460262
2026,Food & Dining,Personal Blog,Mixed,86,112415
2026,Food & Dining,Product Page,AI,6458,3294905
2026,Food & Dining,Product Page,Human,17907,5291057
2026,Food & Dining,Product Page,Mixed,1005,828172
2026,Food & Dining,Q&A Forum,AI,5,1980
2026,Food & Dining,Q&A Forum,Human,85,38564
2026,Food & Dining,Q&A Forum,Mixed,2,2407
2026,Food & Dining,Spam / Ads,AI,7,2097
2026,Food & Dining,Spam / Ads,Human,223,153439
2026,Food & Dining,Spam / Ads,Mixed,7,4215
2026,Food & Dining,Structured Data,AI,7,1948
2026,Food & Dining,Structured Data,Human,143,41922
2026,Food & Dining,Structured Data,Mixed,20,11775
2026,Food & Dining,Truncated,AI,40,7443
2026,Food & Dining,Truncated,Human,900,132526
2026,Food & Dining,Truncated,Mixed,11,3191
2026,Food & Dining,Tutorial,AI,5959,11087864
2026,Food & Dining,Tutorial,Human,8799,5709428
2026,Food & Dining,Tutorial,Mixed,780,1216074
2026,Food & Dining,User Review,AI,266,251219
2026,Food & Dining,User Review,Human,1970,990940
2026,Food & Dining,User Review,Mixed,71,78347
2026,Games,About (Org.),AI,405,398640
2026,Games,About (Org.),Human,515,190840
2026,Games,About (Org.),Mixed,20,18311
2026,Games,About (Pers.),AI,95,47932
2026,Games,About (Pers.),Human,336,112191
2026,Games,About (Pers.),Mixed,20,9075
2026,Games,Academic Writing,AI,1003,1167067
2026,Games,Academic Writing,Human,58,56345
2026,Games,Academic Writing,Mixed,20,31259
2026,Games,Audio Transcript,AI,66,84468
2026,Games,Audio Transcript,Human,441,674616
2026,Games,Audio Transcript,Mixed,34,52273
2026,Games,Comment Section,AI,155,83540
2026,Games,Comment Section,Human,2004,858325
2026,Games,Comment Section,Mixed,21,20606
2026,Games,Content Listing,AI,251,149571
2026,Games,Content Listing,Human,1376,584227
2026,Games,Content Listing,Mixed,59,79542
2026,Games,Creative Writing,AI,91,94192
2026,Games,Creative Writing,Human,624,843169
2026,Games,Creative Writing,Mixed,16,19512
2026,Games,Customer Support,AI,622,705693
2026,Games,Customer Support,Human,638,268969
2026,Games,Customer Support,Mixed,39,42651
2026,Games,Documentation,AI,39,40847
2026,Games,Documentation,Human,196,84279
2026,Games,Documentation,Mixed,2,1661
2026,Games,FAQ,AI,163,147457
2026,Games,FAQ,Human,311,223766
2026,Games,FAQ,Mixed,27,18506
2026,Games,Knowledge Article,AI,13726,19455275
2026,Games,Knowledge Article,Human,1670,1019623
2026,Games,Knowledge Article,Mixed,369,408418
2026,Games,Legal Notices,AI,187,161826
2026,Games,Legal Notices,Human,331,402100
2026,Games,Legal Notices,Mixed,63,73833
2026,Games,Listicle,AI,2283,2610080
2026,Games,Listicle,Human,5003,6367759
2026,Games,Listicle,Mixed,962,1287207
2026,Games,News (Org.),AI,346,198319
2026,Games,News (Org.),Human,2658,1299553
2026,Games,News (Org.),Mixed,132,118369
2026,Games,News Article,AI,1022,758232
2026,Games,News Article,Human,4850,2392831
2026,Games,News Article,Mixed,359,266827
2026,Games,Nonfiction Writing,AI,33448,37758263
2026,Games,Nonfiction Writing,Human,2285,2926887
2026,Games,Nonfiction Writing,Mixed,1553,1799207
2026,Games,Personal Blog,AI,1277,1313681
2026,Games,Personal Blog,Human,4313,3372123
2026,Games,Personal Blog,Mixed,189,263621
2026,Games,Product Page,AI,14102,13791306
2026,Games,Product Page,Human,15728,12266270
2026,Games,Product Page,Mixed,2642,4380712
2026,Games,Q&A Forum,AI,17,14461
2026,Games,Q&A Forum,Human,155,82829
2026,Games,Q&A Forum,Mixed,2,1980
2026,Games,Spam / Ads,AI,807,913369
2026,Games,Spam / Ads,Human,63954,55174004
2026,Games,Spam / Ads,Mixed,2872,3789613
2026,Games,Structured Data,AI,31,8586
2026,Games,Structured Data,Human,929,225533
2026,Games,Structured Data,Mixed,10,9966
2026,Games,Truncated,AI,40,8964
2026,Games,Truncated,Human,714,97122
2026,Games,Truncated,Mixed,8,4586
2026,Games,Tutorial,AI,9967,12435455
2026,Games,Tutorial,Human,4680,4096717
2026,Games,Tutorial,Mixed,790,854144
2026,Games,User Review,AI,1576,1798167
2026,Games,User Review,Human,1675,1641929
2026,Games,User Review,Mixed,144,172793
2026,Hardware,About (Org.),AI,143,59258
2026,Hardware,About (Org.),Human,626,191278
2026,Hardware,About (Org.),Mixed,17,10026
2026,Hardware,About (Pers.),AI,9,2193
2026,Hardware,About (Pers.),Human,75,33009
2026,Hardware,About (Pers.),Mixed,2,767
2026,Hardware,Academic Writing,AI,28,56074
2026,Hardware,Academic Writing,Human,35,34329
2026,Hardware,Academic Writing,Mixed,13,29756
2026,Hardware,Audio Transcript,AI,9,13375
2026,Hardware,Audio Transcript,Human,99,126186
2026,Hardware,Audio Transcript,Mixed,2,1799
2026,Hardware,Comment Section,AI,93,37350
2026,Hardware,Comment Section,Human,1573,595896
2026,Hardware,Comment Section,Mixed,9,4609
2026,Hardware,Content Listing,AI,143,61837
2026,Hardware,Content Listing,Human,1143,477231
2026,Hardware,Content Listing,Mixed,47,40676
2026,Hardware,Creative Writing,AI,1,1012
2026,Hardware,Creative Writing,Human,6,6233
2026,Hardware,Customer Support,AI,262,360072
2026,Hardware,Customer Support,Human,1785,659675
2026,Hardware,Customer Support,Mixed,42,51212
2026,Hardware,Documentation,AI,42,54944
2026,Hardware,Documentation,Human,554,386173
2026,Hardware,Documentation,Mixed,11,9853
2026,Hardware,FAQ,AI,64,54853
2026,Hardware,FAQ,Human,415,238277
2026,Hardware,FAQ,Mixed,7,6762
2026,Hardware,Knowledge Article,AI,2224,3812920
2026,Hardware,Knowledge Article,Human,681,590620
2026,Hardware,Knowledge Article,Mixed,199,303591
2026,Hardware,Legal Notices,AI,5,1500
2026,Hardware,Legal Notices,Human,234,145023
2026,Hardware,Legal Notices,Mixed,1,153
2026,Hardware,Listicle,AI,570,1298763
2026,Hardware,Listicle,Human,805,910804
2026,Hardware,Listicle,Mixed,121,184170
2026,Hardware,News (Org.),AI,180,114577
2026,Hardware,News (Org.),Human,2237,1464119
2026,Hardware,News (Org.),Mixed,167,151557
2026,Hardware,News Article,AI,847,613248
2026,Hardware,News Article,Human,4567,2150967
2026,Hardware,News Article,Mixed,256,194283
2026,Hardware,Nonfiction Writing,AI,2024,2916479
2026,Hardware,Nonfiction Writing,Human,1057,1622739
2026,Hardware,Nonfiction Writing,Mixed,185,247236
2026,Hardware,Personal Blog,AI,107,118980
2026,Hardware,Personal Blog,Human,2212,1438966
2026,Hardware,Personal Blog,Mixed,26,37068
2026,Hardware,Product Page,AI,5124,3797037
2026,Hardware,Product Page,Human,17047,7050456
2026,Hardware,Product Page,Mixed,1332,1486396
2026,Hardware,Q&A Forum,AI,9,1637
2026,Hardware,Q&A Forum,Human,312,90856
2026,Hardware,Q&A Forum,Mixed,4,2989
2026,Hardware,Spam / Ads,AI,18,9983
2026,Hardware,Spam / Ads,Human,275,175502
2026,Hardware,Spam / Ads,Mixed,10,8611
2026,Hardware,Structured Data,AI,82,28182
2026,Hardware,Structured Data,Human,133,35020
2026,Hardware,Structured Data,Mixed,27,14541
2026,Hardware,Truncated,AI,20,4343
2026,Hardware,Truncated,Human,446,65983
2026,Hardware,Truncated,Mixed,4,1391
2026,Hardware,Tutorial,AI,1321,2204709
2026,Hardware,Tutorial,Human,2007,1851121
2026,Hardware,Tutorial,Mixed,208,292761
2026,Hardware,User Review,AI,308,328580
2026,Hardware,User Review,Human,878,1012937
2026,Hardware,User Review,Mixed,57,63349
2026,Health,About (Org.),AI,1429,672711
2026,Health,About (Org.),Human,8829,3422269
2026,Health,About (Org.),Mixed,404,381361
2026,Health,About (Pers.),AI,1093,546160
2026,Health,About (Pers.),Human,6539,2107994
2026,Health,About (Pers.),Mixed,249,180101
2026,Health,Academic Writing,AI,1371,2011242
2026,Health,Academic Writing,Human,9659,6564687
2026,Health,Academic Writing,Mixed,469,795591
2026,Health,Audio Transcript,AI,266,360557
2026,Health,Audio Transcript,Human,2663,4222567
2026,Health,Audio Transcript,Mixed,230,434828
2026,Health,Comment Section,AI,75,57213
2026,Health,Comment Section,Human,945,660806
2026,Health,Comment Section,Mixed,15,21429
2026,Health,Content Listing,AI,669,301652
2026,Health,Content Listing,Human,5194,2203718
2026,Health,Content Listing,Mixed,160,193426
2026,Health,Creative Writing,AI,49,72776
2026,Health,Creative Writing,Human,291,1096301
2026,Health,Creative Writing,Mixed,7,6228
2026,Health,Customer Support,AI,675,603535
2026,Health,Customer Support,Human,5964,2735174
2026,Health,Customer Support,Mixed,143,151750
2026,Health,Documentation,AI,68,74259
2026,Health,Documentation,Human,158,182758
2026,Health,Documentation,Mixed,15,13347
2026,Health,FAQ,AI,423,251602
2026,Health,FAQ,Human,1791,1409448
2026,Health,FAQ,Mixed,103,121233
2026,Health,Knowledge Article,AI,27832,51300839
2026,Health,Knowledge Article,Human,13555,11534656
2026,Health,Knowledge Article,Mixed,3620,6195441
2026,Health,Legal Notices,AI,192,114473
2026,Health,Legal Notices,Human,1514,1211491
2026,Health,Legal Notices,Mixed,69,80758
2026,Health,Listicle,AI,2306,2842868
2026,Health,Listicle,Human,5315,5227066
2026,Health,Listicle,Mixed,607,763025
2026,Health,News (Org.),AI,1979,1276294
2026,Health,News (Org.),Human,18833,10766646
2026,Health,News (Org.),Mixed,1140,1069822
2026,Health,News Article,AI,1480,1041739
2026,Health,News Article,Human,15312,9867514
2026,Health,News Article,Mixed,874,723421
2026,Health,Nonfiction Writing,AI,19544,28144774
2026,Health,Nonfiction Writing,Human,10263,12546283
2026,Health,Nonfiction Writing,Mixed,2851,4001587
2026,Health,Personal Blog,AI,2506,2984498
2026,Health,Personal Blog,Human,10507,8696153
2026,Health,Personal Blog,Mixed,657,868467
2026,Health,Product Page,AI,13402,11556025
2026,Health,Product Page,Human,33519,17008621
2026,Health,Product Page,Mixed,3676,4055052
2026,Health,Q&A Forum,AI,78,31085
2026,Health,Q&A Forum,Human,471,250298
2026,Health,Q&A Forum,Mixed,10,11542
2026,Health,Spam / Ads,AI,93,54596
2026,Health,Spam / Ads,Human,1953,2385524
2026,Health,Spam / Ads,Mixed,65,80337
2026,Health,Structured Data,AI,88,40811
2026,Health,Structured Data,Human,1040,497893
2026,Health,Structured Data,Mixed,23,24779
2026,Health,Truncated,AI,221,51521
2026,Health,Truncated,Human,3160,586813
2026,Health,Truncated,Mixed,36,14971
2026,Health,Tutorial,AI,5016,7477706
2026,Health,Tutorial,Human,7623,6748296
2026,Health,Tutorial,Mixed,949,1220427
2026,Health,User Review,AI,576,685463
2026,Health,User Review,Human,1948,996527
2026,Health,User Review,Mixed,71,72491
2026,History,About (Org.),AI,68,30898
2026,History,About (Org.),Human,1351,705373
2026,History,About (Org.),Mixed,25,23622
2026,History,About (Pers.),AI,3,1116
2026,History,About (Pers.),Human,210,76461
2026,History,About (Pers.),Mixed,3,1271
2026,History,Academic Writing,AI,278,644738
2026,History,Academic Writing,Human,1046,1387519
2026,History,Academic Writing,Mixed,22,33499
2026,History,Audio Transcript,AI,14,13926
2026,History,Audio Transcript,Human,596,795170
2026,History,Audio Transcript,Mixed,9,16213
2026,History,Comment Section,AI,2,293
2026,History,Comment Section,Human,141,98925
2026,History,Comment Section,Mixed,1,1729
2026,History,Content Listing,AI,39,18596
2026,History,Content Listing,Human,1103,598596
2026,History,Content Listing,Mixed,10,16791
2026,History,Creative Writing,AI,18,34187
2026,History,Creative Writing,Human,156,155238
2026,History,Creative Writing,Mixed,1,1048
2026,History,Customer Support,AI,5,10610
2026,History,Customer Support,Human,134,39216
2026,History,Documentation,Human,2,1239
2026,History,FAQ,AI,35,13681
2026,History,FAQ,Human,55,41964
2026,History,FAQ,Mixed,9,4066
2026,History,Knowledge Article,AI,2498,4136890
2026,History,Knowledge Article,Human,7092,5285548
2026,History,Knowledge Article,Mixed,326,401009
2026,History,Legal Notices,AI,2,427
2026,History,Legal Notices,Human,183,78626
2026,History,Listicle,AI,105,143253
2026,History,Listicle,Human,513,556158
2026,History,Listicle,Mixed,43,45444
2026,History,News (Org.),AI,61,23610
2026,History,News (Org.),Human,1929,895597
2026,History,News (Org.),Mixed,34,26293
2026,History,News Article,AI,169,109983
2026,History,News Article,Human,1880,1497214
2026,History,News Article,Mixed,59,47287
2026,History,Nonfiction Writing,AI,1962,2697516
2026,History,Nonfiction Writing,Human,4532,6619126
2026,History,Nonfiction Writing,Mixed,253,343062
2026,History,Personal Blog,AI,63,61487
2026,History,Personal Blog,Human,2540,1940755
2026,History,Personal Blog,Mixed,24,35255
2026,History,Product Page,AI,146,63046
2026,History,Product Page,Human,1794,645194
2026,History,Product Page,Mixed,35,31776
2026,History,Q&A Forum,AI,24,7637
2026,History,Q&A Forum,Human,124,58446
2026,History,Q&A Forum,Mixed,5,4622
2026,History,Spam / Ads,Human,84,91402
2026,History,Spam / Ads,Mixed,4,6960
2026,History,Structured Data,AI,57,20776
2026,History,Structured Data,Human,1104,431548
2026,History,Structured Data,Mixed,3,1199
2026,History,Truncated,AI,21,5004
2026,History,Truncated,Human,1281,223174
2026,History,Truncated,Mixed,3,781
2026,History,Tutorial,AI,26,32636
2026,History,Tutorial,Human,157,104145
2026,History,Tutorial,Mixed,5,6750
2026,History,User Review,AI,97,100804
2026,History,User Review,Human,110,65476
2026,History,User Review,Mixed,16,15643
2026,Home & Hobbies,About (Org.),AI,1530,601022
2026,Home & Hobbies,About (Org.),Human,5926,1936958
2026,Home & Hobbies,About (Org.),Mixed,218,140885
2026,Home & Hobbies,About (Pers.),AI,335,123550
2026,Home & Hobbies,About (Pers.),Human,1975,584899
2026,Home & Hobbies,About (Pers.),Mixed,74,38808
2026,Home & Hobbies,Academic Writing,AI,49,86533
2026,Home & Hobbies,Academic Writing,Human,48,66620
2026,Home & Hobbies,Academic Writing,Mixed,4,5297
2026,Home & Hobbies,Audio Transcript,AI,51,73211
2026,Home & Hobbies,Audio Transcript,Human,438,538423
2026,Home & Hobbies,Audio Transcript,Mixed,32,48517
2026,Home & Hobbies,Comment Section,AI,199,80758
2026,Home & Hobbies,Comment Section,Human,1303,602214
2026,Home & Hobbies,Comment Section,Mixed,12,15930
2026,Home & Hobbies,Content Listing,AI,999,429008
2026,Home & Hobbies,Content Listing,Human,4507,1563769
2026,Home & Hobbies,Content Listing,Mixed,229,200337
2026,Home & Hobbies,Creative Writing,AI,61,60517
2026,Home & Hobbies,Creative Writing,Human,188,86038
2026,Home & Hobbies,Creative Writing,Mixed,4,4659
2026,Home & Hobbies,Customer Support,AI,761,1023302
2026,Home & Hobbies,Customer Support,Human,3204,1326061
2026,Home & Hobbies,Customer Support,Mixed,137,166800
2026,Home & Hobbies,Documentation,AI,1,2450
2026,Home & Hobbies,Documentation,Human,19,20506
2026,Home & Hobbies,Documentation,Mixed,1,2890
2026,Home & Hobbies,FAQ,AI,366,272552
2026,Home & Hobbies,FAQ,Human,1215,915990
2026,Home & Hobbies,FAQ,Mixed,135,150578
2026,Home & Hobbies,Knowledge Article,AI,9190,16763483
2026,Home & Hobbies,Knowledge Article,Human,2512,2627025
2026,Home & Hobbies,Knowledge Article,Mixed,703,1110560
2026,Home & Hobbies,Legal Notices,AI,68,40498
2026,Home & Hobbies,Legal Notices,Human,806,528624
2026,Home & Hobbies,Legal Notices,Mixed,10,13839
2026,Home & Hobbies,Listicle,AI,4870,7545234
2026,Home & Hobbies,Listicle,Human,7189,7090949
2026,Home & Hobbies,Listicle,Mixed,1067,1317524
2026,Home & Hobbies,News (Org.),AI,1133,826342
2026,Home & Hobbies,News (Org.),Human,5847,2667385
2026,Home & Hobbies,News (Org.),Mixed,482,422315
2026,Home & Hobbies,News Article,AI,327,228351
2026,Home & Hobbies,News Article,Human,2927,1592932
2026,Home & Hobbies,News Article,Mixed,165,130991
2026,Home & Hobbies,Nonfiction Writing,AI,9106,13603553
2026,Home & Hobbies,Nonfiction Writing,Human,2414,2543054
2026,Home & Hobbies,Nonfiction Writing,Mixed,699,839731
2026,Home & Hobbies,Personal Blog,AI,1802,2385460
2026,Home & Hobbies,Personal Blog,Human,12405,6750596
2026,Home & Hobbies,Personal Blog,Mixed,320,364282
2026,Home & Hobbies,Product Page,AI,33548,26792392
2026,Home & Hobbies,Product Page,Human,81787,32452330
2026,Home & Hobbies,Product Page,Mixed,8312,9343097
2026,Home & Hobbies,Q&A Forum,AI,13,4490
2026,Home & Hobbies,Q&A Forum,Human,435,198717
2026,Home & Hobbies,Q&A Forum,Mixed,6,5040
2026,Home & Hobbies,Spam / Ads,AI,115,110276
2026,Home & Hobbies,Spam / Ads,Human,1240,923088
2026,Home & Hobbies,Spam / Ads,Mixed,46,51363
2026,Home & Hobbies,Structured Data,AI,35,19870
2026,Home & Hobbies,Structured Data,Human,475,192438
2026,Home & Hobbies,Structured Data,Mixed,19,14968
2026,Home & Hobbies,Truncated,AI,119,20640
2026,Home & Hobbies,Truncated,Human,1558,233110
2026,Home & Hobbies,Truncated,Mixed,14,4957
2026,Home & Hobbies,Tutorial,AI,12366,19570476
2026,Home & Hobbies,Tutorial,Human,13725,12226339
2026,Home & Hobbies,Tutorial,Mixed,1941,2505317
2026,Home & Hobbies,User Review,AI,518,530208
2026,Home & Hobbies,User Review,Human,2704,1475828
2026,Home & Hobbies,User Review,Mixed,70,92601
2026,Industrial,About (Org.),AI,1612,664939
2026,Industrial,About (Org.),Human,9960,3320299
2026,Industrial,About (Org.),Mixed,360,251002
2026,Industrial,About (Pers.),AI,75,30267
2026,Industrial,About (Pers.),Human,393,114386
2026,Industrial,About (Pers.),Mixed,8,6105
2026,Industrial,Academic Writing,AI,261,363688
2026,Industrial,Academic Writing,Human,1384,903101
2026,Industrial,Academic Writing,Mixed,117,247777
2026,Industrial,Audio Transcript,AI,134,170412
2026,Industrial,Audio Transcript,Human,720,952761
2026,Industrial,Audio Transcript,Mixed,114,168167
2026,Industrial,Comment Section,AI,43,24586
2026,Industrial,Comment Section,Human,172,114912
2026,Industrial,Comment Section,Mixed,5,5969
2026,Industrial,Content Listing,AI,364,154193
2026,Industrial,Content Listing,Human,2604,978181
2026,Industrial,Content Listing,Mixed,86,77260
2026,Industrial,Creative Writing,Human,7,11530
2026,Industrial,Customer Support,AI,246,250643
2026,Industrial,Customer Support,Human,1694,576766
2026,Industrial,Customer Support,Mixed,41,31805
2026,Industrial,Documentation,AI,47,74756
2026,Industrial,Documentation,Human,429,342381
2026,Industrial,Documentation,Mixed,10,11982
2026,Industrial,FAQ,AI,150,111656
2026,Industrial,FAQ,Human,477,270685
2026,Industrial,FAQ,Mixed,23,18752
2026,Industrial,Knowledge Article,AI,10864,16219230
2026,Industrial,Knowledge Article,Human,3167,2460914
2026,Industrial,Knowledge Article,Mixed,1169,1764766
2026,Industrial,Legal Notices,AI,25,13914
2026,Industrial,Legal Notices,Human,564,292607
2026,Industrial,Legal Notices,Mixed,9,7657
2026,Industrial,Listicle,AI,624,757641
2026,Industrial,Listicle,Human,663,610732
2026,Industrial,Listicle,Mixed,138,168330
2026,Industrial,News (Org.),AI,1939,1094986
2026,Industrial,News (Org.),Human,13497,7539983
2026,Industrial,News (Org.),Mixed,933,883966
2026,Industrial,News Article,AI,1525,994996
2026,Industrial,News Article,Human,9128,5078348
2026,Industrial,News Article,Mixed,664,533916
2026,Industrial,Nonfiction Writing,AI,6189,8232650
2026,Industrial,Nonfiction Writing,Human,2725,3493158
2026,Industrial,Nonfiction Writing,Mixed,787,996870
2026,Industrial,Personal Blog,AI,124,165525
2026,Industrial,Personal Blog,Human,878,560613
2026,Industrial,Personal Blog,Mixed,21,23251
2026,Industrial,Product Page,AI,13328,9957436
2026,Industrial,Product Page,Human,34328,13198968
2026,Industrial,Product Page,Mixed,3524,4257890
2026,Industrial,Q&A Forum,AI,24,6045
2026,Industrial,Q&A Forum,Human,75,52177
2026,Industrial,Q&A Forum,Mixed,3,3141
2026,Industrial,Spam / Ads,AI,5,2713
2026,Industrial,Spam / Ads,Human,164,111997
2026,Industrial,Spam / Ads,Mixed,3,1990
2026,Industrial,Structured Data,AI,67,38915
2026,Industrial,Structured Data,Human,374,166760
2026,Industrial,Structured Data,Mixed,15,11238
2026,Industrial,Truncated,AI,104,24102
2026,Industrial,Truncated,Human,1320,236409
2026,Industrial,Truncated,Mixed,11,3480
2026,Industrial,Tutorial,AI,1763,2883392
2026,Industrial,Tutorial,Human,1741,1507658
2026,Industrial,Tutorial,Mixed,333,426622
2026,Industrial,User Review,AI,61,37244
2026,Industrial,User Review,Human,363,133546
2026,Industrial,User Review,Mixed,15,9135
2026,Literature,About (Org.),AI,64,20691
2026,Literature,About (Org.),Human,493,192864
2026,Literature,About (Org.),Mixed,10,8049
2026,Literature,About (Pers.),AI,161,78153
2026,Literature,About (Pers.),Human,1950,602240
2026,Literature,About (Pers.),Mixed,31,21228
2026,Literature,Academic Writing,AI,513,1060274
2026,Literature,Academic Writing,Human,1448,1754100
2026,Literature,Academic Writing,Mixed,71,149520
2026,Literature,Audio Transcript,AI,47,61417
2026,Literature,Audio Transcript,Human,1256,2115876
2026,Literature,Audio Transcript,Mixed,31,47422
2026,Literature,Comment Section,AI,6,2121
2026,Literature,Comment Section,Human,270,171317
2026,Literature,Content Listing,AI,78,29619
2026,Literature,Content Listing,Human,1296,765264
2026,Literature,Content Listing,Mixed,21,18913
2026,Literature,Creative Writing,AI,1227,1877194
2026,Literature,Creative Writing,Human,7083,8934085
2026,Literature,Creative Writing,Mixed,214,326395
2026,Literature,Customer Support,AI,4,1173
2026,Literature,Customer Support,Human,129,43784
2026,Literature,Customer Support,Mixed,1,641
2026,Literature,Documentation,Human,3,1109
2026,Literature,FAQ,AI,32,18130
2026,Literature,FAQ,Human,51,30776
2026,Literature,FAQ,Mixed,1,548
2026,Literature,Knowledge Article,AI,1616,2615063
2026,Literature,Knowledge Article,Human,922,591191
2026,Literature,Knowledge Article,Mixed,90,123951
2026,Literature,Legal Notices,AI,1,342
2026,Literature,Legal Notices,Human,92,36207
2026,Literature,Legal Notices,Mixed,1,317
2026,Literature,Listicle,AI,167,263180
2026,Literature,Listicle,Human,880,1121706
2026,Literature,Listicle,Mixed,34,52773
2026,Literature,News (Org.),AI,115,55608
2026,Literature,News (Org.),Human,2053,912832
2026,Literature,News (Org.),Mixed,138,111744
2026,Literature,News Article,AI,82,52927
2026,Literature,News Article,Human,544,374293
2026,Literature,News Article,Mixed,37,28292
2026,Literature,Nonfiction Writing,AI,2156,3583283
2026,Literature,Nonfiction Writing,Human,2492,3720498
2026,Literature,Nonfiction Writing,Mixed,200,314312
2026,Literature,Personal Blog,AI,310,352191
2026,Literature,Personal Blog,Human,7707,5818240
2026,Literature,Personal Blog,Mixed,144,185611
2026,Literature,Product Page,AI,694,467457
2026,Literature,Product Page,Human,9227,3487396
2026,Literature,Product Page,Mixed,233,237234
2026,Literature,Q&A Forum,AI,21,16521
2026,Literature,Q&A Forum,Human,105,57284
2026,Literature,Q&A Forum,Mixed,16,43712
2026,Literature,Spam / Ads,AI,48,60697
2026,Literature,Spam / Ads,Human,745,525964
2026,Literature,Spam / Ads,Mixed,111,136795
2026,Literature,Structured Data,AI,199,45342
2026,Literature,Structured Data,Human,861,388736
2026,Literature,Structured Data,Mixed,16,6427
2026,Literature,Truncated,AI,16,3504
2026,Literature,Truncated,Human,628,162443
2026,Literature,Truncated,Mixed,3,996
2026,Literature,Tutorial,AI,166,249635
2026,Literature,Tutorial,Human,365,407046
2026,Literature,Tutorial,Mixed,32,47041
2026,Literature,User Review,AI,671,728112
2026,Literature,User Review,Human,3674,2323302
2026,Literature,User Review,Mixed,317,373903
2026,Politics,About (Org.),AI,250,98457
2026,Politics,About (Org.),Human,2974,1249396
2026,Politics,About (Org.),Mixed,76,58909
2026,Politics,About (Pers.),AI,114,67078
2026,Politics,About (Pers.),Human,1245,446338
2026,Politics,About (Pers.),Mixed,37,29461
2026,Politics,Academic Writing,AI,593,1042758
2026,Politics,Academic Writing,Human,2485,3118050
2026,Politics,Academic Writing,Mixed,163,394713
2026,Politics,Audio Transcript,AI,163,174503
2026,Politics,Audio Transcript,Human,6144,9513266
2026,Politics,Audio Transcript,Mixed,136,231637
2026,Politics,Comment Section,AI,14,6751
2026,Politics,Comment Section,Human,856,652855
2026,Politics,Comment Section,Mixed,11,15073
2026,Politics,Content Listing,AI,257,86881
2026,Politics,Content Listing,Human,4278,2542460
2026,Politics,Content Listing,Mixed,128,151888
2026,Politics,Creative Writing,AI,24,24736
2026,Politics,Creative Writing,Human,217,196441
2026,Politics,Creative Writing,Mixed,7,4979
2026,Politics,Customer Support,AI,12,2793
2026,Politics,Customer Support,Human,439,130185
2026,Politics,Customer Support,Mixed,2,1488
2026,Politics,Documentation,Human,15,28054
2026,Politics,FAQ,AI,17,7506
2026,Politics,FAQ,Human,119,88667
2026,Politics,FAQ,Mixed,4,2762
2026,Politics,Knowledge Article,AI,1534,2425303
2026,Politics,Knowledge Article,Human,1836,1620539
2026,Politics,Knowledge Article,Mixed,209,258353
2026,Politics,Legal Notices,AI,18,6904
2026,Politics,Legal Notices,Human,740,399381
2026,Politics,Legal Notices,Mixed,3,4870
2026,Politics,Listicle,AI,91,101919
2026,Politics,Listicle,Human,722,769731
2026,Politics,Listicle,Mixed,21,22367
2026,Politics,News (Org.),AI,948,405982
2026,Politics,News (Org.),Human,19890,10931011
2026,Politics,News (Org.),Mixed,438,357616
2026,Politics,News Article,AI,7365,4872678
2026,Politics,News Article,Human,45337,29633690
2026,Politics,News Article,Mixed,3007,2425623
2026,Politics,Nonfiction Writing,AI,10522,12373303
2026,Politics,Nonfiction Writing,Human,21925,31210421
2026,Politics,Nonfiction Writing,Mixed,2054,2606550
2026,Politics,Personal Blog,AI,191,143574
2026,Politics,Personal Blog,Human,11504,9040755
2026,Politics,Personal Blog,Mixed,88,102287
2026,Politics,Product Page,AI,161,79208
2026,Politics,Product Page,Human,1268,431659
2026,Politics,Product Page,Mixed,28,18621
2026,Politics,Q&A Forum,AI,32,15937
2026,Politics,Q&A Forum,Human,96,68793
2026,Politics,Q&A Forum,Mixed,10,7180
2026,Politics,Spam / Ads,AI,4,1410
2026,Politics,Spam / Ads,Human,146,130558
2026,Politics,Spam / Ads,Mixed,1,1081
2026,Politics,Structured Data,AI,25,5783
2026,Politics,Structured Data,Human,484,196401
2026,Politics,Structured Data,Mixed,6,3854
2026,Politics,Truncated,AI,93,17567
2026,Politics,Truncated,Human,2613,535730
2026,Politics,Truncated,Mixed,22,7410
2026,Politics,Tutorial,AI,44,47804
2026,Politics,Tutorial,Human,212,193118
2026,Politics,Tutorial,Mixed,9,11215
2026,Politics,User Review,AI,11,8056
2026,Politics,User Review,Human,84,56145
2026,Politics,User Review,Mixed,2,1758
2026,Religion,About (Org.),AI,400,151531
2026,Religion,About (Org.),Human,5166,2107910
2026,Religion,About (Org.),Mixed,110,76951
2026,Religion,About (Pers.),AI,180,94590
2026,Religion,About (Pers.),Human,1517,605030
2026,Religion,About (Pers.),Mixed,56,50668
2026,Religion,Academic Writing,AI,237,502307
2026,Religion,Academic Writing,Human,1081,2481280
2026,Religion,Academic Writing,Mixed,28,56669
2026,Religion,Audio Transcript,AI,204,257984
2026,Religion,Audio Transcript,Human,3217,7235207
2026,Religion,Audio Transcript,Mixed,116,313209
2026,Religion,Comment Section,AI,16,6700
2026,Religion,Comment Section,Human,425,328306
2026,Religion,Comment Section,Mixed,3,3465
2026,Religion,Content Listing,AI,140,64246
2026,Religion,Content Listing,Human,2064,964901
2026,Religion,Content Listing,Mixed,35,35978
2026,Religion,Creative Writing,AI,150,165256
2026,Religion,Creative Writing,Human,2294,1669149
2026,Religion,Creative Writing,Mixed,26,28872
2026,Religion,Customer Support,AI,36,10055
2026,Religion,Customer Support,Human,938,288001
2026,Religion,Customer Support,Mixed,7,4090
2026,Religion,Documentation,AI,1,803
2026,Religion,Documentation,Human,6,2495
2026,Religion,FAQ,AI,45,36315
2026,Religion,FAQ,Human,267,318547
2026,Religion,FAQ,Mixed,15,17624
2026,Religion,Knowledge Article,AI,4316,8308024
2026,Religion,Knowledge Article,Human,3663,3478425
2026,Religion,Knowledge Article,Mixed,438,677411
2026,Religion,Legal Notices,AI,33,17344
2026,Religion,Legal Notices,Human,319,239476
2026,Religion,Legal Notices,Mixed,3,4471
2026,Religion,Listicle,AI,386,688483
2026,Religion,Listicle,Human,943,1000553
2026,Religion,Listicle,Mixed,91,124394
2026,Religion,News (Org.),AI,494,195628
2026,Religion,News (Org.),Human,7921,3536718
2026,Religion,News (Org.),Mixed,160,126922
2026,Religion,News Article,AI,382,254495
2026,Religion,News Article,Human,3186,2110088
2026,Religion,News Article,Mixed,152,120149
2026,Religion,Nonfiction Writing,AI,6453,10598450
2026,Religion,Nonfiction Writing,Human,10689,15809399
2026,Religion,Nonfiction Writing,Mixed,829,1288722
2026,Religion,Personal Blog,AI,1248,1270442
2026,Religion,Personal Blog,Human,15857,13384172
2026,Religion,Personal Blog,Mixed,433,548313
2026,Religion,Product Page,AI,1516,896131
2026,Religion,Product Page,Human,7586,3100456
2026,Religion,Product Page,Mixed,271,252139
2026,Religion,Q&A Forum,AI,14,7502
2026,Religion,Q&A Forum,Human,340,212733
2026,Religion,Q&A Forum,Mixed,3,1562
2026,Religion,Spam / Ads,AI,10,6485
2026,Religion,Spam / Ads,Human,180,142473
2026,Religion,Spam / Ads,Mixed,12,16307
2026,Religion,Structured Data,AI,20,21083
2026,Religion,Structured Data,Human,317,167329
2026,Religion,Truncated,AI,102,20613
2026,Religion,Truncated,Human,2239,368663
2026,Religion,Truncated,Mixed,17,6320
2026,Religion,Tutorial,AI,455,837741
2026,Religion,Tutorial,Human,1293,1241878
2026,Religion,Tutorial,Mixed,96,157458
2026,Religion,User Review,AI,30,29429
2026,Religion,User Review,Human,384,245636
2026,Religion,User Review,Mixed,8,8806
2026,Science & Tech.,About (Org.),AI,460,212992
2026,Science & Tech.,About (Org.),Human,4071,1828780
2026,Science & Tech.,About (Org.),Mixed,141,122290
2026,Science & Tech.,About (Pers.),AI,415,365219
2026,Science & Tech.,About (Pers.),Human,1677,586691
2026,Science & Tech.,About (Pers.),Mixed,102,104013
2026,Science & Tech.,Academic Writing,AI,1984,2990382
2026,Science & Tech.,Academic Writing,Human,19864,10867412
2026,Science & Tech.,Academic Writing,Mixed,518,849295
2026,Science & Tech.,Audio Transcript,AI,200,315056
2026,Science & Tech.,Audio Transcript,Human,1650,3074039
2026,Science & Tech.,Audio Transcript,Mixed,162,302918
2026,Science & Tech.,Comment Section,AI,46,15515
2026,Science & Tech.,Comment Section,Human,534,317307
2026,Science & Tech.,Comment Section,Mixed,10,16443
2026,Science & Tech.,Content Listing,AI,245,128942
2026,Science & Tech.,Content Listing,Human,3639,2017137
2026,Science & Tech.,Content Listing,Mixed,98,118423
2026,Science & Tech.,Creative Writing,AI,56,62633
2026,Science & Tech.,Creative Writing,Human,102,160829
2026,Science & Tech.,Creative Writing,Mixed,7,6944
2026,Science & Tech.,Customer Support,AI,39,33351
2026,Science & Tech.,Customer Support,Human,589,225447
2026,Science & Tech.,Customer Support,Mixed,4,5070
2026,Science & Tech.,Documentation,AI,69,144190
2026,Science & Tech.,Documentation,Human,868,638049
2026,Science & Tech.,Documentation,Mixed,22,42302
2026,Science & Tech.,FAQ,AI,276,132220
2026,Science & Tech.,FAQ,Human,282,226314
2026,Science & Tech.,FAQ,Mixed,7,8853
2026,Science & Tech.,Knowledge Article,AI,12859,22355857
2026,Science & Tech.,Knowledge Article,Human,7790,5950919
2026,Science & Tech.,Knowledge Article,Mixed,1440,2127770
2026,Science & Tech.,Legal Notices,AI,14,5419
2026,Science & Tech.,Legal Notices,Human,364,259235
2026,Science & Tech.,Legal Notices,Mixed,13,12769
2026,Science & Tech.,Listicle,AI,506,709667
2026,Science & Tech.,Listicle,Human,921,991534
2026,Science & Tech.,Listicle,Mixed,97,133049
2026,Science & Tech.,News (Org.),AI,1187,664838
2026,Science & Tech.,News (Org.),Human,14245,8385407
2026,Science & Tech.,News (Org.),Mixed,792,796070
2026,Science & Tech.,News Article,AI,2218,1614341
2026,Science & Tech.,News Article,Human,11807,7814652
2026,Science & Tech.,News Article,Mixed,910,769246
2026,Science & Tech.,Nonfiction Writing,AI,12980,17958130
2026,Science & Tech.,Nonfiction Writing,Human,6662,9067124
2026,Science & Tech.,Nonfiction Writing,Mixed,1852,2567397
2026,Science & Tech.,Personal Blog,AI,374,407971
2026,Science & Tech.,Personal Blog,Human,4977,3609176
2026,Science & Tech.,Personal Blog,Mixed,135,171142
2026,Science & Tech.,Product Page,AI,1906,1342952
2026,Science & Tech.,Product Page,Human,6873,2834473
2026,Science & Tech.,Product Page,Mixed,468,493974
2026,Science & Tech.,Q&A Forum,AI,71,36283
2026,Science & Tech.,Q&A Forum,Human,485,223613
2026,Science & Tech.,Q&A Forum,Mixed,19,23734
2026,Science & Tech.,Spam / Ads,AI,7,5951
2026,Science & Tech.,Spam / Ads,Human,540,583444
2026,Science & Tech.,Spam / Ads,Mixed,5,6306
2026,Science & Tech.,Structured Data,AI,68,32456
2026,Science & Tech.,Structured Data,Human,1598,644711
2026,Science & Tech.,Structured Data,Mixed,11,10219
2026,Science & Tech.,Truncated,AI,122,26225
2026,Science & Tech.,Truncated,Human,3509,785122
2026,Science & Tech.,Truncated,Mixed,33,23326
2026,Science & Tech.,Tutorial,AI,792,1181222
2026,Science & Tech.,Tutorial,Human,1947,1627555
2026,Science & Tech.,Tutorial,Mixed,138,168985
2026,Science & Tech.,User Review,AI,7,8566
2026,Science & Tech.,User Review,Human,137,85022
2026,Science & Tech.,User Review,Mixed,2,2162
2026,Social Life,About (Org.),AI,395,170332
2026,Social Life,About (Org.),Human,2660,907057
2026,Social Life,About (Org.),Mixed,62,45984
2026,Social Life,About (Pers.),AI,223,92775
2026,Social Life,About (Pers.),Human,1609,445142
2026,Social Life,About (Pers.),Mixed,42,22571
2026,Social Life,Academic Writing,AI,133,246338
2026,Social Life,Academic Writing,Human,230,207441
2026,Social Life,Academic Writing,Mixed,15,27304
2026,Social Life,Audio Transcript,AI,78,89289
2026,Social Life,Audio Transcript,Human,907,1356660
2026,Social Life,Audio Transcript,Mixed,56,142213
2026,Social Life,Comment Section,AI,49,49293
2026,Social Life,Comment Section,Human,980,615829
2026,Social Life,Comment Section,Mixed,20,31604
2026,Social Life,Content Listing,AI,172,87473
2026,Social Life,Content Listing,Human,2153,931308
2026,Social Life,Content Listing,Mixed,75,99287
2026,Social Life,Creative Writing,AI,502,728888
2026,Social Life,Creative Writing,Human,788,676851
2026,Social Life,Creative Writing,Mixed,80,123689
2026,Social Life,Customer Support,AI,48,12289
2026,Social Life,Customer Support,Human,809,225983
2026,Social Life,Customer Support,Mixed,13,10997
2026,Social Life,Documentation,Human,1,1166
2026,Social Life,FAQ,AI,23,12596
2026,Social Life,FAQ,Human,158,110270
2026,Social Life,FAQ,Mixed,8,9194
2026,Social Life,Knowledge Article,AI,1904,2783660
2026,Social Life,Knowledge Article,Human,705,548985
2026,Social Life,Knowledge Article,Mixed,129,186581
2026,Social Life,Legal Notices,AI,16,6044
2026,Social Life,Legal Notices,Human,150,113981
2026,Social Life,Listicle,AI,1092,1499841
2026,Social Life,Listicle,Human,4425,4832225
2026,Social Life,Listicle,Mixed,356,483620
2026,Social Life,News (Org.),AI,798,301581
2026,Social Life,News (Org.),Human,7780,2724133
2026,Social Life,News (Org.),Mixed,196,139377
2026,Social Life,News Article,AI,321,163138
2026,Social Life,News Article,Human,3113,1624291
2026,Social Life,News Article,Mixed,106,77764
2026,Social Life,Nonfiction Writing,AI,7523,11168027
2026,Social Life,Nonfiction Writing,Human,10075,7030705
2026,Social Life,Nonfiction Writing,Mixed,988,1222934
2026,Social Life,Personal Blog,AI,1912,2254233
2026,Social Life,Personal Blog,Human,18188,12157892
2026,Social Life,Personal Blog,Mixed,487,580954
2026,Social Life,Product Page,AI,1591,949095
2026,Social Life,Product Page,Human,4207,1688073
2026,Social Life,Product Page,Mixed,315,296880
2026,Social Life,Q&A Forum,AI,17,9008
2026,Social Life,Q&A Forum,Human,178,116071
2026,Social Life,Q&A Forum,Mixed,6,6075
2026,Social Life,Spam / Ads,AI,72,95407
2026,Social Life,Spam / Ads,Human,1948,2013529
2026,Social Life,Spam / Ads,Mixed,76,90876
2026,Social Life,Structured Data,AI,39,13197
2026,Social Life,Structured Data,Human,165,71446
2026,Social Life,Structured Data,Mixed,4,4468
2026,Social Life,Truncated,AI,85,15060
2026,Social Life,Truncated,Human,1029,180021
2026,Social Life,Truncated,Mixed,6,3377
2026,Social Life,Tutorial,AI,1115,1586962
2026,Social Life,Tutorial,Human,2149,1917134
2026,Social Life,Tutorial,Mixed,196,252046
2026,Social Life,User Review,AI,57,53321
2026,Social Life,User Review,Human,459,269367
2026,Social Life,User Review,Mixed,14,16782
2026,Software,About (Org.),AI,301,140883
2026,Software,About (Org.),Human,774,245987
2026,Software,About (Org.),Mixed,30,17284
2026,Software,About (Pers.),AI,31,24733
2026,Software,About (Pers.),Human,424,73734
2026,Software,About (Pers.),Mixed,129,306995
2026,Software,Academic Writing,AI,67,88927
2026,Software,Academic Writing,Human,109,86901
2026,Software,Academic Writing,Mixed,8,14985
2026,Software,Audio Transcript,AI,42,47168
2026,Software,Audio Transcript,Human,339,595103
2026,Software,Audio Transcript,Mixed,43,86354
2026,Software,Comment Section,AI,144,62615
2026,Software,Comment Section,Human,5675,1604978
2026,Software,Comment Section,Mixed,31,27415
2026,Software,Content Listing,AI,378,146439
2026,Software,Content Listing,Human,4657,1386974
2026,Software,Content Listing,Mixed,107,82402
2026,Software,Creative Writing,AI,1,841
2026,Software,Creative Writing,Human,9,10091
2026,Software,Creative Writing,Mixed,1,1594
2026,Software,Customer Support,AI,950,561173
2026,Software,Customer Support,Human,11009,3688105
2026,Software,Customer Support,Mixed,242,187403
2026,Software,Documentation,AI,340,292531
2026,Software,Documentation,Human,2901,1414894
2026,Software,Documentation,Mixed,94,93724
2026,Software,FAQ,AI,264,150103
2026,Software,FAQ,Human,969,536964
2026,Software,FAQ,Mixed,32,32901
2026,Software,Knowledge Article,AI,5995,10225563
2026,Software,Knowledge Article,Human,1511,1149638
2026,Software,Knowledge Article,Mixed,831,1610216
2026,Software,Legal Notices,AI,563,263679
2026,Software,Legal Notices,Human,5301,2535830
2026,Software,Legal Notices,Mixed,101,84412
2026,Software,Listicle,AI,1065,1564770
2026,Software,Listicle,Human,2182,2499932
2026,Software,Listicle,Mixed,352,548192
2026,Software,News (Org.),AI,1035,617585
2026,Software,News (Org.),Human,6096,3195005
2026,Software,News (Org.),Mixed,477,448023
2026,Software,News Article,AI,732,505384
2026,Software,News Article,Human,3506,1792532
2026,Software,News Article,Mixed,332,252192
2026,Software,Nonfiction Writing,AI,6360,10292655
2026,Software,Nonfiction Writing,Human,1704,2157842
2026,Software,Nonfiction Writing,Mixed,780,1108635
2026,Software,Personal Blog,AI,531,703748
2026,Software,Personal Blog,Human,3782,2119068
2026,Software,Personal Blog,Mixed,77,108950
2026,Software,Product Page,AI,9534,6858144
2026,Software,Product Page,Human,19742,8759994
2026,Software,Product Page,Mixed,2243,2240990
2026,Software,Q&A Forum,AI,76,32132
2026,Software,Q&A Forum,Human,2217,519146
2026,Software,Q&A Forum,Mixed,13,12067
2026,Software,Spam / Ads,AI,55,32951
2026,Software,Spam / Ads,Human,942,674356
2026,Software,Spam / Ads,Mixed,66,56308
2026,Software,Structured Data,AI,215,73686
2026,Software,Structured Data,Human,555,138446
2026,Software,Structured Data,Mixed,25,15302
2026,Software,Truncated,AI,162,22556
2026,Software,Truncated,Human,1989,249331
2026,Software,Truncated,Mixed,14,3665
2026,Software,Tutorial,AI,4451,6888127
2026,Software,Tutorial,Human,9249,8117825
2026,Software,Tutorial,Mixed,1196,1656271
2026,Software,User Review,AI,273,288998
2026,Software,User Review,Human,598,350551
2026,Software,User Review,Mixed,51,63307
2026,Software Dev.,About (Org.),AI,487,197943
2026,Software Dev.,About (Org.),Human,1202,409337
2026,Software Dev.,About (Org.),Mixed,62,38081
2026,Software Dev.,About (Pers.),AI,292,141850
2026,Software Dev.,About (Pers.),Human,1027,277324
2026,Software Dev.,About (Pers.),Mixed,52,36547
2026,Software Dev.,Academic Writing,AI,179,207600
2026,Software Dev.,Academic Writing,Human,1414,596912
2026,Software Dev.,Academic Writing,Mixed,36,47978
2026,Software Dev.,Audio Transcript,AI,68,91240
2026,Software Dev.,Audio Transcript,Human,372,994466
2026,Software Dev.,Audio Transcript,Mixed,44,91131
2026,Software Dev.,Comment Section,AI,81,36723
2026,Software Dev.,Comment Section,Human,3484,1133207
2026,Software Dev.,Comment Section,Mixed,20,13029
2026,Software Dev.,Content Listing,AI,247,109462
2026,Software Dev.,Content Listing,Human,1779,710425
2026,Software Dev.,Content Listing,Mixed,65,56538
2026,Software Dev.,Creative Writing,AI,7,6073
2026,Software Dev.,Creative Writing,Human,3,1791
2026,Software Dev.,Creative Writing,Mixed,1,1228
2026,Software Dev.,Customer Support,AI,87,39554
2026,Software Dev.,Customer Support,Human,1164,404782
2026,Software Dev.,Customer Support,Mixed,23,18158
2026,Software Dev.,Documentation,AI,856,841393
2026,Software Dev.,Documentation,Human,7950,4237825
2026,Software Dev.,Documentation,Mixed,194,210008
2026,Software Dev.,FAQ,AI,47,27110
2026,Software Dev.,FAQ,Human,231,140007
2026,Software Dev.,FAQ,Mixed,11,13361
2026,Software Dev.,Knowledge Article,AI,2354,3818588
2026,Software Dev.,Knowledge Article,Human,587,512866
2026,Software Dev.,Knowledge Article,Mixed,250,385262
2026,Software Dev.,Legal Notices,AI,25,13262
2026,Software Dev.,Legal Notices,Human,239,355751
2026,Software Dev.,Legal Notices,Mixed,8,12046
2026,Software Dev.,Listicle,AI,377,531039
2026,Software Dev.,Listicle,Human,630,689039
2026,Software Dev.,Listicle,Mixed,95,138931
2026,Software Dev.,News (Org.),AI,524,392874
2026,Software Dev.,News (Org.),Human,3354,1856933
2026,Software Dev.,News (Org.),Mixed,251,273097
2026,Software Dev.,News Article,AI,188,143853
2026,Software Dev.,News Article,Human,475,264197
2026,Software Dev.,News Article,Mixed,73,62421
2026,Software Dev.,Nonfiction Writing,AI,3587,5930339
2026,Software Dev.,Nonfiction Writing,Human,925,1366174
2026,Software Dev.,Nonfiction Writing,Mixed,504,850172
2026,Software Dev.,Personal Blog,AI,628,699925
2026,Software Dev.,Personal Blog,Human,4304,2840395
2026,Software Dev.,Personal Blog,Mixed,198,277604
2026,Software Dev.,Product Page,AI,5941,3031785
2026,Software Dev.,Product Page,Human,6701,2696419
2026,Software Dev.,Product Page,Mixed,689,695113
2026,Software Dev.,Q&A Forum,AI,48,16390
2026,Software Dev.,Q&A Forum,Human,1299,416726
2026,Software Dev.,Q&A Forum,Mixed,46,56182
2026,Software Dev.,Spam / Ads,AI,3,1106
2026,Software Dev.,Spam / Ads,Human,170,120856
2026,Software Dev.,Spam / Ads,Mixed,5,4607
2026,Software Dev.,Structured Data,AI,40,14900
2026,Software Dev.,Structured Data,Human,251,71333
2026,Software Dev.,Structured Data,Mixed,13,9549
2026,Software Dev.,Truncated,AI,83,14075
2026,Software Dev.,Truncated,Human,653,95901
2026,Software Dev.,Truncated,Mixed,12,3533
2026,Software Dev.,Tutorial,AI,1506,2163656
2026,Software Dev.,Tutorial,Human,3866,3666666
2026,Software Dev.,Tutorial,Mixed,371,559722
2026,Software Dev.,User Review,AI,35,22084
2026,Software Dev.,User Review,Human,130,64301
2026,Software Dev.,User Review,Mixed,11,8694
2026,Sports & Fitness,About (Org.),AI,529,223070
2026,Sports & Fitness,About (Org.),Human,3365,1223672
2026,Sports & Fitness,About (Org.),Mixed,110,80489
2026,Sports & Fitness,About (Pers.),AI,194,100684
2026,Sports & Fitness,About (Pers.),Human,1691,597348
2026,Sports & Fitness,About (Pers.),Mixed,41,27559
2026,Sports & Fitness,Academic Writing,AI,87,167790
2026,Sports & Fitness,Academic Writing,Human,268,165068
2026,Sports & Fitness,Academic Writing,Mixed,13,27038
2026,Sports & Fitness,Audio Transcript,AI,161,159833
2026,Sports & Fitness,Audio Transcript,Human,2555,3314958
2026,Sports & Fitness,Audio Transcript,Mixed,108,143170
2026,Sports & Fitness,Comment Section,AI,38,17165
2026,Sports & Fitness,Comment Section,Human,992,550023
2026,Sports & Fitness,Comment Section,Mixed,3,1642
2026,Sports & Fitness,Content Listing,AI,393,203912
2026,Sports & Fitness,Content Listing,Human,3563,1526597
2026,Sports & Fitness,Content Listing,Mixed,95,95820
2026,Sports & Fitness,Creative Writing,AI,48,60481
2026,Sports & Fitness,Creative Writing,Human,138,164315
2026,Sports & Fitness,Creative Writing,Mixed,10,10266
2026,Sports & Fitness,Customer Support,AI,71,55094
2026,Sports & Fitness,Customer Support,Human,1686,622357
2026,Sports & Fitness,Customer Support,Mixed,22,20427
2026,Sports & Fitness,Documentation,AI,1,488
2026,Sports & Fitness,Documentation,Human,15,17835
2026,Sports & Fitness,FAQ,AI,71,46841
2026,Sports & Fitness,FAQ,Human,476,361252
2026,Sports & Fitness,FAQ,Mixed,32,24719
2026,Sports & Fitness,Knowledge Article,AI,4393,8031720
2026,Sports & Fitness,Knowledge Article,Human,1659,1033663
2026,Sports & Fitness,Knowledge Article,Mixed,339,470298
2026,Sports & Fitness,Legal Notices,AI,53,26130
2026,Sports & Fitness,Legal Notices,Human,563,543394
2026,Sports & Fitness,Legal Notices,Mixed,15,27983
2026,Sports & Fitness,Listicle,AI,1143,1724706
2026,Sports & Fitness,Listicle,Human,4076,4272539
2026,Sports & Fitness,Listicle,Mixed,277,391246
2026,Sports & Fitness,News (Org.),AI,950,395192
2026,Sports & Fitness,News (Org.),Human,12665,5713493
2026,Sports & Fitness,News (Org.),Mixed,415,334951
2026,Sports & Fitness,News Article,AI,6597,4806020
2026,Sports & Fitness,News Article,Human,37631,22924697
2026,Sports & Fitness,News Article,Mixed,1870,1473070
2026,Sports & Fitness,Nonfiction Writing,AI,17587,21743766
2026,Sports & Fitness,Nonfiction Writing,Human,8206,9974331
2026,Sports & Fitness,Nonfiction Writing,Mixed,1461,1786355
2026,Sports & Fitness,Personal Blog,AI,568,546962
2026,Sports & Fitness,Personal Blog,Human,12534,8861035
2026,Sports & Fitness,Personal Blog,Mixed,198,305084
2026,Sports & Fitness,Product Page,AI,4896,3176843
2026,Sports & Fitness,Product Page,Human,20113,6891347
2026,Sports & Fitness,Product Page,Mixed,908,824350
2026,Sports & Fitness,Q&A Forum,AI,44,11847
2026,Sports & Fitness,Q&A Forum,Human,198,124701
2026,Sports & Fitness,Q&A Forum,Mixed,4,1957
2026,Sports & Fitness,Spam / Ads,AI,18,13183
2026,Sports & Fitness,Spam / Ads,Human,693,613408
2026,Sports & Fitness,Spam / Ads,Mixed,44,52448
2026,Sports & Fitness,Structured Data,AI,40,19396
2026,Sports & Fitness,Structured Data,Human,549,227036
2026,Sports & Fitness,Structured Data,Mixed,22,13874
2026,Sports & Fitness,Truncated,AI,149,30023
2026,Sports & Fitness,Truncated,Human,3022,560242
2026,Sports & Fitness,Truncated,Mixed,29,6638
2026,Sports & Fitness,Tutorial,AI,2187,3583175
2026,Sports & Fitness,Tutorial,Human,3915,3580751
2026,Sports & Fitness,Tutorial,Mixed,311,433071
2026,Sports & Fitness,User Review,AI,218,251819
2026,Sports & Fitness,User Review,Human,1123,794732
2026,Sports & Fitness,User Review,Mixed,43,56630
2026,Transportation,About (Org.),AI,699,284612
2026,Transportation,About (Org.),Human,3360,1125330
2026,Transportation,About (Org.),Mixed,134,85370
2026,Transportation,About (Pers.),AI,47,19761
2026,Transportation,About (Pers.),Human,329,103927
2026,Transportation,About (Pers.),Mixed,11,6215
2026,Transportation,Academic Writing,AI,120,182554
2026,Transportation,Academic Writing,Human,619,387854
2026,Transportation,Academic Writing,Mixed,26,36606
2026,Transportation,Audio Transcript,AI,62,70050
2026,Transportation,Audio Transcript,Human,564,812523
2026,Transportation,Audio Transcript,Mixed,55,81045
2026,Transportation,Comment Section,AI,37,12461
2026,Transportation,Comment Section,Human,841,413540
2026,Transportation,Comment Section,Mixed,5,4802
2026,Transportation,Content Listing,AI,412,183011
2026,Transportation,Content Listing,Human,2697,1161861
2026,Transportation,Content Listing,Mixed,107,127586
2026,Transportation,Creative Writing,AI,12,25090
2026,Transportation,Creative Writing,Human,43,36132
2026,Transportation,Creative Writing,Mixed,5,5422
2026,Transportation,Customer Support,AI,519,533175
2026,Transportation,Customer Support,Human,3518,1469911
2026,Transportation,Customer Support,Mixed,136,160884
2026,Transportation,Documentation,AI,14,43779
2026,Transportation,Documentation,Human,178,123800
2026,Transportation,Documentation,Mixed,15,37087
2026,Transportation,FAQ,AI,136,91532
2026,Transportation,FAQ,Human,703,470059
2026,Transportation,FAQ,Mixed,54,57675
2026,Transportation,Knowledge Article,AI,5763,9196101
2026,Transportation,Knowledge Article,Human,2183,1765804
2026,Transportation,Knowledge Article,Mixed,518,726216
2026,Transportation,Legal Notices,AI,58,43486
2026,Transportation,Legal Notices,Human,865,861979
2026,Transportation,Legal Notices,Mixed,27,40100
2026,Transportation,Listicle,AI,965,1487490
2026,Transportation,Listicle,Human,1342,1387061
2026,Transportation,Listicle,Mixed,214,269448
2026,Transportation,News (Org.),AI,1024,615447
2026,Transportation,News (Org.),Human,9255,5034246
2026,Transportation,News (Org.),Mixed,532,477641
2026,Transportation,News Article,AI,2919,2031587
2026,Transportation,News Article,Human,15396,8168941
2026,Transportation,News Article,Mixed,957,750455
2026,Transportation,Nonfiction Writing,AI,6387,8879642
2026,Transportation,Nonfiction Writing,Human,3530,4545269
2026,Transportation,Nonfiction Writing,Mixed,764,1003204
2026,Transportation,Personal Blog,AI,182,188616
2026,Transportation,Personal Blog,Human,3308,2090487
2026,Transportation,Personal Blog,Mixed,45,59497
2026,Transportation,Product Page,AI,11261,9376872
2026,Transportation,Product Page,Human,28840,13051575
2026,Transportation,Product Page,Mixed,3203,3567643
2026,Transportation,Q&A Forum,AI,16,3751
2026,Transportation,Q&A Forum,Human,185,66717
2026,Transportation,Q&A Forum,Mixed,5,5420
2026,Transportation,Spam / Ads,AI,12,7166
2026,Transportation,Spam / Ads,Human,401,289240
2026,Transportation,Spam / Ads,Mixed,9,12279
2026,Transportation,Structured Data,AI,40,16534
2026,Transportation,Structured Data,Human,1512,641536
2026,Transportation,Structured Data,Mixed,83,74865
2026,Transportation,Truncated,AI,76,14468
2026,Transportation,Truncated,Human,2245,414754
2026,Transportation,Truncated,Mixed,9,3611
2026,Transportation,Tutorial,AI,2924,4705793
2026,Transportation,Tutorial,Human,2836,2702172
2026,Transportation,Tutorial,Mixed,492,601328
2026,Transportation,User Review,AI,183,154009
2026,Transportation,User Review,Human,970,423945
2026,Transportation,User Review,Mixed,31,46336
2026,Travel,About (Org.),AI,629,256679
2026,Travel,About (Org.),Human,2651,942509
2026,Travel,About (Org.),Mixed,100,67433
2026,Travel,About (Pers.),AI,94,42957
2026,Travel,About (Pers.),Human,507,159340
2026,Travel,About (Pers.),Mixed,11,7817
2026,Travel,Academic Writing,AI,28,27831
2026,Travel,Academic Writing,Human,131,74836
2026,Travel,Academic Writing,Mixed,9,24406
2026,Travel,Audio Transcript,AI,51,73810
2026,Travel,Audio Transcript,Human,347,452751
2026,Travel,Audio Transcript,Mixed,40,106881
2026,Travel,Comment Section,AI,27,14398
2026,Travel,Comment Section,Human,321,139254
2026,Travel,Comment Section,Mixed,6,5587
2026,Travel,Content Listing,AI,475,217295
2026,Travel,Content Listing,Human,2974,1275715
2026,Travel,Content Listing,Mixed,103,144713
2026,Travel,Creative Writing,AI,30,29314
2026,Travel,Creative Writing,Human,109,115475
2026,Travel,Creative Writing,Mixed,2,1639
2026,Travel,Customer Support,AI,161,94378
2026,Travel,Customer Support,Human,1662,638003
2026,Travel,Customer Support,Mixed,40,53551
2026,Travel,Documentation,Human,1,3063
2026,Travel,FAQ,AI,165,108172
2026,Travel,FAQ,Human,581,420217
2026,Travel,FAQ,Mixed,34,34809
2026,Travel,Knowledge Article,AI,5044,8985309
2026,Travel,Knowledge Article,Human,3706,2405492
2026,Travel,Knowledge Article,Mixed,396,529272
2026,Travel,Legal Notices,AI,67,32583
2026,Travel,Legal Notices,Human,799,885787
2026,Travel,Legal Notices,Mixed,22,46597
2026,Travel,Listicle,AI,2744,4023411
2026,Travel,Listicle,Human,5815,6888153
2026,Travel,Listicle,Mixed,684,1050500
2026,Travel,News (Org.),AI,677,419974
2026,Travel,News (Org.),Human,3627,2000683
2026,Travel,News (Org.),Mixed,321,281231
2026,Travel,News Article,AI,710,520021
2026,Travel,News Article,Human,2988,1652975
2026,Travel,News Article,Mixed,277,248703
2026,Travel,Nonfiction Writing,AI,5344,8414642
2026,Travel,Nonfiction Writing,Human,2059,2472321
2026,Travel,Nonfiction Writing,Mixed,468,630707
2026,Travel,Personal Blog,AI,1046,1370295
2026,Travel,Personal Blog,Human,9513,7984952
2026,Travel,Personal Blog,Mixed,245,357077
2026,Travel,Product Page,AI,7455,5769241
2026,Travel,Product Page,Human,21885,10061301
2026,Travel,Product Page,Mixed,1805,1783015
2026,Travel,Q&A Forum,AI,13,4608
2026,Travel,Q&A Forum,Human,48,17353
2026,Travel,Q&A Forum,Mixed,2,1291
2026,Travel,Spam / Ads,AI,5,3065
2026,Travel,Spam / Ads,Human,364,315252
2026,Travel,Spam / Ads,Mixed,7,7721
2026,Travel,Structured Data,AI,10,2780
2026,Travel,Structured Data,Human,141,48768
2026,Travel,Structured Data,Mixed,3,1782
2026,Travel,Truncated,AI,187,48541
2026,Travel,Truncated,Human,1079,179383
2026,Travel,Truncated,Mixed,9,3197
2026,Travel,Tutorial,AI,1758,2935750
2026,Travel,Tutorial,Human,1899,2171450
2026,Travel,Tutorial,Mixed,302,470270
2026,Travel,User Review,AI,136,129525
2026,Travel,User Review,Human,1103,673633
2026,Travel,User Review,Mixed,34,48079
